open;close;dir;lot;entry;sl;tp3;atr;mfe;mae;mfe_min;mae_min;mfe60;mae60;final_move;hold_min;net;reason;outs;h1_dist;h1_slope;h4_dist;h4_slope;room_prev;vs_open;day_used;day_move;r50;r10;mom15;mom240;thai_min;dow;atr_h1;adr
2026.01.01 23:05:00;2026.01.02 02:50:15;BUY;0.20;4328.500;4304.600;4356.245;1.781;27.739;0.826;225.2;0.2;23.006;0.826;27.766;225.2;443.00;tp;3;-1.187;-0.370;-2.714;-0.675;2.147;0.008;0.000;0.002;1.027;0.072;0.666;0.312;365;5;20.934;68.206
2026.01.02 03:14:00;2026.01.02 14:32:43;BUY;0.37;4370.899;4357.045;4406.837;1.717;31.566;13.840;602.7;678.7;7.742;5.427;-13.857;678.7;473.00;sl;3;0.829;0.027;-0.756;-0.543;-1.005;1.168;0.458;0.337;1.507;0.471;0.420;2.073;614;5;19.305;66.826
2026.01.02 14:49:00;2026.01.02 15:23:28;BUY;0.19;4361.368;4333.432;4433.860;3.463;1.708;27.922;2.3;34.5;1.708;27.922;-27.937;34.5;-541.00;sl;1;-0.212;0.266;-1.666;-0.196;-0.699;0.922;0.916;0.195;2.737;0.612;0.437;-2.380;1309;5;14.115;66.826
2026.01.02 15:24:00;2026.01.02 16:00:00;SELL;0.16;4330.793;4361.771;4250.371;3.841;0.394;16.379;0.3;21.3;0.394;16.379;-4.784;36.0;-78.00;ea;1;2.148;-0.051;3.556;0.266;0.210;1.181;1.077;0.263;2.070;0.053;1.114;4.525;1344;5;14.877;66.826
2026.01.04 23:34:00;2026.01.04 23:50:39;SELL;0.33;4359.038;4374.595;4318.951;1.919;4.463;15.553;0.7;16.6;4.463;15.553;-15.578;16.6;-524.00;sl;1;-0.247;0.304;1.167;0.419;2.951;-0.332;0.334;-0.081;0.540;0.540;0.369;-2.262;394;1;16.729;68.616
2026.01.05 00:13:00;2026.01.05 09:43:18;BUY;0.22;4379.869;4358.607;4435.113;2.638;55.211;2.195;570.3;4.2;41.271;2.195;55.259;570.3;1031.00;tp;3;1.259;-0.099;0.041;-0.361;-0.211;0.390;0.145;0.110;1.079;0.007;0.310;3.224;433;1;18.660;65.839
2026.01.05 09:45:00;2026.01.05 11:25:30;BUY;0.43;4437.670;4425.236;4469.561;1.528;2.341;12.389;69.2;100.5;1.221;6.863;-12.449;100.5;-546.00;sl;1;3.586;0.633;3.078;0.140;-3.524;3.715;1.032;0.988;0.704;0.133;0.308;1.980;1005;1;17.519;65.839
2026.01.05 11:26:00;2026.01.05 14:48:29;SELL;0.40;4423.120;4435.942;4390.144;1.579;27.065;12.809;124.7;202.5;11.887;3.111;-12.822;202.5;470.00;sl;3;-2.561;-0.646;-2.316;-0.109;4.250;-2.930;1.060;-0.767;1.341;0.181;0.497;-0.152;1106;1;17.244;65.839
2026.01.05 15:04:00;2026.01.05 16:00:00;BUY;0.22;4450.811;4426.934;4513.035;2.969;4.874;15.358;4.3;34.7;4.874;15.358;-2.323;56.0;-52.00;ea;1;3.749;0.529;3.782;0.368;-4.349;4.542;1.241;1.188;2.857;0.534;0.813;1.090;1324;1;17.218;65.839
2026.01.05 23:17:00;2026.01.06 02:30:04;SELL;0.51;4450.783;4461.211;4424.124;1.279;22.948;10.419;106.3;193.1;14.090;2.824;-10.438;193.1;509.00;sl;3;-3.192;-0.650;-3.863;-0.656;6.436;-4.985;1.368;-1.188;0.050;0.050;-0.131;-0.265;377;2;15.684;65.839
2026.01.06 02:39:00;2026.01.06 05:31:31;SELL;0.31;4455.791;4473.445;4410.141;2.183;6.951;17.645;2.7;172.5;6.951;12.425;-17.664;172.5;-559.00;sl;1;-2.850;-0.515;-3.607;-0.616;4.868;-0.874;0.514;-0.235;0.329;0.329;0.237;-0.437;579;2;17.578;65.511
2026.01.06 05:39:00;2026.01.06 10:03:20;SELL;0.56;4469.075;4478.660;4444.381;1.182;24.673;7.087;264.3;168.7;19.483;0.359;24.694;264.3;1171.00;tp;3;-3.684;-0.718;-4.787;-0.837;6.461;-1.873;0.711;-0.437;1.247;0.593;-0.059;-1.909;759;2;15.298;65.511
2026.01.06 10:10:00;2026.01.06 15:00:43;BUY;0.37;4449.995;4434.082;4490.951;1.961;40.954;1.536;290.7;20.3;6.020;1.536;40.973;290.7;1281.00;tp;3;1.872;0.520;3.304;0.756;0.649;0.603;0.738;0.146;0.000;0.000;-0.056;-0.498;1030;2;15.857;65.511
2026.01.06 15:12:00;2026.01.06 16:00:00;SELL;0.29;4481.126;4503.092;4423.930;2.730;18.112;3.656;25.7;2.2;18.112;3.656;2.646;48.0;77.00;ea;1;-3.072;-0.575;-4.787;-0.820;6.658;-2.443;0.966;-0.621;1.869;0.068;0.342;-1.770;1332;2;16.657;65.511
2026.01.06 23:12:00;2026.01.07 01:07:39;SELL;0.75;4496.160;4505.063;4473.158;1.100;22.996;4.541;115.7;15.2;5.678;4.541;23.010;115.7;1451.00;tp;3;-3.228;-0.645;-5.527;-0.951;7.896;-3.494;1.096;-0.851;2.894;0.386;-0.055;-0.424;372;3;15.950;65.511
2026.01.07 01:08:00;2026.01.07 13:08:40;SELL;0.46;4474.897;4490.834;4433.778;1.967;41.110;5.619;720.7;132.3;15.282;4.326;41.135;720.7;1597.00;tp;3;-1.901;-0.643;-4.472;-1.046;3.281;1.279;0.348;0.268;1.730;0.340;0.634;0.582;488;3;14.394;68.725
2026.01.07 13:29:00;2026.01.07 16:00:00;BUY;0.36;4445.217;4422.812;4503.605;2.786;9.189;21.657;35.2;109.3;9.189;7.146;0.827;151.0;30.00;ea;1;-0.363;0.018;1.801;0.639;3.309;-2.876;0.991;-0.700;0.286;0.286;0.692;-1.014;1229;3;16.721;68.725
2026.01.07 23:03:00;2026.01.08 00:37:40;BUY;0.83;4462.696;4452.993;4487.665;1.196;3.784;9.680;73.2;94.7;2.870;4.181;-9.710;94.7;-963.00;sl;1;0.644;0.049;2.776;0.507;2.381;-1.926;1.053;-0.445;2.347;0.460;0.593;0.704;363;4;15.895;68.725
2026.01.08 00:38:00;2026.01.08 05:13:05;SELL;0.76;4452.660;4462.820;4426.397;1.256;26.244;7.975;275.1;45.3;8.112;7.975;26.279;275.1;1682.00;tp;3;-0.011;-0.053;-2.126;-0.483;1.891;0.701;0.202;0.156;0.173;0.173;0.538;0.168;458;4;15.386;69.085
2026.01.08 05:30:00;2026.01.08 06:39:15;SELL;0.73;4425.928;4437.674;4395.826;1.443;10.257;11.744;15.3;69.2;10.257;3.539;-11.756;69.2;-875.00;sl;1;1.562;0.183;-0.410;-0.384;0.156;2.472;0.633;0.543;1.709;0.391;-0.011;1.909;750;4;15.173;69.085
2026.01.08 06:57:00;2026.01.08 12:05:31;BUY;0.36;4435.810;4414.039;4492.487;2.705;4.118;21.754;14.3;308.5;4.118;7.315;-21.786;308.5;-800.00;sl;1;-0.880;-0.212;1.044;0.413;3.995;-1.836;0.738;-0.400;0.943;0.278;0.080;-0.487;837;4;15.050;69.085
2026.01.08 12:16:00;2026.01.08 12:32:28;SELL;0.57;4410.001;4423.423;4375.490;1.653;2.284;13.396;0.3;16.5;2.284;13.396;-13.429;16.5;-781.00;sl;1;2.573;0.310;0.725;-0.215;-1.021;4.025;0.822;0.774;0.753;0.000;0.624;1.508;1156;4;13.277;69.085
2026.01.08 12:38:00;2026.01.08 16:00:00;BUY;0.45;4426.349;4410.500;4466.962;1.947;30.187;9.082;192.3;32.7;9.960;9.082;27.842;202.0;1269.00;ea;2;-1.389;-0.262;0.458;0.263;5.241;-2.794;0.853;-0.537;1.781;0.275;0.839;0.314;1178;4;13.277;69.085
2026.01.08 23:03:00;2026.01.09 00:23:40;BUY;0.63;4480.549;4468.140;4512.340;1.524;0.000;12.382;0.0;80.7;0.000;7.919;-12.416;80.7;-834.00;sl;1;1.957;0.255;3.515;0.339;0.971;1.080;1.109;0.248;1.227;0.596;0.377;1.156;363;5;15.848;69.085
2026.01.09 00:49:00;2026.01.09 02:04:16;SELL;0.71;4464.506;4475.159;4437.053;1.314;11.527;10.643;19.3;75.3;11.527;1.924;-10.655;75.3;-772.00;sl;1;-0.927;-0.273;-2.437;-0.401;3.625;0.708;0.189;0.160;0.923;0.287;0.232;-0.788;469;5;15.712;69.741
2026.01.09 02:46:00;2026.01.09 15:37:41;BUY;0.45;4472.132;4456.415;4512.868;1.947;40.732;14.092;771.7;158.7;0.407;11.745;40.758;771.7;1542.00;tp;3;1.244;0.263;2.746;0.397;0.726;-0.211;0.343;-0.050;1.677;0.474;0.076;-0.122;586;5;16.616;69.741
2026.01.09 15:41:00;2026.01.09 16:00:00;BUY;0.27;4513.997;4485.729;4587.387;3.505;3.183;5.450;1.3;8.3;3.183;5.450;-1.626;19.0;-45.00;ea;1;3.945;0.427;6.133;0.797;-2.258;2.908;0.903;0.550;2.729;0.455;0.315;3.332;1361;5;13.193;69.741
2026.01.11 23:06:00;2026.01.12 00:09:40;BUY;0.75;4523.966;4513.575;4550.510;1.274;26.538;1.153;63.7;6.3;23.368;1.153;26.557;63.7;1674.00;tp;3;3.153;0.478;5.010;0.849;-0.414;0.369;0.086;0.085;1.588;0.368;0.834;2.324;366;1;16.390;70.816
2026.01.12 00:32:00;2026.01.12 13:55:05;BUY;0.42;4567.558;4547.329;4620.174;2.512;52.592;5.771;803.1;97.3;33.662;0.192;52.616;803.1;1884.00;tp;3;5.040;0.606;6.661;0.975;-1.250;1.526;0.468;0.400;1.798;0.135;0.416;3.723;452;1;18.041;68.872
2026.01.12 14:02:00;2026.01.12 16:00:00;SELL;0.51;4612.321;4631.245;4563.049;2.352;27.276;15.265;25.7;95.3;27.276;0.744;-9.081;118.0;-472.00;ea;1;-4.427;-0.843;-7.533;-1.309;4.802;-3.678;1.222;-1.050;0.627;0.118;0.052;-1.085;1262;1;19.658;68.872
2026.01.12 23:01:00;2026.01.12 23:12:27;BUY;0.54;4600.833;4583.675;4630.929;1.629;2.760;17.138;1.7;11.4;2.760;17.138;-17.174;11.4;-946.00;sl;1;3.052;0.695;7.184;1.601;-3.199;3.484;1.364;0.883;2.817;0.525;0.560;-0.927;361;2;17.453;68.872
2026.01.12 23:13:00;2026.01.12 23:56:58;SELL;0.60;4580.700;4595.536;4542.204;1.839;2.077;14.824;2.3;44.0;2.077;14.824;-14.854;44.0;-909.00;sl;1;-1.943;-0.650;-6.076;-1.556;3.597;-2.330;1.364;-0.591;1.759;0.040;0.772;1.950;373;2;17.453;68.872
2026.01.13 00:24:00;2026.01.13 13:30:38;SELL;0.42;4591.435;4611.258;4539.955;2.459;17.994;19.818;377.7;786.6;9.717;4.502;-19.889;786.6;-852.00;sl;1;-2.352;-0.604;-6.214;-1.501;3.074;0.444;0.123;0.112;2.309;0.080;0.068;1.207;444;2;17.942;71.200
2026.01.13 13:43:00;2026.01.13 16:00:00;BUY;0.42;4616.743;4597.853;4666.096;2.353;18.054;15.879;67.3;100.7;7.097;9.414;2.258;137.0;95.00;ea;1;3.516;0.439;8.606;1.587;0.936;1.207;0.636;0.243;2.315;0.227;1.063;1.825;1243;2;14.364;71.200
2026.01.13 23:09:00;2026.01.14 03:54:39;BUY;0.62;4593.868;4580.877;4627.422;1.605;33.548;1.528;285.6;0.7;13.912;1.528;33.572;285.6;1726.00;tp;3;0.886;0.170;4.678;1.061;1.831;-0.279;0.921;-0.078;0.309;0.309;0.322;0.166;369;3;19.831;71.200
2026.01.14 04:12:00;2026.01.14 05:02:41;SELL;0.78;4627.606;4639.204;4597.785;1.428;2.187;11.573;17.3;50.7;2.187;11.573;-11.601;50.7;-923.00;sl;1;-2.150;-0.407;-5.828;-1.143;2.917;-1.520;0.450;-0.413;1.379;0.380;0.094;-1.070;672;3;20.014;73.653
2026.01.14 05:12:00;2026.01.14 15:02:30;SELL;0.78;4634.958;4645.922;4606.822;1.348;28.127;7.191;578.3;467.7;17.009;5.089;28.147;590.5;1846.00;tp;3;-2.652;-0.488;-6.787;-1.271;3.606;-2.073;0.577;-0.513;1.918;0.272;-0.367;-1.103;732;3;18.226;73.653
2026.01.14 15:04:00;2026.01.14 16:00:00;SELL;0.35;4605.606;4631.883;4537.317;3.261;6.073;21.059;5.3;18.7;6.073;21.059;-12.446;56.0;-444.00;ea;1;-0.371;-0.375;-5.864;-1.499;2.473;-0.573;0.609;-0.114;0.381;0.381;0.148;2.011;1324;3;14.708;73.653
2026.01.14 23:07:00;2026.01.15 16:00:00;SELL;0.58;4616.482;4632.409;4574.869;1.984;35.327;6.710;371.2;748.7;13.482;3.270;0.884;1013.0;1223.00;ea;3;-0.567;-0.294;-5.175;-1.284;2.767;-1.130;0.625;-0.262;0.965;0.380;0.364;-0.012;367;4;17.073;73.653
2026.01.15 23:06:00;2026.01.15 23:26:36;BUY;1.00;4620.535;4610.839;4645.392;1.191;0.000;9.679;0.0;20.5;0.000;9.679;-9.730;20.6;-992.00;sl;1;0.806;0.098;4.990;1.020;1.512;0.353;0.622;0.075;1.969;0.633;0.354;0.103;366;5;14.963;70.631
2026.01.15 23:27:00;2026.01.16 13:18:01;SELL;0.95;4610.137;4620.025;4584.704;1.218;25.427;6.252;831.0;388.7;6.577;1.665;25.441;831.0;2042.00;tp;3;-0.138;-0.071;-4.322;-0.993;0.870;0.342;0.622;0.072;0.677;0.009;0.574;0.632;387;5;14.963;70.631
2026.01.16 13:30:00;2026.01.16 14:06:13;SELL;0.53;4587.103;4606.432;4536.545;2.410;1.476;19.319;0.3;36.2;1.476;19.319;-19.330;36.2;-1045.00;sl;1;1.353;0.081;-2.519;-0.815;0.460;1.742;0.487;0.336;2.794;0.535;0.618;1.015;1230;5;13.281;68.834
2026.01.16 14:07:00;2026.01.16 15:27:38;BUY;0.40;4605.097;4580.673;4668.735;3.037;15.449;24.415;60.3;80.6;15.299;8.957;-24.426;80.6;-997.00;sl;1;-0.038;-0.022;3.657;0.830;1.427;-0.371;0.487;-0.075;3.236;0.353;0.522;0.087;1267;5;13.877;68.834
2026.01.16 15:49:00;2026.01.16 16:00:00;BUY;0.22;4568.552;4526.977;4676.990;5.173;6.930;8.156;9.7;3.7;6.930;8.156;2.783;11.0;61.00;ea;1;-2.499;-0.100;1.094;0.706;3.942;-2.916;1.218;-0.606;2.200;0.101;1.675;-3.152;1369;5;14.295;68.834
2026.01.18 23:10:00;2026.01.19 16:00:00;BUY;0.54;4655.093;4638.083;4699.019;2.101;35.608;1.955;22.7;171.7;35.608;1.269;19.190;1010.0;1549.00;ea;3;2.470;-0.004;4.501;0.483;-1.636;-0.013;0.017;-0.004;2.126;0.232;2.862;3.486;370;1;21.123;69.141
2026.01.19 23:19:00;2026.01.20 00:26:28;BUY;1.01;4672.260;4662.281;4697.753;1.223;0.168;9.966;0.2;67.5;0.168;8.161;-9.995;67.5;-1088.00;sl;1;3.046;0.702;8.589;1.829;1.784;-0.036;0.413;-0.005;2.683;0.749;0.346;0.204;379;2;10.339;70.206
2026.01.20 01:06:00;2026.01.20 04:59:17;BUY;0.94;4670.018;4659.871;4695.931;1.243;25.898;4.460;233.3;67.7;6.107;4.178;25.919;233.3;2050.00;tp;3;2.898;0.606;8.757;1.899;1.270;0.488;0.156;0.068;3.147;1.048;0.811;-0.168;486;2;9.527;68.761
2026.01.20 05:00:00;2026.01.20 08:08:32;BUY;0.96;4695.433;4684.473;4723.475;1.345;28.020;1.226;188.5;30.7;21.457;1.226;28.049;188.5;2264.00;tp;3;4.338;0.693;9.680;1.777;-1.238;2.793;0.548;0.437;0.424;0.424;0.570;2.888;720;2;10.763;68.761
2026.01.20 08:22:00;2026.01.20 09:30:29;SELL;0.85;4720.638;4734.543;4684.624;1.721;4.356;13.898;14.7;68.5;4.356;11.088;-13.941;68.5;-1209.00;sl;1;-5.401;-1.038;-10.499;-1.783;5.737;-4.697;0.962;-0.804;1.754;0.054;0.059;-3.252;922;2;11.766;68.761
2026.01.20 09:58:00;2026.01.20 14:28:30;SELL;0.74;4734.073;4749.032;4695.389;1.850;18.681;14.934;215.7;270.5;10.819;1.332;-14.960;270.5;-1129.00;sl;1;-6.084;-1.122;-11.273;-1.777;6.687;-5.676;1.133;-0.999;2.815;0.337;0.076;-1.566;1018;2;12.104;68.761
2026.01.20 14:30:00;2026.01.20 15:25:37;BUY;0.40;4750.688;4724.823;4817.895;3.209;0.474;25.856;0.3;55.6;0.474;25.856;-25.867;55.6;-1055.00;sl;1;5.282;0.936;10.127;1.635;-4.721;5.874;1.328;1.241;3.395;0.641;0.656;1.575;1290;2;14.525;68.761
2026.01.20 15:32:00;2026.01.20 16:00:00;BUY;0.28;4731.966;4697.282;4822.333;4.312;7.360;8.244;18.7;6.7;7.360;8.244;5.498;28.0;154.00;ea;1;3.612;0.832;8.315;1.482;-3.211;4.289;1.333;0.969;1.161;0.517;-0.564;0.340;1352;2;15.527;68.761
2026.01.20 23:10:00;2026.01.20 23:44:17;SELL;1.08;4759.985;4769.427;4735.748;1.161;2.036;9.401;5.2;34.3;2.036;9.401;-9.442;34.3;-1040.00;sl;1;-3.882;-0.860;-8.838;-1.719;6.521;-5.774;1.554;-1.376;0.609;0.609;0.140;0.155;370;3;16.386;68.761
2026.01.21 00:26:00;2026.01.21 00:59:15;SELL;0.70;4774.178;4787.835;4739.194;1.677;0.000;13.640;0.0;33.2;0.000;13.640;-13.659;33.2;-975.00;sl;1;-4.396;-0.873;-9.022;-1.775;6.800;0.098;0.094;0.022;1.433;0.248;0.131;-0.555;446;3;16.867;73.583
2026.01.21 01:05:00;2026.01.21 01:30:42;BUY;0.53;4792.877;4776.008;4836.386;2.082;43.507;0.915;25.7;0.3;43.507;0.915;43.532;25.7;1954.00;tp;3;5.248;0.934;10.054;1.812;-0.697;1.007;0.329;0.232;0.421;0.421;0.463;1.932;485;3;16.922;73.583
2026.01.21 01:48:00;2026.01.21 16:00:00;BUY;0.39;4824.023;4798.461;4890.660;3.179;64.472;11.319;279.7;816.3;20.376;6.791;23.838;852.0;1629.00;ea;3;7.017;1.006;11.823;1.884;-2.537;2.848;0.895;0.655;1.535;0.353;0.048;4.245;528;3;16.922;73.583
2026.01.21 23:02:00;2026.01.22 15:26:26;SELL;0.45;4826.644;4850.931;4762.774;3.040;54.276;24.285;122.3;984.4;48.848;1.561;-24.308;984.4;1089.00;sl;3;-1.236;-0.248;-4.772;-1.107;4.868;-1.480;1.803;-0.691;0.776;0.193;0.246;-0.014;362;4;34.341;73.583
2026.01.22 23:05:00;2026.01.22 23:30:28;BUY;0.68;4952.510;4935.814;4995.669;2.064;7.348;16.634;6.2;25.5;7.348;16.634;-16.725;25.5;-1160.00;sl;1;5.556;0.978;11.213;1.779;-2.905;7.905;2.615;2.527;2.155;0.340;0.659;2.012;365;5;22.035;68.920
2026.01.22 23:46:00;2026.01.23 08:23:31;BUY;0.50;4945.663;4924.248;5001.264;2.656;21.872;21.389;74.3;517.5;17.717;2.419;-21.421;517.5;-1121.00;sl;1;5.257;0.966;10.915;1.767;-2.594;7.594;2.723;2.428;0.197;0.197;0.588;1.485;406;5;22.035;68.920
2026.01.23 08:51:00;2026.01.23 12:52:02;SELL;0.42;4917.492;4942.013;4853.600;3.049;17.790;24.513;38.3;241.0;17.790;4.374;-24.533;241.0;-1051.00;sl;1;-2.488;-0.856;-9.060;-2.216;7.093;2.027;0.891;0.558;0.854;0.366;0.213;1.991;951;5;20.484;74.347
2026.01.23 13:16:00;2026.01.23 14:48:31;SELL;0.54;4935.795;4953.723;4889.190;2.225;11.817;17.902;7.7;92.5;11.817;12.243;-17.930;92.5;-988.00;sl;1;-2.725;-0.539;-9.205;-2.105;7.694;1.092;0.915;0.312;1.684;0.273;-0.024;-1.113;1216;5;21.261;74.347
2026.01.23 15:00:00;2026.01.23 16:00:00;SELL;0.35;4943.231;4969.684;4874.089;3.296;4.637;20.304;0.3;47.7;4.637;20.304;-17.540;60.0;-626.00;ea;1;-2.835;-0.572;-9.546;-2.120;8.048;0.743;0.915;0.212;2.034;0.152;0.273;-0.817;1320;5;21.249;74.347
2026.01.25 23:18:00;2026.01.26 01:36:04;BUY;0.40;5028.562;5006.582;5085.557;2.723;56.992;16.239;138.1;11.3;15.337;16.239;56.996;138.1;1927.00;tp;3;5.073;0.770;10.928;1.953;-1.641;0.369;0.351;0.118;0.908;0.061;0.378;1.986;378;1;23.619;73.905
2026.01.26 02:09:00;2026.01.26 06:47:30;SELL;0.28;5069.767;5104.419;4979.488;4.308;17.297;34.625;190.7;278.5;2.585;23.497;-34.666;278.5;-990.00;sl;1;-5.344;-0.968;-10.702;-1.883;2.467;-1.116;0.760;-0.402;0.737;0.364;0.304;-3.201;549;1;26.831;74.550
2026.01.26 06:58:00;2026.01.26 16:00:00;SELL;0.30;5085.328;5116.072;5005.090;3.827;30.640;13.489;395.3;154.7;11.134;10.533;-5.651;542.0;-173.00;ea;1;-5.109;-1.067;-10.891;-2.012;3.064;-1.706;1.101;-0.610;1.324;0.200;0.061;-0.161;838;1;26.680;74.550
2026.01.26 23:09:00;2026.01.27 16:00:00;BUY;0.20;5035.760;4990.167;5155.119;5.688;65.202;22.275;513.3;103.3;25.773;5.772;55.323;1011.0;1096.00;ea;1;0.917;0.224;6.140;1.562;0.138;-0.124;1.630;-0.054;0.434;0.129;0.778;-1.811;369;2;32.832;74.550
2026.01.27 23:14:00;2026.01.28 01:44:28;SELL;0.22;5168.556;5212.412;5053.803;5.469;11.337;43.855;51.2;150.5;11.337;8.392;-43.876;150.5;-985.00;sl;1;-3.950;-0.678;-10.215;-1.750;6.596;-4.607;2.329;-1.645;0.684;0.315;0.680;-3.046;374;3;27.125;75.985
2026.01.28 01:59:00;2026.01.28 04:58:29;SELL;0.24;5209.936;5247.996;5110.196;4.752;8.169;38.035;12.7;179.5;8.169;24.625;-38.070;179.5;-932.00;sl;1;-5.000;-0.890;-11.049;-1.828;7.097;-1.356;0.816;-0.449;0.359;0.359;0.199;-2.018;539;3;27.680;83.531
2026.01.28 05:09:00;2026.01.28 08:30:32;BUY;0.46;5251.661;5232.431;5301.564;2.384;49.890;0.896;201.5;3.7;14.803;0.896;49.911;201.5;1939.00;tp;3;4.999;0.985;10.727;1.817;-1.971;2.554;1.147;0.949;1.557;0.269;0.274;1.772;729;3;31.043;83.531
2026.01.28 08:42:00;2026.01.28 16:00:00;SELL;0.35;5297.546;5325.809;5223.976;3.511;62.138;1.810;386.4;0.3;28.888;1.810;19.110;438.0;1482.00;ea;3;-6.139;-1.181;-12.415;-2.184;9.727;-4.286;1.849;-1.498;1.628;0.258;0.082;-1.988;942;3;29.203;83.531
2026.01.28 23:13:00;2026.01.29 06:23:03;BUY;0.21;5465.428;5416.152;5594.235;6.141;128.797;19.957;430.1;116.7;104.590;15.006;128.816;430.1;2322.00;tp;3;6.516;0.954;12.121;1.919;-6.889;7.342;3.716;3.508;0.866;0.115;1.259;4.058;373;4;39.911;83.531
2026.01.29 06:24:00;2026.01.29 07:28:27;BUY;0.26;5590.155;5545.431;5707.254;5.580;2.017;44.709;0.3;64.5;2.017;39.828;-44.744;64.5;-1187.00;sl;1;4.943;0.982;9.299;1.572;-0.333;1.278;1.504;0.774;0.163;0.163;0.056;1.168;804;4;60.396;99.676
2026.01.29 08:06:00;2026.01.29 15:09:29;SELL;0.26;5527.879;5571.013;5415.139;5.375;112.726;21.785;423.5;382.7;53.753;15.129;112.748;423.5;2502.00;tp;3;-3.658;-0.897;-8.065;-1.666;6.214;-0.250;1.504;-0.149;0.467;0.132;0.320;0.330;906;4;59.678;99.676
2026.01.29 15:27:00;2026.01.29 16:00:00;SELL;0.10;5253.558;5376.997;4933.624;15.289;158.420;6.940;1.3;0.3;158.420;6.940;70.663;33.0;707.00;ea;1;1.924;-0.501;-4.054;-1.884;1.965;5.283;3.551;2.603;0.072;0.072;3.541;5.258;1347;4;49.103;99.676
2026.01.29 23:07:00;2026.01.30 01:06:39;BUY;0.19;5440.263;5375.864;5608.593;8.025;10.683;64.380;62.7;119.7;8.985;52.011;-64.410;119.7;-1259.00;sl;1;1.017;0.063;3.992;0.778;1.424;-0.798;5.020;-0.730;0.107;0.107;0.495;1.125;367;5;91.113;99.676
2026.01.30 01:48:00;2026.01.30 02:23:07;SELL;0.14;5337.113;5421.544;5115.884;10.540;221.184;8.166;35.1;3.7;221.184;8.166;221.235;35.1;2677.00;tp;3;0.132;-0.098;-2.707;-0.646;2.618;1.097;1.234;0.838;0.401;0.077;0.323;0.262;528;5;92.501;121.051
2026.01.30 02:41:00;2026.01.30 08:33:42;BUY;0.10;5212.954;5088.590;5538.681;15.520;33.360;124.296;9.7;352.7;33.360;52.371;-124.375;352.7;-1269.00;sl;1;-1.325;0.002;1.340;0.561;3.907;-2.305;2.800;-1.864;0.378;0.072;0.272;-1.929;581;5;97.881;121.051
2026.01.30 08:48:00;2026.01.30 09:14:02;BUY;0.13;5110.712;5018.713;5351.310;11.469;22.142;91.985;15.7;26.0;22.142;91.985;-92.026;26.0;-1220.00;sl;1;-2.376;-0.373;0.299;0.417;5.878;-3.976;3.263;-2.708;0.476;0.113;0.205;-1.229;948;5;82.451;121.051
2026.01.30 09:30:00;2026.01.30 11:57:21;SELL;0.11;5028.524;5139.542;4737.851;13.851;88.097;111.014;21.4;147.3;88.097;48.051;-111.035;147.3;-1246.00;sl;1;3.205;0.439;0.651;-0.374;-0.796;4.914;3.607;3.387;0.342;0.102;0.238;2.406;990;5;83.436;121.051
2026.01.30 12:07:00;2026.01.30 16:00:00;SELL;0.16;5124.791;5195.559;4939.606;8.826;144.233;15.809;178.3;9.7;70.502;15.809;74.159;233.0;1477.00;ea;2;1.627;0.411;-0.389;-0.289;0.320;3.369;4.219;2.592;0.266;0.051;-0.252;0.292;1147;5;93.134;121.051
2026.02.01 23:13:00;2026.02.02 00:09:41;SELL;0.22;4764.795;4821.070;4440.140;13.136;66.723;56.257;5.7;56.7;66.723;56.257;-56.297;56.7;-1263.00;sl;1;3.251;0.542;2.454;0.207;0.683;0.239;0.685;0.184;0.123;0.040;0.770;0.870;373;1;120.394;155.854
2026.02.02 00:32:00;2026.02.02 06:24:31;SELL;0.08;4827.638;4968.546;4457.983;17.606;369.579;17.804;352.5;4.7;242.155;17.804;369.669;352.5;2606.00;tp;3;2.513;0.524;1.777;0.294;1.036;-0.687;0.916;-0.544;0.221;0.061;0.185;0.460;452;1;125.277;158.115
2026.02.02 06:37:00;2026.02.02 07:45:35;SELL;0.09;4456.591;4594.218;4095.533;17.196;54.470;137.585;1.7;68.6;54.470;118.536;-137.662;68.6;-1264.00;sl;1;4.193;0.690;4.122;0.479;-1.765;2.084;2.855;1.802;0.048;0.048;0.239;2.188;817;1;136.716;158.115
2026.02.02 08:03:00;2026.02.02 09:28:41;SELL;0.10;4576.525;4697.586;4259.932;15.092;6.772;121.021;3.3;85.7;6.772;75.037;-121.067;85.7;-1235.00;sl;1;2.920;0.644;2.993;0.500;-0.843;1.146;3.054;1.044;0.184;0.045;0.206;0.284;903;1;144.049;158.115
2026.02.02 09:50:00;2026.02.02 15:57:42;BUY;0.12;4717.249;4623.385;4962.972;11.710;95.213;93.820;176.7;367.7;16.785;60.021;-93.869;367.7;-1149.00;sl;1;-1.977;-0.621;-2.156;-0.484;0.747;-0.177;3.054;-0.154;0.239;0.020;0.235;1.216;1010;1;137.264;158.115
2026.02.02 23:01:00;2026.02.02 23:08:27;SELL;0.38;4685.104;4714.844;4510.648;7.041;2.782;29.668;0.2;7.5;2.782;29.668;-29.767;7.5;-1154.00;sl;1;2.078;0.504;3.325;0.776;-0.147;0.647;3.054;0.357;0.402;0.058;-0.182;-0.039;361;2;87.299;158.115
2026.02.02 23:16:00;2026.02.03 06:35:41;BUY;0.17;4718.300;4656.769;4878.459;7.644;160.140;1.279;439.7;17.7;79.777;1.279;160.171;439.7;2331.00;tp;3;-1.713;-0.489;-2.960;-0.761;1.163;-0.266;3.054;-0.147;0.363;0.019;0.325;0.809;376;2;87.299;158.115
2026.02.03 06:43:00;2026.02.03 16:00:00;BUY;0.23;4891.944;4842.136;5022.105;6.206;59.014;27.255;423.7;7.7;41.794;27.255;43.493;557.0;1000.00;ea;1;0.461;-0.100;-1.058;-0.631;-0.097;1.614;0.827;0.657;0.110;0.110;0.241;1.654;823;2;72.928;179.043
2026.02.03 23:02:00;2026.02.03 23:07:27;BUY;0.31;4961.715;4922.373;5061.418;4.795;10.295;39.341;0.7;5.5;10.295;39.341;-39.453;5.5;-1248.00;sl;1;1.430;0.212;-0.067;-0.148;-1.570;3.830;1.386;1.047;0.782;0.169;0.440;0.665;362;3;48.947;179.043
2026.02.03 23:17:00;2026.02.04 02:02:31;BUY;0.25;4937.401;4891.111;5057.486;5.737;119.999;16.861;165.5;12.7;56.921;16.861;120.087;165.5;2530.00;tp;3;0.952;0.192;-0.544;-0.167;-1.073;3.334;1.386;0.911;0.257;0.053;-0.703;-0.120;377;3;48.947;179.043
2026.02.04 02:33:00;2026.02.04 15:34:32;SELL;0.24;5056.305;5109.087;4918.397;6.576;137.892;35.807;781.5;328.2;20.546;5.854;137.913;781.5;2785.00;tp;3;-2.711;-0.392;-1.614;0.037;5.683;-1.991;0.630;-0.573;0.115;0.115;0.098;-1.837;573;3;54.695;190.098
2026.02.04 15:45:00;2026.02.04 16:00:00;BUY;0.14;4944.526;4845.096;5204.378;12.389;5.609;34.629;10.7;14.7;5.609;34.629;-24.431;15.0;-349.00;ea;1;-0.496;0.285;-0.795;0.254;1.289;-0.075;1.076;-0.015;0.144;0.144;-0.202;-2.310;1365;3;38.116;190.098
2026.02.04 23:16:00;2026.02.05 01:12:41;BUY;0.41;5010.247;4976.360;5098.188;4.201;13.524;33.881;29.7;116.7;13.524;13.438;-33.947;116.7;-1490.00;sl;1;1.021;0.001;0.705;0.107;-0.324;1.225;1.261;0.331;0.775;0.190;0.433;1.994;376;4;51.298;190.098
2026.02.05 01:27:00;2026.02.05 02:51:40;SELL;0.26;4950.528;5001.919;4816.931;6.379;133.596;36.259;84.7;26.2;55.453;36.259;133.651;84.7;2965.00;tp;3;0.171;-0.066;0.434;-0.002;1.878;1.179;0.428;0.313;0.010;0.010;0.537;-0.458;507;4;52.371;197.388
2026.02.05 03:22:00;2026.02.05 16:00:00;BUY;0.13;4881.062;4766.640;5180.785;14.281;62.501;80.519;293.2;746.3;8.921;42.083;-63.497;758.0;-842.00;ea;1;-1.086;-0.071;-1.386;-0.041;3.267;-2.033;1.175;-0.665;0.293;0.139;0.682;-2.017;622;4;64.532;197.388
2026.02.05 23:11:00;2026.02.05 23:49:18;BUY;0.26;4778.936;4723.415;4923.677;6.906;2.708;55.517;2.2;38.3;2.708;55.517;-55.608;38.3;-1475.00;sl;1;-2.204;-0.363;-3.131;-0.444;5.840;-4.355;1.323;-1.182;0.393;0.020;0.016;-1.617;371;5;53.583;197.388
2026.02.06 00:18:00;2026.02.06 00:27:27;SELL;0.23;4657.139;4716.513;4501.700;7.407;0.055;59.371;0.3;9.4;0.055;59.371;-59.418;9.4;-1394.00;sl;1;4.053;0.523;4.903;0.637;-0.823;0.829;0.248;0.222;0.127;0.127;0.581;3.430;438;5;56.166;209.968
2026.02.06 00:37:00;2026.02.06 13:00:41;BUY;0.19;4736.872;4669.832;4911.938;8.348;175.026;43.115;743.7;25.7;27.625;43.115;175.068;743.7;2826.00;tp;3;-2.689;-0.468;-3.539;-0.582;5.050;0.591;0.409;0.158;0.234;0.056;1.013;-1.767;457;5;56.166;209.968
2026.02.06 13:20:00;2026.02.06 16:00:00;BUY;0.35;4914.535;4874.106;5019.030;4.997;50.205;20.011;106.7;65.7;23.823;9.571;29.026;160.0;1016.00;ea;1;0.648;0.050;-0.316;-0.367;1.854;3.688;1.294;1.004;0.620;0.096;-0.094;1.131;1220;5;57.167;209.968
2026.02.08 23:21:00;2026.02.09 16:00:00;BUY;0.50;4988.714;4959.348;5064.163;3.614;71.511;19.805;988.7;162.7;58.198;1.514;70.145;999.0;3100.00;ea;3;2.657;0.436;1.569;0.087;-0.534;0.650;0.117;0.094;0.349;0.040;0.087;0.760;381;1;32.294;223.480
2026.02.09 23:02:00;2026.02.09 23:12:03;SELL;1.42;5072.002;5083.917;4998.871;2.933;73.103;3.482;10.1;1.3;73.103;3.482;73.270;10.1;9017.00;tp;3;-3.057;-0.660;-3.875;-0.656;3.768;-1.262;0.523;-0.160;0.772;0.070;-0.353;-1.012;362;2;28.493;225.398
2026.02.09 23:44:00;2026.02.10 16:00:00;BUY;0.41;5036.408;4986.336;5167.288;6.240;42.267;37.700;889.3;954.7;11.681;20.798;-16.919;976.0;-732.00;ea;1;1.857;0.611;2.675;0.607;0.369;0.013;0.523;0.002;0.477;0.126;0.453;-0.778;404;2;28.493;225.398
2026.02.10 23:17:00;2026.02.11 10:44:27;BUY;1.05;5039.092;5019.417;5089.769;2.426;50.639;10.948;687.5;60.2;15.299;10.402;50.687;687.5;4417.00;tp;3;0.950;0.113;2.309;0.479;1.740;0.265;0.352;0.032;0.399;0.033;0.301;0.823;377;3;27.371;227.097
2026.02.11 10:58:00;2026.02.11 12:00:39;SELL;0.92;5094.108;5119.074;5028.745;3.115;11.484;24.955;5.7;62.6;11.484;22.948;-25.011;62.6;-2347.00;sl;1;-3.179;-0.405;-5.279;-0.754;4.679;-2.574;0.322;-0.229;2.163;0.201;-0.495;-1.575;1078;3;20.389;229.251
2026.02.11 12:06:00;2026.02.11 13:30:40;SELL;0.74;5106.571;5136.104;5031.140;3.619;75.223;0.834;84.7;9.3;56.134;0.834;75.491;84.7;4719.00;tp;3;-3.186;-0.509;-5.137;-0.829;4.829;-2.908;0.397;-0.283;0.294;0.294;0.245;-2.239;1146;3;22.335;229.251
2026.02.11 13:36:00;2026.02.11 16:00:00;SELL;0.49;5047.221;5095.858;4920.112;6.060;11.305;35.839;65.7;40.7;6.794;35.839;-13.230;144.0;-661.00;ea;1;-0.463;-0.372;-2.186;-0.613;1.837;-0.212;0.438;-0.024;1.789;0.274;1.315;0.450;1236;3;26.402;229.251
2026.02.11 23:08:00;2026.02.12 16:00:00;SELL;1.14;5084.358;5105.517;5030.099;2.601;45.100;2.342;949.7;0.3;31.094;2.342;23.602;1012.0;4033.00;ea;3;-1.015;-0.220;-2.488;-0.517;2.445;-1.220;0.438;-0.186;0.981;0.124;-0.150;0.145;368;4;35.029;229.251
2026.02.12 23:13:00;2026.02.13 13:30:41;BUY;0.73;4909.065;4873.997;4999.401;4.324;90.215;3.270;857.7;0.7;39.511;3.270;90.424;857.7;5520.00;tp;3;-2.921;-0.558;-2.291;0.029;5.306;-3.843;0.882;-0.654;1.033;0.024;-0.335;-0.625;373;5;39.615;232.827
2026.02.13 13:48:00;2026.02.13 14:21:37;SELL;0.86;4973.973;5007.153;4887.443;4.128;1.565;33.147;0.3;33.6;1.565;33.147;-33.206;33.6;-2913.00;sl;1;0.902;0.276;0.748;0.259;3.255;-1.836;0.372;-0.227;0.816;0.135;0.403;0.037;1248;5;29.366;237.015
2026.02.13 14:31:00;2026.02.13 16:00:00;SELL;0.65;5003.142;5044.500;4895.120;5.151;38.968;17.940;10.7;66.0;38.968;9.104;25.773;89.0;1675.00;ea;1;-0.070;0.203;-0.204;0.218;4.214;-2.806;0.397;-0.351;0.106;0.106;-0.181;-0.920;1291;5;29.610;237.015
2026.02.15 23:28:00;2026.02.16 00:03:38;BUY;1.10;5029.562;5004.264;5095.569;3.148;1.798;25.274;12.7;35.6;1.798;25.274;-25.341;35.6;-2843.00;sl;1;0.779;0.191;0.999;0.052;0.562;0.094;0.093;0.012;0.693;0.015;0.338;0.066;388;1;29.474;237.006
2026.02.16 00:04:00;2026.02.16 16:00:00;SELL;0.84;5007.334;5038.983;4925.403;3.917;42.633;24.425;299.7;116.7;0.439;15.867;27.432;956.0;2304.00;ea;1;-0.035;-0.135;-0.240;-0.105;-0.097;0.410;0.096;0.055;0.241;0.241;0.246;0.849;424;1;30.433;228.691
2026.02.16 23:02:00;2026.02.16 23:12:39;BUY;2.56;4998.072;4987.316;5024.987;1.299;1.515;10.653;3.6;10.7;1.515;10.653;-10.784;10.7;-2816.00;sl;1;-0.213;-0.120;-0.047;-0.037;2.395;-1.518;0.293;-0.095;0.135;0.135;0.224;1.449;362;2;14.313;228.691
2026.02.16 23:18:00;2026.02.17 00:52:40;SELL;1.95;4988.064;5001.736;4953.171;1.675;34.877;12.934;94.7;6.7;12.891;12.934;34.938;94.7;5721.00;tp;3;0.885;0.147;0.720;0.064;-1.552;2.217;0.293;0.139;2.659;0.563;0.491;-0.684;378;2;14.313;228.691
2026.02.17 01:12:00;2026.02.17 05:15:28;BUY;1.03;4950.123;4921.934;5023.532;3.503;21.319;28.176;71.7;243.5;15.737;5.725;-28.259;243.5;-2969.00;sl;1;-2.736;-0.324;-2.746;-0.181;4.816;-2.354;0.303;-0.175;2.951;0.584;0.428;-2.493;492;2;16.900;227.530
2026.02.17 05:54:00;2026.02.17 14:01:32;BUY;0.62;4894.155;4850.162;5008.525;5.461;50.253;43.962;381.7;487.5;20.107;9.958;-44.003;487.5;-2783.00;sl;1;-4.799;-0.495;-5.015;-0.355;6.985;-4.869;0.585;-0.421;0.297;0.297;0.525;-3.277;774;2;19.667;227.530
2026.02.17 14:40:00;2026.02.17 16:00:00;SELL;0.50;4881.512;4933.204;4746.666;6.432;32.522;5.339;20.7;3.3;32.522;5.339;2.999;80.0;150.00;ea;1;2.545;0.408;3.223;0.365;-2.538;3.316;0.662;0.476;0.964;0.046;0.474;1.305;1300;2;32.687;227.530
2026.02.17 23:15:00;2026.02.17 23:50:30;BUY;1.28;4882.949;4862.562;4935.439;2.513;1.764;20.357;0.2;35.5;1.764;20.357;-20.443;35.5;-2669.00;sl;1;-1.993;-0.438;-3.299;-0.627;5.123;-3.688;0.662;-0.470;0.588;0.243;0.203;0.568;375;3;29.003;227.530
2026.02.18 00:34:00;2026.02.18 13:07:42;BUY;0.79;4877.112;4845.818;4958.518;3.886;81.367;5.060;753.7;25.2;14.401;5.060;81.429;753.7;5424.00;tp;3;-1.997;-0.462;-3.202;-0.659;3.792;0.592;0.080;0.077;0.758;0.096;0.384;-0.144;454;3;30.190;233.223
2026.02.18 13:38:00;2026.02.18 16:00:00;BUY;1.25;4965.002;4942.968;5021.987;2.725;44.014;16.164;98.7;19.6;18.614;16.164;33.102;142.0;4450.00;ea;2;1.765;-0.013;-0.332;-0.625;1.449;5.763;0.475;0.454;1.907;0.272;0.572;2.569;1238;3;18.355;233.223
2026.02.18 23:28:00;2026.02.19 00:02:38;BUY;1.83;4981.347;4965.104;5023.115;2.000;7.374;16.171;5.3;34.6;7.374;16.171;-16.253;34.6;-3352.00;sl;1;1.669;0.376;0.430;-0.128;0.531;6.323;0.654;0.524;0.966;0.448;0.350;-0.440;388;4;19.312;233.223
2026.02.19 00:13:00;2026.02.19 16:00:00;BUY;1.20;4968.329;4944.938;5028.932;2.896;54.051;7.891;923.3;45.6;5.067;7.891;45.469;947.0;5511.00;ea;3;0.926;0.300;-0.215;-0.053;2.117;-0.379;0.065;-0.033;1.571;0.083;-0.315;-1.084;433;4;20.155;234.774
2026.02.19 23:04:00;2026.02.19 23:56:36;BUY;2.36;5003.029;4989.931;5035.803;1.582;4.918;13.018;5.2;52.6;4.918;13.018;-13.101;52.6;-3154.00;sl;1;1.316;0.199;1.222;0.235;0.389;1.323;0.264;0.115;2.296;0.341;0.258;0.827;364;5;20.458;234.774
2026.02.20 00:16:00;2026.02.20 14:32:39;BUY;1.38;4996.283;4975.142;5050.545;2.600;54.256;14.650;856.6;206.3;18.425;9.001;54.276;856.6;6322.00;tp;3;0.954;0.187;0.866;0.168;1.248;0.404;0.048;0.037;0.178;0.178;0.304;0.390;436;5;20.910;229.021
2026.02.20 14:33:00;2026.02.20 15:03:23;BUY;1.43;5050.117;5027.438;5109.047;2.814;13.998;22.667;29.3;30.3;13.998;22.667;-22.686;30.4;-3309.00;sl;1;2.789;0.442;3.409;0.316;-1.413;3.173;0.305;0.272;2.542;0.504;0.328;0.910;1293;5;19.625;229.021
2026.02.20 15:07:00;2026.02.20 15:16:14;SELL;0.82;4994.848;5032.511;4896.567;4.688;2.165;37.658;0.3;9.2;2.165;37.658;-37.666;9.2;-3151.00;sl;1;0.035;-0.351;-0.698;-0.204;1.742;-0.355;0.360;-0.031;2.270;0.245;3.162;1.950;1327;5;19.757;229.021
2026.02.20 15:19:00;2026.02.20 16:00:00;BUY;0.61;5044.503;4996.550;5169.773;5.973;8.049;33.011;29.7;9.3;8.049;33.011;-2.066;41.0;-129.00;ea;1;2.381;0.449;3.113;0.302;-1.120;2.868;0.360;0.247;0.278;0.278;0.869;0.662;1339;5;19.757;229.021
2026.02.22 23:50:00;2026.02.23 00:20:04;BUY;1.03;5158.704;5130.386;5232.183;3.510;13.221;28.312;8.2;30.1;13.221;28.312;-28.353;30.1;-2979.00;sl;1;5.466;0.728;6.394;0.753;-2.014;1.866;0.242;0.219;1.642;0.052;0.392;3.439;410;1;25.144;214.694
2026.02.23 00:30:00;2026.02.23 16:00:00;BUY;0.65;5153.494;5110.859;5265.202;5.322;51.661;31.415;919.3;481.3;7.510;18.770;42.698;930.0;2775.00;ea;1;4.524;0.752;5.325;0.849;0.658;-0.426;0.194;-0.062;1.659;0.232;0.711;2.910;450;1;28.024;192.837
2026.02.23 23:03:00;2026.02.24 00:01:30;BUY;1.80;5240.285;5224.157;5281.130;1.965;9.304;16.097;8.7;58.5;9.304;16.097;-16.239;58.5;-3085.00;sl;1;5.285;1.035;8.876;1.475;-3.005;3.291;0.627;0.388;0.427;0.427;0.518;1.412;363;2;22.750;192.837
2026.02.24 00:29:00;2026.02.24 01:16:41;SELL;0.91;5225.250;5255.617;5147.117;3.741;78.101;7.933;47.7;7.7;78.101;7.933;78.139;47.7;5993.00;tp;3;-4.400;-1.004;-7.813;-1.546;4.485;0.463;0.129;0.066;1.098;0.228;0.190;-0.631;449;2;23.003;160.791
2026.02.24 01:25:00;2026.02.24 16:00:00;SELL;0.64;5150.942;5199.086;5025.568;5.983;57.503;41.104;768.7;102.2;1.807;31.203;0.552;875.0;35.00;ea;1;-1.092;-0.826;-4.566;-1.376;1.217;3.581;0.581;0.528;0.040;0.040;2.368;3.096;505;2;23.724;160.791
2026.02.24 23:04:00;2026.02.25 00:38:28;SELL;1.71;5135.751;5154.057;5089.210;2.236;7.769;18.257;4.2;94.5;7.769;16.908;-18.308;94.5;-3193.00;sl;1;0.326;-0.064;-2.881;-0.832;0.550;4.029;0.902;0.623;1.438;0.231;0.596;1.128;364;3;24.858;160.791
2026.02.25 00:41:00;2026.02.25 05:49:39;BUY;1.37;5154.479;5133.375;5208.541;2.592;54.044;12.793;308.6;6.2;35.525;12.793;54.162;308.6;6248.00;tp;3;0.386;0.067;3.400;0.760;3.293;0.310;0.115;0.049;1.792;0.217;0.532;0.050;461;3;25.409;161.946
2026.02.25 05:58:00;2026.02.25 11:16:39;SELL;1.89;5202.492;5219.817;5158.070;2.129;44.339;2.252;318.6;0.7;20.077;2.252;44.425;318.6;7058.00;tp;3;-1.992;-0.291;-5.051;-0.819;4.310;-2.205;0.459;-0.345;0.098;0.098;0.021;-0.999;778;3;25.356;161.946
2026.02.25 11:17:00;2026.02.25 11:57:25;SELL;1.68;5157.013;5178.494;5101.561;2.653;1.864;21.408;0.3;40.4;1.864;21.408;-21.487;40.4;-3682.00;sl;1;0.050;-0.201;-3.552;-0.868;2.832;-0.462;0.459;-0.064;0.311;0.311;0.664;1.346;1097;3;22.535;161.946
2026.02.25 11:58:00;2026.02.25 14:39:40;BUY;1.71;5179.751;5160.001;5230.445;2.429;11.596;19.727;86.7;161.7;7.675;2.439;-19.776;161.7;-3449.00;sl;1;0.920;0.240;4.522;0.907;2.592;1.471;0.459;0.205;0.899;0.011;0.291;-0.221;1138;3;22.535;161.946
2026.02.25 14:45:00;2026.02.25 16:00:00;BUY;1.21;5175.245;5148.877;5243.864;3.275;27.326;2.889;21.7;46.7;27.326;2.889;19.665;75.0;2380.00;ea;1;0.670;0.198;4.570;1.003;3.075;1.400;0.459;0.177;1.210;0.232;-0.076;-0.072;1305;3;20.462;161.946
2026.02.25 23:04:00;2026.02.26 14:30:42;BUY;1.07;5173.404;5142.422;5255.112;3.886;32.241;30.921;381.7;926.7;8.538;18.132;-30.992;926.7;-3568.00;sl;1;0.183;0.100;3.644;0.947;2.853;1.181;0.503;0.166;1.172;0.291;0.148;-1.502;364;4;22.699;161.946
2026.02.26 15:02:00;2026.02.26 16:00:00;SELL;0.88;5162.774;5198.518;5068.177;4.495;32.151;30.271;25.7;53.7;32.151;30.271;-23.348;58.0;-2096.00;ea;1;0.586;0.066;-3.106;-0.812;1.375;0.026;0.465;0.004;0.663;0.144;0.302;0.598;1322;4;19.260;141.869
2026.02.26 23:26:00;2026.02.27 02:07:42;SELL;1.79;5182.552;5199.867;5136.905;2.171;15.712;17.305;102.2;161.7;3.435;12.769;-17.357;161.7;-3169.00;sl;1;-0.229;-0.084;-2.934;-0.637;1.872;-0.780;0.531;-0.136;1.317;0.103;0.161;-0.290;386;5;24.709;141.869
2026.02.27 02:08:00;2026.02.27 02:37:29;BUY;1.31;5199.527;5177.614;5257.647;2.760;0.046;21.904;0.2;29.5;0.046;21.904;-21.941;29.5;-2932.00;sl;1;0.847;0.083;3.441;0.630;0.245;0.604;0.249;0.113;0.019;0.019;0.298;0.017;548;5;24.963;133.223
2026.02.27 02:51:00;2026.02.27 05:30:40;SELL;1.36;5176.259;5196.634;5123.372;2.526;2.663;20.368;0.7;159.7;2.663;14.405;-20.398;159.7;-2830.00;sl;1;0.049;-0.047;-2.545;-0.594;1.838;0.328;0.249;0.061;1.052;0.251;0.085;0.457;591;5;24.963;133.223
2026.02.27 05:55:00;2026.02.27 07:14:30;BUY;2.09;5195.223;5182.805;5226.631;1.511;5.449;12.417;3.7;79.5;5.449;8.159;-12.494;79.5;-2663.00;sl;1;0.707;0.084;3.406;0.679;0.449;0.465;0.249;0.081;0.206;0.206;0.129;0.180;775;5;23.188;133.223
2026.02.27 07:17:00;2026.02.27 13:06:30;SELL;1.49;5179.496;5196.310;5136.942;2.047;10.813;16.810;175.7;349.5;3.653;6.196;-16.885;349.5;-2566.00;sl;1;-0.015;-0.078;-3.447;-0.817;2.651;0.267;0.256;0.037;1.592;0.513;0.428;0.185;857;5;18.525;133.223
2026.02.27 13:42:00;2026.02.27 15:11:39;SELL;0.82;5208.685;5237.316;5135.130;3.524;0.430;28.583;0.3;89.7;0.430;27.746;-28.637;89.7;-2395.00;sl;1;-1.872;-0.103;-5.795;-0.980;5.223;-1.617;0.555;-0.182;0.579;0.579;1.930;-1.887;1242;5;14.993;133.223
2026.02.27 15:32:00;2026.02.27 16:00:00;BUY;0.59;5232.693;5195.119;5330.350;4.663;13.849;5.800;26.3;3.7;13.849;5.800;6.803;28.0;401.00;ea;1;2.712;0.335;6.227;0.885;-1.532;2.732;0.555;0.362;0.980;0.414;0.242;3.025;1352;5;17.660;133.223
2026.03.01 23:09:00;2026.03.01 23:42:42;BUY;0.51;5348.897;5305.643;5392.684;3.001;43.766;6.954;33.7;2.7;43.766;6.954;43.839;33.7;1725.00;tp;3;6.965;0.794;10.004;1.299;-3.275;1.440;0.266;0.234;0.053;0.053;3.440;5.565;369;1;20.649;126.970
2026.03.02 00:03:00;2026.03.02 16:00:00;SELL;0.46;5371.833;5422.384;5240.776;6.262;68.472;47.713;86.7;437.2;50.665;10.447;55.491;957.0;2553.00;ea;1;-5.623;-0.786;-7.758;-1.223;2.026;0.521;0.181;0.128;0.773;0.065;0.426;-4.491;423;1;28.235;115.047
2026.03.02 23:04:00;2026.03.03 05:54:21;BUY;1.04;5340.315;5316.917;5402.000;2.934;39.544;23.356;141.7;410.4;6.790;11.190;-23.411;410.4;-2542.00;sl;1;1.485;0.246;4.711;1.140;1.652;-1.441;1.382;-0.402;0.302;0.302;0.477;1.252;364;2;32.085;115.047
2026.03.03 06:15:00;2026.03.03 07:51:14;SELL;0.56;5289.581;5330.804;5182.356;5.119;1.239;41.165;0.3;96.2;1.239;30.114;-41.244;96.2;-2356.00;sl;1;0.480;-0.246;-2.872;-0.920;0.944;1.798;0.941;0.523;1.269;0.307;1.026;2.042;795;2;31.190;107.185
2026.03.03 07:55:00;2026.03.03 08:40:38;BUY;0.69;5329.543;5297.805;5412.876;3.968;6.094;31.735;10.7;45.6;6.094;31.735;-31.804;45.6;-2238.00;sl;1;0.740;0.212;4.073;0.963;2.853;-0.513;0.941;-0.150;0.651;0.015;0.132;-1.101;895;2;31.419;107.185
2026.03.03 08:41:00;2026.03.03 11:07:31;SELL;0.70;5297.908;5328.040;5220.392;3.712;77.469;13.611;146.5;9.7;71.692;13.611;77.554;146.5;4576.00;tp;3;0.273;-0.124;-3.170;-0.968;1.293;1.635;0.941;0.446;1.640;0.271;0.599;2.488;941;2;29.220;107.185
2026.03.03 11:26:00;2026.03.03 15:17:41;SELL;0.32;5185.301;5256.947;4997.815;8.936;187.466;41.751;231.7;91.7;112.161;14.820;187.498;231.7;5107.00;tp;3;3.143;0.211;0.435;-0.667;-2.091;4.482;2.054;1.496;0.986;0.148;0.200;3.642;1106;2;35.785;107.185
2026.03.03 15:23:00;2026.03.03 16:00:00;BUY;0.25;5038.990;4938.045;5303.480;12.601;57.962;4.440;36.7;0.7;57.962;4.440;56.239;37.0;1406.00;ea;1;-3.383;-0.494;-2.267;0.147;5.596;-4.514;3.582;-2.861;0.162;0.015;-0.173;-2.430;1343;2;67.936;107.185
2026.03.03 23:03:00;2026.03.04 12:03:39;BUY;0.68;5102.659;5063.770;5203.430;4.816;100.715;6.397;780.6;0.3;27.094;6.397;100.818;780.6;5757.00;tp;3;-1.647;-0.352;-1.109;-0.102;4.092;-3.142;3.582;-2.267;0.612;0.095;0.135;0.183;363;3;77.343;107.185
2026.03.04 12:17:00;2026.03.04 16:00:00;SELL;1.33;5186.895;5209.063;5129.296;2.751;55.701;9.633;177.7;56.6;30.470;9.633;34.963;223.0;5433.00;ea;3;0.664;0.168;0.039;0.129;6.352;-2.056;0.822;-0.506;1.227;0.229;0.390;-0.878;1157;3;30.073;122.271
2026.03.04 23:14:00;2026.03.05 00:05:41;SELL;1.51;5146.531;5168.170;5091.700;2.637;0.960;21.554;0.2;51.7;0.960;21.554;-21.656;51.7;-3335.00;sl;1;1.357;0.360;1.270;0.190;5.207;-0.742;0.822;-0.176;1.608;0.226;-0.252;-0.879;374;4;28.930;122.271
2026.03.05 00:07:00;2026.03.05 06:00:16;BUY;1.44;5167.114;5146.131;5220.560;2.567;27.929;20.952;178.7;353.3;13.120;1.979;-20.988;353.3;-3083.00;sl;1;-0.657;-0.284;-0.572;-0.164;1.373;0.079;0.071;0.019;1.161;0.102;0.211;1.286;427;4;28.337;121.405
2026.03.05 06:08:00;2026.03.05 07:00:05;SELL;1.29;5146.993;5169.591;5087.908;2.817;26.057;22.536;4.3;52.1;26.057;22.536;-22.603;52.1;-2974.00;sl;1;1.462;0.139;1.475;0.238;1.726;0.744;0.430;0.147;1.957;0.291;0.444;1.326;788;4;24.008;121.405
2026.03.05 07:17:00;2026.03.05 15:08:31;SELL;0.81;5161.170;5195.292;5072.566;4.232;88.592;19.459;471.5;111.7;21.475;6.957;88.674;471.5;6037.00;tp;3;0.840;0.147;0.877;0.208;2.238;0.149;0.613;0.030;0.450;0.047;0.433;1.182;857;4;24.849;121.405
2026.03.05 15:27:00;2026.03.05 16:00:00;SELL;0.48;5076.755;5139.330;4912.992;7.805;4.876;26.583;0.7;32.7;4.876;26.583;-25.929;33.0;-1269.00;ea;1;3.298;0.369;3.599;0.237;-1.023;3.129;1.115;0.726;0.950;0.240;-0.141;3.119;1347;4;28.158;121.405
2026.03.05 23:28:00;2026.03.06 01:40:27;SELL;1.50;5090.351;5110.472;5038.826;2.471;24.021;20.101;92.7;132.4;15.935;11.904;-20.159;132.4;-3084.00;sl;1;1.673;0.453;2.374;0.366;-0.446;2.184;1.189;0.614;1.183;0.010;-0.125;-0.667;388;5;34.116;121.405
2026.03.06 02:42:00;2026.03.06 15:02:40;SELL;0.87;5123.551;5156.151;5039.212;4.032;60.728;32.545;554.7;740.7;0.292;18.258;-32.675;740.7;-282.00;sl;2;0.548;0.242;1.250;0.373;1.990;-1.021;0.626;-0.300;0.643;0.097;0.216;-1.154;582;5;36.621;124.625
2026.03.06 15:26:00;2026.03.06 16:00:00;BUY;0.46;5164.443;5104.488;5320.824;7.460;7.340;29.962;1.3;27.3;7.340;29.962;-22.531;34.0;-1057.00;ea;1;1.166;-0.155;0.013;-0.359;1.039;2.660;0.849;0.628;1.208;0.189;0.598;2.353;1346;5;29.439;124.625
2026.03.08 23:37:00;2026.03.09 16:00:00;SELL;0.43;5086.956;5151.397;4918.803;8.020;72.179;53.929;84.7;372.7;58.333;0.600;-13.030;983.0;-572.00;ea;1;1.347;-0.044;2.160;0.209;0.719;2.702;0.797;0.734;1.085;0.204;0.526;2.330;397;1;34.045;125.313
2026.03.09 23:13:00;2026.03.10 15:33:12;BUY;0.86;5149.196;5117.541;5230.658;3.901;81.461;24.668;980.2;81.2;6.809;18.294;81.512;980.2;5867.00;tp;3;1.119;0.185;-0.026;-0.261;1.096;2.574;1.150;0.600;0.028;0.028;-0.014;1.967;373;2;28.407;121.855
2026.03.10 23:07:00;2026.03.11 12:36:40;BUY;1.46;5194.778;5174.223;5247.502;2.527;28.292;20.553;116.7;809.7;3.508;7.322;-20.612;809.7;-3153.00;sl;1;1.310;0.278;1.440;0.329;-1.528;2.171;0.932;0.451;0.206;0.206;0.221;-1.060;367;3;25.380;122.312
2026.03.11 12:37:00;2026.03.11 16:00:00;SELL;1.24;5174.576;5197.898;5114.128;2.889;25.332;22.315;75.3;113.7;12.232;8.694;7.912;203.0;981.00;ea;1;0.032;-0.094;-0.632;-0.319;2.673;1.193;0.391;0.176;1.313;0.244;0.907;0.480;1177;3;18.722;126.906
2026.03.11 23:14:00;2026.03.12 00:00:39;BUY;1.16;5153.533;5128.609;5217.744;3.074;4.291;24.921;16.7;46.6;4.291;24.921;-24.996;46.6;-3158.00;sl;1;-0.866;-0.085;-0.416;0.121;3.808;-1.944;0.736;-0.342;2.083;0.290;0.647;-0.875;374;4;22.312;126.906
2026.03.12 00:15:00;2026.03.12 16:00:00;BUY;0.91;5139.379;5109.398;5216.554;3.695;52.368;29.891;591.2;896.7;27.363;0.662;-7.342;945.0;-681.00;ea;1;-1.402;-0.171;-0.971;-0.014;3.732;0.234;0.131;0.041;0.474;0.028;0.496;-1.491;435;4;22.428;128.223
2026.03.12 23:08:00;2026.03.13 07:21:40;BUY;1.27;5095.409;5074.123;5148.284;2.557;32.940;21.271;172.7;493.6;8.870;5.678;-21.349;493.7;-2838.00;sl;1;-2.376;-0.576;-2.642;-0.230;5.530;-1.678;1.069;-0.302;0.199;0.199;0.158;-0.476;368;5;23.087;128.223
2026.03.13 07:56:00;2026.03.13 11:59:30;SELL;1.07;5083.010;5107.383;5022.068;2.942;21.420;24.333;26.2;243.5;21.420;4.604;-24.387;243.5;-2662.00;sl;1;2.871;0.460;3.623;0.579;1.483;0.794;0.444;0.119;1.731;0.158;0.452;1.670;896;5;19.071;127.545
2026.03.13 12:13:00;2026.03.13 14:55:16;SELL;1.19;5109.592;5130.364;5056.232;2.556;53.355;12.707;162.3;36.7;5.037;12.707;53.402;162.3;5357.00;tp;3;1.175;0.401;2.188;0.564;3.061;-0.639;0.526;-0.090;0.535;0.535;-0.185;-1.831;1153;5;17.922;127.545
2026.03.13 15:08:00;2026.03.13 16:00:00;BUY;0.72;5058.288;5020.823;5155.605;4.648;13.079;26.736;5.7;47.3;13.079;26.736;-23.513;52.0;-1727.00;ea;1;-2.926;-0.393;-3.958;-0.542;5.969;-1.783;0.730;-0.313;1.866;0.077;-0.094;-1.366;1328;5;22.358;127.545
2026.03.15 23:00:00;2026.03.15 23:20:27;BUY;0.88;5025.049;4995.392;5101.869;3.672;1.162;29.617;0.7;20.4;1.162;29.617;-29.693;20.4;-2665.00;sl;1;-2.706;-0.588;-3.826;-0.733;3.705;0.289;0.237;0.064;0.895;0.178;0.467;-0.724;360;1;27.885;125.861
2026.03.15 23:21:00;2026.03.16 00:02:41;SELL;0.72;4986.442;5020.999;4897.310;4.265;19.373;34.535;2.3;41.7;19.373;34.535;-34.570;41.7;-2539.00;sl;1;4.037;0.642;5.157;0.786;-0.827;1.096;0.384;0.243;1.307;0.231;0.694;2.058;381;1;27.885;125.861
2026.03.16 00:35:00;2026.03.16 01:14:30;BUY;0.59;5030.946;4990.847;5135.036;4.972;0.000;40.071;0.0;39.5;0.000;40.071;-40.119;39.5;-2414.00;sl;1;-2.177;-0.576;-3.170;-0.783;-0.013;1.109;0.275;0.266;0.631;0.300;0.406;-0.116;455;1;30.220;125.956
2026.03.16 01:25:00;2026.03.16 06:16:37;SELL;0.57;4995.375;5034.369;4893.602;4.854;12.640;38.990;7.7;291.6;12.640;23.845;-39.024;291.6;-2269.00;sl;1;3.065;0.559;4.099;0.790;0.904;0.065;0.379;0.016;1.431;0.169;0.464;0.597;505;1;31.715;125.956
2026.03.16 06:27:00;2026.03.16 09:45:39;SELL;1.15;5027.383;5046.117;4979.475;2.298;47.843;3.179;198.7;1.2;26.362;3.179;47.944;198.7;4643.00;tp;3;1.792;0.480;3.272;0.808;2.089;-1.031;0.425;-0.238;0.943;0.254;-0.193;-0.566;807;1;29.049;125.956
2026.03.16 09:56:00;2026.03.16 11:00:29;SELL;1.07;4977.906;5000.108;4919.885;2.766;7.676;22.198;6.2;64.5;7.676;21.281;-22.244;64.5;-2428.00;sl;1;3.291;0.568;4.996;0.917;0.406;0.709;0.507;0.155;1.013;0.287;0.275;1.423;1016;1;27.546;125.956
2026.03.16 11:20:00;2026.03.16 14:48:30;BUY;1.03;5012.844;4991.119;5069.274;2.695;25.280;21.709;168.7;208.5;9.907;20.763;-21.749;208.5;-2285.00;sl;1;-1.877;-0.562;-3.846;-0.883;0.654;0.569;0.525;0.122;1.373;0.264;0.551;0.206;1100;1;27.057;125.956
2026.03.16 15:17:00;2026.03.16 16:00:00;BUY;0.63;5002.102;4968.492;5087.824;4.115;3.553;18.189;4.7;42.2;3.553;18.189;-15.160;43.0;-974.00;ea;1;-1.990;-0.386;-4.098;-0.908;1.062;0.174;0.541;0.037;1.789;0.295;0.193;-0.100;1337;1;26.771;125.956
2026.03.16 23:12:00;2026.03.17 15:36:27;BUY;1.22;5005.743;4988.821;5048.123;2.045;38.788;16.880;365.7;984.5;9.798;3.362;-16.932;984.5;1781.00;sl;3;-1.498;-0.313;-4.005;-0.941;1.018;0.341;0.541;0.066;1.816;0.175;0.147;0.208;372;2;24.375;125.956
2026.03.17 23:02:00;2026.03.18 03:04:20;BUY;1.84;5001.773;4990.021;5031.378;1.426;14.296;11.708;138.7;242.3;1.735;3.085;-11.778;242.3;-2314.00;sl;1;-1.187;-0.264;-4.683;-1.003;2.090;-0.641;0.579;-0.091;2.773;0.473;0.148;-0.034;362;3;17.390;123.041
2026.03.18 03:25:00;2026.03.18 08:45:30;BUY;1.31;4996.384;4980.795;5037.291;1.948;19.984;15.580;191.7;320.5;1.161;6.878;-15.678;320.5;-2095.00;sl;1;-1.334;-0.267;-4.973;-1.054;2.869;-0.383;0.241;-0.052;0.215;0.215;0.221;-0.270;625;3;16.784;123.440
2026.03.18 08:46:00;2026.03.18 11:44:30;SELL;1.12;4983.045;5000.650;4937.568;2.175;45.475;12.583;178.5;51.6;0.508;12.583;45.514;178.5;4291.00;tp;3;2.249;0.318;6.474;1.256;0.702;1.427;0.318;0.160;2.387;0.220;0.553;0.229;946;3;13.846;123.440
2026.03.18 11:56:00;2026.03.18 16:00:00;SELL;0.57;4932.194;4970.216;4833.395;4.718;98.012;3.104;82.3;0.7;61.392;3.104;69.370;244.0;4166.00;ea;3;4.720;0.476;8.557;1.198;-2.541;4.363;0.701;0.572;1.989;0.136;0.681;3.736;1136;3;16.186;123.440
2026.03.18 23:19:00;2026.03.19 01:40:28;SELL;0.70;4829.229;4863.061;4741.012;4.209;0.521;33.812;0.2;141.4;0.521;19.216;-33.883;141.5;-2419.00;sl;1;3.666;0.773;6.323;1.015;-4.222;5.086;1.719;1.406;0.856;0.270;0.128;1.676;379;4;34.131;123.440
2026.03.19 01:51:00;2026.03.19 06:46:28;SELL;0.76;4853.359;4883.047;4776.078;3.689;77.252;12.660;295.5;88.7;11.376;8.789;77.286;295.5;4952.00;tp;3;2.739;0.711;5.430;1.135;1.449;-0.492;0.268;-0.131;0.099;0.099;0.088;-0.822;531;4;33.966;127.676
2026.03.19 07:02:00;2026.03.19 07:59:40;BUY;0.58;4771.370;4729.017;4879.593;5.192;12.837;42.351;11.2;57.7;12.837;42.351;-42.402;57.7;-2509.00;sl;1;-4.887;-0.793;-8.478;-1.436;8.117;-2.163;0.937;-0.511;0.949;0.286;0.172;-2.834;842;4;30.183;127.676
2026.03.19 08:06:00;2026.03.19 12:42:39;SELL;0.46;4724.983;4775.850;4592.896;6.309;132.048;11.491;276.6;14.7;38.030;11.491;132.094;276.6;5131.00;tp;3;5.742;0.920;8.980;1.514;-2.461;3.473;1.191;0.875;0.777;0.155;0.707;3.823;906;4;32.160;127.676
2026.03.19 12:44:00;2026.03.19 14:00:27;SELL;0.47;4575.999;4631.503;4431.616;6.893;73.195;55.500;18.7;76.5;73.195;10.122;-55.570;76.5;-2664.00;sl;1;8.034;1.269;11.394;1.636;-6.221;7.108;2.290;2.042;0.709;0.164;0.827;3.071;1184;4;36.673;127.676
2026.03.19 14:20:00;2026.03.19 16:00:00;SELL;0.23;4614.257;4721.296;4333.859;13.360;47.879;24.769;85.3;46.7;33.093;24.769;17.360;100.0;399.00;ea;1;4.699;0.985;7.559;1.160;-3.766;4.411;2.854;1.742;0.283;0.084;0.322;1.281;1280;4;50.415;127.676
2026.03.19 23:10:00;2026.03.20 01:05:41;SELL;0.91;4644.020;4671.954;4571.967;3.448;9.502;27.910;30.6;115.7;9.502;14.305;-27.935;115.7;-2593.00;sl;1;2.510;0.567;5.587;1.208;-2.764;3.325;2.854;1.509;0.760;0.069;0.061;-0.639;370;5;57.937;127.676
2026.03.20 01:07:00;2026.03.20 10:51:41;BUY;0.84;4673.864;4645.703;4747.168;3.499;61.959;28.127;140.3;584.7;25.572;25.601;-28.189;584.7;2153.00;sl;3;-1.957;-0.522;-5.227;-1.285;3.575;0.559;0.274;0.218;0.484;0.114;0.328;0.438;487;5;54.006;138.647
2026.03.20 11:33:00;2026.03.20 13:51:42;BUY;0.64;4669.165;4630.264;4770.634;4.840;26.476;38.896;38.7;138.7;26.476;11.716;-38.920;138.7;-2541.00;sl;1;-2.298;-0.469;-7.727;-1.651;5.697;0.735;0.714;0.184;0.888;0.024;0.166;-0.532;1113;5;34.710;138.647
2026.03.20 13:53:00;2026.03.20 16:00:00;SELL;0.47;4627.331;4677.661;4495.994;6.264;86.628;0.865;93.7;0.3;75.913;0.865;73.508;127.0;3455.00;ea;1;3.220;0.524;8.398;1.567;3.517;0.460;0.790;0.118;0.770;0.207;0.696;1.115;1253;5;35.482;138.647
2026.03.22 23:22:00;2026.03.23 00:37:28;SELL;0.43;4489.127;4548.451;4333.500;7.412;155.621;4.930;75.5;23.7;84.494;4.930;155.646;75.5;5659.00;tp;3;3.607;0.765;7.431;1.431;0.233;-0.217;0.588;-0.076;0.755;0.176;0.079;1.475;382;1;51.814;147.516
2026.03.23 00:58:00;2026.03.23 06:07:15;BUY;0.32;4356.768;4270.309;4582.933;10.780;97.397;86.448;35.7;309.2;97.397;27.064;-86.471;309.2;-2822.00;sl;1;-5.835;-0.852;-9.467;-1.613;3.423;-2.056;1.038;-0.728;0.825;0.062;-0.035;-2.952;478;1;52.412;148.091
2026.03.23 06:30:00;2026.03.23 09:29:42;SELL;0.44;4243.741;4304.162;4085.960;7.524;145.118;60.389;52.3;179.7;145.118;6.479;-60.429;179.7;2381.00;sl;3;5.159;0.877;8.657;1.383;-3.043;3.267;1.583;1.491;0.647;0.055;0.798;2.322;810;1;67.592;148.091
2026.03.23 09:30:00;2026.03.23 09:44:42;BUY;0.35;4304.266;4225.621;4509.758;9.798;4.099;78.644;0.7;14.7;4.099;78.644;-78.658;14.7;-2808.00;sl;1;-3.039;-0.798;-6.132;-1.209;2.829;-1.956;2.531;-1.082;0.558;0.070;0.297;-0.328;990;1;81.959;148.091
2026.03.23 09:53:00;2026.03.23 11:11:00;BUY;0.35;4243.983;4168.145;4441.157;9.414;197.135;8.376;78.0;1.7;37.968;8.376;197.222;78.0;5871.00;tp;3;-3.746;-0.827;-6.839;-1.237;3.565;-2.691;2.531;-1.489;0.073;0.073;-0.131;-0.764;1013;1;81.959;148.091
2026.03.23 11:20:00;2026.03.23 12:59:14;SELL;0.30;4394.917;4491.870;4142.394;12.051;57.986;96.939;47.7;99.2;57.986;37.507;-96.953;99.2;-2964.00;sl;1;1.715;0.698;5.100;1.172;-0.669;0.855;2.531;0.470;0.551;0.060;-0.712;-3.495;1100;1;81.463;148.091
2026.03.23 13:20:00;2026.03.23 16:00:00;SELL;0.29;4423.391;4520.256;4170.260;12.069;72.133;89.874;159.3;66.3;21.688;72.779;59.574;160.0;1728.00;ea;1;1.054;0.364;3.758;0.964;-0.263;0.417;2.663;0.278;0.237;0.034;0.152;-1.339;1220;1;98.798;148.091
2026.03.23 23:08:00;2026.03.24 00:27:21;BUY;0.64;4437.262;4392.109;4554.470;5.599;10.697;45.142;19.7;79.3;10.697;15.483;-45.191;79.3;-2986.00;sl;1;-0.697;-0.191;-3.951;-1.082;1.198;-0.330;2.799;-0.184;0.154;0.033;0.174;0.102;368;2;82.570;148.091
2026.03.24 00:39:00;2026.03.24 07:00:38;SELL;0.56;4360.245;4409.446;4232.194;6.112;54.336;49.186;93.3;381.6;31.676;26.888;-49.215;381.6;-2811.00;sl;1;1.627;0.233;4.869;0.999;3.290;1.017;0.557;0.496;0.129;0.003;0.577;0.627;459;2;79.597;163.084
2026.03.24 07:11:00;2026.03.24 12:39:38;BUY;0.45;4423.726;4366.866;4571.410;7.053;18.465;56.851;230.3;328.6;8.781;23.905;-56.873;328.6;-2610.00;sl;1;-0.629;-0.339;-5.473;-1.323;1.570;-0.307;0.865;-0.107;0.463;0.110;0.368;1.143;851;2;56.800;163.084
2026.03.24 12:40:00;2026.03.24 14:34:39;SELL;0.48;4365.357;4416.243;4232.386;6.340;13.526;50.876;61.7;114.7;13.178;25.661;-50.893;114.7;-2492.00;sl;1;1.633;0.175;6.597;1.334;5.146;1.462;0.865;0.465;0.296;0.103;0.667;0.731;1180;2;51.879;163.084
2026.03.24 15:01:00;2026.03.24 16:00:00;SELL;0.37;4410.951;4474.219;4245.946;7.871;14.505;20.363;9.7;48.7;14.505;20.363;-1.168;59.0;-44.00;ea;1;0.715;0.212;6.219;1.405;6.514;0.630;0.865;0.185;0.228;0.020;0.160;-0.410;1321;2;47.987;163.084
2026.03.24 23:00:00;2026.03.25 01:39:14;BUY;0.57;4485.083;4444.030;4589.968;5.032;104.874;12.545;159.2;4.7;66.392;12.545;104.899;159.2;5042.00;tp;3;0.954;0.030;-4.670;-1.338;0.637;1.006;1.104;0.269;0.342;0.113;0.342;2.218;360;3;43.647;163.084
2026.03.25 01:51:00;2026.03.25 05:21:38;BUY;0.70;4598.356;4561.656;4693.079;4.532;4.209;36.692;55.7;210.6;4.209;18.737;-36.730;210.6;-2623.00;sl;1;3.015;0.377;-1.896;-0.990;-0.995;1.092;0.355;0.300;0.035;0.035;0.234;2.816;531;3;47.123;171.446
2026.03.25 05:44:00;2026.03.25 06:09:19;BUY;1.17;4565.268;4544.233;4619.252;2.587;1.542;21.028;1.2;25.3;1.542;21.028;-21.070;25.3;-2515.00;sl;1;2.292;0.570;-2.907;-0.990;-0.344;0.458;0.381;0.107;0.866;0.118;0.260;-0.497;764;3;40.102;171.446
2026.03.25 06:22:00;2026.03.25 12:31:42;BUY;0.82;4550.757;4522.383;4624.006;3.504;34.965;28.271;315.3;369.7;12.572;7.860;-28.374;369.7;-2373.00;sl;1;1.966;0.522;-3.433;-1.059;0.019;0.102;0.405;0.023;1.295;0.243;0.110;-0.992;802;3;38.019;171.446
2026.03.25 12:38:00;2026.03.25 16:00:00;BUY;0.63;4553.344;4518.160;4644.488;4.356;26.087;28.402;132.7;160.3;23.198;17.306;5.733;202.0;361.00;ea;1;1.953;0.480;-3.847;-0.820;-0.061;0.209;0.470;0.038;1.513;0.216;-0.194;-0.393;1178;3;30.844;171.446
2026.03.25 23:04:00;2026.03.26 16:00:00;SELL;0.58;4509.128;4547.878;4408.555;4.804;96.515;35.740;579.7;119.3;20.013;5.633;70.770;1016.0;4325.00;ea;3;-0.059;-0.078;4.142;0.715;5.571;1.033;0.675;0.220;0.250;0.250;0.262;1.202;364;4;36.541;171.446
2026.03.26 23:06:00;2026.03.27 02:03:31;SELL;0.70;4397.502;4432.868;4305.522;4.391;22.028;35.342;113.7;177.5;7.247;13.946;-35.366;177.5;-2525.00;sl;1;1.596;0.394;5.307;1.086;-2.222;2.511;1.144;0.596;1.182;0.187;0.350;-0.427;366;5;40.191;169.282
2026.03.27 02:11:00;2026.03.27 11:07:29;BUY;0.77;4436.991;4406.800;4514.898;3.728;38.354;30.162;209.3;536.5;3.696;15.896;-30.209;536.5;-2373.00;sl;1;-0.476;-0.252;-4.138;-1.046;2.662;0.792;0.403;0.200;0.322;0.074;0.443;1.050;551;5;40.422;159.764
2026.03.27 11:09:00;2026.03.27 12:16:31;SELL;0.95;4408.471;4431.980;4347.597;2.910;1.183;23.488;0.3;67.5;1.183;18.196;-23.538;67.5;-2281.00;sl;1;1.370;0.187;6.083;1.310;1.920;-0.117;0.627;-0.022;0.283;0.283;0.308;1.573;1089;5;29.959;159.764
2026.03.27 12:30:00;2026.03.27 14:52:41;BUY;0.78;4429.733;4402.991;4498.981;3.310;69.225;16.350;142.7;63.3;15.644;11.387;69.250;142.7;4542.00;tp;3;-0.731;-0.214;-5.839;-1.307;4.325;0.933;0.627;0.155;0.763;0.010;0.102;-0.162;1170;5;26.556;159.764
2026.03.27 15:14:00;2026.03.27 16:00:00;BUY;0.44;4530.267;4477.534;4667.922;6.565;25.217;9.871;9.7;42.3;25.217;9.871;-6.188;46.0;-278.00;ea;1;2.507;0.101;-1.929;-1.015;0.472;4.133;0.971;0.784;0.651;0.321;0.681;3.872;1334;5;30.320;159.764
2026.03.29 23:06:00;2026.03.30 05:50:16;SELL;0.52;4477.622;4522.200;4362.624;5.503;58.962;44.572;67.3;404.2;44.700;7.313;-44.598;404.3;-2365.00;sl;1;-0.371;-0.206;2.894;0.581;2.954;0.979;0.221;0.207;0.797;0.220;0.347;0.374;366;1;34.676;163.755
2026.03.30 06:10:00;2026.03.30 16:00:00;BUY;0.81;4529.308;4502.500;4597.399;3.272;51.397;17.182;341.7;491.7;21.301;5.715;19.058;590.0;2337.00;ea;2;1.600;0.214;-1.161;-0.452;-0.423;2.196;0.720;0.504;0.563;0.019;0.159;1.611;790;1;36.722;160.037
2026.03.30 23:03:00;2026.03.31 00:02:28;SELL;1.19;4502.777;4522.379;4452.061;2.425;10.132;19.587;7.2;59.5;10.132;19.587;-19.638;59.5;-2384.00;sl;1;-0.203;-0.082;2.238;0.285;2.100;-1.926;1.014;-0.338;0.099;0.099;0.333;0.611;363;2;28.099;160.037
2026.03.31 00:14:00;2026.03.31 00:46:41;SELL;0.84;4518.147;4544.267;4450.376;3.238;35.298;26.090;9.7;32.7;35.298;26.090;-26.120;32.7;-2238.00;sl;1;-0.682;-0.117;1.585;0.263;3.433;-0.160;0.109;-0.029;0.624;0.280;-0.157;-0.742;434;2;29.059;162.442
2026.03.31 00:55:00;2026.03.31 16:00:00;BUY;0.51;4542.583;4502.448;4646.646;4.972;87.662;13.341;819.3;585.3;76.987;10.616;66.966;905.0;3831.00;ea;3;1.491;0.149;-0.777;-0.230;1.312;1.001;0.396;0.179;0.255;0.255;0.518;1.241;475;2;29.059;162.442
2026.03.31 23:01:00;2026.04.01 15:32:35;BUY;0.60;4680.354;4643.117;4778.185;4.658;97.811;13.175;991.5;317.2;19.728;8.612;97.833;991.6;4951.00;tp;3;3.699;0.788;3.386;0.360;-3.256;5.452;1.316;1.027;0.642;0.315;-0.049;0.837;361;3;30.603;162.442
2026.04.01 15:35:00;2026.04.01 16:00:00;BUY;0.68;4779.857;4742.988;4875.849;4.581;8.497;0.989;15.7;0.2;8.497;0.989;6.915;25.0;470.00;ea;1;4.539;0.801;5.895;0.917;-2.621;2.743;0.678;0.501;0.662;0.005;0.336;1.034;1355;3;30.434;166.507
2026.04.01 23:01:00;2026.04.01 23:19:30;SELL;1.16;4774.490;4796.629;4718.202;2.704;0.480;22.138;0.2;18.5;0.480;22.138;-22.263;18.5;-2634.00;sl;1;-3.690;-0.748;-5.854;-1.176;10.633;-2.845;0.755;-0.469;0.892;0.164;0.195;0.338;361;4;27.455;166.507
2026.04.01 23:38:00;2026.04.02 01:06:42;SELL;1.00;4789.516;4813.813;4725.624;3.041;63.888;9.536;88.7;39.2;14.394;9.536;63.914;88.7;5391.00;tp;3;-4.215;-0.769;-6.380;-1.197;11.180;-3.392;0.800;-0.559;1.439;0.347;0.188;-1.092;398;4;27.455;166.507
2026.04.02 01:20:00;2026.04.02 05:47:39;SELL;0.59;4727.669;4773.074;4608.898;5.661;118.736;7.408;267.6;1.3;77.108;7.408;118.771;267.6;5933.00;tp;3;-1.725;-0.685;-3.939;-1.154;2.184;2.043;0.453;0.341;0.999;0.277;0.343;1.312;500;4;27.695;166.085
2026.04.02 06:02:00;2026.04.02 07:34:27;SELL;0.69;4587.068;4629.931;4473.968;5.378;33.023;42.860;9.3;92.5;33.023;21.567;-42.910;92.5;-3020.00;sl;1;2.161;0.174;0.723;-0.568;-2.042;5.025;1.282;1.187;0.945;0.180;0.557;2.716;782;4;39.239;166.085
2026.04.02 07:35:00;2026.04.02 13:00:39;BUY;0.61;4632.003;4586.287;4751.199;5.687;19.239;45.713;14.7;325.6;19.239;5.034;-45.747;325.6;-2846.00;sl;1;-0.945;-0.202;0.362;0.587;4.108;-3.715;1.475;-0.917;0.439;0.195;0.142;-1.433;875;4;40.980;166.085
2026.04.02 13:14:00;2026.04.02 13:49:30;SELL;0.64;4590.770;4632.353;4482.858;5.155;9.829;41.574;10.7;35.5;9.829;41.574;-41.614;35.5;-2717.00;sl;1;1.459;0.248;0.546;-0.189;-1.663;4.210;1.475;1.165;0.887;0.017;0.245;0.721;1214;4;45.958;166.085
2026.04.02 14:12:00;2026.04.02 16:00:00;BUY;0.42;4656.299;4596.040;4813.710;7.506;43.601;10.795;31.7;3.3;43.601;10.795;4.625;108.0;194.00;ea;1;-0.072;-0.153;0.770;0.229;2.932;-2.604;1.475;-0.770;0.889;0.075;0.180;0.569;1272;4;49.135;166.085
2026.04.05 23:00:00;2026.04.06 16:00:00;BUY;0.51;4645.881;4596.089;4774.931;6.167;60.844;45.366;643.2;87.7;5.519;40.812;22.399;1020.0;1112.00;ea;1;-0.403;0.003;0.616;0.171;4.255;-0.474;0.316;-0.099;0.115;0.115;-0.025;-0.148;360;1;35.934;172.638
2026.04.06 23:07:00;2026.04.07 01:00:21;BUY;1.78;4661.086;4646.445;4698.456;1.793;0.363;14.629;98.7;113.3;0.079;12.073;-14.674;113.3;-2767.00;sl;1;-0.054;-0.063;1.507;0.421;0.093;2.558;0.622;0.295;1.975;0.453;0.105;0.419;367;2;19.699;170.861
2026.04.07 01:11:00;2026.04.07 04:42:32;SELL;0.93;4636.246;4663.057;4567.985;3.278;19.721;26.810;45.7;211.5;19.721;26.473;-26.811;211.5;-2543.00;sl;1;1.302;0.110;-0.251;-0.318;1.896;1.206;0.219;0.134;1.923;0.331;1.062;0.870;491;2;18.846;169.321
2026.04.07 05:01:00;2026.04.07 08:20:41;SELL;1.63;4660.229;4674.883;4622.744;1.798;37.191;14.580;29.7;199.7;37.191;0.885;-14.663;199.7;2257.00;sl;3;-0.028;0.101;-1.275;-0.262;2.810;-0.059;0.284;-0.007;0.481;0.011;0.035;-0.541;721;2;21.247;169.321
2026.04.07 09:07:00;2026.04.07 16:00:00;SELL;0.84;4681.890;4711.114;4606.409;3.611;74.349;13.031;299.7;19.7;22.877;13.031;26.222;413.0;3889.00;ea;3;-0.948;-0.021;-2.061;-0.232;3.539;-0.997;0.440;-0.135;1.387;0.082;0.082;-1.099;967;2;22.993;169.321
2026.04.07 23:21:00;2026.04.08 14:32:34;BUY;0.39;4821.426;4754.978;4994.225;8.250;35.876;66.402;45.7;911.6;35.876;17.480;-66.453;911.6;-2666.00;sl;1;3.690;0.395;4.430;0.307;-2.869;4.064;1.293;0.959;0.715;0.214;0.152;3.466;381;3;39.976;169.321
2026.04.08 14:54:00;2026.04.08 16:00:00;SELL;0.53;4747.346;4794.328;4624.816;5.845;14.922;16.186;2.7;56.7;14.922;16.186;-9.564;66.0;-517.00;ea;1;-0.618;-0.388;-2.784;-0.990;4.795;2.951;0.643;0.493;1.621;0.251;0.472;1.491;1314;3;29.213;174.836
2026.04.08 23:02:00;2026.04.09 10:24:38;SELL;1.07;4713.826;4737.293;4652.467;2.925;15.499;23.384;65.7;682.6;8.211;6.501;-23.478;682.6;-2562.00;sl;1;0.467;0.078;-1.349;-0.621;3.329;3.740;0.903;0.685;0.432;0.120;0.043;0.636;362;4;32.012;174.836
2026.04.09 10:51:00;2026.04.09 15:34:41;BUY;1.30;4745.425;4727.288;4791.780;2.224;46.335;10.564;283.7;96.7;11.578;7.060;46.357;283.7;5074.00;tp;3;0.948;0.017;3.427;0.539;5.615;1.497;0.264;0.166;0.230;0.230;0.338;1.799;1071;4;19.926;179.536
2026.04.09 15:36:00;2026.04.09 16:00:00;BUY;0.85;4793.974;4763.367;4874.920;3.847;4.065;9.879;1.3;14.3;4.065;9.879;-1.172;24.0;-102.00;ea;1;2.789;0.336;5.172;0.612;2.928;3.624;0.544;0.437;0.279;0.279;0.552;2.313;1356;4;21.626;179.536
2026.04.09 23:00:00;2026.04.10 02:21:20;BUY;1.36;4764.348;4745.231;4813.396;2.351;12.829;19.108;157.7;201.3;0.000;7.322;-19.157;201.3;-2736.00;sl;1;0.955;0.235;3.449;0.740;4.232;2.219;0.575;0.272;1.623;0.257;0.100;-1.538;360;5;21.967;179.536
2026.04.10 02:41:00;2026.04.10 16:00:00;BUY;1.02;4749.303;4725.127;4811.831;2.990;45.878;18.723;710.7;372.2;19.348;1.994;12.976;799.0;2399.00;ea;2;0.197;0.160;2.724;0.774;2.425;-0.670;0.217;-0.079;0.033;0.033;0.029;-0.581;581;5;21.429;181.289
2026.04.12 23:00:00;2026.04.13 16:00:00;BUY;0.67;4659.132;4620.802;4758.730;4.756;85.653;14.723;890.3;21.7;12.750;14.723;55.156;1020.0;4607.00;ea;3;-3.335;-0.256;-1.641;0.305;5.228;-0.427;0.227;-0.061;1.570;0.033;0.150;-3.982;360;1;26.026;180.959
2026.04.13 23:22:00;2026.04.14 00:41:21;SELL;1.84;4758.128;4773.709;4718.203;1.914;6.399;15.569;38.7;79.3;6.399;7.058;-15.605;79.3;-2929.00;sl;1;-1.062;-0.123;-2.445;-0.254;5.582;-4.243;0.588;-0.503;0.397;0.397;0.308;-1.630;382;2;20.449;172.405
2026.04.14 01:08:00;2026.04.14 10:39:38;BUY;1.22;4775.941;4754.112;4830.951;2.650;20.508;21.786;360.3;571.6;1.064;14.251;-21.839;571.6;-2718.00;sl;1;1.804;0.237;3.198;0.324;-0.489;0.895;0.153;0.115;1.180;0.199;0.291;1.629;488;2;20.384;159.255
2026.04.14 10:51:00;2026.04.14 16:00:00;BUY;1.10;4770.410;4747.434;4829.491;2.830;47.656;8.298;224.2;123.2;12.635;3.716;37.846;309.0;4317.00;ea;2;1.265;0.392;3.362;0.650;-0.270;0.776;0.283;0.080;1.805;0.585;-0.315;-0.291;1071;2;16.390;159.255
2026.04.14 23:07:00;2026.04.15 02:32:15;BUY;1.74;4843.001;4827.147;4883.537;1.944;28.421;15.853;131.2;92.2;1.052;10.467;-15.865;205.2;-2917.00;sl;1;3.337;0.703;5.718;0.912;-3.853;4.268;0.623;0.536;0.350;0.350;0.381;0.300;367;3;19.988;159.255
2026.04.15 02:56:00;2026.04.15 16:00:00;SELL;1.12;4822.192;4845.663;4761.802;2.892;35.863;8.776;411.7;681.2;5.193;7.726;20.283;784.0;2272.00;ea;1;-2.001;-0.590;-4.564;-0.967;3.585;0.748;0.335;0.098;1.125;0.111;0.330;0.600;596;3;19.731;151.278
2026.04.15 23:14:00;2026.04.16 13:52:39;BUY;1.97;4811.726;4797.923;4847.191;1.699;26.650;13.777;352.7;878.6;19.548;0.560;-13.833;878.6;-552.00;sl;2;0.874;0.064;3.788;0.772;2.233;-1.447;0.564;-0.167;2.195;0.475;0.231;1.068;374;4;17.435;151.278
2026.04.16 14:06:00;2026.04.16 16:00:00;SELL;1.02;4788.428;4814.990;4719.950;3.277;15.297;24.784;34.7;64.7;15.297;17.081;-18.530;114.0;-1928.00;ea;1;1.094;-0.022;-2.070;-0.840;0.152;2.227;0.356;0.230;2.461;0.540;1.153;1.582;1266;4;15.613;151.208
2026.04.16 23:02:00;2026.04.17 05:00:38;SELL;2.37;4793.713;4804.963;4766.266;1.334;25.914;11.213;148.3;358.6;5.738;4.416;-11.266;358.6;2376.00;sl;3;0.528;0.133;-2.103;-0.646;0.473;1.822;0.433;0.195;2.700;0.229;0.101;-0.134;362;5;16.190;151.208
2026.04.17 05:01:00;2026.04.17 05:57:25;BUY;2.78;4804.249;4794.469;4829.196;1.197;2.129;9.753;13.2;56.4;2.129;9.753;-9.792;56.4;-2777.00;sl;1;0.231;-0.079;2.701;0.506;2.214;0.823;0.283;0.095;2.968;0.373;0.346;0.827;721;5;15.417;133.758
2026.04.17 05:59:00;2026.04.17 11:48:29;SELL;1.91;4795.447;4809.235;4760.320;1.687;16.546;13.762;111.2;349.5;16.060;0.256;-13.806;349.5;-2690.00;sl;1;0.318;0.100;-2.152;-0.485;1.466;-0.252;0.291;-0.029;2.948;0.353;0.067;-0.404;779;5;15.417;133.758
2026.04.17 11:56:00;2026.04.17 12:25:39;SELL;1.55;4800.772;4816.862;4759.765;1.969;2.957;16.065;5.7;29.6;2.957;16.065;-16.091;29.6;-2544.00;sl;1;-0.187;0.106;-2.818;-0.492;2.104;-0.694;0.330;-0.069;0.058;0.058;-0.500;-1.283;1136;5;13.273;133.758
2026.04.17 12:37:00;2026.04.17 13:10:30;BUY;1.23;4820.558;4801.785;4870.424;2.367;49.861;1.847;33.5;2.0;49.861;1.847;49.936;33.5;5168.00;tp;3;1.455;-0.001;3.730;0.492;1.208;1.966;0.418;0.217;1.996;0.640;0.974;2.326;1177;5;14.751;133.758
2026.04.17 13:22:00;2026.04.17 16:00:00;SELL;0.67;4855.539;4893.967;4756.221;4.750;7.107;30.343;8.7;39.7;7.107;30.343;-12.293;158.0;-840.00;ea;1;-2.993;-0.187;-4.982;-0.486;4.648;-3.597;0.915;-0.478;0.311;0.311;0.048;-3.292;1222;5;17.788;133.758
2026.04.19 23:17:00;2026.04.20 01:30:39;SELL;0.78;4771.756;4804.386;4687.629;4.026;34.660;32.587;29.7;133.7;34.660;4.451;-32.631;133.7;-2596.00;sl;1;1.642;-0.033;0.056;-0.446;0.166;0.112;0.195;0.022;0.854;0.069;0.269;3.492;377;1;25.485;127.579
2026.04.20 02:00:00;2026.04.20 16:00:00;SELL;0.96;4807.813;4833.131;4742.882;3.112;28.089;20.138;224.7;750.7;14.513;1.565;7.617;840.0;731.00;ea;1;0.106;0.184;-1.095;-0.343;2.296;-1.695;0.557;-0.421;0.252;0.252;0.036;0.787;540;1;30.952;124.722
2026.04.20 23:09:00;2026.04.21 05:52:40;SELL;1.58;4824.381;4840.063;4783.990;1.934;40.374;6.510;403.6;65.2;4.301;4.037;40.422;403.7;5382.00;tp;3;-0.969;-0.161;-2.745;-0.388;5.373;-4.232;0.707;-0.554;1.495;0.269;0.193;-0.688;369;2;16.314;124.722
2026.04.21 06:11:00;2026.04.21 12:30:39;BUY;1.49;4788.423;4770.273;4834.830;2.226;9.703;18.038;337.7;379.6;2.245;15.776;-18.174;379.6;-2762.00;sl;1;-1.425;-0.239;0.638;0.415;3.598;-2.670;0.461;-0.278;0.931;0.127;0.234;-1.555;791;2;12.432;119.447
2026.04.21 12:31:00;2026.04.21 14:47:40;SELL;1.38;4776.184;4795.099;4727.493;2.331;48.677;18.450;136.7;76.2;15.655;14.609;48.692;136.7;5671.00;tp;3;1.778;0.241;0.323;-0.212;2.184;3.183;0.535;0.380;1.835;0.433;1.004;0.703;1171;2;14.272;119.447
2026.04.21 14:58:00;2026.04.21 16:00:00;BUY;0.80;4737.332;4701.876;4829.178;4.390;20.216;9.522;22.7;7.7;20.216;9.522;4.127;62.0;330.00;ea;1;-3.558;-0.303;-2.447;0.087;5.593;-4.920;0.898;-0.706;0.739;0.156;-0.946;-3.017;1318;2;17.131;119.447
2026.04.21 23:02:00;2026.04.22 03:29:37;BUY;1.83;4721.699;4705.987;4762.993;1.966;41.264;2.181;267.6;0.7;21.550;2.181;41.312;267.6;6256.00;tp;3;-1.818;-0.490;-1.757;-0.232;3.791;-3.398;1.360;-0.837;0.963;0.282;0.130;0.295;362;3;29.402;119.447
2026.04.22 03:38:00;2026.04.22 05:21:41;SELL;2.60;4759.001;4771.534;4727.207;1.529;6.682;12.526;86.2;103.7;4.389;2.085;-12.561;103.7;-3331.00;sl;1;0.451;0.173;0.491;0.238;3.091;-0.710;0.247;-0.176;0.306;0.306;0.020;-0.982;638;3;29.400;118.552
2026.04.22 05:39:00;2026.04.22 08:30:03;BUY;2.18;4767.847;4754.038;4802.226;1.662;4.530;13.786;89.7;171.0;4.349;9.112;-13.810;171.1;-3071.00;sl;1;-0.135;-0.114;-0.203;-0.298;2.394;1.136;0.301;0.251;1.228;0.082;-0.031;0.631;759;3;26.182;118.552
2026.04.22 08:37:00;2026.04.22 16:00:00;SELL;2.17;4752.495;4765.943;4718.209;1.646;27.349;10.282;435.7;65.3;0.457;9.767;24.379;443.0;5293.00;ea;2;0.877;0.107;0.977;0.365;4.205;-0.717;0.308;-0.121;0.124;0.124;0.182;0.135;937;3;20.059;118.552
2026.04.22 23:00:00;2026.04.23 00:15:40;SELL;2.81;4726.131;4737.559;4696.918;1.401;29.201;3.975;75.7;20.6;2.491;3.975;29.218;75.7;6911.00;tp;3;2.051;0.334;2.754;0.399;3.869;0.799;0.410;0.101;1.743;0.409;0.361;0.789;360;4;14.988;118.552
2026.04.23 00:26:00;2026.04.23 02:08:39;BUY;1.67;4734.364;4713.586;4787.681;2.555;19.457;20.722;26.2;102.7;19.457;5.838;-20.783;102.7;-3540.00;sl;1;-1.476;-0.342;-2.165;-0.458;2.587;0.431;0.356;0.054;1.064;0.384;1.563;-0.513;446;4;14.692;117.502
2026.04.23 02:23:00;2026.04.23 05:30:42;BUY;1.33;4717.986;4693.319;4781.978;3.057;0.000;24.625;0.0;187.7;0.000;20.107;-24.670;187.7;-3347.00;sl;1;-1.869;-0.294;-2.481;-0.384;2.838;-0.524;0.509;-0.085;1.670;0.105;0.204;-0.984;563;4;19.165;117.502
2026.04.23 05:43:00;2026.04.23 06:01:20;SELL;2.22;4702.205;4716.608;4665.756;1.754;0.662;14.392;0.2;17.7;0.662;14.392;-14.418;18.3;-3265.00;sl;1;2.446;0.493;3.260;0.513;-1.143;1.396;0.525;0.220;0.119;0.119;0.194;1.720;763;4;18.503;117.502
2026.04.23 06:03:00;2026.04.23 09:02:27;BUY;1.84;4716.675;4700.599;4758.716;2.004;8.344;16.056;117.7;179.4;4.526;9.220;-16.107;179.4;-3023.00;sl;1;-1.647;-0.473;-2.548;-0.491;3.058;-0.623;0.525;-0.097;1.830;0.183;0.453;-0.305;783;4;18.215;117.502
2026.04.23 09:24:00;2026.04.23 16:00:00;BUY;1.51;4701.422;4682.773;4748.502;2.267;41.793;17.273;214.7;59.3;1.691;17.273;19.052;396.0;4549.00;ea;3;-2.106;-0.372;-3.069;-0.493;3.670;-1.376;0.525;-0.226;2.513;0.444;0.302;-0.255;984;4;19.333;117.502
2026.04.23 23:01:00;2026.04.24 02:28:39;BUY;2.29;4695.421;4682.158;4729.309;1.626;15.809;13.212;134.7;207.6;5.142;8.878;-13.268;207.7;-3232.00;sl;1;-1.508;-0.332;-2.659;-0.449;3.438;-1.457;0.764;-0.277;0.205;0.205;0.065;-0.618;361;5;22.384;117.502
2026.04.24 02:35:00;2026.04.24 03:10:15;BUY;1.40;4689.114;4668.606;4743.224;2.573;0.190;20.479;0.3;35.2;0.190;20.479;-20.523;35.2;-2931.00;sl;1;-1.618;-0.289;-2.807;-0.480;2.872;-0.273;0.259;-0.054;0.483;0.039;-0.078;-0.269;575;5;22.534;113.876
2026.04.24 03:13:00;2026.04.24 07:46:28;SELL;1.39;4669.800;4689.724;4618.186;2.467;11.939;19.917;78.7;273.5;2.404;8.593;-19.959;273.5;-2830.00;sl;1;2.340;0.336;3.603;0.510;0.255;1.122;0.374;0.224;0.872;0.432;0.293;0.985;613;5;22.706;113.876
2026.04.24 08:20:00;2026.04.24 10:31:41;BUY;1.69;4693.333;4678.035;4732.595;1.881;4.082;15.255;1.2;131.7;4.082;8.072;-15.338;131.7;-2644.00;sl;1;-1.048;-0.324;-2.490;-0.584;2.794;-0.090;0.471;-0.017;0.308;0.308;0.208;1.162;920;5;21.650;113.876
2026.04.24 10:55:00;2026.04.24 11:05:02;SELL;1.68;4677.308;4692.247;4639.134;1.831;0.239;14.931;0.2;10.0;0.239;14.931;-14.978;10.0;-2567.00;sl;1;2.095;0.388;4.054;0.776;0.778;1.051;0.471;0.158;1.597;0.427;0.063;-0.052;1075;5;17.098;113.876
2026.04.24 11:24:00;2026.04.24 16:00:00;BUY;1.05;4707.615;4685.345;4765.378;2.760;32.733;18.141;169.3;128.7;9.796;6.323;19.385;276.0;2035.00;ea;1;-0.315;-0.295;-2.388;-0.718;2.746;0.733;0.471;0.108;2.519;0.142;0.698;1.528;1104;5;16.828;113.876
2026.04.26 23:07:00;2026.04.27 03:43:36;BUY;1.42;4684.052;4666.947;4727.924;2.103;43.835;12.025;276.6;61.7;0.690;9.203;43.914;276.6;5246.00;tp;3;-1.481;-0.115;-3.045;-0.396;2.961;-0.635;0.208;-0.113;0.839;0.313;0.037;-2.043;367;1;19.011;107.139
2026.04.27 04:26:00;2026.04.27 13:01:32;SELL;2.32;4726.252;4738.179;4695.753;1.463;30.498;4.173;515.5;8.2;10.078;4.173;30.547;515.5;5955.00;tp;3;-0.739;-0.022;0.765;0.346;2.757;-2.474;0.564;-0.453;1.408;0.335;0.035;-2.527;686;1;18.642;101.732
2026.04.27 13:12:00;2026.04.27 14:55:21;BUY;1.66;4697.748;4679.704;4743.820;2.211;5.588;18.007;6.2;103.3;5.588;10.082;-18.044;103.3;-3055.00;sl;1;-0.931;-0.128;-2.883;-0.536;0.157;1.293;0.571;0.173;0.165;0.165;-0.110;-0.488;1212;1;13.616;101.732
2026.04.27 15:03:00;2026.04.27 16:00:00;SELL;1.25;4673.195;4696.144;4613.932;2.835;5.966;9.681;2.2;28.3;5.966;9.681;2.791;57.0;349.00;ea;1;2.550;0.298;4.646;0.610;-0.122;0.513;0.604;0.068;1.715;0.236;1.392;2.445;1323;1;13.529;101.732
2026.04.27 23:01:00;2026.04.28 01:55:41;BUY;3.31;4687.876;4679.224;4710.074;1.064;13.569;8.646;68.7;174.7;7.230;0.751;-8.681;174.7;-3119.00;sl;1;-1.162;-0.340;-3.775;-0.783;1.029;0.663;0.621;0.076;1.038;0.182;0.052;0.443;361;2;11.675;101.732
2026.04.28 02:18:00;2026.04.28 05:03:37;BUY;1.68;4679.224;4663.113;4720.469;1.978;0.335;16.098;3.7;165.6;0.335;12.766;-16.189;165.6;-2774.00;sl;1;-1.598;-0.274;-4.074;-0.799;4.082;-1.034;0.379;-0.139;1.666;0.062;0.581;-0.716;558;2;12.474;92.642
2026.04.28 05:21:00;2026.04.28 05:30:40;BUY;2.00;4658.035;4645.232;4690.611;1.565;1.499;12.766;2.2;9.7;1.499;12.766;-12.815;9.7;-2614.00;sl;1;-3.214;-0.538;-5.990;-1.019;6.272;-2.965;0.572;-0.368;3.650;0.171;0.503;-2.774;741;2;11.497;92.642
2026.04.28 05:35:00;2026.04.28 10:58:35;SELL;1.58;4644.526;4660.196;4604.621;1.916;39.891;0.414;323.6;0.3;21.074;0.414;39.933;323.6;5315.00;tp;3;4.344;0.583;7.120;1.064;-1.950;4.140;0.635;0.514;3.873;0.394;1.150;3.590;755;2;11.497;92.642
2026.04.28 11:09:00;2026.04.28 12:01:42;SELL;1.48;4602.824;4621.356;4554.986;2.289;47.823;1.735;52.7;15.2;47.823;1.735;47.849;52.7;5960.00;tp;3;4.666;0.877;7.398;0.927;-4.011;5.585;1.087;0.964;0.177;0.177;0.431;1.945;1089;2;15.988;92.642
2026.04.28 12:12:00;2026.04.28 16:00:00;BUY;1.02;4575.554;4546.238;4651.226;3.620;24.598;18.392;45.3;160.3;24.598;4.771;10.877;228.0;1110.00;ea;1;-4.938;-0.885;-7.089;-1.020;7.923;-5.974;1.585;-1.258;1.253;0.228;0.745;-2.236;1152;2;19.511;92.642
2026.04.28 23:06:00;2026.04.29 00:00:38;SELL;3.68;4591.470;4600.053;4569.102;1.067;3.334;8.543;33.6;54.6;3.334;8.543;-8.610;54.6;-3232.00;sl;1;2.645;0.554;5.551;1.208;-3.690;4.921;1.585;1.086;2.027;0.072;0.090;0.111;366;3;20.455;92.642
2026.04.29 00:21:00;2026.04.29 07:26:42;SELL;2.41;4601.447;4613.721;4570.036;1.506;31.357;6.593;425.7;282.7;25.374;3.726;31.418;425.7;6369.00;tp;3;2.175;0.535;5.095;1.269;2.393;-0.286;0.158;-0.058;0.074;0.074;0.194;-0.326;441;3;19.563;97.089
2026.04.29 07:43:00;2026.04.29 13:40:38;SELL;1.70;4570.740;4589.851;4520.645;2.386;50.073;10.507;357.6;97.3;13.371;2.997;50.120;357.6;7183.00;tp;3;4.499;0.697;9.416;1.789;1.212;1.891;0.417;0.259;1.562;0.056;0.285;1.690;883;3;13.278;97.089
2026.04.29 13:55:00;2026.04.29 16:00:00;BUY;1.20;4521.039;4491.474;4597.412;3.653;37.732;3.335;110.7;13.7;21.740;3.335;26.776;125.0;3213.00;ea;1;-5.054;-0.773;-8.854;-1.409;9.817;-4.071;1.031;-0.771;1.576;0.488;0.115;-1.944;1255;3;18.377;97.089
2026.04.29 23:02:00;2026.04.30 04:35:15;BUY;3.10;4552.894;4540.875;4583.468;1.469;29.678;12.015;172.7;333.2;15.689;3.482;-12.027;333.2;2986.00;sl;3;-1.806;-0.458;-5.411;-1.177;6.613;-1.912;1.031;-0.442;2.097;0.316;0.108;0.256;362;4;22.462;97.089
2026.04.30 04:59:00;2026.04.30 05:24:27;SELL;2.66;4542.823;4557.695;4505.078;1.814;0.646;14.858;1.2;25.4;0.646;14.858;-14.908;25.4;-4045.00;sl;1;2.197;0.282;5.946;1.228;1.591;0.914;0.431;0.194;2.081;0.137;0.079;1.305;719;4;20.574;96.784
2026.04.30 05:33:00;2026.04.30 07:56:39;BUY;2.36;4561.148;4545.591;4601.253;1.919;40.029;1.037;143.7;30.2;17.347;1.037;40.134;143.7;7973.00;tp;3;-1.383;-0.319;-5.616;-1.317;2.631;-0.026;0.431;-0.005;2.084;0.475;0.414;-0.921;753;4;18.645;96.784
2026.04.30 08:05:00;2026.04.30 16:00:00;BUY;1.81;4627.028;4604.492;4684.047;2.743;20.014;17.936;145.3;355.3;2.709;14.979;-11.585;475.0;-2139.00;ea;1;1.956;-0.041;-1.994;-0.983;-0.867;3.370;0.902;0.676;1.184;0.153;1.545;3.743;905;4;19.409;96.784
2026.04.30 23:04:00;2026.05.01 06:19:15;SELL;3.36;4628.962;4641.047;4598.468;1.468;30.479;7.416;435.2;193.7;5.432;5.345;30.544;435.2;8626.00;tp;3;-1.479;-0.266;1.832;0.543;6.855;-3.883;1.097;-0.696;1.670;0.517;0.151;-0.382;364;5;17.342;96.784
2026.05.01 06:28:00;2026.05.01 13:41:15;SELL;3.09;4594.693;4609.211;4557.831;1.772;34.647;14.503;210.2;433.2;9.296;3.433;-14.523;433.2;4252.00;sl;3;0.860;-0.084;4.899;0.717;4.251;2.505;0.470;0.350;3.527;0.370;0.591;2.671;808;5;12.671;90.638
2026.05.01 13:54:00;2026.05.01 16:00:00;BUY;1.89;4615.118;4590.755;4678.266;3.018;45.167;1.183;21.3;0.3;45.167;1.183;27.853;126.0;6347.00;ea;2;0.940;-0.212;-2.215;-0.634;1.938;-0.687;0.842;-0.125;2.118;0.296;0.761;3.280;1254;5;16.469;90.638
2026.05.03 23:11:00;2026.05.04 10:02:31;SELL;2.74;4615.058;4633.347;4567.859;2.258;47.178;3.846;651.5;169.7;10.406;3.706;47.201;651.5;10886.00;tp;3;-0.362;-0.093;1.555;0.371;2.593;0.519;0.193;0.126;0.706;0.237;0.242;0.407;371;1;21.322;87.772
2026.05.04 10:35:00;2026.05.04 15:20:43;BUY;2.08;4557.887;4531.580;4625.721;3.246;25.489;26.290;245.7;285.7;13.020;2.278;-26.316;285.7;-5583.00;sl;1;-2.748;-0.369;-5.206;-0.643;4.491;-3.520;1.113;-0.671;2.644;0.133;1.251;-2.017;1055;1;15.927;83.527
2026.05.04 15:49:00;2026.05.04 16:00:00;SELL;1.37;4527.006;4565.097;4427.830;4.733;14.684;3.722;2.7;6.3;14.684;3.722;5.352;11.0;733.00;ea;1;3.184;0.401;5.242;0.629;-4.029;4.165;1.252;1.041;1.294;0.336;0.382;1.383;1369;1;20.877;83.527
2026.05.04 23:03:00;2026.05.05 02:43:30;BUY;4.93;4518.125;4507.514;4545.028;1.294;26.894;4.696;220.5;84.7;5.577;1.093;26.941;220.5;10878.00;tp;3;-2.525;-0.555;-4.850;-0.878;4.952;-4.264;1.413;-1.147;1.418;0.083;-0.020;-0.187;363;2;22.473;83.527
2026.05.05 02:49:00;2026.05.05 03:58:14;BUY;4.12;4546.457;4532.436;4581.485;1.691;0.390;14.020;0.3;69.2;0.390;10.865;-14.060;69.2;-5909.00;sl;1;-1.208;-0.434;-3.835;-1.000;3.570;1.353;0.386;0.317;0.175;0.175;0.255;1.401;589;2;20.218;86.199
2026.05.05 04:21:00;2026.05.05 05:07:23;SELL;5.62;4530.432;4540.471;4503.867;1.262;2.188;10.002;9.3;46.4;2.188;10.002;-10.040;46.4;-5755.00;sl;1;1.960;0.382;4.709;1.107;1.571;-0.596;0.388;-0.131;1.602;0.023;0.183;-0.562;681;2;18.996;86.199
2026.05.05 05:17:00;2026.05.05 05:42:38;SELL;4.30;4539.340;4551.685;4507.953;1.508;3.419;12.332;1.7;25.6;3.419;12.332;-12.389;25.6;-5434.00;sl;1;1.503;0.356;4.448;1.137;2.131;-1.112;0.388;-0.235;2.163;0.514;-0.194;-0.058;737;2;18.188;86.199
2026.05.05 06:04:00;2026.05.05 16:00:00;BUY;3.08;4546.691;4530.708;4587.938;1.973;39.983;12.835;505.3;20.7;7.169;12.835;21.908;596.0;8683.00;ea;3;-1.108;-0.329;-4.210;-1.164;4.103;1.573;0.450;0.320;0.189;0.189;-0.034;0.420;784;2;17.533;86.199
2026.05.05 23:01:00;2026.05.06 00:41:36;BUY;3.73;4572.961;4558.604;4610.694;1.796;37.685;3.501;100.6;2.7;23.241;3.501;37.743;100.6;11646.00;tp;3;0.511;-0.011;-2.451;-0.704;2.849;3.360;0.850;0.625;1.687;0.439;1.549;0.824;361;3;16.029;86.199
2026.05.06 00:59:00;2026.05.06 06:00:57;BUY;3.32;4618.290;4600.417;4664.467;2.209;46.173;8.968;301.9;14.2;10.346;8.968;46.189;301.9;12911.00;tp;3;3.000;0.169;0.297;-0.427;-1.331;1.455;0.356;0.278;1.879;0.101;0.485;3.893;479;3;16.880;88.261
2026.05.06 06:27:00;2026.05.06 10:41:01;BUY;3.67;4666.596;4648.687;4712.558;2.202;45.908;9.108;254.0;48.6;3.771;9.108;45.985;254.0;14185.00;tp;3;4.884;0.902;3.010;-0.113;-4.238;4.363;0.889;0.826;2.000;0.204;0.248;2.048;807;3;16.701;88.261
2026.05.06 11:04:00;2026.05.06 16:00:00;SELL;3.18;4712.325;4735.532;4652.419;2.866;52.009;9.245;75.3;5.7;31.237;9.245;24.173;296.0;12242.00;ea;3;-5.098;-1.032;-4.418;-0.212;9.587;-5.716;1.527;-1.344;0.594;0.112;-0.090;-2.144;1084;3;20.747;88.261
2026.05.06 23:14:00;2026.05.07 01:11:28;SELL;6.52;4694.255;4706.656;4662.716;1.515;8.798;12.384;107.2;117.5;4.241;6.891;-12.406;117.5;-8250.00;sl;1;-2.803;-0.595;-3.197;-0.661;8.723;-4.849;1.527;-1.139;2.135;0.205;0.038;-0.378;374;4;20.729;88.261
2026.05.07 01:27:00;2026.05.07 06:31:41;SELL;3.48;4704.757;4726.541;4648.369;2.696;12.314;21.773;188.7;304.7;2.614;16.833;-21.830;304.7;-7749.00;sl;1;-3.374;-0.642;-3.893;-0.754;6.161;-0.304;0.348;-0.064;0.252;0.252;0.262;-0.537;507;4;18.902;89.930
2026.05.07 06:55:00;2026.05.07 13:34:13;SELL;3.38;4736.727;4758.037;4681.699;2.632;14.903;21.298;128.7;399.1;5.060;14.282;-21.318;399.2;-7350.00;sl;1;-5.808;-0.851;-7.097;-1.064;10.365;-2.634;0.724;-0.419;2.565;0.470;0.718;-2.103;835;4;14.319;89.930
2026.05.07 13:49:00;2026.05.07 16:00:00;SELL;2.56;4743.628;4770.182;4675.149;3.277;17.282;21.491;129.7;71.3;6.138;16.116;14.325;131.0;3667.00;ea;1;-3.570;-0.755;-5.176;-0.950;8.041;-2.310;0.811;-0.496;2.259;0.188;0.631;-0.405;1249;4;19.316;89.930
2026.05.07 23:04:00;2026.05.08 16:00:00;BUY;2.68;4689.425;4663.656;4756.339;3.196;60.207;2.724;896.3;2.2;17.177;2.724;17.626;1016.0;10504.00;ea;3;0.196;0.095;1.836;0.703;1.461;-0.416;0.924;-0.107;0.459;0.025;0.236;-0.906;364;5;23.033;89.930
2026.05.10 23:11:00;2026.05.11 13:06:31;SELL;3.49;4692.135;4713.799;4636.297;2.672;43.814;21.662;405.2;835.5;9.709;6.708;-21.703;835.5;-540.00;sl;2;0.590;-0.058;-1.510;-0.552;-0.091;-0.008;0.208;-0.002;2.209;0.112;0.064;1.773;371;1;19.077;87.645
2026.05.11 13:39:00;2026.05.11 16:00:00;BUY;2.43;4739.016;4708.575;4818.140;3.778;9.612;24.023;7.3;53.7;9.612;24.023;-6.738;141.0;-1670.00;ea;1;2.223;-0.054;3.480;0.254;-1.965;2.302;1.079;0.555;0.534;0.048;0.367;3.872;1239;1;20.582;85.354
2026.05.11 23:09:00;2026.05.12 01:26:13;BUY;5.35;4753.767;4740.061;4788.792;1.680;19.903;13.690;69.2;137.2;16.256;7.822;-13.712;137.2;-7787.00;sl;1;2.521;0.401;4.214;0.473;-2.880;3.241;1.255;0.728;2.412;0.325;0.047;1.493;369;2;19.167;85.354
2026.05.12 01:37:00;2026.05.12 15:18:29;SELL;2.62;4730.308;4757.114;4661.192;3.308;69.098;3.797;821.5;34.7;9.981;3.797;69.124;821.5;15239.00;tp;3;-1.073;-0.414;-2.692;-0.578;4.062;1.823;0.516;0.433;1.496;0.015;0.672;0.382;517;2;20.255;85.336
2026.05.12 15:35:00;2026.05.12 16:00:00;BUY;2.46;4663.101;4631.820;4745.044;3.904;7.000;3.871;21.7;0.7;7.000;3.871;2.849;25.0;701.00;ea;1;-2.036;-0.213;-0.694;0.363;5.351;-5.211;1.590;-1.220;1.847;0.345;0.197;-1.969;1355;2;19.981;85.336
2026.05.12 23:08:00;2026.05.13 01:17:37;BUY;5.51;4720.443;4706.404;4756.129;1.715;6.620;14.029;57.3;129.6;6.620;5.550;-14.085;129.6;-8235.00;sl;1;0.871;0.109;2.102;0.253;2.592;-2.446;1.590;-0.548;1.545;0.500;-0.056;2.128;368;3;19.128;85.336
2026.05.13 01:30:00;2026.05.13 16:00:00;SELL;3.65;4704.523;4724.876;4651.466;2.531;34.868;10.967;739.2;288.7;6.236;6.524;8.845;870.0;3228.00;ea;1;-0.022;-0.108;-1.221;-0.245;3.463;0.647;0.273;0.139;0.235;0.235;0.188;0.451;510;3;19.212;89.188
2026.05.13 23:11:00;2026.05.14 00:03:30;BUY;7.55;4701.896;4691.976;4726.009;1.174;0.399;9.896;2.2;52.5;0.399;9.896;-9.970;52.5;-8989.00;sl;1;0.247;-0.068;1.144;0.185;4.504;-0.945;0.647;-0.169;3.019;0.509;0.142;0.714;371;4;15.935;89.188
2026.05.14 00:13:00;2026.05.14 01:13:38;BUY;6.15;4697.409;4685.964;4726.445;1.396;9.590;11.442;47.3;60.6;9.590;11.067;-11.485;60.6;-7204.00;sl;1;-0.021;-0.047;0.844;0.152;1.867;0.066;0.113;0.012;0.163;0.163;0.038;0.722;433;4;15.887;87.665
2026.05.14 01:40:00;2026.05.14 04:36:39;SELL;2.88;4688.953;4712.386;4629.335;2.864;20.688;23.407;140.7;176.7;5.344;11.044;-23.451;176.7;-6889.00;sl;1;0.547;0.023;-0.330;-0.131;1.225;0.463;0.262;0.085;2.437;0.560;0.226;0.127;520;4;15.985;87.665
2026.05.14 05:03:00;2026.05.14 16:00:00;SELL;3.41;4701.046;4719.919;4652.634;2.320;34.279;18.133;519.7;153.7;13.353;3.436;15.123;657.0;5157.00;ea;1;-0.239;0.071;-0.965;-0.091;1.776;-0.263;0.512;-0.053;0.059;0.059;0.255;-0.242;723;4;17.837;87.665
2026.05.14 23:10:00;2026.05.15 00:25:38;SELL;5.85;4661.203;4672.764;4631.882;1.410;29.296;4.423;75.6;20.2;18.913;4.423;29.324;75.6;14414.00;tp;3;1.561;0.361;1.231;0.066;-0.483;2.080;0.852;0.401;0.663;0.071;0.049;0.752;370;5;16.903;87.665
2026.05.15 00:48:00;2026.05.15 05:07:27;BUY;2.58;4626.498;4598.169;4699.586;3.497;4.945;28.306;15.3;259.4;4.945;19.062;-28.333;259.4;-7456.00;sl;1;-3.393;-0.464;-3.081;-0.235;5.373;-1.507;0.538;-0.311;1.366;0.204;0.202;-1.689;468;5;17.199;83.280
2026.05.15 05:21:00;2026.05.15 13:37:38;SELL;3.55;4582.145;4601.968;4530.847;2.452;51.291;8.261;496.6;8.7;25.682;8.261;51.335;496.6;15325.00;tp;3;4.897;0.787;5.146;0.480;-3.430;3.884;0.931;0.844;1.776;0.119;0.948;2.083;741;5;18.095;83.280
2026.05.15 13:55:00;2026.05.15 16:00:00;BUY;2.28;4534.678;4500.918;4622.509;4.193;31.891;9.242;62.7;7.3;28.289;9.242;5.098;125.0;1162.00;ea;1;-4.143;-0.795;-5.206;-0.728;7.378;-4.715;1.765;-1.414;0.614;0.213;0.180;-0.332;1255;5;24.970;83.280
2026.05.17 23:07:00;2026.05.18 00:44:39;SELL;3.45;4541.927;4564.712;4481.919;2.855;59.995;4.080;97.7;3.7;14.029;4.080;60.046;97.7;17431.00;tp;3;2.910;0.603;4.598;1.001;1.295;-0.150;0.190;-0.040;1.767;0.081;0.350;0.722;367;1;23.734;88.180
2026.05.18 01:00:00;2026.05.18 16:00:00;BUY;2.18;4516.064;4476.584;4618.465;4.892;68.295;26.814;775.3;3.3;19.596;26.814;27.688;900.0;6036.00;ea;1;-3.434;-0.636;-5.086;-0.959;1.522;-0.821;0.733;-0.247;1.333;0.155;1.216;-1.228;480;1;25.464;84.840
2026.05.18 23:13:00;2026.05.19 00:28:37;BUY;7.52;4582.304;4570.418;4612.910;1.465;7.083;11.883;47.7;75.5;7.083;5.599;-11.943;75.6;-9596.00;sl;1;0.353;-0.120;-2.360;-0.801;-1.352;2.230;1.227;0.534;0.871;0.379;0.450;1.808;373;2;20.326;84.840
2026.05.19 00:36:00;2026.05.19 13:04:39;SELL;4.31;4574.466;4594.348;4524.031;2.425;50.432;0.570;748.6;0.2;20.285;0.570;50.484;748.6;18280.00;tp;3;0.031;0.041;2.632;0.713;4.622;0.367;0.241;0.087;1.201;0.219;0.485;-0.886;456;2;20.376;86.138
2026.05.19 13:20:00;2026.05.19 16:00:00;SELL;3.82;4517.307;4542.111;4452.988;3.073;52.525;2.731;11.7;0.3;52.525;2.731;8.427;160.0;13525.00;ea;3;2.520;0.347;5.677;0.903;2.120;3.700;0.868;0.750;0.991;0.418;0.376;1.368;1220;2;17.469;86.138
2026.05.19 23:05:00;2026.05.20 01:30:38;BUY;7.83;4483.629;4470.798;4515.994;1.558;25.406;12.824;102.2;145.6;12.558;1.910;-12.851;145.6;-1276.00;sl;2;-2.738;-0.590;-5.934;-1.020;5.113;-4.770;1.450;-1.141;0.794;0.309;0.103;-0.828;365;3;20.609;86.138
2026.05.20 01:51:00;2026.05.20 16:00:00;BUY;3.05;4483.098;4450.430;4566.879;4.015;69.982;29.685;806.3;77.3;3.941;23.613;46.153;849.0;17629.00;ea;3;-2.493;-0.501;-5.513;-1.067;4.957;-0.294;0.581;-0.069;0.788;0.322;1.059;-0.005;531;3;21.443;91.130
2026.05.20 23:07:00;2026.05.21 03:53:30;BUY;8.88;4541.722;4529.488;4573.681;1.524;29.238;12.197;154.7;286.5;7.247;6.973;-12.261;286.5;9205.00;sl;3;1.051;0.245;-2.399;-0.790;2.583;2.835;1.094;0.574;0.449;0.449;0.152;0.577;367;4;18.451;91.130
2026.05.21 04:06:00;2026.05.21 07:15:34;BUY;7.24;4533.596;4517.950;4573.084;1.901;7.036;15.603;24.2;189.6;7.036;2.790;-15.656;189.6;-11562.00;sl;1;0.375;0.147;-2.281;-0.475;0.920;-0.604;0.472;-0.138;0.774;0.302;0.153;-0.377;666;4;21.182;92.954
2026.05.21 07:16:00;2026.05.21 09:13:27;SELL;5.49;4518.925;4538.771;4467.615;2.454;7.043;19.839;13.7;117.3;7.043;17.175;-19.881;117.5;-11133.00;sl;1;0.401;-0.016;3.819;0.650;4.008;1.680;0.577;0.295;1.158;0.546;0.305;1.031;856;4;16.346;92.954
2026.05.21 09:27:00;2026.05.21 16:00:00;SELL;5.41;4535.954;4555.072;4486.863;2.352;47.279;7.356;252.3;3.7;22.914;7.356;23.629;393.0;17719.00;ea;3;-0.571;-0.020;2.550;0.579;4.822;0.609;0.639;0.112;2.100;0.348;0.097;-0.590;987;4;17.118;92.954
2026.05.21 23:22:00;2026.05.22 05:56:37;SELL;12.30;4540.371;4549.658;4517.001;1.126;23.368;1.072;394.6;7.6;9.990;1.072;23.400;394.6;24158.00;tp;3;-0.701;-0.155;1.697;0.536;4.460;0.309;0.888;0.065;2.071;0.019;0.152;0.470;382;5;19.497;92.954
2026.05.22 06:25:00;2026.05.22 14:01:15;BUY;6.53;4523.071;4504.249;4570.613;2.288;13.794;18.778;228.2;456.2;5.981;1.850;-18.829;456.2;-12541.00;sl;1;-0.167;-0.044;-2.855;-0.559;2.937;-0.765;0.376;-0.139;1.652;0.425;0.030;-0.096;805;5;16.305;89.742
2026.05.22 14:02:00;2026.05.22 16:00:00;SELL;5.12;4507.407;4530.459;4448.187;2.837;15.575;15.229;22.3;89.3;15.575;4.082;-13.043;118.0;-6812.00;ea;1;0.985;0.098;3.390;0.556;1.113;1.648;0.412;0.314;0.434;0.434;0.558;1.359;1262;5;17.077;89.742
2026.05.24 23:01:00;2026.05.25 16:00:00;BUY;5.56;4567.528;4547.180;4619.652;2.499;12.474;17.194;41.2;424.7;12.474;1.767;3.487;1019.0;1939.00;ea;1;2.122;0.097;0.298;-0.401;-1.333;1.110;0.290;0.254;1.629;0.124;0.339;2.385;361;1;19.931;87.207
2026.05.25 23:10:00;2026.05.25 23:31:21;BUY;11.95;4576.376;4566.816;4600.456;1.160;3.974;9.537;8.7;21.3;3.974;9.537;-9.590;21.4;-11689.00;sl;1;2.563;0.479;1.238;0.153;0.340;0.865;0.352;0.110;2.213;0.340;0.096;0.701;370;2;10.674;83.730
2026.05.26 00:21:00;2026.05.26 16:00:00;SELL;6.11;4544.848;4562.847;4498.850;2.207;43.941;8.485;730.3;13.7;5.152;8.485;37.895;939.0;21967.00;ea;3;0.294;-0.275;1.470;-0.016;-0.475;1.282;0.240;0.185;3.882;0.420;0.443;2.441;441;2;11.553;80.204
2026.05.26 23:13:00;2026.05.26 23:44:40;SELL;6.94;4509.429;4526.891;4464.606;2.148;4.795;17.453;11.2;31.7;4.795;17.453;-17.510;31.7;-12395.00;sl;1;1.157;0.284;2.528;0.506;-2.373;2.913;0.972;0.626;0.547;0.547;0.151;-1.200;373;3;17.241;80.204
2026.05.26 23:59:00;2026.05.27 06:31:40;SELL;7.38;4518.969;4534.578;4480.297;1.872;38.669;7.037;392.7;2.7;4.868;7.037;38.696;392.7;23968.00;tp;3;0.625;0.262;1.996;0.485;-1.819;2.360;0.972;0.507;1.100;0.520;0.448;-1.157;419;3;17.241;80.204
2026.05.27 06:32:00;2026.05.27 11:57:38;SELL;6.12;4482.706;4503.436;4430.127;2.528;52.551;16.192;325.6;142.7;2.453;7.846;52.597;325.6;27033.00;tp;3;2.628;0.356;4.300;0.665;0.034;2.416;0.552;0.445;2.137;0.177;0.675;1.423;812;3;15.307;83.188
2026.05.27 12:15:00;2026.05.27 12:21:41;SELL;5.27;4430.290;4456.848;4361.984;3.271;2.713;26.552;1.7;6.7;2.713;26.552;-26.585;6.7;-14291.00;sl;1;4.082;0.601;5.603;0.794;-2.667;4.594;1.214;1.075;1.556;0.015;-0.001;2.873;1155;3;19.462;83.188
2026.05.27 12:48:00;2026.05.27 16:00:00;SELL;4.19;4445.311;4476.911;4363.241;3.920;43.831;10.486;40.7;93.7;43.831;1.921;8.663;192.0;3630.00;ea;1;3.341;0.571;4.862;0.763;-1.895;3.822;1.214;0.894;2.328;0.273;0.301;2.538;1188;3;19.462;83.188
2026.05.27 23:09:00;2026.05.28 01:27:03;SELL;10.38;4451.905;4465.030;4418.680;1.598;33.212;7.243;138.0;111.3;7.972;3.330;33.230;138.1;28993.00;tp;3;1.798;0.375;3.863;0.880;-1.447;3.238;1.497;0.815;0.091;0.091;0.237;-0.145;369;4;20.936;83.188
2026.05.28 01:43:00;2026.05.28 14:09:42;SELL;6.51;4419.164;4442.134;4360.089;2.829;52.638;22.956;157.7;746.7;22.598;3.988;-23.005;746.7;14408.00;sl;3;3.162;0.409;5.204;0.971;0.858;1.325;0.516;0.332;0.915;0.438;0.022;1.612;523;4;20.942;83.512
2026.05.28 14:36:00;2026.05.28 16:00:00;SELL;4.15;4457.822;4495.414;4360.375;4.657;4.800;27.422;2.7;60.7;4.800;25.779;-24.901;84.0;-10541.00;ea;1;-0.297;0.295;2.374;0.965;2.416;-0.465;1.285;-0.131;0.334;0.334;0.032;-2.524;1296;4;23.434;83.512
2026.05.28 23:18:00;2026.05.29 06:00:42;BUY;15.71;4496.704;4487.172;4521.795;1.194;25.059;7.734;402.7;26.7;2.868;7.734;25.098;402.7;32300.00;tp;3;1.524;0.335;-0.766;-0.622;1.356;2.326;1.800;0.596;0.154;0.154;0.136;-0.708;378;5;21.402;83.512
2026.05.29 06:03:00;2026.05.29 14:52:39;BUY;11.23;4520.339;4505.575;4558.282;1.817;37.909;10.476;529.6;15.2;3.744;10.476;37.943;529.6;35824.00;tp;3;3.243;0.567;0.533;-0.205;-0.270;1.798;0.350;0.290;2.115;0.689;1.000;0.738;783;5;14.022;86.908
2026.05.29 15:04:00;2026.05.29 16:00:00;BUY;5.77;4575.707;4543.884;4658.453;3.951;19.496;18.028;7.7;44.7;19.496;18.028;-4.425;56.0;-2604.00;ea;1;4.091;0.601;2.993;0.134;-2.987;4.069;0.971;0.927;1.227;0.217;1.825;2.008;1324;5;19.806;86.908
2026.05.31 23:15:00;2026.06.01 01:56:55;BUY;10.50;4542.614;4525.230;4587.359;2.142;3.559;17.367;49.7;161.9;3.559;5.282;-17.398;161.9;-18633.00;sl;1;1.644;0.370;1.092;0.291;2.458;1.000;0.292;0.251;0.345;0.345;0.290;-0.678;375;1;21.392;85.328
2026.06.01 01:58:00;2026.06.01 13:12:41;SELL;8.72;4525.291;4545.431;4474.362;2.451;50.909;9.697;674.7;19.2;3.986;9.697;50.935;674.7;37323.00;tp;3;-0.800;-0.296;-0.295;-0.268;0.346;0.707;0.274;0.171;1.266;0.265;0.396;0.760;538;1;19.983;82.541
2026.06.01 13:21:00;2026.06.01 16:00:00;SELL;7.11;4478.018;4505.265;4407.739;3.363;30.223;2.102;39.3;134.7;30.223;1.847;3.597;159.0;2558.00;ea;1;2.023;0.158;2.661;0.138;-2.803;4.265;0.896;0.744;1.946;0.557;1.310;1.833;1221;1;14.399;82.541
2026.06.01 23:10:00;2026.06.02 00:32:27;SELL;19.53;4485.338;4495.507;4459.657;1.236;8.444;10.143;58.7;82.5;8.444;3.294;-10.192;82.5;-20303.00;sl;1;0.761;0.178;1.641;0.312;-1.915;3.135;1.195;0.655;2.049;0.309;-0.035;0.151;370;2;17.250;82.541
2026.06.02 00:44:00;2026.06.02 04:01:38;SELL;12.31;4486.070;4501.210;4447.474;1.853;23.114;15.101;68.3;197.6;12.233;6.628;-15.177;197.6;-19057.00;sl;1;0.702;0.178;1.566;0.347;2.281;-0.094;0.243;-0.019;2.134;0.359;0.459;-0.112;464;2;16.900;84.686
2026.06.02 04:12:00;2026.06.02 16:00:00;BUY;10.72;4505.174;4488.997;4546.414;1.980;36.379;15.106;182.7;610.7;13.463;1.810;-2.987;708.0;21305.00;ea;3;0.456;-0.087;-0.412;-0.283;2.238;1.129;0.507;0.244;2.447;0.263;0.368;1.450;672;2;18.319;84.686
2026.06.02 23:48:00;2026.06.03 08:00:38;BUY;9.06;4472.146;4451.834;4524.602;2.509;24.535;20.308;55.3;492.6;24.535;3.231;-20.338;492.6;-19309.00;sl;1;-2.245;-0.291;-3.127;-0.136;5.907;-0.985;0.935;-0.146;2.223;0.627;0.460;-0.882;408;3;12.531;84.686
2026.06.03 08:20:00;2026.06.03 16:00:00;SELL;9.51;4453.886;4472.512;4405.809;2.300;27.462;14.425;325.2;168.7;13.435;5.443;11.670;460.0;11098.00;ea;1;2.461;0.468;3.488;0.534;-0.567;1.355;0.523;0.231;0.260;0.260;0.127;1.802;920;3;14.938;87.660
2026.06.03 23:25:00;2026.06.04 11:46:19;BUY;10.31;4449.712;4432.254;4494.503;2.147;44.777;6.798;741.3;95.7;15.416;3.557;44.810;741.3;37086.00;tp;3;-1.187;-0.334;-2.679;-0.589;4.949;-1.316;0.834;-0.279;0.016;0.016;0.133;0.597;385;4;18.558;87.660
2026.06.04 11:47:00;2026.06.04 14:38:38;BUY;10.94;4497.154;4479.005;4543.559;2.226;18.363;18.127;118.3;171.5;17.513;6.154;-18.163;171.6;-20268.00;sl;1;1.409;0.029;0.014;-0.380;-0.026;2.181;0.650;0.466;0.156;0.156;0.499;1.917;1127;4;18.205;85.216
2026.06.04 15:05:00;2026.06.04 16:00:00;BUY;6.76;4470.488;4442.639;4542.574;3.446;8.767;3.405;49.2;2.7;8.767;3.405;6.775;55.0;4580.00;ea;1;-0.151;0.152;-1.204;-0.235;1.217;0.606;0.852;0.153;1.371;0.442;0.116;-0.093;1325;4;21.528;85.216
2026.06.04 23:21:00;2026.06.05 06:15:38;SELL;14.64;4468.521;4481.829;4434.399;1.636;34.082;5.170;414.6;5.3;17.690;5.170;34.127;414.6;41994.00;tp;3;0.351;0.002;1.565;0.198;2.657;-0.655;0.852;-0.130;1.095;0.504;-0.060;0.592;381;5;16.907;85.216
2026.06.05 06:17:00;2026.06.05 06:36:31;SELL;12.75;4432.389;4449.275;4388.311;2.102;3.628;16.884;1.7;19.5;3.628;16.884;-16.926;19.5;-22012.00;sl;1;2.785;0.482;4.711;0.584;-0.856;2.365;0.464;0.354;2.635;0.194;0.425;1.403;797;5;12.292;82.062
2026.06.05 06:49:00;2026.06.05 12:50:41;BUY;10.08;4454.844;4434.934;4505.034;2.417;21.067;19.908;331.3;361.7;12.357;5.265;-19.942;361.7;-20504.00;sl;1;-1.029;-0.411;-2.954;-0.513;4.936;-0.538;0.507;-0.081;3.674;0.419;0.681;0.767;829;5;12.292;82.062
2026.06.05 12:51:00;2026.06.05 13:56:42;SELL;8.30;4437.270;4460.494;4377.514;2.861;59.752;0.244;65.7;0.0;54.289;0.244;59.784;65.7;41712.00;tp;3;1.984;0.090;3.554;0.526;-0.392;1.678;0.578;0.295;2.586;0.504;0.315;1.792;1191;5;14.414;82.062
2026.06.05 13:57:00;2026.06.05 16:00:00;SELL;5.11;4379.138;4420.763;4271.747;5.138;44.951;1.757;122.3;0.3;34.659;1.757;43.345;123.0;22149.00;ea;1;4.422;0.306;5.762;0.531;-3.432;4.431;1.209;1.003;1.568;0.492;0.628;4.543;1257;5;18.581;82.062
2026.06.07 23:11:00;2026.06.08 05:34:18;BUY;8.12;4326.678;4299.316;4398.323;3.414;26.626;27.355;77.7;383.3;20.369;0.905;-27.407;383.3;-22699.00;sl;1;-3.744;-0.863;-5.487;-0.981;5.859;0.061;0.235;0.018;0.916;0.130;0.192;-0.180;371;1;25.471;87.394
2026.06.08 05:46:00;2026.06.08 07:24:29;SELL;8.56;4288.029;4312.943;4224.461;3.051;2.299;24.872;4.3;98.5;2.299;23.689;-24.914;98.5;-21753.00;sl;1;4.776;0.848;7.114;1.286;-0.945;2.388;0.994;0.653;1.626;0.343;0.626;1.666;766;1;23.389;85.505
2026.06.08 07:38:00;2026.06.08 11:32:40;SELL;7.68;4306.458;4332.791;4238.784;3.242;33.255;26.288;116.7;234.7;20.907;5.352;-26.337;234.7;-20631.00;sl;1;3.747;0.841;6.480;1.279;-0.160;1.631;0.994;0.438;0.281;0.281;0.179;0.027;878;1;22.947;85.505
2026.06.08 11:53:00;2026.06.08 16:00:00;BUY;7.19;4327.186;4300.782;4395.274;3.258;19.649;12.876;105.3;166.3;12.253;6.976;14.383;247.0;10341.00;ea;1;-2.179;-0.718;-5.160;-1.193;0.837;-0.703;0.994;-0.195;0.961;0.119;0.020;1.290;1133;1;23.737;85.505
2026.06.08 23:06:00;2026.06.09 01:28:42;SELL;21.70;4326.407;4335.673;4302.777;1.134;13.314;9.245;45.2;142.7;13.314;2.743;-9.293;142.7;-20569.00;sl;1;2.057;0.423;6.288;1.416;0.930;0.999;0.994;0.204;1.509;0.366;0.002;0.983;366;2;17.500;85.505
2026.06.09 01:56:00;2026.06.09 14:17:21;BUY;8.93;4334.786;4314.120;4387.814;2.541;28.677;20.658;713.3;741.4;6.253;6.488;-20.679;741.4;-18836.00;sl;1;-1.504;-0.452;-5.951;-1.380;1.132;1.053;0.290;0.209;0.930;0.319;-0.158;0.350;536;2;16.356;82.404
2026.06.09 14:26:00;2026.06.09 14:44:32;BUY;5.69;4322.764;4291.953;4402.436;3.810;1.102;30.786;0.3;18.5;1.102;30.786;-30.814;18.5;-17884.00;sl;1;-1.661;-0.210;-6.228;-1.295;1.944;0.331;0.702;0.063;1.734;0.461;-0.313;-0.841;1286;2;15.707;82.404
2026.06.09 15:24:00;2026.06.09 16:00:00;SELL;4.49;4286.869;4324.134;4190.201;4.618;23.660;2.187;14.7;1.7;23.660;2.187;14.290;36.0;6416.00;ea;1;3.064;0.315;6.904;1.134;0.968;1.602;1.032;0.373;1.924;0.358;0.448;2.635;1344;2;19.166;82.404
2026.06.09 23:04:00;2026.06.09 23:18:02;BUY;9.86;4245.999;4228.815;4290.113;2.114;1.257;17.159;1.3;14.0;1.257;17.159;-17.211;14.0;-17309.00;sl;1;-3.276;-0.652;-6.801;-1.123;4.567;-3.046;1.591;-0.869;0.170;0.170;0.285;-0.736;364;3;23.496;82.404
2026.06.09 23:26:00;2026.06.10 08:03:27;SELL;7.84;4225.198;4245.982;4172.374;2.538;52.821;4.638;517.5;6.7;14.717;4.638;52.866;517.5;34809.00;tp;3;4.127;0.687;7.652;1.157;-1.835;3.931;1.680;1.121;1.072;0.221;0.682;2.045;386;3;23.496;82.404
2026.06.10 08:04:00;2026.06.10 15:48:42;SELL;8.19;4166.694;4188.729;4109.871;2.719;56.809;19.938;464.7;349.3;5.228;12.934;56.827;464.7;39121.00;tp;3;5.006;0.913;9.257;1.711;-1.895;2.415;0.704;0.624;0.727;0.291;1.031;0.847;904;3;22.968;88.915
2026.06.10 15:50:00;2026.06.10 16:00:00;SELL;4.89;4117.999;4158.656;4013.119;5.019;11.011;11.262;2.3;9.7;11.011;11.262;-10.911;10.0;-5433.00;ea;1;4.330;0.779;8.237;1.447;-3.034;3.427;1.349;1.172;0.592;0.263;0.271;1.283;1370;3;30.394;88.915
2026.06.10 23:09:00;2026.06.11 00:33:32;SELL;6.71;4043.730;4073.040;3968.530;3.604;19.697;29.290;5.3;68.7;19.697;21.337;-29.326;84.5;-20071.00;sl;1;5.253;0.993;9.607;1.625;-5.305;5.685;2.163;2.007;1.393;0.119;0.320;2.301;369;4;31.386;88.915
2026.06.11 00:43:00;2026.06.11 16:00:00;BUY;4.05;4072.927;4027.284;4191.214;5.653;45.360;20.596;59.7;125.3;45.360;10.490;15.808;917.0;6402.00;ea;1;-4.022;-0.954;-8.068;-1.643;4.792;0.789;0.435;0.273;0.834;0.218;0.129;-0.509;463;4;32.446;93.712
2026.06.11 23:23:00;2026.06.12 16:00:00;SELL;7.12;4221.594;4248.298;4152.648;3.298;51.327;14.224;490.7;964.3;13.960;4.516;9.371;997.0;16111.00;ea;2;-1.882;-0.344;2.371;1.045;5.975;-5.264;2.244;-1.860;0.652;0.048;0.243;-1.825;383;5;33.107;93.712
2026.06.14 23:00:00;2026.06.15 01:38:13;SELL;6.40;4285.495;4316.419;4205.340;3.830;4.141;30.908;23.6;158.1;4.141;10.037;-30.947;158.2;-20202.00;sl;1;-3.379;-0.420;-0.186;0.423;4.213;-0.553;0.413;-0.157;1.295;0.200;0.066;-2.367;360;1;27.410;96.278
2026.06.15 02:03:00;2026.06.15 16:00:00;BUY;6.74;4321.471;4293.840;4393.945;3.452;47.832;20.852;723.7;279.2;14.061;1.210;34.875;837.0;23506.00;ea;1;4.223;0.782;1.437;-0.233;-0.458;1.013;0.385;0.293;1.047;0.313;0.270;0.939;543;1;27.238;94.138
2026.06.15 23:05:00;2026.06.16 09:09:40;BUY;15.51;4315.433;4302.670;4348.188;1.570;32.754;8.809;604.7;82.2;3.724;3.991;32.790;604.7;41859.00;tp;3;2.566;0.579;1.526;0.537;-0.403;1.349;0.891;0.229;2.164;0.286;0.154;-0.402;365;2;15.976;94.138
2026.06.16 09:19:00;2026.06.16 16:00:00;SELL;15.47;4343.455;4357.886;4307.749;1.729;30.187;11.804;315.3;220.6;5.042;5.226;7.871;401.0;31978.00;ea;3;-4.012;-0.717;-3.691;-0.576;4.530;-2.171;0.434;-0.290;3.394;0.270;0.099;-1.324;979;2;12.804;95.860
2026.06.16 23:03:00;2026.06.17 01:03:42;SELL;25.65;4334.145;4343.584;4311.190;1.117;5.506;9.436;57.7;120.7;5.506;4.402;-9.464;120.7;-24761.00;sl;1;-1.692;-0.382;-2.399;-0.557;3.467;-1.316;0.504;-0.193;2.431;0.295;-0.028;0.544;363;3;14.048;95.860
2026.06.17 01:17:00;2026.06.17 14:24:40;SELL;14.72;4345.699;4361.094;4306.490;1.883;28.359;15.383;448.7;787.7;8.713;1.102;-15.427;787.7;-1772.00;sl;2;-2.393;-0.380;-3.158;-0.567;2.830;-1.046;0.222;-0.150;3.310;0.413;-0.325;-1.004;497;3;13.807;96.445
2026.06.17 14:38:00;2026.06.17 16:00:00;SELL;10.11;4352.288;4374.493;4295.327;2.730;21.235;12.904;9.7;81.7;21.235;9.214;-11.330;82.0;-11684.00;ea;1;-2.465;-0.276;-3.638;-0.478;3.531;-1.627;0.485;-0.218;0.177;0.177;0.117;-1.781;1298;3;12.931;96.445
2026.06.17 23:01:00;2026.06.17 23:23:14;SELL;11.97;4265.238;4283.522;4219.458;2.209;0.854;18.271;1.2;22.1;0.854;18.271;-18.295;22.2;-22337.00;sl;1;1.648;0.388;1.224;0.004;-1.398;2.230;1.696;0.684;0.515;0.177;-0.082;3.869;361;4;29.601;96.445
2026.06.17 23:24:00;2026.06.18 01:03:43;BUY;11.33;4281.536;4263.483;4327.860;2.220;46.300;13.611;99.7;18.7;19.757;13.611;46.327;99.7;42169.00;tp;3;-1.119;-0.367;-0.694;0.017;2.481;-1.680;1.696;-0.515;0.624;0.286;0.251;-0.579;384;4;29.601;96.445
2026.06.18 01:14:00;2026.06.18 06:07:38;BUY;8.12;4326.734;4298.935;4398.481;3.433;3.156;27.781;59.7;293.6;3.156;11.567;-27.820;293.6;-23042.00;sl;1;0.374;-0.179;0.744;0.013;1.741;1.518;0.506;0.471;0.727;0.102;0.569;2.143;494;4;31.996;103.125
2026.06.18 06:08:00;2026.06.18 11:01:29;SELL;12.00;4298.421;4316.555;4252.038;2.225;46.320;11.180;293.5;67.7;2.064;9.542;46.412;293.5;46793.00;tp;3;0.474;0.024;0.126;0.026;2.473;-0.629;0.520;-0.196;1.505;0.262;0.249;0.720;788;4;32.178;103.125
2026.06.18 11:11:00;2026.06.18 12:20:28;SELL;12.98;4243.278;4261.844;4196.191;2.264;3.324;18.540;40.7;69.5;3.324;7.235;-18.577;69.5;-24595.00;sl;1;2.884;0.426;2.646;0.276;1.145;1.634;0.842;0.338;2.027;0.154;0.646;3.023;1091;4;21.354;103.125
2026.06.18 12:28:00;2026.06.18 16:00:00;SELL;9.82;4254.715;4277.906;4195.027;2.858;31.563;22.271;206.7;64.7;13.597;7.620;27.753;212.0;27253.00;ea;1;2.405;0.506;2.161;0.249;1.793;1.173;0.875;0.228;0.236;0.236;0.140;1.599;1168;4;20.010;103.125
2026.06.18 23:17:00;2026.06.19 03:42:35;SELL;17.37;4195.907;4209.921;4159.571;1.736;36.330;3.569;265.6;13.7;11.360;3.569;36.365;265.6;53094.00;tp;3;4.002;0.742;4.712;0.640;-1.149;4.125;1.315;0.798;2.302;0.296;0.175;1.565;377;5;19.943;103.125
2026.06.19 03:43:00;2026.06.19 08:23:30;SELL;16.99;4158.637;4174.521;4118.036;1.948;36.774;15.848;84.7;280.5;24.236;4.239;-15.886;280.5;25768.00;sl;3;5.413;0.958;6.660;0.933;-1.487;1.581;0.374;0.281;0.457;0.457;0.444;1.902;643;5;18.890;106.384
2026.06.19 08:41:00;2026.06.19 16:00:00;SELL;15.64;4167.547;4185.598;4120.700;2.238;25.552;15.778;172.7;269.3;5.392;4.889;16.373;439.0;25607.00;ea;1;4.128;1.152;6.087;1.244;-1.087;1.188;0.719;0.197;0.995;0.428;0.433;-1.776;941;5;17.637;106.384
2026.06.21 23:16:00;2026.06.22 00:36:13;SELL;17.73;4155.852;4172.529;4113.096;2.049;19.145;16.637;32.7;80.2;19.145;9.366;-16.679;80.2;-30163.00;sl;1;3.102;0.714;5.732;1.285;1.872;-0.133;0.163;-0.023;0.320;0.320;0.001;-0.468;376;1;18.297;103.984
2026.06.22 00:44:00;2026.06.22 16:00:00;BUY;10.67;4175.154;4149.290;4242.310;3.208;46.163;5.581;16.7;906.3;46.163;0.518;7.483;916.0;7984.00;ea;1;-1.949;-0.668;-4.494;-1.241;-0.572;1.921;0.371;0.356;1.368;0.267;0.451;1.509;464;1;18.158;97.886
2026.06.22 23:03:00;2026.06.23 00:08:26;BUY;34.07;4192.528;4184.308;4213.163;0.995;2.866;8.209;38.6;65.4;2.866;6.028;-8.230;65.4;-30572.00;sl;1;-0.524;-0.134;-3.474;-0.769;-1.837;3.459;0.832;0.534;0.495;0.495;0.249;0.522;363;2;15.106;97.886
2026.06.23 00:33:00;2026.06.23 01:19:42;BUY;20.41;4185.239;4172.263;4218.164;1.583;13.432;12.975;27.3;46.7;13.432;12.975;-12.999;46.7;-27062.00;sl;1;-0.958;-0.157;-3.801;-0.767;2.396;-0.158;0.143;-0.025;0.980;0.316;0.308;-0.065;453;2;15.060;96.798
2026.06.23 01:35:00;2026.06.23 06:10:30;SELL;11.68;4169.365;4191.128;4112.976;2.695;56.366;1.395;275.5;0.3;20.284;1.395;56.413;275.5;55400.00;tp;3;1.934;0.184;4.767;0.799;1.937;1.201;0.314;0.189;1.273;0.616;0.130;1.411;515;2;15.209;96.798
2026.06.23 06:19:00;2026.06.23 08:02:41;BUY;9.71;4122.923;4094.205;4197.556;3.564;2.478;28.679;2.3;103.7;2.478;12.962;-28.737;103.7;-28462.00;sl;1;-3.397;-0.667;-6.097;-0.859;5.294;-3.481;0.906;-0.668;1.457;0.381;0.010;-1.902;799;2;18.585;96.798
2026.06.23 08:23:00;2026.06.23 16:00:00;BUY;10.91;4099.626;4075.362;4162.175;2.994;45.408;4.724;347.3;2.7;16.191;4.724;38.876;457.0;44488.00;ea;2;-4.370;-0.842;-7.169;-1.073;6.693;-4.840;1.116;-0.909;0.021;0.021;0.346;-2.192;923;2;18.182;96.798
2026.06.23 23:02:00;2026.06.24 02:38:39;SELL;18.72;4102.420;4118.013;4062.751;1.906;39.640;9.824;216.7;66.3;21.416;2.551;39.682;216.7;62418.00;tp;3;2.998;0.581;6.751;1.334;-2.189;4.976;1.116;0.880;0.141;0.141;0.266;1.606;362;3;17.124;96.798
2026.06.24 02:39:00;2026.06.24 06:08:14;SELL;11.23;4062.820;4091.394;3988.634;3.543;12.311;28.562;39.3;209.2;12.311;7.005;-28.584;209.2;-32742.00;sl;1;4.394;0.657;7.909;1.247;-0.951;1.934;0.500;0.360;0.680;0.150;0.695;2.012;579;3;18.839;101.325
2026.06.24 06:19:00;2026.06.24 12:25:10;SELL;13.22;4086.535;4109.625;4027.056;2.847;59.474;8.411;366.2;28.2;2.967;8.411;59.505;366.2;66134.00;tp;3;2.432;0.715;6.066;1.209;0.292;0.641;0.609;0.126;1.841;0.329;-0.446;-0.610;799;3;19.844;101.325
2026.06.24 12:26:00;2026.06.24 13:57:38;SELL;11.21;4008.978;4038.991;3930.078;3.756;44.432;30.002;55.7;91.6;44.432;12.042;-30.013;91.6;-34329.00;sl;1;5.067;0.705;8.589;1.405;-3.355;4.221;1.025;0.891;0.420;0.420;1.576;3.293;1166;3;21.390;101.325
2026.06.24 14:16:00;2026.06.24 16:00:00;SELL;5.94;4016.824;4070.528;3876.967;6.675;19.488;17.995;53.3;18.7;19.488;17.995;14.018;104.0;8327.00;ea;1;3.276;0.635;6.214;1.049;-2.255;2.908;1.457;0.814;0.593;0.241;0.512;1.402;1276;3;28.349;101.325
2026.06.24 23:09:00;2026.06.24 23:34:32;SELL;21.73;3992.144;4007.213;3953.237;1.861;0.003;15.066;0.2;25.5;0.003;15.066;-15.119;25.5;-33511.00;sl;1;2.885;0.640;6.255;1.183;-3.000;3.627;1.512;1.057;1.427;0.073;0.099;-0.502;369;4;29.533;101.325
2026.06.25 00:07:00;2026.06.25 00:27:41;BUY;16.46;4013.933;3995.402;4061.436;2.277;2.552;18.515;4.2;20.7;2.552;18.515;-18.545;20.7;-31136.00;sl;1;-2.024;-0.529;-5.163;-1.156;3.218;0.055;0.063;0.016;1.184;0.199;0.082;1.051;427;4;30.469;104.051
2026.06.25 00:49:00;2026.06.25 01:02:38;SELL;12.30;3979.872;4003.669;3918.693;2.930;0.000;23.796;0.0;13.6;0.000;23.796;-23.821;13.6;-29886.00;sl;1;3.099;0.573;6.237;1.199;0.691;1.063;0.366;0.311;0.980;0.324;0.262;0.085;469;4;30.469;104.051
2026.06.25 01:21:00;2026.06.25 02:08:29;BUY;8.69;3999.343;3967.762;4081.485;3.921;0.720;31.552;6.3;47.5;0.720;31.552;-31.599;47.5;-28009.00;sl;1;-2.256;-0.495;-5.335;-1.114;3.508;-0.403;0.366;-0.124;0.020;0.020;0.284;0.196;501;4;32.110;104.051
2026.06.25 02:19:00;2026.06.25 16:00:00;BUY;7.12;3975.613;3939.037;4071.671;4.574;67.123;9.400;820.3;54.7;15.623;9.400;65.449;821.0;46600.00;ea;1;-2.723;-0.510;-5.775;-1.092;4.057;-1.090;0.520;-0.352;0.725;0.131;0.010;-0.754;559;4;33.617;104.051
2026.06.25 23:10:00;2026.06.26 02:55:43;SELL;18.33;4022.902;4038.629;3983.209;1.911;39.658;7.821;225.7;20.2;11.169;7.821;39.699;225.7;61111.00;tp;3;0.660;0.099;5.715;1.375;3.078;-0.511;0.788;-0.102;1.100;0.139;0.056;0.384;370;5;20.820;104.051
2026.06.26 02:56:00;2026.06.26 03:55:40;SELL;14.16;3983.990;4006.439;3926.142;2.769;0.755;22.399;0.3;59.7;0.755;22.399;-22.466;59.7;-32448.00;sl;1;2.288;0.211;7.052;1.303;1.007;1.425;0.449;0.294;1.583;0.186;0.389;1.942;596;5;21.468;104.189
2026.06.26 04:07:00;2026.06.26 05:30:13;SELL;14.56;3999.952;4020.677;3946.471;2.559;0.043;20.695;0.2;83.2;0.043;15.698;-20.732;83.2;-30790.00;sl;1;1.418;0.246;5.989;1.159;1.720;0.670;0.449;0.140;2.286;0.455;0.014;0.573;667;5;21.854;104.189
2026.06.26 05:47:00;2026.06.26 06:32:29;SELL;16.16;4007.816;4025.554;3962.116;2.188;2.027;17.708;0.3;45.5;2.027;17.708;-17.748;45.5;-29254.00;sl;1;1.096;0.252;5.964;1.210;2.198;0.328;0.449;0.065;0.378;0.378;0.498;0.357;767;5;20.678;104.189
2026.06.26 06:49:00;2026.06.26 14:12:40;BUY;12.07;4025.860;4003.634;4084.015;2.772;58.133;3.952;443.7;1.2;13.834;3.952;58.161;443.7;59066.00;tp;3;-0.225;-0.244;-5.381;-1.235;0.938;0.572;0.449;0.108;1.226;0.210;0.103;1.653;829;5;19.695;104.189
2026.06.26 14:33:00;2026.06.26 16:00:00;SELL;9.00;4083.591;4116.900;3996.732;4.144;7.794;12.703;35.7;76.7;7.794;8.460;-7.101;87.0;-6519.00;ea;1;-2.276;-0.291;2.123;0.974;5.944;-3.383;1.058;-0.662;1.647;0.176;0.212;-1.544;1293;5;20.395;104.189
2026.06.28 23:16:00;2026.06.29 16:00:00;SELL;11.32;4063.021;4089.267;3994.846;3.256;62.633;12.878;899.7;246.7;11.073;3.496;35.681;1004.0;52637.00;ea;3;-0.779;-0.264;2.921;0.546;4.027;0.646;0.301;0.121;0.654;0.152;0.248;0.658;376;1;19.903;106.193
2026.06.29 23:06:00;2026.06.30 00:03:41;BUY;27.96;4019.114;4007.641;4048.420;1.406;3.372;11.461;13.2;57.7;3.372;11.461;-11.492;57.7;-34392.00;sl;1;-1.211;-0.311;-4.942;-0.931;3.888;-2.556;0.724;-0.417;1.814;0.052;0.284;-0.257;366;2;17.027;104.243
2026.06.30 00:20:00;2026.06.30 01:06:32;SELL;21.26;4005.803;4020.324;3968.381;1.791;37.406;3.660;46.5;1.7;37.406;3.660;37.445;46.5;66897.00;tp;3;2.027;0.345;5.837;1.097;0.353;0.572;0.122;0.092;0.362;0.362;0.075;0.062;440;2;16.017;99.803
2026.06.30 01:08:00;2026.06.30 01:10:17;SELL;14.06;3945.163;3969.378;3882.999;2.979;0.176;24.196;0.3;2.3;0.176;24.196;-24.221;2.3;-34737.00;sl;1;5.421;0.538;9.271;1.218;-3.359;4.265;0.733;0.699;2.759;0.315;2.864;4.182;488;2;16.368;99.803
2026.06.30 01:21:00;2026.06.30 14:23:21;BUY;10.16;3973.824;3942.354;4055.359;3.897;81.519;21.655;782.4;50.7;7.161;21.655;81.545;782.4;69682.00;tp;3;-3.739;-0.469;-7.588;-1.150;6.221;-2.514;0.733;-0.412;1.599;0.377;0.385;-2.629;501;2;16.368;99.803
2026.06.30 14:37:00;2026.06.30 16:00:00;SELL;11.42;4051.742;4083.017;3970.710;3.873;29.374;1.988;45.7;3.7;29.374;1.988;21.973;83.0;25093.00;ea;1;-1.045;-0.042;1.656;0.646;2.160;-1.540;1.216;-0.368;0.073;0.073;0.116;-1.001;1297;2;23.883;99.803
2026.06.30 23:08:00;2026.06.30 23:46:40;BUY;31.15;4018.288;4006.503;4048.505;1.448;0.000;11.784;0.0;38.6;0.000;11.784;-11.817;38.7;-37546.00;sl;1;-0.390;-0.111;-4.054;-0.800;3.498;0.202;1.216;0.033;1.934;0.104;0.427;-0.865;368;3;16.400;99.803
2026.06.30 23:50:00;2026.07.01 01:17:31;SELL;30.77;4007.546;4019.106;3977.840;1.423;29.692;2.552;87.5;23.7;12.382;2.552;29.730;87.5;76876.00;tp;3;1.020;0.136;4.684;0.825;0.451;0.453;1.216;0.074;0.460;0.460;0.133;1.429;410;3;16.400;99.803
2026.07.01 01:23:00;2026.07.01 06:07:39;BUY;20.19;3984.183;3965.026;4033.426;2.359;4.295;19.140;7.7;284.6;4.295;14.067;-19.161;284.6;-39460.00;sl;1;-2.341;-0.288;-6.020;-0.937;4.961;-1.344;0.329;-0.206;0.990;0.364;-0.049;-2.026;503;3;15.975;104.024
2026.07.01 06:21:00;2026.07.01 11:10:40;BUY;20.91;3968.288;3950.735;4013.301;2.157;44.968;8.300;289.6;54.2;5.534;8.300;45.015;289.7;79121.00;tp;3;-3.369;-0.626;-8.097;-1.287;7.165;-2.814;0.450;-0.359;2.388;0.129;-0.141;-0.901;801;3;13.279;104.024
2026.07.01 11:20:00;2026.07.01 13:38:39;BUY;25.05;4022.959;4006.730;4064.875;2.005;41.892;10.195;138.7;108.7;12.645;3.798;41.928;138.7;88282.00;tp;3;0.920;-0.259;-3.457;-1.109;2.740;1.171;0.624;0.166;1.830;0.477;1.048;3.645;1100;3;14.775;104.024
2026.07.01 14:10:00;2026.07.01 16:00:00;BUY;10.46;4094.460;4051.379;4206.446;5.347;21.276;17.847;26.3;85.7;21.276;10.980;-13.219;110.0;-14104.00;ea;1;3.455;0.320;0.857;-0.548;-1.374;3.934;1.423;0.854;0.245;0.245;0.322;4.789;1270;3;22.576;104.024
2026.07.01 23:00:00;2026.07.02 00:00:38;BUY;36.71;4045.142;4033.056;4076.139;1.486;0.000;12.076;0.0;60.6;0.000;11.994;-12.116;60.6;-51741.00;sl;1;0.755;0.159;-1.106;-0.333;0.751;1.621;1.497;0.380;0.199;0.199;0.171;-0.924;360;4;24.366;104.024
2026.07.02 00:02:00;2026.07.02 00:12:37;SELL;37.97;4033.400;4044.642;4004.586;1.381;2.576;11.222;1.7;10.6;2.576;11.222;-11.280;10.6;-43687.00;sl;1;-0.280;-0.093;1.525;0.245;3.041;0.065;0.042;0.015;1.384;0.141;0.100;1.332;422;4;24.138;107.561
2026.07.02 00:24:00;2026.07.02 12:30:20;BUY;27.05;4043.591;4028.954;4081.067;1.797;37.443;5.666;726.3;18.7;24.923;5.666;37.648;726.3;85356.00;tp;3;0.686;0.109;-1.119;-0.229;2.989;0.357;0.144;0.080;0.266;0.266;0.192;-0.661;444;4;24.138;107.561
2026.07.02 12:38:00;2026.07.02 16:00:00;BUY;14.96;4133.640;4104.318;4209.991;3.644;10.492;24.438;72.7;47.7;7.056;24.438;-5.175;202.0;-7897.00;ea;1;5.667;0.531;3.821;0.024;-1.139;6.276;0.980;0.917;1.041;0.405;4.304;3.850;1178;4;15.721;107.561
2026.07.02 23:05:00;2026.07.03 00:51:42;BUY;46.97;4125.402;4116.147;4147.950;1.097;22.537;4.473;106.7;38.2;8.719;4.473;22.586;106.7;86198.00;tp;3;2.517;0.540;2.195;0.254;-0.440;4.120;1.056;0.841;1.121;0.209;0.093;0.658;365;5;21.952;107.561
2026.07.03 01:20:00;2026.07.03 16:00:00;BUY;18.03;4179.777;4153.282;4248.876;3.296;15.729;24.542;15.3;769.2;15.729;4.586;-14.892;880.0;-27387.00;ea;1;4.530;0.627;4.358;0.438;-1.577;2.370;0.557;0.507;0.895;0.010;0.891;2.592;500;5;22.605;105.577
2026.07.05 23:00:00;2026.07.06 00:01:41;BUY;27.00;4188.541;4171.353;4232.961;2.124;13.732;17.165;28.7;61.7;13.732;11.262;-17.204;61.7;-47380.00;sl;1;4.848;0.887;7.010;1.361;0.543;0.828;0.187;0.107;0.893;0.114;0.010;1.866;360;1;12.832;98.972
2026.07.06 00:02:00;2026.07.06 01:34:33;SELL;21.52;4173.958;4194.659;4120.683;2.551;2.875;20.674;25.3;92.5;2.875;15.351;-20.706;92.5;-45450.00;sl;1;-3.302;-0.783;-5.218;-1.181;0.055;0.668;0.173;0.103;1.722;0.284;0.483;-0.364;422;1;13.916;89.910
2026.07.06 01:59:00;2026.07.06 16:00:00;SELL;14.58;4187.607;4216.490;4112.845;3.574;58.955;0.771;765.7;0.2;18.903;0.771;39.127;841.0;63947.00;ea;2;-3.971;-0.806;-5.967;-1.181;1.003;-0.303;0.370;-0.048;2.618;0.529;0.727;-0.836;539;1;14.367;89.910
2026.07.06 23:09:00;2026.07.07 01:00:28;SELL;63.13;4163.221;4170.584;4144.296;0.906;18.905;2.795;111.5;5.6;8.265;2.795;18.925;111.5;100437.00;tp;3;-1.371;-0.315;-3.881;-0.789;-0.748;1.503;0.832;0.223;0.992;0.242;0.104;-0.513;369;2;13.325;89.910
2026.07.07 01:01:00;2026.07.07 12:06:30;SELL;31.66;4145.168;4161.194;4103.851;1.977;28.537;15.992;279.7;665.5;19.370;3.066;-16.035;665.5;-51782.00;sl;1;-0.029;-0.177;-2.544;-0.712;1.309;0.949;0.246;0.134;3.529;0.404;0.255;1.443;481;2;12.798;90.371
2026.07.07 12:23:00;2026.07.07 16:00:00;SELL;25.66;4166.347;4185.053;4118.247;2.304;30.462;14.343;212.2;80.3;6.095;12.361;27.184;217.0;69754.00;ea;1;-1.705;-0.034;-3.468;-0.480;2.630;-0.626;0.650;-0.100;1.134;0.440;-0.166;-2.172;1163;2;14.422;90.371
2026.07.07 23:08:00;2026.07.08 08:17:40;BUY;33.84;4105.690;4090.654;4144.975;1.873;28.390;15.027;359.2;549.7;2.320;10.005;-15.054;549.7;-4952.00;sl;2;-1.746;-0.335;-0.509;0.154;5.430;-2.875;0.978;-0.571;2.468;0.240;0.360;-2.021;368;3;17.956;90.371
2026.07.08 08:26:00;2026.07.08 15:24:40;SELL;22.01;4087.908;4111.149;4027.038;2.900;60.843;4.505;418.7;4.3;37.559;4.505;60.872;418.7;112736.00;tp;3;2.538;0.185;1.560;0.069;-0.245;0.629;0.575;0.114;2.259;0.471;1.853;2.272;926;3;16.781;92.803
2026.07.08 15:39:00;2026.07.08 16:00:00;BUY;18.07;4031.127;3999.985;4111.315;3.839;7.467;2.902;14.7;0.7;7.467;2.902;3.006;21.0;5432.00;ea;1;-3.419;-0.534;-3.385;-0.230;6.421;-2.896;1.211;-0.726;0.812;0.382;0.201;-0.496;1359;3;23.254;92.803
2026.07.08 23:15:00;2026.07.09 01:04:42;BUY;47.98;4077.228;4065.442;4107.275;1.443;12.765;11.777;60.7;109.7;10.286;5.418;-11.797;109.7;-66064.00;sl;1;-0.984;-0.203;-1.202;-0.291;4.090;-0.842;1.211;-0.229;0.902;0.110;0.086;0.111;375;4;25.237;92.803
2026.07.09 01:12:00;2026.07.09 03:18:41;BUY;25.27;4075.497;4054.431;4131.042;2.642;7.276;21.065;75.2;126.7;3.473;13.151;-21.125;126.7;-54451.00;sl;1;-1.179;-0.257;-1.484;-0.429;2.826;-0.028;0.263;-0.006;1.182;0.217;0.125;-0.252;492;4;20.727;94.230
2026.07.09 03:19:00;2026.07.09 05:11:30;SELL;31.09;4055.857;4072.346;4014.050;2.010;1.571;16.477;2.7;112.5;1.571;8.781;-16.513;112.5;-52366.00;sl;1;2.079;0.319;2.520;0.490;1.734;1.027;0.381;0.215;0.297;0.297;0.569;0.992;619;4;19.702;94.230
2026.07.09 05:21:00;2026.07.09 05:51:38;SELL;32.69;4067.391;4082.285;4030.262;1.794;2.531;14.863;11.7;30.6;2.531;14.863;-14.897;30.6;-49672.00;sl;1;1.519;0.346;2.052;0.487;2.540;0.483;0.381;0.092;0.967;0.411;-0.045;0.278;741;4;17.989;94.230
2026.07.09 06:16:00;2026.07.09 16:00:00;BUY;21.49;4094.154;4073.024;4148.934;2.618;42.079;2.274;469.7;0.7;16.278;2.274;32.655;584.0;74788.00;ea;2;-0.065;-0.275;-0.668;-0.460;2.381;1.077;0.487;0.192;0.349;0.349;0.026;0.935;796;4;16.771;94.230
2026.07.09 23:32:00;2026.07.10 01:00:32;SELL;61.88;4121.379;4129.564;4101.718;0.960;6.956;8.171;62.2;88.5;4.838;4.583;-8.193;88.5;-51712.00;sl;1;-1.102;-0.267;-1.028;-0.164;7.637;-3.470;0.893;-0.481;1.638;0.106;0.214;0.118;392;5;13.053;94.230
2026.07.10 01:07:00;2026.07.10 14:33:03;SELL;30.93;4120.214;4135.509;4080.732;1.889;39.449;14.830;806.0;121.7;11.437;7.569;39.482;806.0;102678.00;tp;3;-0.930;-0.257;-0.914;-0.205;5.173;0.257;0.176;0.034;1.580;0.017;0.231;0.154;487;5;12.791;96.020
2026.07.10 14:34:00;2026.07.10 16:00:00;SELL;19.65;4087.984;4114.537;4018.906;3.298;1.951;25.707;0.3;85.7;1.951;20.134;-25.189;86.0;-50502.00;ea;1;1.409;0.138;1.419;-0.006;2.468;2.582;0.647;0.370;2.762;0.581;1.169;1.371;1294;5;13.751;96.020
2026.07.12 23:01:00;2026.07.13 14:16:39;SELL;22.98;4072.807;4094.445;4016.572;2.685;56.174;18.571;915.6;69.7;4.167;13.732;56.240;915.6;108701.00;tp;3;1.829;0.126;1.962;0.058;0.008;1.457;0.324;0.283;1.290;0.159;0.318;1.609;361;1;17.677;90.946
2026.07.13 14:17:00;2026.07.13 16:00:00;SELL;20.53;4013.450;4040.291;3943.362;3.342;13.052;15.627;23.7;9.7;13.052;15.627;-2.639;103.0;-5560.00;ea;1;3.860;0.445;4.681;0.538;-3.004;3.877;0.955;0.831;0.735;0.189;1.548;2.999;1277;1;18.291;85.330
2026.07.13 23:15:00;2026.07.14 01:58:30;SELL;57.67;4000.226;4009.888;3976.010;1.168;16.679;9.635;52.7;163.5;16.679;4.882;-9.684;163.5;-56965.00;sl;1;3.448;0.750;5.155;0.815;-3.845;4.745;1.227;0.986;0.013;0.013;0.035;-0.419;375;2;17.730;85.330
2026.07.14 02:10:00;2026.07.14 12:30:37;BUY;22.55;4012.022;3989.194;4070.462;2.802;58.237;3.054;620.6;42.2;7.132;3.054;58.458;620.6;111028.00;tp;3;-2.407;-0.608;-4.240;-0.883;4.385;0.612;0.346;0.127;2.105;0.442;0.502;0.523;550;2;18.042;86.737
2026.07.14 12:31:00;2026.07.14 15:42:42;BUY;25.92;4088.684;4066.683;4146.266;2.744;14.382;21.995;2.7;191.7;14.382;19.763;-22.021;191.7;-58220.00;sl;1;3.358;-0.184;0.374;-0.915;0.199;7.111;1.230;1.011;0.917;0.107;5.011;5.406;1171;2;12.334;86.737
2026.07.14 15:53:00;2026.07.14 16:00:00;SELL;20.37;4068.872;4095.683;3998.975;3.335;4.201;0.901;6.7;1.3;4.201;0.901;2.183;7.0;4447.00;ea;1;-1.044;-0.223;0.807;0.673;4.605;-3.794;1.381;-0.783;1.055;0.496;0.592;-2.200;1373;2;17.895;86.737
2026.07.14 23:13:00;2026.07.14 23:35:40;SELL;61.80;4047.455;4056.489;4025.309;1.075;0.585;8.987;4.6;22.7;0.585;8.987;-9.037;22.7;-56966.00;sl;1;0.196;-0.006;1.778;0.424;3.254;-2.480;1.381;-0.536;2.532;0.398;0.102;0.699;373;3;18.739;86.737
2026.07.14 23:45:00;2026.07.15 01:35:39;BUY;55.09;4055.142;4045.792;4077.431;1.091;6.888;9.318;75.7;110.7;3.436;4.266;-9.353;110.7;-55744.00;sl;1;0.199;0.022;-1.384;-0.408;1.921;2.891;1.381;0.624;2.394;0.259;0.106;0.606;405;3;18.739;86.737
2026.07.15 02:01:00;2026.07.15 12:33:14;SELL;26.59;4035.824;4054.382;3988.130;2.285;18.340;18.548;373.7;632.2;6.319;6.569;-18.563;632.2;-50346.00;sl;1;0.733;0.044;2.170;0.341;2.626;0.855;0.296;0.187;1.791;0.291;0.282;0.827;541;3;19.999;91.308
2026.07.15 12:48:00;2026.07.15 15:14:38;BUY;25.71;4062.588;4044.623;4108.555;2.205;11.674;17.962;20.7;146.6;11.674;8.424;-17.996;146.6;-47193.00;sl;1;1.377;-0.122;-0.986;-0.582;3.246;0.775;0.537;0.106;3.000;0.594;0.896;2.615;1188;3;12.471;91.308
2026.07.15 15:29:00;2026.07.15 16:00:00;BUY;22.53;4047.939;4028.483;4098.358;2.409;3.036;3.360;19.7;2.3;3.036;3.360;-1.068;31.0;-2454.00;ea;1;0.070;0.119;-1.689;-0.502;3.532;-0.320;0.624;-0.055;0.132;0.132;0.240;1.107;1349;3;15.609;91.308
2026.07.15 23:08:00;2026.07.16 00:55:39;BUY;47.52;4061.085;4051.886;4084.363;1.120;1.079;9.192;0.6;107.7;1.079;5.766;-9.222;107.7;-52950.00;sl;1;0.671;0.128;-0.677;-0.336;2.367;0.460;0.704;0.089;2.194;0.503;0.120;-0.410;368;4;17.733;91.308
2026.07.16 01:29:00;2026.07.16 12:58:05;SELL;23.93;4036.102;4053.504;3991.465;2.139;44.627;10.262;689.1;12.7;7.134;10.262;44.669;689.1;89818.00;tp;3;0.695;-0.035;2.002;0.304;1.066;1.234;0.305;0.241;2.040;0.345;0.519;1.430;509;4;17.696;90.450
2026.07.16 12:59:00;2026.07.16 16:00:00;SELL;14.49;3994.376;4026.060;3913.050;3.897;20.544;22.976;6.3;146.7;20.544;14.393;-12.750;181.0;-18844.00;ea;1;4.136;0.313;6.290;0.689;-2.014;5.600;0.786;0.703;3.909;0.385;0.734;3.611;1199;4;11.352;90.450
2026.07.16 23:09:00;2026.07.17 03:19:40;BUY;48.58;3979.067;3969.882;4002.412;1.122;23.316;8.657;250.7;209.7;8.393;3.547;23.352;250.7;92565.00;tp;3;-2.294;-0.512;-4.212;-0.625;5.358;-4.126;1.018;-0.872;1.095;0.049;0.196;-0.365;369;5;19.117;90.450
2026.07.17 03:32:00;2026.07.17 15:47:41;SELL;26.12;3999.383;4018.472;3949.966;2.362;39.783;19.083;569.7;735.7;13.963;1.414;-19.110;735.7;-3268.00;sl;2;0.941;0.336;2.929;0.627;1.517;-0.683;0.432;-0.152;2.489;0.473;-0.322;-1.180;632;5;19.841;89.159
2026.07.19 23:00:00;2026.07.20 01:00:32;SELL;31.83;3994.967;4010.627;3954.881;1.922;12.101;15.656;62.3;120.5;5.573;1.424;-15.669;120.5;-50872.00;sl;1;0.799;0.028;3.028;0.498;2.104;0.305;0.113;0.061;2.657;0.294;0.107;0.873;360;1;16.923;84.726
2026.07.20 01:01:00;2026.07.20 16:00:00;BUY;22.09;4009.261;3988.199;4064.123;2.618;31.504;13.630;633.7;42.7;11.829;13.630;2.558;899.0;5651.00;ea;1;0.041;-0.042;-1.994;-0.420;-0.356;0.773;0.367;0.169;2.287;0.041;0.411;-0.328;481;1;17.815;81.316
2026.07.20 23:04:00;2026.07.21 01:19:29;BUY;42.80;4004.576;3993.637;4032.236;1.331;27.635;4.065;135.5;7.7;6.075;4.065;27.681;135.5;97033.00;tp;3;-0.420;-0.078;-2.766;-0.468;-0.131;0.720;0.715;0.112;3.601;0.430;0.234;-0.217;364;2;12.615;81.316
2026.07.21 01:39:00;2026.07.21 03:26:30;SELL;25.94;4025.752;4045.913;3973.905;2.483;4.265;20.143;20.2;107.5;4.265;19.961;-20.201;107.5;-53449.00;sl;1;-1.079;-0.051;0.997;0.383;3.212;-1.187;0.409;-0.203;1.918;0.428;0.155;-1.285;519;2;13.426;78.564
2026.07.21 03:27:00;2026.07.21 16:00:00;BUY;29.01;4047.712;4030.820;4090.970;2.074;36.558;5.838;202.7;17.6;4.338;5.838;26.475;753.0;89257.00;ea;3;2.387;0.243;0.540;-0.300;-0.486;2.651;0.576;0.482;0.160;0.160;0.576;3.087;627;2;14.296;78.564
2026.07.21 23:16:00;2026.07.22 01:00:32;BUY;58.79;4081.569;4072.475;4104.643;1.109;23.053;4.986;104.5;44.7;12.074;4.986;23.085;104.5;110604.00;tp;3;3.058;0.672;2.865;0.497;-3.298;5.799;1.065;0.913;1.490;0.681;0.079;0.814;376;3;12.374;78.564
2026.07.22 01:01:00;2026.07.22 13:59:27;BUY;33.51;4107.913;4090.310;4153.531;2.180;45.611;4.704;778.4;1.3;15.968;4.704;45.635;778.5;128572.00;tp;3;4.628;0.708;4.607;0.567;-1.584;2.129;0.401;0.339;3.264;0.162;1.162;1.814;481;3;12.895;81.068
2026.07.22 14:01:00;2026.07.22 16:00:00;BUY;27.59;4155.818;4132.107;4217.385;2.941;10.263;11.849;111.7;54.7;7.806;11.849;3.363;119.0;9279.00;ea;1;4.395;0.684;5.678;0.810;-3.989;4.399;0.989;0.930;2.579;0.244;0.589;2.248;1261;3;17.130;81.068
2026.07.22 23:02:00;2026.07.23 01:00:41;SELL;36.21;4120.095;4138.532;4073.605;2.239;3.274;18.422;5.2;118.7;3.274;14.722;-18.447;118.7;-68133.00;sl;1;-1.634;-0.472;-3.697;-0.949;7.644;-2.605;1.104;-0.489;1.321;0.006;0.256;1.383;362;4;15.213;81.068
2026.07.23 01:01:00;2026.07.23 01:44:38;BUY;40.84;4137.683;4122.386;4176.785;1.876;3.474;15.255;26.2;43.6;3.474;15.255;-15.320;43.6;-63818.00;sl;1;2.460;0.454;4.454;0.974;1.795;0.276;0.173;0.053;0.779;0.146;0.541;0.379;481;4;15.817;81.767
2026.07.23 01:54:00;2026.07.23 12:37:29;SELL;29.74;4118.350;4138.522;4066.403;2.487;51.945;15.133;643.5;88.7;6.038;10.762;51.970;643.5;129927.00;tp;3;-1.286;-0.406;-3.279;-0.927;2.641;0.946;0.287;0.183;1.160;0.528;0.298;0.711;534;4;15.817;81.767
2026.07.23 12:49:00;2026.07.23 16:00:00;SELL;30.16;4063.566;4085.614;4006.763;2.719;23.369;4.943;79.7;2.7;23.023;4.943;14.676;191.0;44263.00;ea;1;2.377;0.214;0.322;-0.456;-0.871;4.669;0.957;0.853;0.908;0.239;0.738;1.745;1189;4;14.939;81.767
2026.07.23 23:06:00;2026.07.24 02:48:27;SELL;117.07;4049.032;4055.081;4034.372;0.714;14.635;2.036;222.4;113.7;3.000;2.011;14.672;222.4;144045.00;tp;3;2.524;0.564;1.312;0.027;-2.083;6.373;1.238;1.031;3.708;0.683;0.051;-0.541;366;5;13.225;81.767
2026.07.24 03:07:00;2026.07.24 13:59:42;BUY;47.11;4027.679;4011.718;4068.522;1.959;40.837;5.835;652.7;168.7;5.893;1.685;40.868;652.7;161745.00;tp;3;-3.658;-0.636;-2.840;-0.237;8.687;-1.479;0.345;-0.239;1.709;0.178;-0.079;-1.566;607;5;13.063;80.760
2026.07.24 14:19:00;2026.07.24 15:15:39;SELL;40.27;4057.176;4078.097;4002.393;2.610;0.778;20.903;0.2;56.6;0.778;20.903;-20.930;56.6;-85971.00;sl;1;0.755;0.123;0.503;0.262;1.329;-0.786;0.598;-0.126;0.554;0.554;0.428;0.192;1279;5;12.959;80.760
2026.07.24 15:40:00;2026.07.24 16:00:00;BUY;37.05;4077.921;4056.605;4133.408;2.648;1.654;7.201;0.7;6.7;1.654;7.201;-0.354;20.0;-1338.00;ea;1;0.775;-0.046;1.010;-0.195;4.758;2.327;0.746;0.383;1.661;0.156;0.276;1.565;1360;5;13.289;80.760
2026.07.26 23:04:00;2026.07.27 00:02:16;SELL;48.42;4087.706;4104.265;4046.244;2.001;3.883;16.557;19.7;58.2;3.883;16.557;-16.562;58.3;-81797.00;sl;1;-1.399;-0.013;-1.611;-0.024;4.585;0.283;0.169;0.053;2.625;0.536;0.167;-1.714;364;1;14.365;75.986
2026.07.27 00:03:00;2026.07.27 00:27:42;BUY;60.75;4103.112;4090.795;4134.154;1.495;13.180;12.272;11.7;24.7;13.180;12.272;-12.329;24.7;-76397.00;sl;1;2.371;0.162;2.576;0.163;-0.459;0.617;0.145;0.124;3.280;0.482;0.706;3.519;423;1;14.295;70.957
2026.07.27 00:51:00;2026.07.27 03:10:38;BUY;36.05;4109.569;4089.869;4159.697;2.408;3.069;19.677;15.2;139.6;3.069;12.659;-19.706;139.6;-72461.00;sl;1;2.805;0.180;3.010;0.181;-0.911;1.069;0.361;0.215;2.828;0.030;0.695;3.796;471;1;14.295;70.957
2026.07.27 03:12:00;2026.07.27 07:21:40;SELL;50.02;4091.637;4105.350;4056.710;1.677;7.096;13.696;154.2;249.7;6.198;2.168;-13.735;249.7;-70076.00;sl;1;-1.166;-0.342;-1.565;-0.115;0.489;0.161;0.386;0.037;2.527;0.099;0.244;-0.344;612;1;16.476;70.957
2026.07.27 07:32:00;2026.07.27 14:28:30;SELL;49.41;4102.832;4116.002;4069.316;1.610;33.508;1.637;416.5;220.2;15.641;1.167;33.538;416.5;139237.00;tp;3;-1.900;-0.297;-2.504;-0.196;1.356;-0.601;0.451;-0.120;0.199;0.199;-0.077;-1.052;872;1;14.201;70.957
2026.07.27 14:48:00;2026.07.27 16:00:00;BUY;29.27;4071.996;4047.795;4135.648;3.029;7.981;2.344;66.2;1.7;7.424;2.344;6.517;72.0;19075.00;ea;1;-0.447;0.094;0.292;0.314;1.775;-1.612;0.720;-0.314;2.025;0.579;0.380;-2.179;1308;1;13.832;70.957
2026.07.27 23:03:00;2026.07.28 01:20:40;SELL;92.22;4072.658;4080.685;4052.585;0.969;20.068;2.703;137.7;11.2;2.580;2.703;20.093;137.7;155507.00;tp;3;0.444;0.025;-0.301;-0.255;-0.889;1.760;0.720;0.305;1.843;0.216;0.085;0.320;363;2;12.294;70.957
2026.07.28 01:21:00;2026.07.28 16:00:00;SELL;45.77;4052.045;4069.670;4006.828;2.167;40.458;3.459;782.3;405.7;9.454;0.476;5.524;879.0;113323.00;ea;3;1.952;0.180;1.306;-0.128;-1.054;1.694;0.319;0.302;0.164;0.164;0.328;2.309;501;2;12.455;69.886
2026.07.28 23:09:00;2026.07.29 07:21:40;BUY;78.02;4019.170;4008.245;4046.885;1.332;27.701;9.172;492.7;115.7;7.014;4.265;27.725;492.7;177198.00;tp;3;-2.170;-0.422;-2.925;-0.440;6.665;-3.704;0.900;-0.772;2.116;0.057;0.101;-0.728;369;3;14.571;69.886
2026.07.29 07:23:00;2026.07.29 09:14:12;BUY;80.57;4047.229;4035.549;4077.171;1.435;0.282;11.656;14.7;64.2;0.282;8.144;-11.689;111.2;-96062.00;sl;1;0.123;-0.202;-1.076;-0.491;2.273;1.881;0.529;0.312;0.233;0.233;0.354;1.768;863;3;11.870;71.576
2026.07.29 09:15:00;2026.07.29 12:30:04;SELL;93.07;4036.333;4046.168;4011.182;1.206;25.143;1.444;195.1;4.2;5.180;1.444;25.205;195.1;196903.00;tp;3;0.777;0.131;2.033;0.548;2.245;-1.028;0.529;-0.160;3.265;0.569;0.060;-0.687;975;3;11.127;71.576
2026.07.29 13:06:00;2026.07.29 16:00:00;SELL;60.54;4017.965;4034.580;3975.046;2.053;21.889;5.650;67.2;17.7;16.633;5.650;7.989;174.0;48365.00;ea;1;1.976;0.284;3.242;0.523;0.547;0.573;0.541;0.097;1.484;0.658;0.078;1.552;1206;3;12.106;71.576
2026.07.29 23:08:00;2026.07.30 00:03:40;BUY;58.53;4097.928;4080.577;4142.508;2.136;2.387;17.334;0.7;55.7;2.387;17.334;-17.361;55.7;-113808.00;sl;1;2.056;0.306;1.589;-0.099;-0.945;2.909;1.685;1.020;0.083;0.083;0.511;0.677;368;4;25.108;71.576
2026.07.30 00:21:00;2026.07.30 05:38:28;SELL;56.28;4076.758;4094.033;4032.047;2.137;44.693;16.593;317.5;45.7;11.782;16.593;44.723;317.5;211627.00;tp;3;-1.162;-0.223;-0.721;0.062;3.160;0.304;0.150;0.106;1.045;0.264;0.232;0.838;441;4;25.609;73.865
2026.07.30 06:04:00;2026.07.30 13:37:39;BUY;50.52;4037.580;4016.509;4091.333;2.580;53.736;8.372;453.6;24.7;9.959;8.372;53.763;453.6;228196.00;tp;3;-0.370;-0.006;-0.674;-0.071;2.767;-1.649;0.878;-0.636;0.436;0.085;0.183;-1.823;784;4;28.485;73.865
2026.07.30 13:38:00;2026.07.30 16:00:00;BUY;41.24;4094.112;4065.537;4167.820;3.527;26.286;11.174;23.3;95.7;26.286;9.041;13.833;142.0;57109.00;ea;1;2.107;0.268;1.815;0.138;1.155;0.495;0.888;0.129;0.305;0.305;0.651;1.468;1238;4;19.304;73.865
2026.07.30 23:10:00;2026.07.31 01:39:28;SELL;123.96;4109.448;4119.426;4084.969;1.188;24.466;0.936;148.7;37.2;7.725;0.936;24.490;149.5;254586.00;tp;3;-1.953;-0.404;-2.265;-0.296;5.609;-1.229;1.247;-0.337;0.466;0.466;0.041;-0.222;370;5;20.257;73.865
2026.07.31 01:59:00;2026.07.31 07:34:39;BUY;76.10;4086.546;4069.011;4131.883;2.168;4.037;17.523;12.7;335.6;4.037;12.562;-17.557;335.6;-136281.00;sl;1;0.817;0.334;1.193;0.402;1.818;-1.037;0.341;-0.261;0.723;0.185;0.048;-0.886;539;5;18.620;74.051
2026.07.31 07:57:00;2026.07.31 13:05:41;SELL;93.58;4071.094;4084.867;4036.003;1.685;35.064;0.855;308.7;1.7;16.839;0.855;35.102;308.7;276225.00;tp;3;0.086;-0.058;-0.532;-0.500;3.292;2.671;0.528;0.469;1.621;0.084;0.082;0.251;897;5;13.012;74.051
2026.07.31 13:15:00;2026.07.31 16:00:00;SELL;80.19;4036.130;4053.883;3991.100;2.165;15.087;16.914;53.7;120.7;15.087;11.181;-9.622;165.0;-78702.00;ea;1;2.435;0.340;2.065;-0.067;0.615;5.448;0.983;0.941;2.823;0.479;0.140;1.619;1215;5;12.796;74.051
2026.08.02 23:02:00;2026.08.03 16:00:00;SELL;71.19;4063.798;4083.214;4013.969;2.388;44.581;15.600;876.7;59.7;0.489;15.600;27.397;1018.0;244896.00;ea;3;-0.088;0.105;-0.127;0.142;2.739;0.589;0.223;0.127;0.879;0.242;0.105;-0.652;362;1;15.700;72.754
2026.08.03 23:11:00;2026.08.04 00:01:28;SELL;186.88;4051.209;4059.409;4029.623;1.027;0.418;8.151;7.2;50.5;0.418;8.151;-8.205;50.5;-156402.00;sl;1;0.314;0.073;0.691;0.135;-0.880;1.753;0.868;0.341;0.090;0.090;0.112;-1.107;371;2;13.476;69.370
2026.08.04 00:20:00;2026.08.04 11:47:40;SELL;135.85;4062.940;4073.554;4035.012;1.329;20.297;10.602;46.7;687.7;20.297;0.980;-10.631;687.7;-7828.00;sl;2;-0.536;0.006;-0.168;0.119;3.319;-0.697;0.237;-0.133;0.977;0.222;-0.248;-1.110;440;2;13.247;69.272
2026.08.04 11:49:00;2026.08.04 16:00:00;BUY;85.95;4077.159;4060.808;4118.989;2.006;16.606;16.269;121.2;24.7;7.331;16.269;10.153;251.0;87265.00;ea;1;1.707;0.063;1.358;-0.010;0.170;1.990;0.541;0.339;1.937;0.241;1.267;1.128;1129;2;11.789;69.272
2026.08.04 23:23:00;2026.08.05 00:35:31;SELL;128.32;4069.941;4081.473;4040.502;1.413;4.339;11.493;3.7;72.5;4.339;7.357;-11.543;72.5;-151082.00;sl;1;-0.282;-0.145;-0.416;-0.164;3.063;-0.976;0.924;-0.234;1.199;0.598;0.050;0.994;383;3;16.636;69.272
2026.08.05 00:47:00;2026.08.05 01:38:39;SELL;124.64;4078.391;4089.651;4049.672;1.379;0.706;11.257;16.3;51.6;0.706;11.257;-11.298;51.6;-143635.00;sl;1;-0.776;-0.146;-0.909;-0.199;2.229;-0.374;0.182;-0.085;1.758;0.520;0.039;0.177;467;3;16.146;70.931
2026.08.05 01:40:00;2026.08.05 02:46:13;BUY;83.00;4089.948;4074.265;4130.424;1.937;40.467;0.541;66.2;0.2;32.209;0.541;40.500;66.2;282586.00;tp;3;1.400;0.174;1.570;0.223;1.003;1.071;0.282;0.248;0.612;0.003;0.320;0.781;520;3;16.430;70.931
2026.08.05 03:03:00;2026.08.05 05:37:16;SELL;69.04;4128.555;4149.696;4072.777;2.652;1.158;21.123;0.3;154.3;1.158;8.218;-21.149;154.3;-148933.00;sl;1;-3.183;-0.398;-3.546;-0.292;4.860;-3.170;0.922;-0.792;1.611;0.483;0.078;-3.290;603;3;17.728;70.931
2026.08.05 06:11:00;2026.08.05 14:08:39;BUY;63.98;4171.179;4149.791;4226.235;2.636;55.047;21.182;477.6;245.2;8.432;10.371;55.067;477.6;296105.00;tp;3;5.316;0.847;6.021;0.519;-3.846;5.869;1.451;1.393;1.712;0.524;0.271;4.274;791;3;16.838;70.931
2026.08.05 14:45:00;2026.08.05 16:00:00;BUY;46.90;4243.652;4211.315;4326.296;3.965;21.664;11.362;41.7;74.7;21.664;10.573;-10.678;75.0;-51081.00;ea;1;6.178;0.901;7.542;0.851;-6.367;7.947;2.443;2.415;0.295;0.295;0.190;4.057;1305;3;21.554;70.931
2026.08.05 23:16:00;2026.08.06 00:35:01;BUY;134.08;4258.808;4247.687;4287.322;1.367;28.500;1.308;79.0;3.6;23.178;1.308;28.586;79.0;314164.00;tp;3;5.307;1.108;7.928;1.358;-7.327;8.965;2.785;2.629;1.981;0.057;0.429;0.284;376;4;20.798;70.931
2026.08.06 00:48:00;2026.08.06 03:25:38;BUY;56.66;4291.350;4262.261;4366.968;3.611;12.933;29.069;77.7;157.6;11.614;18.625;-29.101;157.6;-168184.00;sl;1;6.167;1.087;8.532;1.472;-0.423;0.598;0.409;0.174;0.391;0.391;0.309;1.813;468;4;22.148;76.288
2026.08.06 03:47:00;2026.08.06 09:02:35;SELL;73.19;4261.493;4283.102;4206.227;2.651;14.284;21.578;106.2;315.6;8.588;6.088;-21.673;315.6;-161797.00;sl;1;-3.744;-0.990;-6.453;-1.266;7.703;0.669;0.578;0.218;0.463;0.060;0.138;0.465;647;4;24.834;76.288
2026.08.06 09:17:00;2026.08.06 11:22:31;BUY;79.54;4282.279;4263.633;4330.505;2.306;2.476;18.644;6.7;125.5;2.476;14.303;-18.699;125.5;-151707.00;sl;1;4.504;0.860;8.185;1.652;-0.014;0.203;0.751;0.055;0.865;0.377;0.011;1.179;977;4;20.493;76.288
2026.08.06 11:23:00;2026.08.06 16:00:00;SELL;103.93;4263.697;4277.478;4227.385;1.727;34.528;11.886;272.7;168.7;10.275;3.638;29.571;277.0;294425.00;ea;3;-3.466;-0.834;-7.627;-1.687;9.847;0.734;0.751;0.189;0.697;0.188;0.282;-0.129;1103;4;19.651;76.288
2026.08.06 23:15:00;2026.08.07 00:38:40;BUY;165.05;4245.573;4236.154;4270.384;1.180;7.670;9.359;41.7;83.7;7.670;2.520;-9.429;83.7;-168103.00;sl;1;1.639;0.342;6.098;1.405;1.895;-1.693;1.064;-0.427;0.230;0.230;0.225;-0.077;375;5;19.216;76.288
2026.08.07 00:40:00;2026.08.07 01:21:39;SELL;105.26;4235.724;4249.933;4199.277;1.747;5.975;14.197;19.3;41.6;5.975;14.197;-14.233;41.6;-152813.00;sl;1;-1.092;-0.333;-5.469;-1.337;0.669;0.886;0.237;0.224;1.899;0.304;0.234;0.125;460;5;18.808;74.356
2026.08.07 01:37:00;2026.08.07 08:13:41;BUY;63.31;4243.027;4221.008;4300.141;2.729;57.075;1.358;396.7;0.2;18.716;1.358;57.115;396.7;304085.00;tp;3;1.377;0.290;5.632;1.303;3.140;-0.480;0.316;-0.126;0.357;0.357;-0.052;0.034;517;5;19.511;74.356
2026.08.07 08:24:00;2026.08.07 08:33:39;SELL;97.93;4294.129;4310.156;4252.595;1.985;0.777;15.958;5.2;9.7;0.777;15.958;-16.046;9.7;-160281.00;sl;1;-3.962;-0.756;-9.402;-1.760;4.511;-2.653;0.957;-0.561;2.805;0.262;0.026;-1.804;924;5;15.734;74.356
2026.08.07 08:43:00;2026.08.07 12:31:39;BUY;77.07;4309.552;4290.531;4358.750;2.352;49.179;8.715;228.7;226.7;4.879;7.462;49.260;228.7;319864.00;tp;3;4.904;0.793;10.345;1.798;-0.335;3.633;1.174;0.769;2.571;0.028;0.965;2.863;943;5;15.734;74.356
2026.08.07 12:33:00;2026.08.07 14:12:15;BUY;60.43;4354.942;4328.036;4424.351;3.321;17.027;26.901;15.3;99.2;17.027;15.971;-26.940;99.2;-166054.00;sl;1;6.386;1.007;11.738;1.869;-2.980;6.032;1.782;1.379;2.650;0.298;2.328;2.561;1173;5;17.001;74.356
2026.08.07 14:19:00;2026.08.07 16:00:00;BUY;40.13;4346.000;4307.561;4445.757;4.765;12.505;6.404;65.0;95.2;11.057;6.034;-4.838;101.0;-19803.00;ea;1;4.045;0.830;8.427;1.387;-1.841;4.131;1.916;1.259;0.177;0.177;0.557;1.444;1279;5;22.660;74.356
2026.08.09 23:00:00;2026.08.10 06:46:37;SELL;102.87;4341.637;4356.799;4302.994;1.855;28.198;15.139;161.2;466.6;9.506;7.776;-15.173;466.6;-11751.00;sl;2;-2.956;-0.650;-7.641;-1.659;5.175;0.284;0.204;0.079;1.922;0.076;-0.056;-0.001;360;1;21.666;78.267
2026.08.10 06:56:00;2026.08.10 10:03:04;BUY;83.61;4357.647;4339.383;4403.856;2.223;4.517;18.239;49.7;187.1;4.517;7.804;-18.297;187.1;-156041.00;sl;1;3.993;0.632;10.217;2.035;-0.513;1.513;0.607;0.336;2.559;0.142;0.587;2.264;836;1;16.552;74.525
2026.08.10 10:23:00;2026.08.10 11:13:29;BUY;115.01;4344.057;4331.458;4375.382;1.515;0.137;12.574;0.2;50.5;0.137;12.574;-12.616;50.5;-147999.00;sl;1;2.837;0.694;9.565;2.066;0.326;0.733;0.657;0.154;0.380;0.380;0.229;-0.043;1043;1;15.629;74.525
2026.08.10 11:50:00;2026.08.10 14:26:39;SELL;109.97;4332.923;4345.687;4300.167;1.570;16.099;12.743;129.3;156.7;8.642;4.978;-12.764;156.7;-143173.00;sl;1;-2.120;-0.602;-9.137;-2.098;0.068;-0.021;0.657;-0.004;2.167;0.192;0.209;1.604;1130;1;15.190;74.525
2026.08.10 14:52:00;2026.08.10 16:00:00;SELL;56.32;4344.574;4367.976;4284.461;2.880;1.737;15.317;2.7;67.7;1.737;12.533;-14.016;68.0;-80517.00;ea;1;-2.588;-0.412;-9.290;-1.980;0.816;-0.770;0.657;-0.161;2.867;0.294;0.171;-0.303;1312;1;15.550;74.525
2026.08.10 23:20:00;2026.08.11 00:04:42;SELL;128.49;4394.994;4405.085;4369.970;1.211;0.101;10.066;3.6;44.7;0.101;10.066;-10.099;44.7;-132357.00;sl;1;-4.479;-0.928;-11.493;-2.156;4.037;-3.992;1.193;-0.837;2.879;0.319;0.367;-2.035;380;2;15.631;74.525
2026.08.11 00:08:00;2026.08.11 01:55:15;BUY;102.33;4404.262;4392.564;4434.005;1.429;29.726;10.786;107.2;55.3;15.121;10.786;29.754;107.2;255904.00;tp;3;4.969;0.996;11.865;2.262;-0.106;0.134;0.111;0.027;2.994;0.376;0.440;1.435;428;2;15.275;75.772
2026.08.11 02:15:00;2026.08.11 02:54:15;BUY;53.34;4433.868;4409.031;4498.889;3.099;1.478;24.829;1.2;39.2;1.478;24.829;-24.863;39.2;-135272.00;sl;1;5.265;0.949;11.340;1.931;-1.689;1.712;0.543;0.418;0.872;0.332;0.371;2.271;555;2;18.491;75.772
2026.08.11 03:21:00;2026.08.11 05:20:29;BUY;62.42;4417.339;4397.196;4470.500;2.528;4.306;20.132;9.7;119.5;4.306;6.473;-20.158;119.5;-128343.00;sl;1;3.988;0.847;9.841;1.781;-0.746;0.768;0.553;0.200;1.658;0.135;0.307;1.123;621;2;19.693;75.772
2026.08.11 05:43:00;2026.08.11 12:13:28;SELL;55.25;4374.641;4396.496;4318.409;2.693;17.759;21.846;117.7;390.5;14.664;8.030;-21.886;390.5;-123339.00;sl;1;-1.661;-0.746;-7.586;-1.841;3.211;1.441;0.832;0.364;1.287;0.242;0.883;2.313;763;2;19.139;75.772
2026.08.11 12:22:00;2026.08.11 15:34:37;BUY;60.20;4398.421;4379.625;4447.687;2.347;5.823;18.781;83.7;192.5;2.659;11.101;-18.819;192.6;-115556.00;sl;1;2.456;0.361;8.177;1.740;0.220;-0.197;1.039;-0.050;0.082;0.082;0.293;1.880;1162;2;19.200;75.772
2026.08.11 15:37:00;2026.08.11 16:00:00;SELL;50.23;4377.839;4399.473;4322.047;2.670;8.649;6.356;4.7;22.7;8.649;6.356;-6.183;23.0;-31678.00;ea;1;-1.142;-0.367;-6.885;-1.636;3.244;1.223;1.039;0.322;1.397;0.393;0.498;0.389;1357;2;19.930;75.772
2026.08.11 23:01:00;2026.08.12 00:14:38;SELL;106.80;4368.734;4378.900;4342.976;1.239;5.926;10.131;5.3;73.6;5.926;5.878;-10.191;73.6;-111017.00;sl;1;-0.661;-0.159;-8.195;-1.892;3.859;2.326;1.039;0.442;1.301;0.607;0.575;0.032;361;3;14.395;75.772
2026.08.12 00:31:00;2026.08.12 09:23:31;BUY;65.55;4380.749;4365.458;4419.894;1.877;39.122;3.218;532.5;25.2;13.303;3.218;39.150;532.5;215722.00;tp;3;1.490;0.192;9.029;1.965;3.950;0.666;0.199;0.117;1.393;0.669;0.414;0.745;451;3;13.822;79.020
2026.08.12 09:26:00;2026.08.12 12:22:38;BUY;81.19;4419.585;4405.910;4454.322;1.669;1.411;13.666;62.2;176.6;0.971;8.877;-13.701;176.6;-113463.00;sl;1;3.271;0.492;10.675;1.979;1.116;3.402;0.734;0.608;2.153;0.029;0.617;1.730;986;3;14.124;79.020
2026.08.12 12:30:00;2026.08.12 12:30:28;BUY;69.54;4427.400;4412.250;4464.887;1.815;5.320;15.038;0.3;0.5;5.320;15.038;-15.241;0.5;-108106.00;sl;1;3.218;0.523;9.995;1.887;0.520;3.658;0.769;0.707;1.480;0.170;1.283;1.365;1170;3;15.272;79.020
2026.08.12 12:33:00;2026.08.12 16:00:00;BUY;44.11;4417.616;4394.957;4475.235;2.768;23.807;9.244;27.3;67.7;23.807;3.564;3.232;207.0;14270.00;ea;1;2.602;0.498;9.379;1.862;1.161;3.017;0.840;0.583;2.121;0.156;0.602;0.811;1173;3;15.272;79.020
2026.08.12 23:21:00;2026.08.13 00:20:28;BUY;114.43;4408.043;4399.246;4430.191;1.067;22.132;0.908;59.5;20.2;22.132;0.908;22.182;59.5;193587.00;tp;3;0.926;0.215;6.095;1.397;1.353;1.808;0.950;0.462;2.078;0.097;0.188;0.007;381;4;20.187;79.020
2026.08.13 00:52:00;2026.08.13 05:59:40;SELL;57.95;4431.223;4450.521;4381.279;2.388;49.937;4.549;307.7;14.3;20.643;4.549;49.976;307.7;243420.00;tp;3;-1.954;-0.251;-6.853;-1.383;3.170;-0.812;0.463;-0.208;1.526;0.060;0.480;-0.990;472;4;20.466;79.867
2026.08.13 06:05:00;2026.08.13 12:30:04;SELL;62.29;4378.094;4398.021;4327.199;2.442;13.884;19.916;126.7;385.1;9.021;3.989;-20.070;385.1;-127516.00;sl;1;0.749;-0.007;-4.602;-1.338;0.637;1.979;0.921;0.457;1.523;0.439;0.485;1.658;785;4;18.443;79.867
2026.08.13 12:31:00;2026.08.13 13:51:38;BUY;73.10;4389.888;4374.002;4431.336;1.977;12.395;15.876;29.3;80.6;12.395;9.141;-15.912;80.6;-118643.00;sl;1;-0.020;-0.053;5.234;1.185;3.010;-1.443;1.075;-0.309;0.591;0.007;0.166;0.949;1171;4;17.123;79.867
2026.08.13 13:53:00;2026.08.13 16:00:00;SELL;36.36;4372.450;4403.014;4293.402;3.780;14.943;15.061;37.7;55.7;14.943;15.061;7.177;127.0;26096.00;ea;1;0.986;0.031;-4.094;-1.102;0.343;2.368;1.075;0.528;1.261;0.138;0.330;0.436;1253;4;17.797;79.867
2026.08.13 23:02:00;2026.08.14 01:10:59;SELL;103.58;4353.618;4364.643;4324.630;1.380;28.975;10.855;129.0;45.7;4.355;10.855;28.992;129.0;252789.00;tp;3;1.559;0.351;-2.903;-0.784;-0.735;3.522;1.328;0.764;0.209;0.209;0.328;0.231;362;5;17.317;79.867
2026.08.14 01:41:00;2026.08.14 12:31:38;BUY;47.80;4319.180;4293.211;4385.620;3.187;66.390;8.353;650.6;33.7;4.166;8.353;66.495;650.6;266921.00;tp;3;-3.069;-0.390;0.805;0.594;6.954;-1.990;0.606;-0.461;1.641;0.044;-0.012;-1.597;521;5;18.780;80.988
2026.08.14 12:39:00;2026.08.14 13:36:40;SELL;83.15;4377.200;4393.994;4334.014;2.068;6.801;16.774;21.7;57.7;6.801;16.774;-16.797;57.7;-142460.00;sl;1;-0.727;0.070;-4.207;-0.614;2.129;-1.312;0.941;-0.255;1.728;0.457;0.115;-1.853;1179;5;15.743;80.988
2026.08.14 13:50:00;2026.08.14 16:00:00;SELL;60.23;4386.686;4408.589;4329.811;2.716;7.763;8.309;57.2;35.7;7.763;8.309;-5.311;130.0;-32628.00;ea;1;-1.234;-0.019;-4.592;-0.612;2.621;-1.837;1.064;-0.372;2.236;0.407;0.341;-1.959;1250;5;16.409;80.988
2026.08.16 23:29:00;2026.08.17 00:18:03;SELL;105.18;4374.519;4387.019;4342.511;1.535;7.262;12.468;8.2;49.0;7.262;12.468;-12.513;49.0;-134244.00;sl;1;-0.282;-0.106;-3.924;-0.913;4.481;0.344;0.182;0.060;1.725;0.318;0.378;0.360;389;1;14.214;80.822
2026.08.17 00:31:00;2026.08.17 16:00:00;BUY;73.97;4391.449;4374.953;4434.852;2.065;36.419;14.167;924.7;735.2;25.178;3.918;35.971;929.0;251871.00;ea;3;1.350;0.132;4.659;0.877;-0.302;1.415;0.306;0.277;0.569;0.569;0.654;0.931;451;1;15.026;76.758
2026.08.17 23:17:00;2026.08.18 01:47:28;BUY;153.68;4417.835;4409.075;4440.851;1.096;18.446;8.747;103.3;150.5;12.234;1.471;-8.793;150.5;-16245.00;sl;2;1.662;0.321;5.213;1.095;-2.028;3.126;0.790;0.621;2.110;0.142;0.394;0.254;377;2;15.246;76.758
2026.08.18 02:04:00;2026.08.18 15:20:40;SELL;71.02;4402.704;4421.804;4353.390;2.359;49.296;4.603;796.7;697.7;8.536;2.968;49.317;796.7;294453.00;tp;3;-0.427;-0.268;-3.546;-0.937;1.995;1.328;0.460;0.300;0.156;0.156;0.289;0.785;544;2;17.351;76.776
2026.08.18 15:33:00;2026.08.18 16:00:00;BUY;45.73;4357.166;4324.687;4441.278;4.020;9.579;0.688;20.7;4.7;9.579;0.688;7.818;27.0;35752.00;ea;1;-2.187;-0.161;0.725;0.640;4.428;-4.245;1.105;-0.893;2.652;0.175;-0.110;-2.037;1353;2;16.154;76.776
2026.08.18 23:04:00;2026.08.19 11:01:39;BUY;110.72;4335.932;4322.356;4370.746;1.669;34.801;11.550;717.6;118.7;4.785;8.833;34.827;717.6;317777.00;tp;3;-2.751;-0.549;-0.572;0.279;5.626;-5.447;1.399;-1.170;0.853;0.247;0.070;-1.315;364;3;16.488;76.776
2026.08.19 11:02:00;2026.08.19 12:36:43;BUY;156.80;4369.976;4359.376;4396.666;1.286;26.684;8.093;94.7;61.2;4.141;6.985;26.712;94.7;351507.00;tp;3;-0.082;-0.139;1.635;0.082;4.705;2.612;0.569;0.451;2.130;0.002;0.113;1.374;1082;3;14.094;81.586
2026.08.19 12:57:00;2026.08.19 16:00:00;BUY;63.76;4437.931;4409.108;4512.448;3.563;60.784;13.842;106.3;9.3;28.441;13.842;55.784;183.0;359696.00;ea;3;4.724;0.086;6.430;0.334;-0.121;7.688;1.423;1.284;0.886;0.152;1.892;6.090;1197;3;13.628;81.586
2026.08.19 23:07:00;2026.08.20 00:00:14;BUY;153.31;4523.585;4510.425;4557.337;1.618;0.000;13.151;0.0;53.2;0.000;13.151;-13.171;53.2;-232581.00;sl;1;4.694;0.955;6.892;0.850;-3.798;8.284;2.491;2.334;1.149;0.279;0.158;1.482;367;4;22.986;81.586
2026.08.20 00:04:00;2026.08.20 01:01:30;BUY;140.42;4516.867;4503.326;4551.240;1.652;4.322;13.526;14.7;57.5;4.322;13.526;-13.565;57.5;-194289.00;sl;1;4.245;0.935;6.356;1.073;0.466;0.216;0.099;0.056;1.440;0.136;0.082;0.949;424;4;23.002;89.190
2026.08.20 01:05:00;2026.08.20 14:57:21;SELL;91.01;4493.249;4513.334;4441.243;2.486;42.599;20.071;662.3;832.4;8.557;10.252;-20.097;832.4;178036.00;sl;3;-3.030;-0.826;-5.226;-1.006;7.147;0.789;0.321;0.209;1.830;0.138;0.642;0.699;485;4;23.629;89.190
2026.08.20 15:35:00;2026.08.20 16:00:00;SELL;54.89;4523.948;4558.695;4432.863;4.339;14.457;3.234;8.7;0.3;14.457;3.234;1.913;25.0;10501.00;ea;1;-4.001;-0.518;-7.718;-1.398;11.010;-0.665;1.016;-0.135;1.321;0.218;0.589;-2.077;1355;4;18.126;89.190
2026.08.20 23:04:00;2026.08.21 00:12:40;BUY;194.46;4529.494;4519.731;4553.686;1.171;3.407;9.760;8.7;65.7;3.407;8.598;-9.769;68.7;-205021.00;sl;1;3.209;0.654;7.085;1.325;-0.101;0.928;1.016;0.197;1.081;0.027;0.394;0.470;364;5;18.965;89.190
2026.08.21 00:32:00;2026.08.21 01:31:29;SELL;111.62;4516.046;4532.395;4473.872;2.018;7.172;16.310;28.3;59.5;7.172;16.310;-16.351;59.5;-186160.00;sl;1;-2.404;-0.610;-6.125;-1.319;3.458;0.542;0.159;0.114;0.845;0.318;0.087;0.391;452;5;18.986;90.578
2026.08.21 01:32:00;2026.08.21 08:42:38;BUY;87.09;4532.356;4512.802;4583.601;2.441;51.232;14.255;430.6;40.7;11.521;14.255;51.278;430.6;375700.00;tp;3;3.084;0.570;6.813;1.325;0.447;0.311;0.283;0.066;0.911;0.395;0.431;0.596;512;5;19.372;90.578
2026.08.21 09:00:00;2026.08.21 12:39:32;BUY;102.95;4584.178;4565.812;4631.545;2.267;20.415;18.364;157.7;219.5;17.945;3.947;-18.404;219.5;-193259.00;sl;1;4.892;0.908;9.466;1.662;-2.399;3.215;0.844;0.639;0.879;0.324;0.136;2.463;960;5;17.992;90.578
2026.08.21 12:48:00;2026.08.21 16:00:00;BUY;72.83;4577.774;4553.139;4640.385;3.008;37.570;4.648;189.2;47.3;13.226;4.648;36.675;192.0;267104.00;ea;1;3.784;0.934;8.330;1.652;-1.950;2.729;1.060;0.568;1.179;0.118;-0.016;-0.174;1188;5;18.847;90.578
2026.08.23 23:23:00;2026.08.24 00:27:13;BUY;106.04;4613.126;4594.948;4659.447;2.224;27.905;18.164;51.3;64.2;27.905;5.562;-18.180;64.2;-196636.00;sl;1;3.612;0.794;8.466;1.832;0.949;-0.126;0.183;-0.028;1.842;0.343;0.291;-0.671;383;1;20.023;90.726
2026.08.24 00:51:00;2026.08.24 16:00:00;BUY;61.90;4614.250;4584.696;4690.958;3.664;66.723;6.284;764.3;40.7;20.964;6.284;34.770;909.0;312744.00;ea;3;3.579;0.780;8.343;1.853;0.529;-0.508;0.536;-0.114;1.824;0.293;0.394;-0.375;471;1;19.602;87.125
2026.08.24 23:17:00;2026.08.25 01:26:42;BUY;187.06;4675.922;4665.306;4702.987;1.299;21.125;10.604;85.3;129.7;15.952;8.468;-10.627;129.7;-25533.00;sl;2;3.323;0.540;8.995;1.776;-2.466;2.486;0.994;0.594;1.157;0.196;0.375;2.044;377;2;20.807;87.125
2026.08.25 01:48:00;2026.08.25 16:00:00;SELL;65.88;4670.222;4700.429;4593.246;3.696;64.757;5.782;719.7;1.7;39.987;5.782;17.388;852.0;295059.00;ea;3;-2.719;-0.613;-8.184;-1.729;3.565;0.450;0.379;0.110;0.950;0.010;0.078;-0.985;528;2;21.285;87.233
2026.08.25 23:04:00;2026.08.26 00:23:38;SELL;200.00;4670.988;4680.726;4645.764;1.206;25.199;1.935;79.6;1.2;18.451;1.935;25.228;79.6;424488.00;tp;3;-2.151;-0.403;-8.012;-1.563;4.161;0.478;1.053;0.101;1.139;0.054;0.070;-1.376;364;3;18.422;87.233
2026.08.26 00:37:00;2026.08.26 01:57:37;SELL;153.18;4642.271;4657.760;4602.907;1.891;12.738;15.481;23.3;80.6;12.738;8.355;-15.529;80.6;-242631.00;sl;1;-0.614;-0.336;-6.359;-1.525;2.053;0.685;0.202;0.136;2.341;0.126;0.219;0.936;457;3;18.056;91.001
2026.08.26 02:25:00;2026.08.26 13:16:27;SELL;101.11;4659.039;4681.170;4601.645;2.742;57.377;11.855;651.5;18.7;12.933;11.855;57.403;651.5;488101.00;tp;3;-1.299;-0.254;-6.549;-1.410;2.693;-0.220;0.358;-0.048;0.452;0.452;0.050;0.352;565;3;19.991;91.001
2026.08.26 14:16:00;2026.08.26 16:00:00;SELL;72.68;4620.487;4654.532;4532.840;4.196;37.327;6.718;60.7;6.3;34.480;6.718;24.013;104.0;174527.00;ea;1;0.627;0.115;-4.820;-1.238;0.898;2.006;0.800;0.375;1.204;0.029;0.252;-0.036;1276;3;17.022;91.001
2026.08.26 23:02:00;2026.08.27 07:26:38;BUY;176.12;4608.382;4593.944;4644.816;1.754;34.799;14.426;179.7;504.6;16.677;1.411;-14.461;504.6;208283.00;sl;3;-0.775;-0.276;3.831;0.867;5.148;-2.686;0.964;-0.508;2.416;0.094;-0.098;0.623;362;4;17.224;91.001
2026.08.27 07:31:00;2026.08.27 09:37:31;BUY;147.89;4600.979;4583.081;4645.851;2.164;6.003;17.876;37.7;126.5;6.003;6.175;-17.935;126.5;-270546.00;sl;1;-1.101;-0.132;2.994;0.756;3.964;-1.280;0.540;-0.243;2.790;0.513;0.047;-1.925;871;4;17.572;92.379
2026.08.27 09:51:00;2026.08.27 11:31:42;SELL;152.49;4581.895;4598.626;4538.691;2.067;12.786;16.686;13.2;100.7;12.786;6.377;-16.745;100.7;-260451.00;sl;1;2.081;0.266;-1.858;-0.702;-0.058;2.396;0.709;0.450;1.839;0.109;0.483;1.366;1011;4;17.347;92.379
2026.08.27 11:49:00;2026.08.27 15:55:04;SELL;165.43;4595.674;4610.329;4558.263;1.795;30.619;14.626;119.7;246.1;11.155;5.859;-14.662;246.1;231285.00;sl;3;1.077;0.271;-2.406;-0.674;0.676;1.471;0.805;0.301;2.418;0.300;-0.010;0.100;1129;4;18.893;92.379
2026.08.27 23:13:00;2026.08.28 01:53:31;SELL;200.00;4603.910;4614.410;4577.306;1.279;26.590;0.673;160.5;0.2;10.635;0.673;26.635;160.5;447328.00;tp;3;0.423;0.055;-2.719;-0.610;1.213;1.129;0.849;0.212;0.226;0.226;0.373;0.065;373;5;17.323;92.379
2026.08.28 01:54:00;2026.08.28 06:49:28;SELL;128.91;4576.188;4597.553;4519.652;2.686;4.567;21.363;229.7;295.5;0.923;13.558;-21.400;295.5;-281385.00;sl;1;1.881;0.193;-1.099;-0.513;0.660;1.067;0.289;0.198;1.517;0.358;0.282;1.494;534;5;17.265;93.097
2026.08.28 07:10:00;2026.08.28 13:58:05;SELL;136.24;4601.020;4620.217;4551.781;2.360;11.811;19.195;329.7;408.1;4.253;13.904;-19.230;408.1;-267229.00;sl;1;0.233;0.194;-2.653;-0.555;2.291;-0.405;0.453;-0.069;0.065;0.065;0.353;-0.915;850;5;15.811;93.097
2026.08.28 14:06:00;2026.08.28 16:00:00;SELL;66.87;4558.674;4595.516;4462.185;4.598;34.655;24.667;113.7;58.7;28.823;24.667;34.184;114.0;228234.00;ea;1;2.511;0.144;0.118;-0.335;-0.350;2.058;0.826;0.386;0.497;0.497;2.841;2.708;1266;5;17.466;93.097
2026.08.30 23:05:00;2026.08.30 23:45:36;BUY;130.68;4462.541;4442.948;4512.512;2.399;4.350;19.575;4.2;40.6;4.350;19.575;-19.607;40.6;-261349.00;sl;1;-3.439;-0.786;-2.824;-0.378;5.605;0.776;0.294;0.256;1.237;0.246;0.126;-0.046;365;1;30.276;91.852
2026.08.30 23:58:00;2026.08.31 01:10:39;BUY;128.02;4456.895;4437.915;4505.729;2.338;15.528;18.977;42.3;72.7;15.528;4.802;-19.001;72.7;-248116.00;sl;1;-3.618;-0.794;-3.003;-0.385;5.791;0.590;0.340;0.194;1.424;0.103;0.281;0.127;418;1;30.276;91.852
2026.08.31 01:19:00;2026.08.31 02:32:42;BUY;73.67;4449.545;4418.250;4529.890;3.850;4.965;31.284;3.7;73.7;4.965;31.272;-31.314;73.7;-235304.00;sl;1;-3.333;-0.693;-2.910;-0.517;0.534;-0.270;0.410;-0.098;0.014;0.014;-0.385;-0.296;499;1;32.464;89.359
2026.08.31 02:34:00;2026.08.31 07:25:05;SELL;63.25;4410.981;4445.831;4320.242;4.331;14.388;34.847;14.7;290.7;14.388;23.348;-34.854;291.1;-224861.00;sl;1;4.195;0.708;3.922;0.546;-0.735;1.411;0.688;0.530;0.327;0.029;0.327;1.258;574;1;33.537;89.359
2026.08.31 07:46:00;2026.08.31 13:46:42;BUY;114.49;4447.337;4429.208;4495.173;2.275;16.725;18.100;222.7;360.7;2.218;13.006;-18.170;360.7;-212189.00;sl;1;-3.259;-0.822;-3.578;-0.786;0.762;-0.427;0.852;-0.123;0.104;0.104;0.120;0.946;886;1;25.677;89.359
2026.08.31 14:10:00;2026.08.31 16:00:00;BUY;73.66;4427.129;4400.391;4496.572;3.317;10.772;10.873;65.7;14.7;9.370;10.873;-1.057;110.0;-7942.00;ea;1;-4.054;-0.785;-5.219;-1.002;1.988;-1.559;0.852;-0.349;1.144;0.144;0.253;-1.077;1270;1;20.000;89.359
2026.08.31 23:09:00;2026.09.01 00:09:28;SELL;200.00;4445.930;4455.257;4422.379;1.134;4.035;9.326;12.6;60.5;4.035;8.851;-9.363;60.5;-191005.00;sl;1;2.739;0.615;4.936;1.108;0.642;0.770;0.852;0.138;2.860;0.369;-0.001;-0.855;369;2;16.057;89.359
2026.09.01 00:22:00;2026.09.01 01:06:04;BUY;136.40;4460.664;4446.953;4495.462;1.673;0.814;13.695;30.7;44.0;0.814;13.695;-13.717;44.1;-190842.00;sl;1;-1.806;-0.515;-3.967;-1.032;0.750;0.538;0.180;0.098;2.508;0.595;0.516;1.695;442;2;15.683;86.040
2026.09.01 01:16:00;2026.09.01 08:09:41;SELL;90.60;4446.069;4465.916;4394.920;2.448;51.104;3.315;413.7;56.7;9.685;3.315;51.158;413.7;389540.00;tp;3;2.552;0.518;4.748;1.043;3.098;0.383;0.205;0.071;2.869;0.378;0.423;0.262;496;2;16.056;86.040
2026.09.01 08:19:00;2026.09.01 13:09:41;SELL;80.48;4395.324;4420.054;4331.419;3.056;63.871;3.456;290.7;2.3;28.775;3.456;63.918;290.7;432407.00;tp;3;4.919;0.714;7.540;1.173;-0.065;3.641;0.840;0.661;2.901;0.341;1.029;2.243;919;2;15.626;86.040
2026.09.01 13:26:00;2026.09.01 16:00:00;BUY;70.69;4338.739;4307.823;4419.267;3.843;36.993;0.992;58.3;2.2;36.993;0.992;34.358;154.0;242877.00;ea;1;-5.668;-0.997;-8.390;-1.152;6.725;-5.709;1.574;-1.319;0.567;0.063;0.494;-1.710;1226;2;19.877;86.040
2026.09.01 23:02:00;2026.09.02 01:51:28;SELL;200.00;4327.625;4337.525;4302.460;1.209;25.128;8.401;169.4;38.6;6.989;8.401;25.176;169.5;422855.00;tp;3;4.300;0.940;7.835;1.369;-3.254;5.901;1.614;1.448;1.308;0.361;0.015;0.742;362;3;21.114;86.040
2026.09.02 02:07:00;2026.09.02 13:59:28;BUY;79.32;4300.169;4268.417;4382.344;3.929;82.165;17.942;712.5;88.7;14.443;10.934;82.221;712.5;548188.00;tp;3;-5.235;-1.035;-9.235;-1.625;8.045;-1.223;0.514;-0.266;2.485;0.490;0.160;-1.456;547;3;20.054;92.119
2026.09.02 14:07:00;2026.09.02 16:00:00;BUY;95.21;4389.164;4359.834;4464.998;3.626;8.603;24.767;3.7;98.7;8.603;15.191;-16.269;113.0;-157995.00;ea;1;0.541;-0.261;-3.653;-1.344;3.267;2.912;1.177;0.700;0.489;0.038;0.560;3.889;1267;3;22.144;92.119
2026.09.02 23:15:00;2026.09.03 00:52:27;SELL;200.00;4384.068;4392.980;4362.026;1.067;2.871;8.864;21.2;97.4;2.871;8.803;-8.930;97.5;-182172.00;sl;1;-0.341;-0.079;4.258;1.205;3.307;-3.198;1.254;-0.645;1.835;0.219;0.039;-0.670;375;4;18.566;92.119
2026.09.03 00:58:00;2026.09.03 04:08:39;BUY;171.95;4394.169;4378.917;4432.871;1.860;38.667;6.752;190.7;4.3;15.807;6.752;38.731;190.7;559286.00;tp;3;0.886;0.126;-3.734;-1.051;0.203;0.471;0.122;0.089;0.328;0.328;0.402;0.370;478;4;17.756;93.423
2026.09.03 04:26:00;2026.09.03 06:23:40;BUY;199.26;4435.947;4421.382;4473.084;1.783;4.423;14.540;34.6;117.7;4.423;13.432;-14.579;117.7;-296311.00;sl;1;2.885;0.430;-1.422;-0.710;-2.176;2.858;0.582;0.537;0.801;0.231;0.077;2.680;686;4;17.543;93.423
2026.09.03 06:24:00;2026.09.03 08:07:43;SELL;130.52;4422.572;4443.932;4367.043;2.651;3.517;21.344;1.3;103.7;3.517;9.325;-21.366;103.7;-284446.00;sl;1;-2.397;-0.625;2.667;0.915;9.901;-2.593;0.618;-0.394;1.592;0.181;0.633;-0.923;804;4;14.175;93.423
2026.09.03 08:40:00;2026.09.03 12:30:27;SELL;131.65;4434.328;4454.426;4382.313;2.487;15.224;20.024;104.7;230.4;3.558;7.808;-20.120;230.4;-270177.00;sl;1;-2.950;-0.593;1.754;0.683;10.558;-3.368;0.654;-0.519;2.383;0.300;0.172;0.200;940;4;14.406;93.423
2026.09.03 12:34:00;2026.09.03 16:00:00;BUY;118.88;4468.185;4447.351;4523.020;2.609;42.768;11.644;165.7;75.3;27.960;8.552;24.987;206.0;353326.00;ea;2;4.568;0.613;0.524;-0.403;-4.671;5.464;0.935;0.882;2.110;0.120;1.776;1.943;1174;4;15.075;93.423
2026.09.03 23:04:00;2026.09.04 04:00:31;BUY;200.00;4476.363;4466.116;4502.399;1.251;11.169;10.208;116.3;296.5;4.060;4.768;-10.254;296.5;-220530.00;sl;1;2.553;0.547;0.714;0.023;-4.012;4.622;1.374;0.969;1.206;0.186;0.096;-0.594;364;5;19.592;93.423
2026.09.04 04:25:00;2026.09.04 12:30:19;BUY;200.00;4470.336;4458.504;4500.412;1.445;20.569;11.508;203.7;485.3;4.961;3.042;-11.868;485.3;-242107.00;sl;1;2.213;0.563;0.465;0.191;2.572;-0.625;0.231;-0.103;1.878;0.612;0.168;-0.384;685;5;15.795;95.903
2026.09.04 12:36:00;2026.09.04 13:43:40;SELL;74.22;4389.634;4422.528;4304.451;4.072;24.170;32.884;25.3;67.7;24.170;31.332;-32.900;67.7;-249037.00;sl;1;3.944;-0.182;5.338;0.080;0.526;6.799;1.168;0.944;2.975;0.723;5.951;6.770;1176;5;13.321;95.903
2026.09.04 13:47:00;2026.09.04 16:00:00;BUY;35.83;4427.538;4363.418;4595.193;7.992;21.458;15.657;95.3;16.3;14.900;15.657;9.181;133.0;32896.00;ea;1;-0.719;0.026;-1.755;0.021;4.223;-2.666;1.311;-0.549;1.137;0.125;0.464;-2.086;1247;5;19.753;95.903
2026.09.06 23:14:00;2026.09.07 01:13:02;SELL;199.87;4429.836;4441.674;4399.778;1.445;30.056;4.407;118.7;31.7;8.601;4.407;30.080;119.0;504823.00;tp;3;0.299;0.068;1.125;0.171;2.488;-0.302;0.177;-0.080;1.149;0.379;-0.017;-0.512;374;1;25.974;98.434
2026.09.07 01:31:00;2026.09.07 16:00:00;BUY;105.60;4404.702;4380.399;4467.004;2.986;19.263;23.769;421.7;603.7;12.282;1.972;9.669;869.0;102105.00;ea;1;-1.155;-0.132;-1.974;-0.265;1.152;-0.701;0.429;-0.196;1.720;0.201;0.307;-0.956;511;1;26.330;94.000
2026.09.07 23:05:00;2026.09.08 01:23:37;BUY;200.00;4412.125;4403.158;4434.558;1.083;22.399;3.372;138.6;11.7;15.986;3.372;22.437;138.6;369295.00;tp;3;-0.557;-0.175;-2.848;-0.762;1.856;-0.895;0.520;-0.117;3.070;0.638;0.439;0.051;365;2;12.336;94.000
2026.09.08 01:24:00;2026.09.08 06:15:38;BUY;108.38;4434.396;4408.542;4500.975;3.187;8.701;25.851;161.7;288.7;6.417;9.460;-25.856;291.6;-285832.00;sl;1;1.101;-0.008;-0.994;-0.585;-0.359;0.901;0.226;0.126;1.216;0.437;0.960;1.863;504;2;12.837;92.133
2026.09.08 06:44:00;2026.09.08 12:15:39;BUY;129.73;4407.239;4386.742;4459.891;2.522;2.236;20.455;22.2;331.6;2.236;16.028;-20.497;331.6;-271226.00;sl;1;-0.990;0.051;-2.749;-0.446;1.611;-1.114;0.489;-0.169;3.055;0.197;0.490;-1.375;824;2;13.996;92.133
2026.09.08 12:29:00;2026.09.08 16:00:00;BUY;130.12;4398.044;4378.649;4448.618;2.413;15.137;9.158;31.3;143.2;15.137;2.872;-3.152;211.0;-41834.00;ea;1;-1.077;-0.222;-2.609;-0.411;1.892;-1.477;0.629;-0.269;0.117;0.117;0.361;0.197;1169;2;16.776;92.133
2026.09.08 23:16:00;2026.09.09 00:59:13;SELL;200.00;4352.202;4363.180;4323.877;1.355;11.026;10.956;69.3;103.2;7.497;8.099;-10.987;103.2;-224135.00;sl;1;2.801;0.538;4.581;0.675;-1.588;3.904;1.063;0.767;0.122;0.122;0.137;1.951;376;3;18.093;92.133
2026.09.09 01:10:00;2026.09.09 13:23:37;BUY;113.19;4367.589;4346.470;4422.066;2.607;54.448;5.046;733.6;7.7;10.578;5.046;54.513;733.6;518486.00;tp;3;-1.724;-0.489;-3.448;-0.681;4.021;0.948;0.277;0.185;1.726;0.128;0.448;0.593;490;3;18.780;96.036
2026.09.09 13:42:00;2026.09.09 16:00:00;SELL;119.77;4418.324;4440.708;4360.722;2.758;43.008;14.146;100.7;78.7;8.429;10.660;19.341;138.0;318354.00;ea;2;-1.197;-0.059;0.759;0.520;4.646;-4.350;0.971;-0.714;1.163;0.528;0.616;-1.438;1242;3;15.756;96.036
2026.09.09 23:26:00;2026.09.10 01:02:37;SELL;200.00;4398.177;4409.509;4369.272;1.387;8.260;11.313;37.2;96.5;8.260;2.132;-11.353;96.6;-231601.00;sl;1;0.139;0.010;1.515;0.289;2.776;-2.532;0.971;-0.504;2.521;0.428;0.164;1.008;386;4;19.112;96.036
2026.09.10 01:03:00;2026.09.10 08:42:40;BUY;186.30;4410.021;4395.565;4447.915;1.805;24.984;14.435;297.3;459.7;9.068;4.701;-14.466;459.7;-274892.00;sl;1;0.473;0.001;-0.855;-0.286;1.269;0.843;0.216;0.164;2.102;0.525;0.504;0.643;483;4;19.019;97.668
2026.09.10 09:18:00;2026.09.10 10:36:38;BUY;168.01;4395.380;4380.168;4435.293;1.901;4.709;15.187;59.0;78.6;4.709;7.069;-15.223;78.6;-260877.00;sl;1;-0.550;0.098;-1.874;-0.322;2.495;0.090;0.464;0.014;0.297;0.297;0.022;-1.469;978;4;15.541;97.668
2026.09.10 10:52:00;2026.09.10 12:37:43;SELL;139.08;4379.491;4397.189;4334.191;2.172;45.293;11.640;105.7;49.7;4.192;11.640;45.311;105.7;529543.00;tp;3;1.592;0.040;3.017;0.382;2.621;0.984;0.587;0.148;2.004;0.645;0.324;3.168;1072;4;14.718;97.668
2026.09.10 13:20:00;2026.09.10 16:00:00;BUY;69.56;4349.394;4310.725;4449.687;4.792;27.123;4.449;65.7;6.3;26.613;4.449;16.662;160.0;115901.00;ea;1;-2.437;-0.350;-3.624;-0.383;4.304;-2.264;1.137;-0.457;0.031;0.031;0.037;-2.346;1220;4;19.694;97.668
2026.09.10 23:05:00;2026.09.11 03:22:39;BUY;200.00;4318.699;4306.373;4350.320;1.515;21.860;12.295;119.7;257.6;2.741;7.617;-12.333;257.6;-263168.00;sl;1;-2.805;-0.589;-4.374;-0.577;5.314;-3.465;1.243;-0.771;1.441;0.060;0.023;-1.408;365;5;21.727;97.668
2026.09.11 03:43:00;2026.09.11 12:49:14;BUY;123.63;4312.160;4290.997;4367.087;2.624;54.912;20.390;546.2;527.7;20.319;11.636;54.937;546.2;571265.00;tp;3;-2.731;-0.504;-4.504;-0.744;5.678;-0.139;0.371;-0.031;1.749;0.362;0.167;-0.190;643;5;21.634;98.405
2026.09.11 13:29:00;2026.09.11 16:00:00;BUY;56.96;4395.607;4344.659;4528.638;6.344;7.049;36.541;31.3;104.2;7.049;21.349;-28.747;151.0;-167018.00;ea;1;1.254;-0.036;-0.329;-0.582;1.632;3.332;1.068;0.817;0.182;0.182;0.268;2.154;1229;5;24.139;98.405
2026.09.13 23:10:00;2026.09.14 01:19:39;BUY;200.00;4341.848;4327.837;4376.854;1.690;5.804;13.994;63.2;129.7;4.585;12.208;-14.035;129.7;-286314.00;sl;1;-0.864;-0.165;-2.371;-0.467;2.658;0.099;0.149;0.024;0.356;0.356;0.120;-0.771;370;1;22.875;93.789
2026.09.14 01:25:00;2026.09.14 07:56:38;BUY;103.67;4335.534;4309.728;4401.152;3.153;19.750;25.800;67.2;391.6;19.677;7.145;-25.827;391.6;-273103.00;sl;1;-1.043;-0.202;-2.530;-0.460;0.304;0.120;0.240;0.030;0.633;0.195;0.128;-0.471;505;1;22.860;89.962
2026.09.14 08:15:00;2026.09.14 12:56:39;SELL;140.70;4313.014;4331.318;4266.281;2.243;46.706;3.311;281.6;22.7;9.486;3.311;46.736;281.6;552515.00;tp;3;2.455;0.416;4.735;0.856;-0.985;1.267;0.528;0.220;0.833;0.193;-0.129;1.061;915;1;15.614;89.962
2026.09.14 13:10:00;2026.09.14 15:32:38;SELL;102.05;4260.198;4288.024;4187.839;3.455;0.531;27.813;0.3;142.6;0.531;21.297;-27.833;142.6;-289717.00;sl;1;4.124;0.692;6.400;0.917;-3.613;3.846;1.132;0.807;0.540;0.010;0.320;2.597;1210;1;18.876;89.962
2026.09.14 15:50:00;2026.09.14 16:00:00;SELL;105.20;4288.408;4314.030;4222.227;3.166;1.752;3.091;0.7;7.2;1.752;3.091;-0.223;10.0;-2393.00;ea;1;2.275;0.600;4.643;0.803;-1.982;2.200;1.132;0.493;1.903;0.417;0.234;0.152;1370;1;20.179;89.962
2026.09.14 23:06:00;2026.09.15 01:19:28;SELL;200.00;4294.543;4305.104;4267.871;1.284;11.276;10.553;88.7;133.5;10.749;0.708;-10.586;133.5;-215954.00;sl;1;1.527;0.325;3.904;0.886;-1.644;1.858;1.132;0.425;2.163;0.221;0.092;0.746;366;2;20.593;89.962
2026.09.15 01:29:00;2026.09.15 02:40:41;SELL;155.37;4300.878;4317.622;4258.610;2.035;6.583;16.742;23.2;71.7;6.583;11.073;-16.803;71.7;-266290.00;sl;1;1.205;0.332;3.771;0.966;2.524;-0.672;0.258;-0.142;0.047;0.047;-0.059;-0.187;509;2;18.808;88.880
2026.09.15 02:50:00;2026.09.15 05:15:37;BUY;144.26;4316.803;4299.973;4360.275;2.079;0.547;16.782;0.2;145.6;0.547;11.370;-16.834;145.6;-247704.00;sl;1;-0.350;-0.275;-2.956;-0.932;2.045;1.518;0.387;0.321;1.764;0.170;0.291;1.099;590;2;18.817;88.880
2026.09.15 05:26:00;2026.09.15 08:05:14;SELL;195.24;4297.012;4309.054;4266.436;1.470;30.569;3.358;159.2;4.3;10.897;3.358;30.582;159.2;501709.00;tp;3;1.492;0.225;4.500;1.060;2.727;-0.549;0.387;-0.099;2.940;0.439;0.254;0.274;746;2;15.991;88.880
2026.09.15 08:18:00;2026.09.15 16:00:00;BUY;137.50;4270.989;4252.407;4318.635;2.284;29.626;9.859;349.7;41.2;4.273;9.859;18.486;462.0;254183.00;ea;1;-3.247;-0.457;-6.720;-1.265;6.058;-1.239;0.608;-0.194;2.085;0.648;0.105;-2.415;918;2;13.914;88.880
2026.09.15 23:29:00;2026.09.16 02:11:58;SELL;200.00;4283.868;4293.999;4258.126;1.237;8.166;10.126;90.2;163.0;3.194;3.965;-10.155;163.0;-207162.00;sl;1;1.373;0.156;4.784;1.010;2.005;0.287;0.633;0.049;2.229;0.255;0.154;1.279;389;3;15.197;88.880
2026.09.16 02:23:00;2026.09.16 10:08:37;BUY;139.12;4294.086;4275.553;4341.931;2.289;47.782;0.662;465.6;0.7;47.094;0.662;47.858;465.6;559724.00;tp;3;-0.577;-0.262;-4.135;-0.981;1.608;0.738;0.217;0.118;0.408;0.408;0.437;0.002;563;3;14.512;90.689
2026.09.16 10:11:00;2026.09.16 14:03:30;BUY;185.72;4346.895;4331.504;4386.154;1.884;13.643;15.374;185.3;232.5;6.500;6.221;-15.395;232.5;-291634.00;sl;1;2.453;0.372;-0.494;-0.553;-2.035;4.385;0.809;0.700;0.214;0.214;0.665;1.449;1031;3;14.487;90.689
2026.09.16 14:04:00;2026.09.16 14:50:30;SELL;125.01;4330.597;4352.556;4274.343;2.697;6.302;21.933;2.7;46.5;6.302;21.933;-21.987;46.5;-280357.00;sl;1;-0.929;-0.356;1.390;0.409;4.318;-2.935;0.938;-0.521;1.902;0.037;0.749;0.520;1264;3;16.089;90.689
2026.09.16 15:02:00;2026.09.16 16:00:00;BUY;118.96;4353.716;4332.093;4410.164;2.692;8.302;10.931;45.7;28.2;8.302;10.931;-0.984;58.0;-11940.00;ea;1;2.024;0.369;-0.008;-0.323;-2.059;3.991;0.938;0.776;2.626;0.357;0.357;0.181;1322;3;17.624;90.689
2026.09.16 23:19:00;2026.09.17 01:24:42;BUY;158.53;4268.561;4252.373;4310.391;2.001;41.776;2.535;125.7;43.3;18.238;2.535;41.841;125.7;530768.00;tp;3;-1.562;-0.362;-2.910;-0.295;1.804;-0.547;1.478;-0.163;1.161;0.053;0.123;-1.631;379;4;27.091;90.689
2026.09.17 01:33:00;2026.09.17 02:07:02;BUY;109.19;4314.315;4288.381;4380.970;3.193;3.905;25.901;3.7;34.0;3.905;25.901;-25.943;34.0;-288937.00;sl;1;0.154;-0.233;-1.129;-0.288;1.933;1.510;0.531;0.459;1.262;0.201;0.302;1.856;513;4;28.265;92.960
2026.09.17 02:22:00;2026.09.17 12:16:31;BUY;103.60;4292.316;4266.378;4359.017;3.194;66.695;18.287;594.5;33.2;0.450;18.287;66.735;594.5;580917.00;tp;3;-0.547;-0.191;-1.765;-0.300;2.551;0.689;0.561;0.223;0.256;0.256;0.085;1.048;562;4;30.042;92.960
2026.09.17 12:29:00;2026.09.17 14:58:39;BUY;111.80;4379.280;4352.647;4448.452;3.304;2.083;26.600;1.0;149.7;2.083;20.457;-26.633;149.7;-303712.00;sl;1;3.122;0.235;1.554;-0.203;-0.487;5.076;1.235;1.158;0.977;0.034;1.166;2.983;1169;4;21.209;92.960
2026.09.17 15:19:00;2026.09.17 16:00:00;BUY;120.23;4363.896;4340.393;4424.747;2.909;5.999;8.465;40.7;14.2;5.999;8.465;5.723;41.0;68808.00;ea;1;1.990;0.418;0.794;-0.214;0.221;4.029;1.241;0.993;1.577;0.267;0.351;1.606;1339;4;22.898;92.960
2026.09.17 23:14:00;2026.09.18 03:26:13;BUY;200.00;4345.390;4334.379;4373.376;1.345;20.180;11.005;113.0;252.1;9.550;3.771;-11.022;252.2;-28395.00;sl;2;1.043;0.235;-0.030;0.023;1.282;4.011;1.241;0.793;0.251;0.251;0.053;-1.042;374;5;18.392;92.960
2026.09.18 04:16:00;2026.09.18 05:39:41;SELL;163.64;4355.468;4373.121;4309.851;2.182;2.353;17.631;4.7;83.7;2.353;14.281;-17.663;83.7;-294818.00;sl;1;-1.506;-0.303;-0.534;-0.116;5.541;-0.583;0.335;-0.100;0.339;0.339;0.208;-0.105;676;5;16.142;94.135
2026.09.18 06:02:00;2026.09.18 12:21:16;BUY;144.52;4385.236;4366.563;4433.862;2.321;14.486;18.671;109.7;379.3;12.114;5.525;-18.690;379.3;-275510.00;sl;1;3.312;0.476;2.475;0.201;-0.257;2.604;0.562;0.416;0.981;0.317;0.700;2.442;782;5;15.043;94.135
2026.09.18 12:22:00;2026.09.18 16:00:00;SELL;126.86;4366.067;4386.514;4313.223;2.527;23.181;9.815;128.3;47.2;12.282;9.815;9.343;218.0;118525.00;ea;1;-1.298;-0.471;-0.996;-0.272;6.310;-1.262;0.698;-0.213;1.013;0.383;0.397;1.637;1162;5;15.854;94.135
2026.09.20 23:08:00;2026.09.21 07:43:27;SELL;200.00;4373.768;4384.647;4345.743;1.342;28.005;9.946;515.4;127.7;6.937;2.761;28.063;515.5;471536.00;tp;3;-1.140;-0.291;-1.239;-0.268;2.353;0.021;0.103;0.004;1.408;0.223;0.053;1.053;368;1;16.876;93.032
2026.09.21 07:59:00;2026.09.21 11:44:12;SELL;146.79;4345.198;4364.913;4293.964;2.447;5.002;19.677;96.7;225.2;1.717;12.667;-19.719;225.2;-295244.00;sl;1;0.758;0.048;0.555;-0.209;-1.725;2.006;0.463;0.304;3.322;0.382;0.133;1.007;899;1;13.606;89.802
2026.09.21 12:22:00;2026.09.21 16:00:00;SELL;159.21;4359.017;4376.288;4314.355;2.136;36.042;11.011;103.7;64.3;7.670;5.593;10.750;218.0;283262.00;ea;2;-0.265;0.016;-0.383;-0.110;-0.679;0.948;0.485;0.150;0.634;0.634;0.682;-0.383;1162;1;14.213;89.802
2026.09.21 23:37:00;2026.09.22 00:40:13;BUY;200.00;4362.466;4348.929;4396.806;1.651;13.591;13.524;25.7;63.2;13.591;8.762;-13.540;63.2;-287564.00;sl;1;0.562;-0.014;0.553;0.008;1.192;-0.598;0.676;-0.112;2.238;0.449;0.066;0.878;397;2;16.768;89.802
2026.09.22 01:13:00;2026.09.22 08:00:42;SELL;123.81;4357.061;4379.179;4299.665;2.742;57.386;2.211;407.7;12.7;15.315;2.211;57.403;407.7;597916.00;tp;3;-0.192;-0.057;-0.198;-0.049;1.955;0.649;0.334;0.137;0.402;0.402;0.051;-0.773;493;2;17.572;83.494
2026.09.22 08:09:00;2026.09.22 16:00:00;BUY;151.53;4310.163;4290.332;4360.078;2.405;34.009;18.804;336.7;24.7;25.484;18.804;21.179;471.0;320925.00;ea;1;-2.301;-0.392;-2.489;-0.241;4.656;-3.704;0.923;-0.698;2.531;0.625;0.518;-1.696;909;2;15.742;83.494
2026.09.22 23:01:00;2026.09.23 01:01:31;BUY;200.00;4363.287;4354.309;4385.895;1.089;5.966;8.964;61.7;120.5;2.398;4.973;-8.995;120.5;-194846.00;sl;1;0.913;0.168;0.696;-0.148;1.072;-0.276;1.014;-0.062;1.952;0.357;0.033;0.662;361;3;18.806;83.494
2026.09.23 01:02:00;2026.09.23 08:12:13;SELL;200.00;4355.195;4369.949;4317.302;1.815;37.888;1.151;429.7;0.2;15.860;1.151;37.902;430.2;636993.00;tp;3;-0.540;-0.180;-0.311;0.034;4.165;0.557;0.194;0.099;0.339;0.339;0.211;0.569;482;3;15.329;86.165
2026.09.23 08:23:00;2026.09.23 11:22:40;BUY;200.00;4320.982;4306.056;4359.043;1.827;1.735;14.886;2.2;179.7;1.735;5.762;-14.929;179.7;-304552.00;sl;1;-1.750;-0.235;-2.136;-0.116;4.411;-3.425;0.607;-0.496;2.324;0.722;0.111;-1.911;923;3;12.485;86.165
2026.09.23 11:33:00;2026.09.23 12:06:04;SELL;200.00;4301.479;4314.973;4267.842;1.625;6.848;13.470;6.2;33.1;6.848;13.470;-13.532;33.1;-276053.00;sl;1;3.464;0.523;4.188;0.203;0.933;5.741;0.793;0.723;0.136;0.136;1.155;1.728;1113;3;10.844;86.165
2026.09.23 12:31:00;2026.09.23 16:00:00;SELL;179.45;4310.013;4327.508;4264.770;2.163;32.391;3.864;198.7;59.3;11.936;3.864;27.738;209.0;524990.00;ea;2;2.361;0.463;2.992;0.329;1.562;4.498;0.869;0.624;0.838;0.001;0.476;0.624;1171;3;11.944;86.165
2026.09.23 23:03:00;2026.09.24 01:12:37;SELL;200.00;4289.292;4300.469;4260.963;1.362;5.205;11.161;79.7;129.6;4.209;4.115;-11.217;129.6;-228827.00;sl;1;2.131;0.492;3.360;0.643;-0.136;4.914;1.100;0.864;2.593;0.613;0.111;0.300;363;4;15.151;86.165
2026.09.24 01:13:00;2026.09.24 01:49:40;BUY;188.59;4300.437;4283.233;4345.474;2.146;2.966;17.164;2.2;36.7;2.966;17.164;-17.210;36.7;-331055.00;sl;1;-1.258;-0.386;-2.474;-0.657;4.460;0.756;0.207;0.134;3.212;0.620;0.134;0.981;493;4;15.431;87.099
2026.09.24 02:14:00;2026.09.24 08:59:15;BUY;148.21;4281.358;4260.584;4334.765;2.558;15.565;20.769;29.2;405.2;15.565;1.077;-20.795;405.2;-314367.00;sl;1;-2.156;-0.402;-3.367;-0.649;5.238;-0.442;0.343;-0.085;1.111;0.515;0.129;-0.409;554;4;16.779;87.099
2026.09.24 09:05:00;2026.09.24 12:56:29;SELL;130.56;4259.417;4282.035;4200.932;2.797;15.184;22.617;85.7;231.5;8.384;6.243;-22.644;231.5;-301553.00;sl;1;3.266;0.556;4.989;0.816;-1.026;1.999;0.511;0.337;0.641;0.641;0.456;2.395;965;4;14.684;87.099
2026.09.24 13:18:00;2026.09.24 16:00:00;SELL;134.23;4276.976;4297.859;4223.123;2.577;32.150;2.561;115.7;2.2;12.838;2.561;20.120;162.0;270071.00;ea;1;1.441;0.435;3.117;0.670;0.144;0.684;0.682;0.135;1.564;0.405;0.186;-0.862;1218;4;17.244;87.099
2026.09.24 23:03:00;2026.09.25 04:56:41;BUY;200.00;4273.697;4263.593;4299.302;1.231;22.064;10.083;158.7;353.7;2.250;9.363;-10.171;353.7;178643.00;sl;3;-0.935;-0.212;-2.711;-0.647;4.990;-0.787;0.682;-0.173;1.373;0.329;0.123;0.633;363;5;19.151;87.099
2026.09.25 05:30:00;2026.09.25 09:03:40;BUY;200.00;4264.128;4251.247;4297.350;1.590;33.218;1.065;196.7;0.2;17.530;1.065;33.255;213.7;558824.00;tp;3;-1.371;-0.186;-3.314;-0.709;2.297;-0.050;0.476;-0.010;2.098;0.343;0.296;-1.629;750;5;17.101;83.128
2026.09.25 09:18:00;2026.09.25 10:14:40;SELL;200.00;4292.466;4308.230;4251.510;1.956;2.808;15.761;10.7;56.7;2.808;15.761;-15.806;56.7;-322442.00;sl;1;-0.330;0.075;1.808;0.627;3.149;-1.786;0.504;-0.331;2.759;0.160;0.298;-2.099;978;5;15.392;83.128
2026.09.25 10:15:00;2026.09.25 13:19:31;BUY;178.35;4307.410;4289.953;4352.166;2.145;8.310;17.445;55.7;184.5;8.310;5.181;-17.492;184.5;-318209.00;sl;1;1.352;0.040;-0.949;-0.640;-0.283;2.993;0.627;0.510;3.005;0.183;0.833;2.147;1035;5;14.175;83.128
2026.09.25 13:20:00;2026.09.25 16:00:00;SELL;141.83;4290.362;4311.453;4236.398;2.588;35.894;0.741;45.7;160.0;35.894;0.725;-0.798;160.0;-11544.00;ea;1;-0.065;-0.140;1.880;0.532;2.991;-1.637;0.717;-0.305;2.604;0.023;0.226;0.157;1220;5;15.502;83.128
