mode,period,no,dir,lot,entry_price,entry_thai,exit_thai,minutes,profit_usc,exit_reason,balance_after
weekly_reset,2026-01-01,1,BUY,0.1,4328.500,2026-01-02 06:05:00,2026-01-02 09:50:10,225.2,223,tp,10223
weekly_reset,2026-01-01,2,BUY,0.18,4370.899,2026-01-02 10:14:00,2026-01-02 21:32:09,678.2,246,sl,10469
weekly_reset,2026-01-04,1,SELL,0.48,4359.038,2026-01-05 06:34:00,2026-01-05 06:50:52,16.9,-748,sl,9252
weekly_reset,2026-01-04,2,BUY,0.32,4379.869,2026-01-05 07:13:00,2026-01-05 16:43:15,570.2,1507,tp,10759
weekly_reset,2026-01-04,3,BUY,0.21,4437.714,2026-01-05 16:45:00,2026-01-05 18:25:50,100.8,-262,sl,10497
weekly_reset,2026-01-04,4,SELL,0.2,4423.120,2026-01-05 18:26:00,2026-01-05 21:48:11,202.2,207,sl,10704
weekly_reset,2026-01-04,5,SELL,0.26,4450.752,2026-01-06 06:17:00,2026-01-06 09:30:00,193,225,sl,10929
weekly_reset,2026-01-04,6,SELL,0.46,4455.791,2026-01-06 09:39:00,2026-01-06 12:31:40,172.7,-819,sl,10110
weekly_reset,2026-01-04,7,SELL,0.8,4469.240,2026-01-06 12:39:00,2026-01-06 17:03:00,264,1693,tp,11803
weekly_reset,2026-01-04,8,BUY,0.55,4449.995,2026-01-06 17:10:00,2026-01-06 22:00:51,290.8,1902,tp,13705
weekly_reset,2026-01-04,9,SELL,0.39,4496.477,2026-01-07 06:12:00,2026-01-07 08:07:17,115.3,768,tp,14473
weekly_reset,2026-01-04,10,SELL,0.68,4474.732,2026-01-07 08:08:00,2026-01-07 20:08:57,721,2355,tp,16828
weekly_reset,2026-01-04,11,BUY,0.56,4445.217,2026-01-07 20:29:00,2026-01-07 23:00:00,151,44,,16872
weekly_reset,2026-01-04,12,BUY,0.43,4462.696,2026-01-08 06:03:00,2026-01-08 07:37:54,94.9,-491,sl,16381
weekly_reset,2026-01-04,13,SELL,0.4,4452.623,2026-01-08 07:38:00,2026-01-08 12:13:07,275.1,888,tp,17269
weekly_reset,2026-01-04,14,SELL,1.11,4425.882,2026-01-08 12:30:00,2026-01-08 13:39:04,69.1,-1309,sl,15960
weekly_reset,2026-01-04,15,BUY,0.54,4435.810,2026-01-08 13:57:00,2026-01-08 19:05:32,308.5,-1177,sl,14783
weekly_reset,2026-01-04,16,SELL,0.83,4410.001,2026-01-08 19:16:00,2026-01-08 19:32:33,16.6,-1115,sl,13668
weekly_reset,2026-01-04,17,BUY,0.64,4426.349,2026-01-08 19:38:00,2026-01-08 23:00:00,202,1808,,15476
weekly_reset,2026-01-04,18,BUY,0.31,4480.549,2026-01-09 06:03:00,2026-01-09 07:23:52,80.9,-403,sl,15073
weekly_reset,2026-01-04,19,SELL,0.35,4464.506,2026-01-09 07:49:00,2026-01-09 09:04:07,75.1,-373,sl,14700
weekly_reset,2026-01-04,20,BUY,0.23,4472.132,2026-01-09 09:46:00,2026-01-09 22:37:50,771.8,803,tp,15503
weekly_reset,2026-01-11,1,BUY,0.24,4524.006,2026-01-12 06:06:00,2026-01-12 07:09:13,63.2,536,tp,10536
weekly_reset,2026-01-11,2,BUY,0.39,4567.558,2026-01-12 07:32:00,2026-01-12 20:55:04,803.1,1726,tp,12262
weekly_reset,2026-01-11,3,BUY,0.17,4600.833,2026-01-13 06:01:47,2026-01-13 06:12:11,10.4,-297,sl,11965
weekly_reset,2026-01-11,4,SELL,0.2,4580.790,2026-01-13 06:13:00,2026-01-13 06:56:46,43.8,-295,sl,11670
weekly_reset,2026-01-11,5,SELL,0.14,4591.435,2026-01-13 07:24:00,2026-01-13 20:30:17,786.3,-282,sl,11388
weekly_reset,2026-01-11,6,BUY,0.45,4616.743,2026-01-13 20:43:00,2026-01-13 23:00:00,137,100,,11488
weekly_reset,2026-01-11,7,BUY,0.22,4593.868,2026-01-14 06:09:00,2026-01-14 10:54:23,285.4,616,tp,12104
weekly_reset,2026-01-11,8,SELL,0.26,4627.606,2026-01-14 11:12:00,2026-01-14 12:02:55,50.9,-302,sl,11802
weekly_reset,2026-01-11,9,SELL,0.81,4634.958,2026-01-14 12:12:00,2026-01-14 22:02:06,590.1,1926,tp,13728
weekly_reset,2026-01-11,10,SELL,0.65,4616.482,2026-01-15 06:07:01,2026-01-15 23:00:00,1013,1348,,15076
weekly_reset,2026-01-11,11,BUY,0.38,4620.535,2026-01-16 06:06:01,2026-01-16 06:26:54,20.9,-371,sl,14705
weekly_reset,2026-01-11,12,SELL,0.37,4610.137,2026-01-16 06:27:01,2026-01-16 20:18:05,831.1,795,tp,15500
weekly_reset,2026-01-11,13,SELL,0.6,4587.103,2026-01-16 20:30:00,2026-01-16 21:06:02,36,-1161,sl,14339
weekly_reset,2026-01-18,1,BUY,0.14,4657.941,2026-01-19 06:12:00,2026-01-19 23:00:00,1008,291,,10291
weekly_reset,2026-01-18,2,BUY,0.25,4672.260,2026-01-20 06:19:01,2026-01-20 07:26:47,67.8,-264,sl,10027
weekly_reset,2026-01-18,3,BUY,0.74,4670.018,2026-01-20 08:06:00,2026-01-20 11:59:15,233.2,1623,tp,11650
weekly_reset,2026-01-18,4,BUY,0.79,4695.433,2026-01-20 12:00:00,2026-01-20 15:08:34,188.6,1873,tp,13523
weekly_reset,2026-01-18,5,SELL,0.73,4720.638,2026-01-20 15:22:00,2026-01-20 16:30:15,68.2,-1017,sl,12506
weekly_reset,2026-01-18,6,SELL,0.63,4734.073,2026-01-20 16:58:00,2026-01-20 21:28:25,270.4,-944,sl,11562
weekly_reset,2026-01-18,7,SELL,0.31,4759.985,2026-01-21 06:10:01,2026-01-21 06:44:13,34.2,-293,sl,11269
weekly_reset,2026-01-18,8,SELL,0.2,4774.178,2026-01-21 07:26:00,2026-01-21 07:59:00,33,-274,sl,10995
weekly_reset,2026-01-18,9,BUY,0.48,4792.877,2026-01-21 08:05:00,2026-01-21 08:30:40,25.7,1758,tp,12753
weekly_reset,2026-01-18,10,BUY,0.37,4824.023,2026-01-21 08:48:00,2026-01-21 23:00:00,852,1535,,14288
weekly_reset,2026-01-18,11,SELL,0.14,4826.644,2026-01-22 06:02:00,2026-01-22 22:26:45,984.8,246,sl,14534
weekly_reset,2026-01-18,12,BUY,0.21,4952.510,2026-01-23 06:05:00,2026-01-23 06:30:31,25.5,-352,sl,14182
weekly_reset,2026-01-18,13,BUY,0.16,4945.663,2026-01-23 06:46:00,2026-01-23 15:23:31,517.5,-352,sl,13830
weekly_reset,2026-01-18,14,SELL,0.42,4917.492,2026-01-23 15:51:00,2026-01-23 19:52:01,241,-1033,sl,12797
weekly_reset,2026-01-18,15,SELL,0.54,4935.795,2026-01-23 20:16:00,2026-01-23 21:48:42,92.7,-969,sl,11828
weekly_reset,2026-01-25,1,BUY,0.39,5023.650,2026-01-26 06:10:00,2026-01-26 08:25:18,135.3,1613,tp,11613
weekly_reset,2026-01-25,2,SELL,0.25,5069.767,2026-01-26 09:09:00,2026-01-26 13:47:45,278.8,-867,sl,10746
weekly_reset,2026-01-25,3,SELL,0.26,5085.282,2026-01-26 13:58:00,2026-01-26 23:00:00,542,-148,,10598
weekly_reset,2026-01-25,4,BUY,0.17,5035.760,2026-01-27 06:09:01,2026-01-27 23:00:00,1011,928,,11526
weekly_reset,2026-01-25,5,SELL,0.06,5168.556,2026-01-28 06:14:00,2026-01-28 08:44:10,150.2,-263,sl,11263
weekly_reset,2026-01-25,6,SELL,0.22,5209.936,2026-01-28 08:59:00,2026-01-28 11:58:07,179.1,-838,sl,10425
weekly_reset,2026-01-25,7,BUY,0.13,5251.699,2026-01-28 12:09:00,2026-01-28 15:30:12,201.2,553,tp,10978
weekly_reset,2026-01-25,8,SELL,0.29,5297.546,2026-01-28 15:42:00,2026-01-28 23:00:00,438,1230,,12208
weekly_reset,2026-01-25,9,BUY,0.18,5465.428,2026-01-29 06:13:01,2026-01-29 13:23:03,430,1943,tp,14151
weekly_reset,2026-01-25,10,BUY,0.23,5590.155,2026-01-29 13:24:00,2026-01-29 14:28:38,64.6,-1029,sl,13122
weekly_reset,2026-01-25,11,SELL,0.22,5527.879,2026-01-29 15:06:00,2026-01-29 22:09:05,423.1,2111,tp,15233
weekly_reset,2026-01-25,12,BUY,0.05,5440.263,2026-01-30 06:07:00,2026-01-30 08:06:45,119.8,-325,sl,14908
weekly_reset,2026-01-25,13,SELL,0.13,5337.054,2026-01-30 08:48:00,2026-01-30 09:23:21,35.4,2470,tp,17378
weekly_reset,2026-01-25,14,BUY,0.1,5212.954,2026-01-30 09:41:00,2026-01-30 15:33:59,353,-1254,sl,16124
weekly_reset,2026-01-25,15,BUY,0.13,5110.753,2026-01-30 15:48:00,2026-01-30 16:14:25,26.4,-1197,sl,14927
weekly_reset,2026-01-25,16,SELL,0.1,5028.336,2026-01-30 16:30:00,2026-01-30 18:57:04,147.1,-1112,sl,13815
weekly_reset,2026-01-25,17,SELL,0.14,5124.791,2026-01-30 19:07:00,2026-01-30 23:00:00,233,1268,,15083
weekly_reset,2026-02-01,1,SELL,0.02,4724.043,2026-02-02 06:32:00,2026-02-02 07:12:00,40,-224,sl,9776
weekly_reset,2026-02-01,2,SELL,0.01,4827.528,2026-02-02 07:32:00,2026-02-02 13:24:40,352.7,370,tp,10146
weekly_reset,2026-02-01,3,SELL,0.05,4456.665,2026-02-02 13:37:00,2026-02-02 14:45:55,68.9,-688,sl,9458
weekly_reset,2026-02-01,4,SELL,0.01,4576.525,2026-02-02 15:03:00,2026-02-02 16:28:32,85.5,-121,sl,9337
weekly_reset,2026-02-01,5,BUY,0.02,4717.249,2026-02-02 16:50:00,2026-02-02 22:57:35,367.6,-188,sl,9149
weekly_reset,2026-02-01,6,SELL,0.07,4685.104,2026-02-03 06:01:31,2026-02-03 06:08:19,6.8,-209,sl,8940
weekly_reset,2026-02-01,7,BUY,0.03,4719.031,2026-02-03 06:16:00,2026-02-03 13:35:22,439.4,401,tp,9341
weekly_reset,2026-02-01,8,BUY,0.04,4892.064,2026-02-03 13:43:00,2026-02-03 23:00:00,557,173,,9514
weekly_reset,2026-02-01,9,BUY,0.06,4961.835,2026-02-04 06:02:00,2026-02-04 06:07:31,5.5,-237,sl,9277
weekly_reset,2026-02-01,10,BUY,0.04,4937.541,2026-02-04 06:17:00,2026-02-04 09:02:04,165.1,422,tp,9699
weekly_reset,2026-02-01,11,SELL,0.04,5056.305,2026-02-04 09:33:00,2026-02-04 22:34:05,781.1,488,tp,10187
weekly_reset,2026-02-01,12,BUY,0.07,5010.247,2026-02-05 06:16:00,2026-02-05 08:12:45,116.8,-251,sl,9936
weekly_reset,2026-02-01,13,SELL,0.14,4950.528,2026-02-05 08:27:00,2026-02-05 09:51:48,84.8,1619,tp,11555
weekly_reset,2026-02-01,14,BUY,0.07,4880.926,2026-02-05 10:22:00,2026-02-05 23:00:00,758,-443,,11112
weekly_reset,2026-02-01,15,BUY,0.05,4778.936,2026-02-06 06:11:00,2026-02-06 06:49:07,38.1,-278,sl,10834
weekly_reset,2026-02-01,16,SELL,0.13,4657.291,2026-02-06 07:18:00,2026-02-06 07:27:23,9.4,-772,sl,10062
weekly_reset,2026-02-01,17,BUY,0.11,4736.962,2026-02-06 07:37:00,2026-02-06 20:00:21,743.4,1674,tp,11736
weekly_reset,2026-02-01,18,BUY,0.21,4914.535,2026-02-06 20:20:00,2026-02-06 23:00:00,160,611,,12347
weekly_reset,2026-02-08,1,BUY,0.08,4989.002,2026-02-09 06:21:00,2026-02-09 23:00:00,999,510,,10510
weekly_reset,2026-02-08,2,SELL,0.22,5072.002,2026-02-10 06:02:23,2026-02-10 06:12:16,9.9,1402,tp,11912
weekly_reset,2026-02-08,3,BUY,0.05,5036.442,2026-02-10 06:44:00,2026-02-10 23:00:00,976,-87,,11825
weekly_reset,2026-02-08,4,BUY,0.14,5039.212,2026-02-11 06:17:00,2026-02-11 17:44:10,687.2,608,tp,12433
weekly_reset,2026-02-08,5,SELL,0.37,5094.108,2026-02-11 17:58:00,2026-02-11 19:00:28,62.5,-925,sl,11508
weekly_reset,2026-02-08,6,SELL,0.29,5106.571,2026-02-11 19:06:00,2026-02-11 20:30:50,84.8,1873,tp,13381
weekly_reset,2026-02-08,7,SELL,0.2,5047.221,2026-02-11 20:36:00,2026-02-11 23:00:00,144,-261,,13120
weekly_reset,2026-02-08,8,SELL,0.15,5084.358,2026-02-12 06:08:00,2026-02-12 23:00:00,1012,495,,13615
weekly_reset,2026-02-08,9,BUY,0.09,4909.065,2026-02-13 06:13:00,2026-02-13 20:30:22,857.4,688,tp,14303
weekly_reset,2026-02-08,10,SELL,0.32,4973.973,2026-02-13 20:48:00,2026-02-13 21:21:39,33.6,-1068,sl,13235
weekly_reset,2026-02-15,1,BUY,0.09,5029.562,2026-02-16 06:28:00,2026-02-16 07:03:31,35.5,-232,sl,9768
weekly_reset,2026-02-15,2,SELL,0.23,5007.334,2026-02-16 07:04:00,2026-02-16 23:00:00,956,631,,10399
weekly_reset,2026-02-15,3,BUY,0.24,4998.072,2026-02-17 06:02:00,2026-02-17 06:12:18,10.3,-262,sl,10137
weekly_reset,2026-02-15,4,SELL,0.18,4988.064,2026-02-17 06:18:00,2026-02-17 07:52:17,94.3,546,tp,10683
weekly_reset,2026-02-15,5,BUY,0.28,4949.515,2026-02-17 08:12:00,2026-02-17 12:15:37,243.6,-797,sl,9886
weekly_reset,2026-02-15,6,BUY,0.16,4894.235,2026-02-17 12:54:00,2026-02-17 21:01:25,487.4,-705,sl,9181
weekly_reset,2026-02-15,7,BUY,0.11,4882.525,2026-02-18 06:15:00,2026-02-18 06:50:15,35.2,-226,sl,8955
weekly_reset,2026-02-15,8,BUY,0.07,4877.025,2026-02-18 07:34:01,2026-02-18 20:07:23,753.4,497,tp,9452
weekly_reset,2026-02-15,9,BUY,0.32,4965.002,2026-02-18 20:38:00,2026-02-18 23:00:00,142,1136,,10588
weekly_reset,2026-02-15,10,BUY,0.16,4981.347,2026-02-19 06:28:00,2026-02-19 07:02:37,34.6,-288,sl,10300
weekly_reset,2026-02-15,11,BUY,0.33,4968.329,2026-02-19 07:13:00,2026-02-19 23:00:00,947,1521,,11821
weekly_reset,2026-02-15,12,BUY,0.66,5003.331,2026-02-20 06:04:00,2026-02-20 06:56:04,52.1,-897,sl,10924
weekly_reset,2026-02-15,13,BUY,0.12,4996.283,2026-02-20 07:16:00,2026-02-20 21:32:02,856,550,tp,11474
weekly_reset,2026-02-22,1,BUY,0.26,5158.824,2026-02-23 06:50:00,2026-02-23 07:20:09,30.2,-743,sl,9257
weekly_reset,2026-02-22,2,BUY,0.16,5153.803,2026-02-23 07:30:00,2026-02-23 23:00:00,930,677,,9934
weekly_reset,2026-02-22,3,BUY,0.15,5240.425,2026-02-24 06:03:00,2026-02-24 07:01:33,58.6,-267,sl,9667
weekly_reset,2026-02-22,4,SELL,0.24,5225.250,2026-02-24 07:29:00,2026-02-24 08:16:46,47.8,1586,tp,11253
weekly_reset,2026-02-22,5,SELL,0.17,5151.457,2026-02-24 08:25:00,2026-02-24 23:00:00,875,12,,11265
weekly_reset,2026-02-22,6,SELL,0.15,5135.751,2026-02-25 06:04:00,2026-02-25 07:38:18,94.3,-275,sl,10990
weekly_reset,2026-02-22,7,BUY,0.39,5154.479,2026-02-25 07:41:00,2026-02-25 12:49:52,308.9,1774,tp,12764
weekly_reset,2026-02-22,8,SELL,0.56,5202.492,2026-02-25 12:58:00,2026-02-25 18:16:53,318.9,2108,tp,14872
weekly_reset,2026-02-22,9,SELL,0.52,5157.114,2026-02-25 18:17:00,2026-02-25 18:57:17,40.3,-1118,sl,13754
weekly_reset,2026-02-22,10,BUY,0.17,5180.039,2026-02-25 18:58:00,2026-02-25 21:39:54,161.9,-342,sl,13412
weekly_reset,2026-02-22,11,BUY,0.32,5173.404,2026-02-26 06:04:00,2026-02-26 21:30:42,926.7,-1049,sl,12363
weekly_reset,2026-02-22,12,SELL,0.18,5182.552,2026-02-27 06:26:01,2026-02-27 09:07:59,162,-315,sl,12048
weekly_reset,2026-02-22,13,BUY,0.41,5199.933,2026-02-27 09:08:00,2026-02-27 09:37:00,29,-917,sl,11131
weekly_reset,2026-02-22,14,SELL,0.41,5176.380,2026-02-27 09:51:00,2026-02-27 12:30:08,159.1,-837,sl,10294
weekly_reset,2026-02-22,15,BUY,0.2,5195.223,2026-02-27 12:55:00,2026-02-27 14:14:23,79.4,-249,sl,10045
weekly_reset,2026-02-22,16,SELL,0.45,5179.496,2026-02-27 14:17:00,2026-02-27 20:06:38,349.6,-760,sl,9285
weekly_reset,2026-02-22,17,SELL,0.24,5208.685,2026-02-27 20:42:00,2026-02-27 22:11:52,89.9,-694,sl,8591
weekly_reset,2026-03-01,1,BUY,0.28,5351.678,2026-03-02 06:10:00,2026-03-02 08:01:28,111.5,-810,sl,9190
weekly_reset,2026-03-01,2,SELL,0.13,5330.987,2026-03-02 08:02:00,2026-03-02 13:48:36,346.6,-695,sl,8495
weekly_reset,2026-03-01,3,BUY,0.26,5384.869,2026-03-02 13:49:00,2026-03-02 21:21:44,452.7,-637,sl,7858
weekly_reset,2026-03-01,4,BUY,0.08,5340.315,2026-03-03 06:04:00,2026-03-03 12:54:01,410,-192,sl,7666
weekly_reset,2026-03-01,5,SELL,0.14,5290.102,2026-03-03 13:15:00,2026-03-03 14:51:25,96.4,-571,sl,7095
weekly_reset,2026-03-01,6,BUY,0.05,5329.543,2026-03-03 14:55:00,2026-03-03 15:40:41,45.7,-160,sl,6935
weekly_reset,2026-03-01,7,SELL,0.17,5297.908,2026-03-03 15:41:00,2026-03-03 18:07:44,146.7,1130,tp,8065
weekly_reset,2026-03-01,8,SELL,0.08,5185.483,2026-03-03 18:26:00,2026-03-03 22:17:11,231.2,1323,tp,9388
weekly_reset,2026-03-01,9,BUY,0.06,5102.495,2026-03-04 06:03:00,2026-03-04 19:03:59,781,508,tp,9896
weekly_reset,2026-03-01,10,SELL,0.11,5186.969,2026-03-04 19:17:00,2026-03-04 23:00:00,223,449,,10345
weekly_reset,2026-03-01,11,SELL,0.12,5146.531,2026-03-05 06:14:00,2026-03-05 07:05:44,51.7,-261,sl,10084
weekly_reset,2026-03-01,12,BUY,0.12,5167.114,2026-03-05 07:07:00,2026-03-05 13:00:08,353.1,-252,sl,9832
weekly_reset,2026-03-01,13,SELL,0.33,5146.816,2026-03-05 13:08:00,2026-03-05 14:00:51,52.8,-760,sl,9072
weekly_reset,2026-03-01,14,SELL,0.06,5161.412,2026-03-05 14:17:00,2026-03-05 22:08:47,471.8,450,tp,9522
weekly_reset,2026-03-01,15,SELL,0.12,5090.351,2026-03-06 06:28:01,2026-03-06 08:40:12,132.2,-244,sl,9278
weekly_reset,2026-03-01,16,SELL,0.07,5123.551,2026-03-06 09:42:00,2026-03-06 22:02:43,740.7,-42,sl,9236
weekly_reset,2026-03-08,1,SELL,0.11,5087.037,2026-03-09 06:37:00,2026-03-09 23:00:00,983,-144,,9856
weekly_reset,2026-03-08,2,BUY,0.07,5149.196,2026-03-10 06:13:00,2026-03-10 22:33:14,980.2,488,tp,10344
weekly_reset,2026-03-08,3,BUY,0.12,5194.858,2026-03-11 06:07:01,2026-03-11 19:36:49,809.8,-256,sl,10088
weekly_reset,2026-03-08,4,SELL,0.32,5174.576,2026-03-11 19:37:00,2026-03-11 23:00:00,203,261,,10349
weekly_reset,2026-03-08,5,BUY,0.31,5153.533,2026-03-12 06:14:00,2026-03-12 07:00:37,46.6,-838,sl,9511
weekly_reset,2026-03-08,6,BUY,0.23,5139.379,2026-03-12 07:15:00,2026-03-12 23:00:00,945,-173,,9338
weekly_reset,2026-03-08,7,BUY,0.1,5095.409,2026-03-13 06:08:00,2026-03-13 14:21:34,493.6,-221,sl,9117
weekly_reset,2026-03-08,8,SELL,0.09,5083.010,2026-03-13 14:56:00,2026-03-13 18:59:03,243,-221,sl,8896
weekly_reset,2026-03-08,9,SELL,0.32,5109.382,2026-03-13 19:13:00,2026-03-13 21:55:23,162.4,1451,tp,10347
weekly_reset,2026-03-15,1,BUY,0.08,5024.760,2026-03-16 06:00:00,2026-03-16 06:20:14,20.2,-235,sl,9765
weekly_reset,2026-03-15,2,SELL,0.21,4986.442,2026-03-16 06:21:00,2026-03-16 07:02:48,41.8,-727,sl,9038
weekly_reset,2026-03-15,3,BUY,0.16,5031.066,2026-03-16 07:35:00,2026-03-16 08:14:25,39.4,-646,sl,8392
weekly_reset,2026-03-15,4,SELL,0.16,4995.547,2026-03-16 08:25:00,2026-03-16 13:16:22,291.4,-627,sl,7765
weekly_reset,2026-03-15,5,SELL,0.1,5027.383,2026-03-16 13:27:00,2026-03-16 16:45:54,198.9,411,tp,8176
weekly_reset,2026-03-15,6,SELL,0.27,4978.224,2026-03-16 16:56:00,2026-03-16 18:00:14,64.2,-602,sl,7574
weekly_reset,2026-03-15,7,BUY,0.08,5012.738,2026-03-16 18:20:00,2026-03-16 21:48:05,208.1,-174,sl,7400
weekly_reset,2026-03-15,8,BUY,0.1,5005.743,2026-03-17 06:12:00,2026-03-17 22:36:35,984.6,121,sl,7521
weekly_reset,2026-03-15,9,BUY,0.15,5001.773,2026-03-18 06:02:01,2026-03-18 10:04:21,242.3,-186,sl,7335
weekly_reset,2026-03-15,10,BUY,0.11,4996.384,2026-03-18 10:25:01,2026-03-18 15:45:36,320.6,-172,sl,7163
weekly_reset,2026-03-15,11,SELL,0.31,4983.039,2026-03-18 15:46:00,2026-03-18 18:44:18,178.3,1233,tp,8396
weekly_reset,2026-03-15,12,SELL,0.16,4932.119,2026-03-18 18:56:00,2026-03-18 23:00:00,244,1169,,9565
weekly_reset,2026-03-15,13,SELL,0.07,4829.229,2026-03-19 06:19:00,2026-03-19 08:40:21,141.4,-237,sl,9328
weekly_reset,2026-03-15,14,SELL,0.23,4853.359,2026-03-19 08:51:00,2026-03-19 13:46:05,295.1,1526,tp,10854
weekly_reset,2026-03-15,15,BUY,0.19,4771.450,2026-03-19 14:02:00,2026-03-19 14:59:26,57.4,-809,sl,10045
weekly_reset,2026-03-15,16,SELL,0.14,4725.075,2026-03-19 15:06:00,2026-03-19 19:42:38,276.6,1601,tp,11646
weekly_reset,2026-03-15,17,SELL,0.15,4575.821,2026-03-19 19:44:00,2026-03-19 21:00:36,76.6,-839,sl,10807
weekly_reset,2026-03-15,18,SELL,0.09,4644.020,2026-03-20 06:10:00,2026-03-20 08:05:52,115.9,-251,sl,10556
weekly_reset,2026-03-15,19,BUY,0.28,4673.791,2026-03-20 08:07:00,2026-03-20 17:51:32,584.5,728,sl,11284
weekly_reset,2026-03-15,20,BUY,0.07,4669.000,2026-03-20 18:33:00,2026-03-20 20:51:57,139,-271,sl,11013
weekly_reset,2026-03-15,21,SELL,0.16,4627.377,2026-03-20 20:53:00,2026-03-20 23:00:00,127,1177,,12190
weekly_reset,2026-03-22,1,SELL,0.04,4489.207,2026-03-23 06:22:00,2026-03-23 07:37:10,75.2,553,tp,10553
weekly_reset,2026-03-22,2,BUY,0.09,4356.788,2026-03-23 07:58:00,2026-03-23 13:07:15,309.2,-780,sl,9773
weekly_reset,2026-03-22,3,SELL,0.12,4243.693,2026-03-23 13:30:00,2026-03-23 16:29:59,180,720,sl,10493
weekly_reset,2026-03-22,4,BUY,0.1,4304.034,2026-03-23 16:30:00,2026-03-23 16:44:29,14.5,-785,sl,9708
weekly_reset,2026-03-22,5,BUY,0.09,4243.983,2026-03-23 16:53:00,2026-03-23 18:11:02,78,1493,tp,11201
weekly_reset,2026-03-22,6,SELL,0.08,4395.760,2026-03-23 18:20:00,2026-03-23 19:59:15,99.2,-771,sl,10430
weekly_reset,2026-03-22,7,SELL,0.08,4423.497,2026-03-23 20:20:00,2026-03-23 23:00:00,160,481,,10911
weekly_reset,2026-03-22,8,BUY,0.06,4437.393,2026-03-24 06:08:00,2026-03-24 07:27:21,79.4,-275,sl,10636
weekly_reset,2026-03-22,9,SELL,0.05,4360.245,2026-03-24 07:39:00,2026-03-24 14:00:20,381.3,-247,sl,10389
weekly_reset,2026-03-22,10,BUY,0.04,4423.726,2026-03-24 14:11:00,2026-03-24 19:39:03,328,-230,sl,10159
weekly_reset,2026-03-22,11,SELL,0.15,4365.306,2026-03-24 19:40:00,2026-03-24 21:34:27,114.4,-764,sl,9395
weekly_reset,2026-03-22,12,BUY,0.05,4485.146,2026-03-25 06:00:00,2026-03-25 08:39:34,159.6,472,tp,9867
weekly_reset,2026-03-22,13,BUY,0.06,4598.897,2026-03-25 08:51:00,2026-03-25 12:21:26,210.4,-224,sl,9643
weekly_reset,2026-03-22,14,BUY,0.11,4565.268,2026-03-25 12:44:00,2026-03-25 13:09:27,25.4,-234,sl,9409
weekly_reset,2026-03-22,15,BUY,0.08,4550.757,2026-03-25 13:22:00,2026-03-25 19:31:48,369.8,-230,sl,9179
weekly_reset,2026-03-22,16,BUY,0.19,4553.670,2026-03-25 19:38:00,2026-03-25 23:00:00,202,100,,9279
weekly_reset,2026-03-22,17,SELL,0.06,4509.128,2026-03-26 06:04:00,2026-03-26 23:00:00,1016,450,,9729
weekly_reset,2026-03-22,18,SELL,0.06,4397.502,2026-03-27 06:06:00,2026-03-27 09:03:03,177,-212,sl,9517
weekly_reset,2026-03-22,19,BUY,0.07,4436.854,2026-03-27 09:11:00,2026-03-27 18:07:45,536.8,-211,sl,9306
weekly_reset,2026-03-22,20,SELL,0.1,4408.471,2026-03-27 18:09:00,2026-03-27 19:16:26,67.4,-236,sl,9070
weekly_reset,2026-03-22,21,BUY,0.08,4429.733,2026-03-27 19:30:00,2026-03-27 21:52:36,142.6,489,tp,9559
weekly_reset,2026-03-29,1,SELL,0.05,4484.646,2026-03-30 06:00:00,2026-03-30 12:53:31,413.5,-213,sl,9787
weekly_reset,2026-03-29,2,BUY,0.27,4529.522,2026-03-30 13:10:00,2026-03-30 23:00:00,590,771,,10558
weekly_reset,2026-03-29,3,SELL,0.13,4502.777,2026-03-31 06:03:00,2026-03-31 07:02:33,59.6,-257,sl,10301
weekly_reset,2026-03-29,4,SELL,0.29,4518.147,2026-03-31 07:14:00,2026-03-31 07:46:48,32.8,-765,sl,9536
weekly_reset,2026-03-29,5,BUY,0.17,4542.518,2026-03-31 07:55:00,2026-03-31 23:00:00,905,1261,,10797
weekly_reset,2026-03-29,6,BUY,0.07,4680.354,2026-04-01 06:01:00,2026-04-01 22:32:13,991.2,590,tp,11387
weekly_reset,2026-03-29,7,SELL,0.13,4774.490,2026-04-02 06:01:00,2026-04-02 06:19:29,18.5,-288,sl,11099
weekly_reset,2026-03-29,8,SELL,0.11,4789.516,2026-04-02 06:38:00,2026-04-02 08:06:57,89,616,tp,11715
weekly_reset,2026-03-29,9,SELL,0.19,4727.743,2026-04-02 08:20:00,2026-04-02 12:47:33,267.6,1932,tp,13647
weekly_reset,2026-03-29,10,SELL,0.24,4587.073,2026-04-02 13:02:00,2026-04-02 14:34:12,92.2,-1036,sl,12611
weekly_reset,2026-03-29,11,BUY,0.06,4632.003,2026-04-02 14:35:00,2026-04-02 20:00:19,325.3,-274,sl,12337
weekly_reset,2026-03-29,12,SELL,0.22,4590.290,2026-04-02 20:14:00,2026-04-02 20:49:39,35.6,-925,sl,11412
weekly_reset,2026-04-05,1,BUY,0.15,4646.412,2026-04-06 06:00:00,2026-04-06 23:00:00,1020,330,,10330
weekly_reset,2026-04-05,2,BUY,0.17,4661.086,2026-04-07 06:07:01,2026-04-07 08:00:02,113,-260,sl,10070
weekly_reset,2026-04-05,3,SELL,0.28,4636.371,2026-04-07 08:11:00,2026-04-07 11:42:40,211.7,-770,sl,9300
weekly_reset,2026-04-05,4,SELL,0.16,4660.354,2026-04-07 12:01:00,2026-04-07 15:20:56,199.9,200,sl,9500
weekly_reset,2026-04-05,5,SELL,0.08,4681.830,2026-04-07 16:07:00,2026-04-07 23:00:00,413,335,,9835
weekly_reset,2026-04-05,6,BUY,0.11,4821.426,2026-04-08 06:21:00,2026-04-08 21:32:00,911,-737,sl,9098
weekly_reset,2026-04-05,7,SELL,0.09,4713.826,2026-04-09 06:02:00,2026-04-09 17:24:48,682.8,-212,sl,8886
weekly_reset,2026-04-05,8,BUY,0.12,4745.425,2026-04-09 17:51:00,2026-04-09 22:34:51,283.8,469,tp,9355
weekly_reset,2026-04-05,9,BUY,0.12,4764.348,2026-04-10 06:00:00,2026-04-10 09:21:10,201.2,-240,sl,9115
weekly_reset,2026-04-05,10,BUY,0.28,4749.303,2026-04-10 09:41:00,2026-04-10 23:00:00,799,638,,9753
weekly_reset,2026-04-12,1,BUY,0.06,4659.132,2026-04-13 06:00:00,2026-04-13 23:00:00,1020,414,,10414
weekly_reset,2026-04-12,2,SELL,0.17,4758.128,2026-04-14 06:22:00,2026-04-14 07:41:15,79.2,-271,sl,10143
weekly_reset,2026-04-12,3,BUY,0.34,4776.010,2026-04-14 08:08:00,2026-04-14 17:39:02,571,-751,sl,9392
weekly_reset,2026-04-12,4,BUY,0.3,4770.410,2026-04-14 17:51:00,2026-04-14 23:00:00,309,1176,,10568
weekly_reset,2026-04-12,5,BUY,0.16,4843.001,2026-04-15 06:07:00,2026-04-15 09:32:21,205.4,-264,sl,10304
weekly_reset,2026-04-12,6,SELL,0.33,4821.838,2026-04-15 09:56:00,2026-04-15 23:00:00,784,664,,10968
weekly_reset,2026-04-12,7,BUY,0.19,4811.591,2026-04-16 06:14:00,2026-04-16 20:52:43,878.7,-55,sl,10913
weekly_reset,2026-04-12,8,SELL,0.24,4793.713,2026-04-17 06:02:00,2026-04-17 12:00:32,358.5,256,sl,11169
weekly_reset,2026-04-12,9,BUY,0.28,4804.329,2026-04-17 12:01:00,2026-04-17 12:57:11,56.2,-278,sl,10891
weekly_reset,2026-04-12,10,SELL,0.6,4795.370,2026-04-17 12:59:00,2026-04-17 18:48:03,349,-837,sl,10054
weekly_reset,2026-04-12,11,SELL,0.47,4800.772,2026-04-17 18:56:00,2026-04-17 19:25:26,29.4,-760,sl,9294
weekly_reset,2026-04-12,12,BUY,0.36,4820.580,2026-04-17 19:37:00,2026-04-17 20:10:53,33.9,1511,tp,10805
weekly_reset,2026-04-12,13,SELL,0.21,4855.470,2026-04-17 20:22:00,2026-04-17 23:00:00,158,-260,,10545
weekly_reset,2026-04-19,1,SELL,0.07,4773.306,2026-04-20 06:16:00,2026-04-20 08:31:05,135.1,-230,sl,9770
weekly_reset,2026-04-19,2,SELL,0.29,4807.813,2026-04-20 09:00:00,2026-04-20 23:00:00,840,215,,9985
weekly_reset,2026-04-19,3,SELL,0.16,4824.381,2026-04-21 06:09:00,2026-04-21 12:52:43,403.7,548,tp,10533
weekly_reset,2026-04-19,4,BUY,0.43,4788.423,2026-04-21 13:11:00,2026-04-21 19:30:34,379.6,-783,sl,9750
weekly_reset,2026-04-19,5,SELL,0.39,4776.184,2026-04-21 19:31:00,2026-04-21 21:47:22,136.4,1600,tp,11350
weekly_reset,2026-04-19,6,BUY,0.18,4721.699,2026-04-22 06:02:01,2026-04-22 10:29:11,267.2,618,tp,11968
weekly_reset,2026-04-19,7,SELL,0.24,4759.001,2026-04-22 10:38:01,2026-04-22 12:21:14,103.2,-302,sl,11666
weekly_reset,2026-04-19,8,BUY,0.21,4767.847,2026-04-22 12:39:00,2026-04-22 15:30:01,171,-294,sl,11372
weekly_reset,2026-04-19,9,SELL,0.21,4752.495,2026-04-22 15:37:00,2026-04-22 23:00:00,443,507,,11879
weekly_reset,2026-04-19,10,SELL,0.26,4726.131,2026-04-23 06:00:00,2026-04-23 07:15:18,75.3,650,tp,12529
weekly_reset,2026-04-19,11,BUY,0.45,4734.523,2026-04-23 07:26:00,2026-04-23 09:08:35,102.6,-944,sl,11585
weekly_reset,2026-04-19,12,BUY,0.35,4717.986,2026-04-23 09:23:00,2026-04-23 12:30:46,187.8,-869,sl,10716
weekly_reset,2026-04-19,13,SELL,0.56,4702.146,2026-04-23 12:43:00,2026-04-23 13:01:16,18.3,-810,sl,9906
weekly_reset,2026-04-19,14,BUY,0.46,4716.675,2026-04-23 13:03:00,2026-04-23 16:02:07,179.1,-741,sl,9165
weekly_reset,2026-04-19,15,BUY,0.36,4701.422,2026-04-23 16:24:00,2026-04-23 23:00:00,396,1105,,10270
weekly_reset,2026-04-19,16,BUY,0.19,4695.501,2026-04-24 06:01:00,2026-04-24 09:28:14,207.2,-268,sl,10002
weekly_reset,2026-04-19,17,BUY,0.36,4689.114,2026-04-24 09:35:00,2026-04-24 10:10:15,35.2,-738,sl,9264
weekly_reset,2026-04-19,18,SELL,0.35,4670.144,2026-04-24 10:13:00,2026-04-24 14:46:07,273.1,-692,sl,8572
weekly_reset,2026-04-19,19,BUY,0.14,4693.274,2026-04-24 15:20:00,2026-04-24 17:31:54,131.9,-214,sl,8358
weekly_reset,2026-04-19,20,SELL,0.14,4677.308,2026-04-24 17:55:00,2026-04-24 18:05:03,10,-214,sl,8144
weekly_reset,2026-04-19,21,BUY,0.27,4707.382,2026-04-24 18:24:00,2026-04-24 23:00:00,276,524,,8668
weekly_reset,2026-04-26,1,BUY,0.14,4684.052,2026-04-27 06:07:00,2026-04-27 10:43:37,276.6,532,tp,10532
weekly_reset,2026-04-26,2,SELL,0.22,4726.252,2026-04-27 11:26:00,2026-04-27 20:01:33,515.6,570,tp,11102
weekly_reset,2026-04-26,3,BUY,0.46,4697.748,2026-04-27 20:12:00,2026-04-27 21:55:08,103.1,-837,sl,10265
weekly_reset,2026-04-26,4,BUY,0.29,4687.876,2026-04-28 06:01:00,2026-04-28 08:55:49,174.8,-271,sl,9994
weekly_reset,2026-04-26,5,BUY,0.15,4679.224,2026-04-28 09:18:00,2026-04-28 12:03:41,165.7,-244,sl,9750
weekly_reset,2026-04-26,6,BUY,0.57,4658.035,2026-04-28 12:21:00,2026-04-28 12:30:22,9.4,-732,sl,9018
weekly_reset,2026-04-26,7,SELL,0.43,4644.526,2026-04-28 12:35:00,2026-04-28 17:58:25,323.4,1455,tp,10473
weekly_reset,2026-04-26,8,SELL,0.43,4602.824,2026-04-28 18:09:00,2026-04-28 19:01:44,52.7,1744,tp,12217
weekly_reset,2026-04-26,9,BUY,0.31,4575.554,2026-04-28 19:12:00,2026-04-28 23:00:00,228,339,,12556
weekly_reset,2026-04-26,10,SELL,0.37,4591.470,2026-04-29 06:06:00,2026-04-29 07:00:35,54.6,-320,sl,12236
weekly_reset,2026-04-26,11,SELL,0.25,4601.645,2026-04-29 07:21:00,2026-04-29 14:26:53,425.9,670,tp,12906
weekly_reset,2026-04-26,12,SELL,0.51,4570.740,2026-04-29 14:43:00,2026-04-29 20:40:49,357.8,2150,tp,15056
weekly_reset,2026-04-26,13,BUY,0.38,4521.104,2026-04-29 20:55:00,2026-04-29 23:00:00,125,1015,,16071
weekly_reset,2026-04-26,14,BUY,0.33,4552.894,2026-04-30 06:02:01,2026-04-30 11:35:01,333,325,sl,16396
weekly_reset,2026-04-26,15,SELL,0.28,4542.764,2026-04-30 11:59:00,2026-04-30 12:24:21,25.4,-423,sl,15973
weekly_reset,2026-04-26,16,BUY,0.25,4561.148,2026-04-30 12:33:00,2026-04-30 14:56:58,144,849,tp,16822
weekly_reset,2026-04-26,17,BUY,0.55,4627.405,2026-04-30 15:05:00,2026-04-30 23:00:00,475,-658,,16164
weekly_reset,2026-04-26,18,SELL,0.34,4628.962,2026-05-01 06:04:00,2026-05-01 13:19:44,435.7,878,tp,17042
weekly_reset,2026-04-26,19,SELL,0.29,4594.605,2026-05-01 13:28:00,2026-05-01 20:41:32,433.5,348,sl,17390
weekly_reset,2026-04-26,20,BUY,0.53,4614.922,2026-05-01 20:54:00,2026-05-01 23:00:00,126,1780,,19170
weekly_reset,2026-05-03,1,SELL,0.13,4615.058,2026-05-04 06:11:00,2026-05-04 17:02:17,651.3,526,tp,10526
weekly_reset,2026-05-03,2,BUY,0.3,4557.887,2026-05-04 17:35:00,2026-05-04 22:20:16,285.3,-791,sl,9735
weekly_reset,2026-05-03,3,BUY,0.22,4518.019,2026-05-05 06:03:00,2026-05-05 09:43:22,220.4,492,tp,10227
weekly_reset,2026-05-03,4,BUY,0.18,4546.457,2026-05-05 09:49:00,2026-05-05 10:58:02,69,-253,sl,9974
weekly_reset,2026-05-03,5,SELL,0.25,4530.432,2026-05-05 11:21:01,2026-05-05 12:07:09,46.1,-255,sl,9719
weekly_reset,2026-05-03,6,SELL,0.2,4539.340,2026-05-05 12:17:00,2026-05-05 12:42:46,25.8,-248,sl,9471
weekly_reset,2026-05-03,7,BUY,0.14,4546.721,2026-05-05 13:04:00,2026-05-05 23:00:00,596,384,,9855
weekly_reset,2026-05-03,8,BUY,0.51,4572.961,2026-05-06 06:01:00,2026-05-06 07:41:56,100.9,1596,tp,11451
weekly_reset,2026-05-03,9,BUY,0.48,4618.233,2026-05-06 07:59:00,2026-05-06 13:00:59,302,1870,tp,13321
weekly_reset,2026-05-03,10,BUY,0.18,4666.596,2026-05-06 13:27:01,2026-05-06 17:41:14,254.2,698,tp,14019
weekly_reset,2026-05-03,11,SELL,0.45,4712.325,2026-05-06 18:04:00,2026-05-06 23:00:00,296,1751,,15770
weekly_reset,2026-05-03,12,SELL,0.32,4694.255,2026-05-07 06:14:00,2026-05-07 08:11:04,117.1,-398,sl,15372
weekly_reset,2026-05-03,13,SELL,0.53,4704.757,2026-05-07 08:27:00,2026-05-07 13:31:53,304.9,-1156,sl,14216
weekly_reset,2026-05-03,14,SELL,0.5,4736.727,2026-05-07 13:55:01,2026-05-07 20:34:01,399,-1087,sl,13129
weekly_reset,2026-05-03,15,SELL,0.37,4743.628,2026-05-07 20:49:00,2026-05-07 23:00:00,131,521,,13650
weekly_reset,2026-05-03,16,BUY,0.13,4689.425,2026-05-08 06:04:00,2026-05-08 23:00:00,1016,489,,14139
weekly_reset,2026-05-10,1,SELL,0.11,4692.135,2026-05-11 06:11:00,2026-05-11 20:06:17,835.3,-54,sl,9946
weekly_reset,2026-05-10,2,BUY,0.24,4738.955,2026-05-11 20:39:00,2026-05-11 23:00:00,141,-159,,9787
weekly_reset,2026-05-10,3,BUY,0.17,4753.767,2026-05-12 06:09:01,2026-05-12 08:26:02,137,-243,sl,9544
weekly_reset,2026-05-10,4,SELL,0.26,4730.029,2026-05-12 08:37:00,2026-05-12 22:18:11,821.2,1528,tp,11072
weekly_reset,2026-05-10,5,BUY,0.19,4720.443,2026-05-13 06:08:00,2026-05-13 08:17:33,129.6,-279,sl,10793
weekly_reset,2026-05-10,6,SELL,0.4,4704.207,2026-05-13 08:30:00,2026-05-13 23:00:00,870,341,,11134
weekly_reset,2026-05-10,7,BUY,0.28,4701.780,2026-05-14 06:11:00,2026-05-14 07:03:26,52.4,-324,sl,10810
weekly_reset,2026-05-10,8,BUY,0.7,4697.409,2026-05-14 07:13:00,2026-05-14 08:13:18,60.3,-828,sl,9982
weekly_reset,2026-05-10,9,SELL,0.32,4688.953,2026-05-14 08:40:00,2026-05-14 11:36:13,176.2,-755,sl,9227
weekly_reset,2026-05-10,10,SELL,0.37,4701.046,2026-05-14 12:03:00,2026-05-14 23:00:00,657,560,,9787
weekly_reset,2026-05-10,11,SELL,0.21,4661.203,2026-05-15 06:10:00,2026-05-15 07:25:21,75.4,538,tp,10325
weekly_reset,2026-05-10,12,BUY,0.27,4626.578,2026-05-15 07:48:00,2026-05-15 12:07:22,259.4,-767,sl,9558
weekly_reset,2026-05-10,13,SELL,0.36,4582.326,2026-05-15 12:21:00,2026-05-15 20:37:27,496.4,1565,tp,11123
weekly_reset,2026-05-10,14,BUY,0.24,4534.578,2026-05-15 20:55:00,2026-05-15 23:00:00,125,122,,11245
weekly_reset,2026-05-17,1,SELL,0.11,4541.927,2026-05-18 06:07:00,2026-05-18 07:44:49,97.8,576,tp,10576
weekly_reset,2026-05-17,2,BUY,0.2,4515.777,2026-05-18 08:00:00,2026-05-18 23:00:00,900,561,,11137
weekly_reset,2026-05-17,3,BUY,0.23,4582.235,2026-05-19 06:13:00,2026-05-19 07:28:50,75.8,-291,sl,10846
weekly_reset,2026-05-17,4,SELL,0.41,4574.466,2026-05-19 07:36:00,2026-05-19 20:04:38,748.6,1758,tp,12604
weekly_reset,2026-05-17,5,SELL,0.38,4517.145,2026-05-19 20:20:00,2026-05-19 23:00:00,160,1290,,13894
weekly_reset,2026-05-17,6,BUY,0.27,4483.629,2026-05-20 06:05:00,2026-05-20 08:30:12,145.2,-37,sl,13857
weekly_reset,2026-05-17,7,BUY,0.31,4483.298,2026-05-20 08:51:00,2026-05-20 23:00:00,849,1779,,15636
weekly_reset,2026-05-17,8,BUY,0.31,4541.722,2026-05-21 06:07:01,2026-05-21 10:53:52,286.8,302,sl,15938
weekly_reset,2026-05-17,9,BUY,0.25,4533.596,2026-05-21 11:06:00,2026-05-21 14:15:46,189.8,-393,sl,15545
weekly_reset,2026-05-17,10,SELL,0.19,4518.925,2026-05-21 14:16:00,2026-05-21 16:13:03,117,-378,sl,15167
weekly_reset,2026-05-17,11,SELL,0.2,4535.954,2026-05-21 16:27:00,2026-05-21 23:00:00,393,639,,15806
weekly_reset,2026-05-17,12,SELL,0.43,4540.371,2026-05-22 06:22:00,2026-05-22 12:56:32,394.5,851,tp,16657
weekly_reset,2026-05-17,13,BUY,0.66,4523.131,2026-05-22 13:25:00,2026-05-22 21:01:47,456.8,-1258,sl,15399
weekly_reset,2026-05-24,1,BUY,0.12,4567.528,2026-05-25 06:01:00,2026-05-25 23:00:00,1019,42,,10042
weekly_reset,2026-05-24,2,BUY,0.26,4576.376,2026-05-26 06:10:00,2026-05-26 06:31:04,21.1,-254,sl,9788
weekly_reset,2026-05-24,3,SELL,0.41,4544.848,2026-05-26 07:21:00,2026-05-26 23:00:00,939,1477,,11265
weekly_reset,2026-05-24,4,SELL,0.16,4509.429,2026-05-27 06:13:00,2026-05-27 06:44:52,31.9,-280,sl,10985
weekly_reset,2026-05-24,5,SELL,0.17,4518.969,2026-05-27 06:59:00,2026-05-27 13:31:23,392.4,565,tp,11550
weekly_reset,2026-05-24,6,SELL,0.42,4482.706,2026-05-27 13:32:00,2026-05-27 18:57:45,325.8,1888,tp,13438
weekly_reset,2026-05-24,7,SELL,0.38,4430.087,2026-05-27 19:15:00,2026-05-27 19:21:30,6.5,-1018,sl,12420
weekly_reset,2026-05-24,8,SELL,0.29,4445.311,2026-05-27 19:48:00,2026-05-27 23:00:00,192,251,,12671
weekly_reset,2026-05-24,9,SELL,0.24,4451.905,2026-05-28 06:09:00,2026-05-28 08:27:10,138.2,673,tp,13344
weekly_reset,2026-05-24,10,SELL,0.44,4419.164,2026-05-28 08:43:00,2026-05-28 21:09:36,746.6,893,sl,14237
weekly_reset,2026-05-24,11,BUY,0.37,4496.704,2026-05-29 06:18:00,2026-05-29 13:00:12,402.2,766,tp,15003
weekly_reset,2026-05-24,12,BUY,0.76,4520.339,2026-05-29 13:03:00,2026-05-29 21:52:41,529.7,2451,tp,17454
weekly_reset,2026-05-31,1,BUY,0.14,4542.614,2026-06-01 06:15:00,2026-06-01 08:56:57,162,-246,sl,9754
weekly_reset,2026-05-31,2,SELL,0.36,4525.514,2026-06-01 08:58:00,2026-06-01 20:12:48,674.8,1562,tp,11316
weekly_reset,2026-05-31,3,SELL,0.31,4477.963,2026-06-01 20:21:00,2026-06-01 23:00:00,159,108,,11424
weekly_reset,2026-05-31,4,SELL,0.28,4485.338,2026-06-02 06:10:01,2026-06-02 07:32:11,82.2,-287,sl,11137
weekly_reset,2026-05-31,5,SELL,0.56,4486.070,2026-06-02 07:44:00,2026-06-02 11:01:37,197.6,-860,sl,10277
weekly_reset,2026-05-31,6,BUY,0.15,4505.231,2026-06-02 11:12:00,2026-06-02 23:00:00,708,229,,10506
weekly_reset,2026-05-31,7,BUY,0.38,4472.146,2026-06-03 06:48:00,2026-06-03 15:00:11,492.2,-797,sl,9709
weekly_reset,2026-05-31,8,SELL,0.39,4453.964,2026-06-03 15:20:00,2026-06-03 23:00:00,460,449,,10158
weekly_reset,2026-05-31,9,BUY,0.14,4449.712,2026-06-04 06:25:01,2026-06-04 18:46:06,741.1,521,tp,10679
weekly_reset,2026-05-31,10,BUY,0.44,4497.092,2026-06-04 18:47:00,2026-06-04 21:38:20,171.3,-797,sl,9882
weekly_reset,2026-05-31,11,SELL,0.18,4468.591,2026-06-05 06:21:00,2026-06-05 13:15:00,414,522,tp,10404
weekly_reset,2026-05-31,12,SELL,0.46,4432.236,2026-06-05 13:17:00,2026-06-05 13:36:14,19.2,-786,sl,9618
weekly_reset,2026-05-31,13,BUY,0.12,4454.844,2026-06-05 13:49:00,2026-06-05 19:50:25,361.4,-240,sl,9378
weekly_reset,2026-05-31,14,SELL,0.3,4437.270,2026-06-05 19:51:00,2026-06-05 20:56:48,65.8,1539,tp,10917
weekly_reset,2026-05-31,15,SELL,0.19,4379.138,2026-06-05 20:57:00,2026-06-05 23:00:00,123,824,,11741
weekly_reset,2026-06-07,1,BUY,0.09,4326.678,2026-06-08 06:11:00,2026-06-08 12:34:12,383.2,-248,sl,9752
weekly_reset,2026-06-07,2,SELL,0.29,4288.029,2026-06-08 12:46:00,2026-06-08 14:24:11,98.2,-724,sl,9028
weekly_reset,2026-06-07,3,SELL,0.08,4306.344,2026-06-08 14:38:00,2026-06-08 18:32:50,234.8,-212,sl,8816
weekly_reset,2026-06-07,4,BUY,0.08,4327.186,2026-06-08 18:53:00,2026-06-08 23:00:00,247,115,,8931
weekly_reset,2026-06-07,5,SELL,0.24,4326.407,2026-06-09 06:06:00,2026-06-09 08:28:51,142.8,-224,sl,8707
weekly_reset,2026-06-07,6,BUY,0.1,4334.786,2026-06-09 08:56:00,2026-06-09 21:17:04,741.1,-207,sl,8500
weekly_reset,2026-06-07,7,BUY,0.12,4245.999,2026-06-10 06:04:00,2026-06-10 06:18:01,14,-207,sl,8293
weekly_reset,2026-06-07,8,SELL,0.1,4225.198,2026-06-10 06:26:00,2026-06-10 15:03:12,517.2,454,tp,8747
weekly_reset,2026-06-07,9,SELL,0.3,4166.694,2026-06-10 15:04:00,2026-06-10 22:48:18,464.3,1467,tp,10214
weekly_reset,2026-06-07,10,SELL,0.08,4043.730,2026-06-11 06:09:00,2026-06-11 07:17:54,68.9,-235,sl,9979
weekly_reset,2026-06-07,11,BUY,0.16,4072.927,2026-06-11 07:43:00,2026-06-11 23:00:00,917,257,,10236
weekly_reset,2026-06-07,12,SELL,0.09,4221.594,2026-06-12 06:23:00,2026-06-12 23:00:00,997,204,,10440
weekly_reset,2026-06-14,1,SELL,0.08,4285.495,2026-06-15 06:00:00,2026-06-15 08:38:23,158.4,-250,sl,9750
weekly_reset,2026-06-14,2,BUY,0.08,4321.471,2026-06-15 09:03:00,2026-06-15 23:00:00,837,279,,10029
weekly_reset,2026-06-14,3,BUY,0.19,4315.453,2026-06-16 06:05:00,2026-06-16 16:09:11,604.2,517,tp,10546
weekly_reset,2026-06-14,4,SELL,0.18,4343.554,2026-06-16 16:19:00,2026-06-16 23:00:00,401,375,,10921
weekly_reset,2026-06-14,5,SELL,0.29,4334.145,2026-06-17 06:03:00,2026-06-17 08:03:37,120.6,-275,sl,10646
weekly_reset,2026-06-14,6,SELL,0.52,4345.699,2026-06-17 08:17:00,2026-06-17 21:24:31,787.5,-72,sl,10574
weekly_reset,2026-06-14,7,SELL,0.14,4265.238,2026-06-18 06:01:00,2026-06-18 06:23:00,22,-257,sl,10317
weekly_reset,2026-06-14,8,BUY,0.14,4281.536,2026-06-18 06:24:00,2026-06-18 08:03:53,99.9,536,tp,10853
weekly_reset,2026-06-14,9,BUY,0.29,4326.901,2026-06-18 08:14:00,2026-06-18 13:07:38,293.6,-816,sl,10037
weekly_reset,2026-06-14,10,SELL,0.14,4298.421,2026-06-18 13:08:00,2026-06-18 18:01:17,293.3,563,tp,10600
weekly_reset,2026-06-14,11,SELL,0.14,4243.278,2026-06-18 18:11:00,2026-06-18 19:20:10,69.2,-260,sl,10340
weekly_reset,2026-06-14,12,SELL,0.33,4254.715,2026-06-18 19:28:00,2026-06-18 23:00:00,212,916,,11256
weekly_reset,2026-06-14,13,SELL,0.2,4195.907,2026-06-19 06:17:00,2026-06-19 10:42:20,265.3,624,tp,11880
weekly_reset,2026-06-14,14,SELL,0.57,4158.637,2026-06-19 10:43:00,2026-06-19 15:23:17,280.3,779,sl,12659
weekly_reset,2026-06-14,15,SELL,0.17,4167.400,2026-06-19 15:41:00,2026-06-19 23:00:00,439,275,,12934
weekly_reset,2026-06-21,1,SELL,0.15,4155.852,2026-06-22 06:16:00,2026-06-22 07:36:42,80.7,-252,sl,9748
weekly_reset,2026-06-21,2,BUY,0.28,4174.948,2026-06-22 07:44:00,2026-06-22 23:00:00,916,216,,9964
weekly_reset,2026-06-21,3,BUY,0.3,4192.528,2026-06-23 06:03:00,2026-06-23 07:08:04,65.1,-264,sl,9700
weekly_reset,2026-06-21,4,BUY,0.56,4185.239,2026-06-23 07:33:00,2026-06-23 08:19:12,46.2,-727,sl,8973
weekly_reset,2026-06-21,5,SELL,0.31,4169.432,2026-06-23 08:35:00,2026-06-23 13:10:49,275.8,1494,tp,10467
weekly_reset,2026-06-21,6,BUY,0.27,4122.923,2026-06-23 13:19:00,2026-06-23 15:02:44,103.7,-779,sl,9688
weekly_reset,2026-06-21,7,BUY,0.29,4099.707,2026-06-23 15:23:00,2026-06-23 23:00:00,457,1182,,10870
weekly_reset,2026-06-21,8,SELL,0.17,4102.269,2026-06-24 06:02:00,2026-06-24 09:38:38,216.6,578,tp,11448
weekly_reset,2026-06-21,9,SELL,0.3,4062.820,2026-06-24 09:39:00,2026-06-24 13:08:07,209.1,-861,sl,10587
weekly_reset,2026-06-21,10,SELL,0.34,4086.342,2026-06-24 13:19:00,2026-06-24 19:25:03,366,1709,tp,12296
weekly_reset,2026-06-21,11,SELL,0.3,4009.041,2026-06-24 19:26:00,2026-06-24 20:57:10,91.2,-899,sl,11397
weekly_reset,2026-06-21,12,SELL,0.19,3992.258,2026-06-25 06:09:00,2026-06-25 06:34:08,25.1,-285,sl,11112
weekly_reset,2026-06-21,13,BUY,0.14,4013.933,2026-06-25 07:07:00,2026-06-25 07:27:15,20.2,-261,sl,10851
weekly_reset,2026-06-21,14,SELL,0.11,3979.872,2026-06-25 07:49:00,2026-06-25 08:02:26,13.4,-263,sl,10588
weekly_reset,2026-06-21,15,BUY,0.25,3999.343,2026-06-25 08:21:00,2026-06-25 09:08:26,47.4,-790,sl,9798
weekly_reset,2026-06-21,16,BUY,0.2,3975.613,2026-06-25 09:19:00,2026-06-25 23:00:00,821,1313,,11111
weekly_reset,2026-06-21,17,SELL,0.17,4022.902,2026-06-26 06:10:00,2026-06-26 09:55:55,225.9,581,tp,11692
weekly_reset,2026-06-21,18,SELL,0.39,3984.039,2026-06-26 09:56:00,2026-06-26 10:55:45,59.8,-878,sl,10814
weekly_reset,2026-06-21,19,SELL,0.13,3999.952,2026-06-26 11:07:00,2026-06-26 12:30:03,83,-271,sl,10543
weekly_reset,2026-06-21,20,SELL,0.45,4007.816,2026-06-26 12:47:01,2026-06-26 13:32:42,45.7,-800,sl,9743
weekly_reset,2026-06-21,21,BUY,0.32,4025.790,2026-06-26 13:49:00,2026-06-26 21:12:18,443.3,1596,tp,11339
weekly_reset,2026-06-28,1,SELL,0.09,4063.021,2026-06-29 06:16:00,2026-06-29 23:00:00,1004,422,,10422
weekly_reset,2026-06-28,2,BUY,0.22,4019.114,2026-06-30 06:06:00,2026-06-30 07:03:38,57.6,-266,sl,10156
weekly_reset,2026-06-28,3,SELL,0.53,4005.803,2026-06-30 07:20:00,2026-06-30 08:06:39,46.6,1679,tp,11835
weekly_reset,2026-06-28,4,SELL,0.37,3945.423,2026-06-30 08:08:00,2026-06-30 08:10:16,2.3,-896,sl,10939
weekly_reset,2026-06-28,5,BUY,0.26,3973.824,2026-06-30 08:21:00,2026-06-30 21:23:31,782.5,1812,tp,12751
weekly_reset,2026-06-28,6,BUY,0.27,4018.288,2026-07-01 06:08:00,2026-07-01 06:46:39,38.6,-320,sl,12431
weekly_reset,2026-06-28,7,SELL,0.27,4007.546,2026-07-01 06:50:00,2026-07-01 08:17:37,87.6,675,tp,13106
weekly_reset,2026-06-28,8,BUY,0.51,3984.248,2026-07-01 08:23:00,2026-07-01 13:07:18,284.3,-983,sl,12123
weekly_reset,2026-06-28,9,BUY,0.51,3968.395,2026-07-01 13:21:00,2026-07-01 18:10:50,289.8,1935,tp,14058
weekly_reset,2026-06-28,10,BUY,0.64,4022.904,2026-07-01 18:20:00,2026-07-01 20:38:57,139,2277,tp,16335
weekly_reset,2026-06-28,11,BUY,0.33,4045.142,2026-07-02 06:00:00,2026-07-02 07:00:55,60.9,-456,sl,15879
weekly_reset,2026-06-28,12,SELL,0.36,4033.400,2026-07-02 07:02:00,2026-07-02 07:12:32,10.5,-406,sl,15473
weekly_reset,2026-06-28,13,BUY,0.79,4043.591,2026-07-02 07:24:00,2026-07-02 19:30:02,726,2510,tp,17983
weekly_reset,2026-06-28,14,BUY,0.45,4133.378,2026-07-02 19:38:00,2026-07-02 23:00:00,202,-211,,17772
weekly_reset,2026-06-28,15,BUY,0.48,4125.402,2026-07-03 06:05:00,2026-07-03 07:51:08,106.1,883,tp,18655
weekly_reset,2026-06-28,16,BUY,0.52,4179.866,2026-07-03 08:20:00,2026-07-03 23:00:00,880,-782,,17873
weekly_reset,2026-07-05,1,BUY,0.14,4188.541,2026-07-06 06:00:00,2026-07-06 07:01:39,61.6,-241,sl,9759
weekly_reset,2026-07-05,2,SELL,0.35,4173.997,2026-07-06 07:02:00,2026-07-06 08:34:31,92.5,-725,sl,9034
weekly_reset,2026-07-05,3,SELL,0.23,4187.454,2026-07-06 08:59:00,2026-07-06 23:00:00,841,998,,10032
weekly_reset,2026-07-05,4,SELL,0.35,4163.296,2026-07-07 06:09:00,2026-07-07 08:00:03,111,570,tp,10602
weekly_reset,2026-07-05,5,SELL,0.5,4144.875,2026-07-07 08:01:00,2026-07-07 19:06:38,665.6,-816,sl,9786
weekly_reset,2026-07-05,6,SELL,0.39,4166.347,2026-07-07 19:23:00,2026-07-07 23:00:00,217,1060,,10846
weekly_reset,2026-07-05,7,BUY,0.18,4105.690,2026-07-08 06:08:00,2026-07-08 15:17:57,550,-23,sl,10823
weekly_reset,2026-07-05,8,SELL,0.35,4088.029,2026-07-08 15:26:00,2026-07-08 22:24:55,418.9,1827,tp,12650
weekly_reset,2026-07-05,9,BUY,0.26,4077.228,2026-07-09 06:15:00,2026-07-09 08:04:14,109.2,-351,sl,12299
weekly_reset,2026-07-05,10,BUY,0.43,4075.414,2026-07-09 08:12:00,2026-07-09 10:18:29,126.5,-910,sl,11389
weekly_reset,2026-07-05,11,SELL,0.17,4055.803,2026-07-09 10:19:00,2026-07-09 12:11:26,112.4,-284,sl,11105
weekly_reset,2026-07-05,12,SELL,0.56,4067.391,2026-07-09 12:21:00,2026-07-09 12:51:16,30.3,-838,sl,10267
weekly_reset,2026-07-05,13,BUY,0.36,4094.094,2026-07-09 13:16:00,2026-07-09 23:00:00,584,1258,,11525
weekly_reset,2026-07-05,14,SELL,0.36,4121.379,2026-07-10 06:32:01,2026-07-10 08:00:24,88.4,-299,sl,11226
weekly_reset,2026-07-05,15,SELL,0.55,4120.374,2026-07-10 08:07:00,2026-07-10 21:33:06,806.1,1848,tp,13074
weekly_reset,2026-07-12,1,SELL,0.35,4072.864,2026-07-13 06:01:00,2026-07-13 21:16:46,915.8,1691,tp,11691
weekly_reset,2026-07-12,2,SELL,0.31,4000.226,2026-07-14 06:15:00,2026-07-14 08:58:17,163.3,-302,sl,11389
weekly_reset,2026-07-12,3,BUY,0.37,4012.214,2026-07-14 09:10:00,2026-07-14 19:30:04,620.1,1859,tp,13248
weekly_reset,2026-07-12,4,BUY,0.44,4088.924,2026-07-14 19:31:00,2026-07-14 22:42:16,191.3,-982,sl,12266
weekly_reset,2026-07-12,5,SELL,0.34,4047.539,2026-07-15 06:13:00,2026-07-15 06:35:19,22.3,-304,sl,11962
weekly_reset,2026-07-12,6,BUY,0.31,4055.142,2026-07-15 06:45:00,2026-07-15 08:35:45,110.8,-315,sl,11647
weekly_reset,2026-07-12,7,SELL,0.47,4035.744,2026-07-15 09:01:00,2026-07-15 19:33:11,632.2,-886,sl,10761
weekly_reset,2026-07-12,8,BUY,0.44,4062.588,2026-07-15 19:48:00,2026-07-15 22:14:37,146.6,-796,sl,9965
weekly_reset,2026-07-12,9,BUY,0.27,4061.085,2026-07-16 06:08:01,2026-07-16 07:55:14,107.2,-297,sl,9668
weekly_reset,2026-07-12,10,SELL,0.42,4036.102,2026-07-16 08:29:00,2026-07-16 19:58:14,689.2,1594,tp,11262
weekly_reset,2026-07-12,11,SELL,0.26,3994.376,2026-07-16 19:59:00,2026-07-16 23:00:00,181,-332,,10930
weekly_reset,2026-07-12,12,BUY,0.29,3979.067,2026-07-17 06:09:00,2026-07-17 10:19:53,250.9,564,tp,11494
weekly_reset,2026-07-12,13,SELL,0.45,3999.563,2026-07-17 10:32:00,2026-07-17 22:47:06,735.1,-44,sl,11450
weekly_reset,2026-07-19,1,SELL,0.16,3994.967,2026-07-20 06:00:00,2026-07-20 08:00:00,120,-253,sl,9747
weekly_reset,2026-07-19,2,BUY,0.34,4009.261,2026-07-20 08:01:00,2026-07-20 23:00:00,899,87,,9834
weekly_reset,2026-07-19,3,BUY,0.22,4004.576,2026-07-21 06:04:01,2026-07-21 08:19:40,135.6,506,tp,10340
weekly_reset,2026-07-19,4,SELL,0.38,4025.813,2026-07-21 08:39:00,2026-07-21 10:26:20,107.3,-784,sl,9556
weekly_reset,2026-07-19,5,BUY,0.42,4047.712,2026-07-21 10:27:00,2026-07-21 23:00:00,753,1281,,10837
weekly_reset,2026-07-19,6,BUY,0.29,4081.627,2026-07-22 06:16:00,2026-07-22 08:00:12,104.2,559,tp,11396
weekly_reset,2026-07-19,7,BUY,0.48,4107.796,2026-07-22 08:01:00,2026-07-22 20:59:04,778.1,1849,tp,13245
weekly_reset,2026-07-19,8,SELL,0.54,4120.095,2026-07-23 06:02:00,2026-07-23 08:00:11,118.2,-1005,sl,12240
weekly_reset,2026-07-19,9,BUY,0.6,4137.683,2026-07-23 08:01:00,2026-07-23 08:44:59,44,-921,sl,11319
weekly_reset,2026-07-19,10,SELL,0.42,4118.350,2026-07-23 08:54:00,2026-07-23 19:37:19,643.3,1859,tp,13178
weekly_reset,2026-07-19,11,SELL,0.45,4063.566,2026-07-23 19:49:00,2026-07-23 23:00:00,191,649,,13827
weekly_reset,2026-07-19,12,SELL,0.59,4049.032,2026-07-24 06:06:01,2026-07-24 09:48:14,222.2,747,tp,14574
weekly_reset,2026-07-19,13,BUY,0.68,4027.679,2026-07-24 10:07:00,2026-07-24 20:59:39,652.6,2354,tp,16928
weekly_reset,2026-07-26,1,SELL,0.15,4087.706,2026-07-27 06:04:01,2026-07-27 07:02:25,58.4,-248,sl,9752
weekly_reset,2026-07-26,2,BUY,0.59,4103.112,2026-07-27 07:03:00,2026-07-27 07:27:52,24.9,-732,sl,9020
weekly_reset,2026-07-26,3,BUY,0.34,4109.569,2026-07-27 07:51:00,2026-07-27 10:10:30,139.5,-672,sl,8348
weekly_reset,2026-07-26,4,SELL,0.46,4091.637,2026-07-27 10:12:00,2026-07-27 14:21:35,249.6,-634,sl,7714
weekly_reset,2026-07-26,5,SELL,0.44,4102.832,2026-07-27 14:32:00,2026-07-27 21:28:15,416.2,1255,tp,8969
weekly_reset,2026-07-26,6,SELL,0.28,4072.658,2026-07-28 06:03:00,2026-07-28 08:20:32,137.5,479,tp,9448
weekly_reset,2026-07-26,7,SELL,0.4,4052.045,2026-07-28 08:21:00,2026-07-28 23:00:00,879,968,,10416
weekly_reset,2026-07-26,8,BUY,0.23,4019.170,2026-07-29 06:09:00,2026-07-29 14:21:20,492.3,535,tp,10951
weekly_reset,2026-07-26,9,BUY,0.23,4047.229,2026-07-29 14:23:00,2026-07-29 16:14:26,111.4,-273,sl,10678
weekly_reset,2026-07-26,10,SELL,0.27,4036.236,2026-07-29 16:15:00,2026-07-29 19:30:05,195.1,568,tp,11246
weekly_reset,2026-07-26,11,SELL,0.51,4018.027,2026-07-29 20:06:00,2026-07-29 23:00:00,174,401,,11647
weekly_reset,2026-07-26,12,BUY,0.16,4097.928,2026-07-30 06:08:01,2026-07-30 07:03:12,55.2,-305,sl,11342
weekly_reset,2026-07-26,13,SELL,0.49,4076.921,2026-07-30 07:21:00,2026-07-30 12:38:17,317.3,1859,tp,13201
weekly_reset,2026-07-26,14,BUY,0.46,4037.479,2026-07-30 13:04:00,2026-07-30 20:37:47,453.8,2094,tp,15295
weekly_reset,2026-07-26,15,BUY,0.4,4094.171,2026-07-30 20:38:00,2026-07-30 23:00:00,142,544,,15839
weekly_reset,2026-07-26,16,SELL,0.4,4109.448,2026-07-31 06:10:01,2026-07-31 08:39:17,149.3,831,tp,16670
weekly_reset,2026-07-26,17,BUY,0.23,4086.546,2026-07-31 08:59:00,2026-07-31 14:34:31,335.5,-404,sl,16266
weekly_reset,2026-07-26,18,SELL,0.3,4071.094,2026-07-31 14:57:00,2026-07-31 20:05:29,308.5,908,tp,17174
weekly_reset,2026-07-26,19,SELL,0.73,4036.130,2026-07-31 20:15:00,2026-07-31 23:00:00,165,-706,,16468
weekly_reset,2026-08-02,1,SELL,0.13,4063.729,2026-08-03 06:02:00,2026-08-03 23:00:00,1018,443,,10443
weekly_reset,2026-08-02,2,SELL,0.32,4051.209,2026-08-04 06:11:01,2026-08-04 07:01:23,50.4,-266,sl,10177
weekly_reset,2026-08-02,3,SELL,0.73,4062.940,2026-08-04 07:20:00,2026-08-04 18:47:25,687.4,-43,sl,10134
weekly_reset,2026-08-02,4,BUY,0.46,4077.393,2026-08-04 18:49:00,2026-08-04 23:00:00,251,456,,10590
weekly_reset,2026-08-02,5,SELL,0.23,4069.941,2026-08-05 06:23:00,2026-08-05 07:35:17,72.3,-269,sl,10321
weekly_reset,2026-08-02,6,SELL,0.23,4078.391,2026-08-05 07:47:00,2026-08-05 08:38:54,51.9,-262,sl,10059
weekly_reset,2026-08-02,7,BUY,0.48,4089.948,2026-08-05 08:40:00,2026-08-05 09:46:14,66.2,1634,tp,11693
weekly_reset,2026-08-02,8,SELL,0.41,4128.626,2026-08-05 10:03:00,2026-08-05 12:37:57,155,-869,sl,10824
weekly_reset,2026-08-02,9,BUY,0.37,4171.236,2026-08-05 13:11:00,2026-08-05 21:08:06,477.1,1725,tp,12549
weekly_reset,2026-08-02,10,BUY,0.28,4258.728,2026-08-06 06:16:00,2026-08-06 07:35:06,79.1,663,tp,13212
weekly_reset,2026-08-02,11,BUY,0.34,4291.303,2026-08-06 07:48:00,2026-08-06 10:25:38,157.6,-1008,sl,12204
weekly_reset,2026-08-02,12,SELL,0.14,4261.493,2026-08-06 10:47:00,2026-08-06 16:02:20,315.3,-304,sl,11900
weekly_reset,2026-08-02,13,BUY,0.15,4282.299,2026-08-06 16:17:01,2026-08-06 18:22:29,125.5,-281,sl,11619
weekly_reset,2026-08-02,14,SELL,0.21,4263.750,2026-08-06 18:23:00,2026-08-06 23:00:00,277,597,,12216
weekly_reset,2026-08-02,15,BUY,0.32,4245.573,2026-08-07 06:15:00,2026-08-07 07:38:39,83.6,-321,sl,11895
weekly_reset,2026-08-02,16,SELL,0.63,4235.724,2026-08-07 07:40:00,2026-08-07 08:21:48,41.8,-895,sl,11000
weekly_reset,2026-08-02,17,BUY,0.37,4243.027,2026-08-07 08:37:00,2026-08-07 15:13:28,396.5,1797,tp,12797
weekly_reset,2026-08-02,18,SELL,0.2,4294.187,2026-08-07 15:24:00,2026-08-07 15:33:53,9.9,-320,sl,12477
weekly_reset,2026-08-02,19,BUY,0.49,4309.552,2026-08-07 15:43:00,2026-08-07 19:31:36,228.6,2081,tp,14558
weekly_reset,2026-08-02,20,BUY,0.4,4354.942,2026-08-07 19:33:00,2026-08-07 21:12:20,99.3,-1077,sl,13481
weekly_reset,2026-08-09,1,SELL,0.16,4341.425,2026-08-10 06:00:00,2026-08-10 13:46:25,466.4,-33,sl,9967
weekly_reset,2026-08-09,2,BUY,0.13,4357.590,2026-08-10 13:56:00,2026-08-10 17:03:52,187.9,-238,sl,9729
weekly_reset,2026-08-09,3,BUY,0.19,4344.077,2026-08-10 17:23:00,2026-08-10 18:13:13,50.2,-241,sl,9488
weekly_reset,2026-08-09,4,SELL,0.18,4332.923,2026-08-10 18:50:00,2026-08-10 21:26:34,156.6,-231,sl,9257
weekly_reset,2026-08-09,5,SELL,0.23,4394.994,2026-08-11 06:20:00,2026-08-11 07:04:59,45,-233,sl,9024
weekly_reset,2026-08-09,6,BUY,0.57,4404.262,2026-08-11 07:08:00,2026-08-11 08:55:23,107.4,1442,tp,10466
weekly_reset,2026-08-09,7,BUY,0.31,4434.145,2026-08-11 09:15:00,2026-08-11 09:54:22,39.4,-779,sl,9687
weekly_reset,2026-08-09,8,BUY,0.12,4417.423,2026-08-11 10:21:00,2026-08-11 12:20:34,119.6,-246,sl,9441
weekly_reset,2026-08-09,9,SELL,0.32,4374.641,2026-08-11 12:43:00,2026-08-11 19:13:17,390.3,-700,sl,8741
weekly_reset,2026-08-09,10,BUY,0.34,4398.421,2026-08-11 19:22:00,2026-08-11 22:34:29,192.5,-639,sl,8102
weekly_reset,2026-08-09,11,SELL,0.2,4368.734,2026-08-12 06:01:02,2026-08-12 07:14:45,73.7,-207,sl,7895
weekly_reset,2026-08-09,12,BUY,0.12,4380.749,2026-08-12 07:31:00,2026-08-12 16:23:36,532.6,397,tp,8292
weekly_reset,2026-08-09,13,BUY,0.45,4419.638,2026-08-12 16:26:00,2026-08-12 19:22:35,176.6,-629,sl,7663
weekly_reset,2026-08-09,14,BUY,0.37,4426.976,2026-08-12 19:30:00,2026-08-12 19:30:06,0.1,-564,sl,7099
weekly_reset,2026-08-09,15,BUY,0.23,4417.616,2026-08-12 19:33:00,2026-08-12 23:00:00,207,74,,7173
weekly_reset,2026-08-09,16,BUY,0.2,4408.043,2026-08-13 06:21:00,2026-08-13 07:20:25,59.4,350,tp,7523
weekly_reset,2026-08-09,17,SELL,0.29,4431.223,2026-08-13 07:52:00,2026-08-13 12:59:11,307.2,1243,tp,8766
weekly_reset,2026-08-09,18,SELL,0.33,4378.094,2026-08-13 13:05:00,2026-08-13 19:30:02,385,-671,sl,8095
weekly_reset,2026-08-09,19,BUY,0.38,4389.888,2026-08-13 19:31:00,2026-08-13 20:51:21,80.4,-606,sl,7489
weekly_reset,2026-08-09,20,SELL,0.18,4372.450,2026-08-13 20:53:00,2026-08-13 23:00:00,127,128,,7617
weekly_reset,2026-08-09,21,SELL,0.17,4353.618,2026-08-14 06:02:00,2026-08-14 08:10:57,129,434,tp,8051
weekly_reset,2026-08-09,22,BUY,0.23,4319.123,2026-08-14 08:41:00,2026-08-14 19:31:26,650.4,1310,tp,9361
weekly_reset,2026-08-09,23,SELL,0.42,4377.200,2026-08-14 19:39:00,2026-08-14 20:36:17,57.3,-707,sl,8654
weekly_reset,2026-08-09,24,SELL,0.29,4386.987,2026-08-14 20:50:00,2026-08-14 23:00:00,130,-149,,8505
weekly_reset,2026-08-16,1,SELL,0.2,4374.519,2026-08-17 06:29:00,2026-08-17 07:18:03,49.1,-254,sl,9746
weekly_reset,2026-08-16,2,BUY,0.44,4391.261,2026-08-17 07:31:00,2026-08-17 23:00:00,929,1519,,11265
weekly_reset,2026-08-16,3,BUY,0.32,4417.746,2026-08-18 06:17:00,2026-08-18 08:47:08,150.1,-43,sl,11222
weekly_reset,2026-08-16,4,SELL,0.44,4402.704,2026-08-18 09:04:00,2026-08-18 22:20:03,796.1,1839,tp,13061
weekly_reset,2026-08-16,5,BUY,0.24,4335.932,2026-08-19 06:04:00,2026-08-19 18:01:35,717.6,688,tp,13749
weekly_reset,2026-08-16,6,BUY,0.32,4369.976,2026-08-19 18:02:00,2026-08-19 19:36:42,94.7,731,tp,14480
weekly_reset,2026-08-16,7,BUY,0.37,4437.931,2026-08-19 19:57:00,2026-08-19 23:00:00,183,2093,,16573
weekly_reset,2026-08-16,8,BUY,0.31,4523.585,2026-08-20 06:07:00,2026-08-20 07:00:01,53,-464,sl,16109
weekly_reset,2026-08-16,9,BUY,0.89,4516.867,2026-08-20 07:04:00,2026-08-20 08:01:18,57.3,-1209,sl,14900
weekly_reset,2026-08-16,10,SELL,0.56,4493.178,2026-08-20 08:05:00,2026-08-20 21:57:02,832,1018,sl,15918
weekly_reset,2026-08-16,11,BUY,0.4,4529.494,2026-08-21 06:04:00,2026-08-21 07:12:57,69,-417,sl,15501
weekly_reset,2026-08-16,12,SELL,0.24,4515.827,2026-08-21 07:32:00,2026-08-21 08:31:17,59.3,-398,sl,15103
weekly_reset,2026-08-16,13,BUY,0.57,4532.356,2026-08-21 08:32:01,2026-08-21 15:42:30,430.5,2486,tp,17589
weekly_reset,2026-08-16,14,BUY,0.23,4584.178,2026-08-21 16:00:00,2026-08-21 19:39:26,219.4,-424,sl,17165
weekly_reset,2026-08-16,15,BUY,0.52,4577.774,2026-08-21 19:48:00,2026-08-21 23:00:00,192,1907,,19072
weekly_reset,2026-08-23,1,BUY,0.13,4613.126,2026-08-24 06:23:00,2026-08-24 07:27:20,64.3,-237,sl,9763
weekly_reset,2026-08-23,2,BUY,0.24,4614.250,2026-08-24 07:51:00,2026-08-24 23:00:00,909,1217,,10980
weekly_reset,2026-08-23,3,BUY,0.25,4675.922,2026-08-25 06:17:00,2026-08-25 08:26:47,129.8,-39,sl,10941
weekly_reset,2026-08-23,4,SELL,0.27,4670.224,2026-08-25 08:48:00,2026-08-25 23:00:00,852,1215,,12156
weekly_reset,2026-08-23,5,SELL,0.32,4670.988,2026-08-26 06:04:00,2026-08-26 07:23:12,79.2,692,tp,12848
weekly_reset,2026-08-23,6,SELL,0.21,4642.315,2026-08-26 07:37:00,2026-08-26 08:57:40,80.7,-325,sl,12523
weekly_reset,2026-08-23,7,SELL,0.14,4659.039,2026-08-26 09:25:00,2026-08-26 20:16:01,651,694,tp,13217
weekly_reset,2026-08-23,8,BUY,0.22,4608.382,2026-08-27 06:02:01,2026-08-27 14:26:02,504,234,sl,13451
weekly_reset,2026-08-23,9,BUY,0.18,4600.979,2026-08-27 14:31:00,2026-08-27 16:37:07,126.1,-331,sl,13120
weekly_reset,2026-08-23,10,SELL,0.59,4581.895,2026-08-27 16:51:00,2026-08-27 18:31:41,100.7,-987,sl,12133
weekly_reset,2026-08-23,11,SELL,0.21,4595.674,2026-08-27 18:49:00,2026-08-27 22:55:12,246.2,208,sl,12341
weekly_reset,2026-08-23,12,SELL,0.3,4604.116,2026-08-28 06:13:00,2026-08-28 08:53:33,160.6,689,tp,13030
weekly_reset,2026-08-23,13,SELL,0.46,4576.188,2026-08-28 08:54:00,2026-08-28 13:49:37,295.6,-983,sl,12047
weekly_reset,2026-08-23,14,SELL,0.47,4600.788,2026-08-28 14:10:00,2026-08-28 20:58:02,408,-915,sl,11132
weekly_reset,2026-08-30,1,BUY,0.12,4462.541,2026-08-31 06:05:00,2026-08-31 06:45:24,40.4,-237,sl,9763
weekly_reset,2026-08-30,2,BUY,0.12,4457.023,2026-08-31 06:58:00,2026-08-31 08:10:34,72.6,-230,sl,9533
weekly_reset,2026-08-30,3,BUY,0.22,4449.545,2026-08-31 08:19:00,2026-08-31 09:32:58,74,-690,sl,8843
weekly_reset,2026-08-30,4,SELL,0.19,4411.497,2026-08-31 09:34:00,2026-08-31 14:25:13,291.2,-654,sl,8189
weekly_reset,2026-08-30,5,BUY,0.11,4447.337,2026-08-31 14:46:00,2026-08-31 20:46:30,360.5,-200,sl,7989
weekly_reset,2026-08-30,6,SELL,0.22,4445.930,2026-09-01 06:09:00,2026-09-01 07:09:12,60.2,-205,sl,7784
weekly_reset,2026-08-30,7,BUY,0.42,4460.664,2026-09-01 07:22:00,2026-09-01 08:06:43,44.7,-578,sl,7206
weekly_reset,2026-08-30,8,SELL,0.27,4446.069,2026-09-01 08:16:00,2026-09-01 15:09:51,413.8,1167,tp,8373
weekly_reset,2026-08-30,9,SELL,0.25,4395.324,2026-09-01 15:19:01,2026-09-01 20:09:52,290.8,1357,tp,9730
weekly_reset,2026-08-30,10,BUY,0.23,4338.927,2026-09-01 20:26:00,2026-09-01 23:00:00,154,784,,10514
weekly_reset,2026-08-30,11,SELL,0.27,4327.625,2026-09-02 06:02:01,2026-09-02 08:51:15,169.2,570,tp,11084
weekly_reset,2026-08-30,12,BUY,0.26,4300.169,2026-09-02 09:07:00,2026-09-02 20:59:13,712.2,1824,tp,12908
weekly_reset,2026-08-30,13,SELL,0.37,4384.068,2026-09-03 06:15:01,2026-09-03 07:52:36,97.6,-331,sl,12577
weekly_reset,2026-08-30,14,BUY,0.2,4394.169,2026-09-03 07:58:00,2026-09-03 11:08:36,190.6,664,tp,13241
weekly_reset,2026-08-30,15,BUY,0.22,4436.126,2026-09-03 11:26:00,2026-09-03 13:23:22,117.4,-326,sl,12915
weekly_reset,2026-08-30,16,SELL,0.45,4422.572,2026-09-03 13:24:00,2026-09-03 15:07:38,103.6,-963,sl,11952
weekly_reset,2026-08-30,17,SELL,0.15,4434.382,2026-09-03 15:40:00,2026-09-03 19:30:01,230,-308,sl,11644
weekly_reset,2026-08-30,18,BUY,0.41,4468.185,2026-09-03 19:34:00,2026-09-03 23:00:00,206,1212,,12856
weekly_reset,2026-08-30,19,BUY,0.31,4476.363,2026-09-04 06:04:00,2026-09-04 11:00:20,296.3,-336,sl,12520
weekly_reset,2026-08-30,20,BUY,0.26,4470.336,2026-09-04 11:25:01,2026-09-04 19:30:01,485,-629,sl,11891
weekly_reset,2026-08-30,21,SELL,0.27,4389.634,2026-09-04 19:36:00,2026-09-04 20:43:30,67.5,-889,sl,11002
weekly_reset,2026-08-30,22,BUY,0.12,4427.538,2026-09-04 20:47:00,2026-09-04 23:00:00,133,110,,11112
weekly_reset,2026-09-06,1,SELL,0.21,4429.836,2026-09-07 06:14:01,2026-09-07 08:13:00,119,546,tp,10546
weekly_reset,2026-09-06,2,BUY,0.32,4404.702,2026-09-07 08:31:00,2026-09-07 23:00:00,869,309,,10855
weekly_reset,2026-09-06,3,BUY,0.3,4412.125,2026-09-08 06:05:00,2026-09-08 08:23:37,138.6,565,tp,11420
weekly_reset,2026-09-06,4,BUY,0.33,4434.396,2026-09-08 08:24:00,2026-09-08 13:15:57,292,-860,sl,10560
weekly_reset,2026-09-06,5,BUY,0.38,4407.239,2026-09-08 13:44:00,2026-09-08 19:15:21,331.4,-779,sl,9781
weekly_reset,2026-09-06,6,BUY,0.37,4397.743,2026-09-08 19:29:00,2026-09-08 23:00:00,211,-106,,9675
weekly_reset,2026-09-06,7,SELL,0.22,4352.202,2026-09-09 06:16:00,2026-09-09 07:59:00,103,-242,sl,9433
weekly_reset,2026-09-06,8,BUY,0.33,4367.589,2026-09-09 08:10:00,2026-09-09 20:23:39,733.6,1513,tp,10946
weekly_reset,2026-09-06,9,SELL,0.37,4418.324,2026-09-09 20:42:00,2026-09-09 23:00:00,138,978,,11924
weekly_reset,2026-09-06,10,SELL,0.26,4398.177,2026-09-10 06:26:00,2026-09-10 08:02:22,96.4,-300,sl,11624
weekly_reset,2026-09-06,11,BUY,0.6,4409.972,2026-09-10 08:03:00,2026-09-10 15:42:31,459.5,-867,sl,10757
weekly_reset,2026-09-06,12,BUY,0.17,4395.380,2026-09-10 16:18:00,2026-09-10 17:36:41,78.7,-260,sl,10497
weekly_reset,2026-09-06,13,SELL,0.45,4379.384,2026-09-10 17:52:00,2026-09-10 19:37:35,105.6,1710,tp,12207
weekly_reset,2026-09-06,14,BUY,0.23,4349.394,2026-09-10 20:20:00,2026-09-10 23:00:00,160,383,,12590
weekly_reset,2026-09-06,15,BUY,0.25,4318.699,2026-09-11 06:05:00,2026-09-11 10:22:39,257.6,-323,sl,12267
weekly_reset,2026-09-06,16,BUY,0.14,4312.160,2026-09-11 10:43:00,2026-09-11 19:49:13,546.2,666,tp,12933
weekly_reset,2026-09-06,17,BUY,0.19,4395.607,2026-09-11 20:29:00,2026-09-11 23:00:00,151,-546,,12387
weekly_reset,2026-09-13,1,BUY,0.17,4341.848,2026-09-14 06:10:00,2026-09-14 08:19:38,129.6,-240,sl,9760
weekly_reset,2026-09-13,2,BUY,0.28,4335.534,2026-09-14 08:25:00,2026-09-14 14:56:00,391,-723,sl,9037
weekly_reset,2026-09-13,3,SELL,0.12,4313.014,2026-09-14 15:15:00,2026-09-14 19:56:00,281,472,tp,9509
weekly_reset,2026-09-13,4,SELL,0.25,4260.311,2026-09-14 20:10:00,2026-09-14 22:32:28,142.5,-693,sl,8816
weekly_reset,2026-09-13,5,SELL,0.21,4294.543,2026-09-15 06:06:00,2026-09-15 08:19:19,133.3,-227,sl,8589
weekly_reset,2026-09-13,6,SELL,0.13,4300.878,2026-09-15 08:29:00,2026-09-15 09:40:47,71.8,-219,sl,8370
weekly_reset,2026-09-13,7,BUY,0.12,4316.796,2026-09-15 09:50:00,2026-09-15 12:15:49,145.8,-203,sl,8167
weekly_reset,2026-09-13,8,SELL,0.17,4297.012,2026-09-15 12:26:01,2026-09-15 15:05:05,159.1,447,tp,8614
weekly_reset,2026-09-13,9,BUY,0.34,4271.099,2026-09-15 15:18:00,2026-09-15 23:00:00,462,629,,9243
weekly_reset,2026-09-13,10,SELL,0.23,4283.868,2026-09-16 06:29:00,2026-09-16 09:11:59,163,-233,sl,9010
weekly_reset,2026-09-13,11,BUY,0.36,4294.086,2026-09-16 09:23:00,2026-09-16 17:08:56,465.9,1451,tp,10461
weekly_reset,2026-09-13,12,BUY,0.5,4347.091,2026-09-16 17:11:00,2026-09-16 21:03:14,232.2,-780,sl,9681
weekly_reset,2026-09-13,13,BUY,0.14,4268.581,2026-09-17 06:19:00,2026-09-17 08:24:46,125.8,482,tp,10163
weekly_reset,2026-09-13,14,BUY,0.29,4314.315,2026-09-17 08:33:00,2026-09-17 09:07:02,34,-752,sl,9411
weekly_reset,2026-09-13,15,BUY,0.09,4292.316,2026-09-17 09:22:00,2026-09-17 19:16:27,594.4,505,tp,9916
weekly_reset,2026-09-13,16,BUY,0.27,4379.280,2026-09-17 19:29:00,2026-09-17 21:58:46,149.8,-722,sl,9194
weekly_reset,2026-09-13,17,BUY,0.2,4345.444,2026-09-18 06:14:00,2026-09-18 10:26:05,252.1,-47,sl,9147
weekly_reset,2026-09-13,18,SELL,0.13,4355.468,2026-09-18 11:16:00,2026-09-18 12:39:41,83.7,-230,sl,8917
weekly_reset,2026-09-13,19,BUY,0.35,4385.236,2026-09-18 13:02:00,2026-09-18 19:21:12,379.2,-654,sl,8263
weekly_reset,2026-09-13,20,SELL,0.3,4366.067,2026-09-18 19:22:00,2026-09-18 23:00:00,218,279,,8542
weekly_reset,2026-09-20,1,SELL,0.23,4373.768,2026-09-21 06:08:00,2026-09-21 14:43:25,515.4,556,tp,10556
weekly_reset,2026-09-20,2,SELL,0.13,4345.198,2026-09-21 14:59:00,2026-09-21 18:44:20,225.3,-257,sl,10299
weekly_reset,2026-09-20,3,SELL,0.45,4359.262,2026-09-21 19:22:00,2026-09-21 23:00:00,218,810,,11109
weekly_reset,2026-09-20,4,BUY,0.2,4362.466,2026-09-22 06:37:00,2026-09-22 07:40:51,63.8,-283,sl,10826
weekly_reset,2026-09-20,5,SELL,0.37,4357.061,2026-09-22 08:13:00,2026-09-22 15:00:41,407.7,1798,tp,12624
weekly_reset,2026-09-20,6,BUY,0.47,4310.163,2026-09-22 15:09:00,2026-09-22 23:00:00,471,995,,13619
weekly_reset,2026-09-20,7,BUY,0.37,4363.287,2026-09-23 06:01:00,2026-09-23 08:01:23,120.4,-355,sl,13264
weekly_reset,2026-09-20,8,SELL,0.68,4355.078,2026-09-23 08:02:00,2026-09-23 15:12:01,430,2167,tp,15431
weekly_reset,2026-09-20,9,BUY,0.25,4320.982,2026-09-23 15:23:00,2026-09-23 18:22:15,179.2,-380,sl,15051
weekly_reset,2026-09-20,10,SELL,0.85,4301.479,2026-09-23 18:33:00,2026-09-23 19:06:12,33.2,-1158,sl,13893
weekly_reset,2026-09-20,11,SELL,0.6,4310.013,2026-09-23 19:31:00,2026-09-23 23:00:00,209,1757,,15650
weekly_reset,2026-09-20,12,SELL,0.35,4289.292,2026-09-24 06:03:00,2026-09-24 08:12:19,129.3,-393,sl,15257
weekly_reset,2026-09-20,13,BUY,0.66,4300.437,2026-09-24 08:13:00,2026-09-24 08:49:25,36.4,-1140,sl,14117
weekly_reset,2026-09-20,14,BUY,0.5,4281.561,2026-09-24 09:14:00,2026-09-24 15:59:22,405.4,-1050,sl,13067
weekly_reset,2026-09-20,15,SELL,0.43,4259.417,2026-09-24 16:05:00,2026-09-24 19:56:14,231.2,-975,sl,12092
weekly_reset,2026-09-20,16,SELL,0.43,4276.976,2026-09-24 20:18:00,2026-09-24 23:00:00,162,863,,12955
weekly_reset,2026-09-20,17,BUY,0.31,4273.717,2026-09-25 06:03:00,2026-09-25 11:56:46,353.8,259,sl,13214
weekly_reset,2026-09-20,18,BUY,0.25,4264.148,2026-09-25 12:30:00,2026-09-25 16:03:19,213.3,704,tp,13918
weekly_reset,2026-09-20,19,SELL,0.67,4292.466,2026-09-25 16:18:00,2026-09-25 17:14:53,56.9,-1071,sl,12847
weekly_reset,2026-09-20,20,BUY,0.55,4307.545,2026-09-25 17:15:00,2026-09-25 20:19:28,184.5,-970,sl,11877
weekly_reset,2026-09-20,21,SELL,0.42,4290.215,2026-09-25 20:20:00,2026-09-25 23:00:00,160,-42,,11835
monthly_reset,2026-01,1,BUY,0.1,4328.500,2026-01-02 06:05:00,2026-01-02 09:50:10,225.2,223,tp,10223
monthly_reset,2026-01,2,BUY,0.18,4370.899,2026-01-02 10:14:00,2026-01-02 21:32:09,678.2,246,sl,10469
monthly_reset,2026-01,3,SELL,0.5,4359.038,2026-01-05 06:34:00,2026-01-05 06:50:52,16.9,-779,sl,9690
monthly_reset,2026-01,4,BUY,0.34,4379.869,2026-01-05 07:13:00,2026-01-05 16:43:15,570.2,1591,tp,11281
monthly_reset,2026-01,5,BUY,0.22,4437.714,2026-01-05 16:45:00,2026-01-05 18:25:50,100.8,-275,sl,11006
monthly_reset,2026-01,6,SELL,0.21,4423.120,2026-01-05 18:26:00,2026-01-05 21:48:11,202.2,195,sl,11201
monthly_reset,2026-01,7,SELL,0.27,4450.752,2026-01-06 06:17:00,2026-01-06 09:30:00,193,278,sl,11479
monthly_reset,2026-01,8,SELL,0.49,4455.791,2026-01-06 09:39:00,2026-01-06 12:31:40,172.7,-873,sl,10606
monthly_reset,2026-01,9,SELL,0.84,4469.240,2026-01-06 12:39:00,2026-01-06 17:03:00,264,1780,tp,12386
monthly_reset,2026-01,10,BUY,0.58,4449.995,2026-01-06 17:10:00,2026-01-06 22:00:51,290.8,2006,tp,14392
monthly_reset,2026-01,11,SELL,0.41,4496.477,2026-01-07 06:12:00,2026-01-07 08:07:17,115.3,815,tp,15207
monthly_reset,2026-01,12,SELL,0.72,4474.732,2026-01-07 08:08:00,2026-01-07 20:08:57,721,2481,tp,17688
monthly_reset,2026-01,13,BUY,0.59,4445.217,2026-01-07 20:29:00,2026-01-07 23:00:00,151,47,,17735
monthly_reset,2026-01,14,BUY,0.45,4462.696,2026-01-08 06:03:00,2026-01-08 07:37:54,94.9,-514,sl,17221
monthly_reset,2026-01,15,SELL,0.43,4452.623,2026-01-08 07:38:00,2026-01-08 12:13:07,275.1,954,tp,18175
monthly_reset,2026-01,16,SELL,1.17,4425.882,2026-01-08 12:30:00,2026-01-08 13:39:04,69.1,-1380,sl,16795
monthly_reset,2026-01,17,BUY,0.57,4435.810,2026-01-08 13:57:00,2026-01-08 19:05:32,308.5,-1242,sl,15553
monthly_reset,2026-01,18,SELL,0.87,4410.001,2026-01-08 19:16:00,2026-01-08 19:32:33,16.6,-1169,sl,14384
monthly_reset,2026-01,19,BUY,0.68,4426.349,2026-01-08 19:38:00,2026-01-08 23:00:00,202,1921,,16305
monthly_reset,2026-01,20,BUY,0.32,4480.549,2026-01-09 06:03:00,2026-01-09 07:23:52,80.9,-416,sl,15889
monthly_reset,2026-01,21,SELL,0.37,4464.506,2026-01-09 07:49:00,2026-01-09 09:04:07,75.1,-395,sl,15494
monthly_reset,2026-01,22,BUY,0.24,4472.132,2026-01-09 09:46:00,2026-01-09 22:37:50,771.8,824,tp,16318
monthly_reset,2026-01,23,BUY,0.39,4524.006,2026-01-12 06:06:00,2026-01-12 07:09:13,63.2,871,tp,17189
monthly_reset,2026-01,24,BUY,0.63,4567.558,2026-01-12 07:32:00,2026-01-12 20:55:04,803.1,2789,tp,19978
monthly_reset,2026-01,25,BUY,0.29,4600.833,2026-01-13 06:01:47,2026-01-13 06:12:11,10.4,-506,sl,19472
monthly_reset,2026-01,26,SELL,0.33,4580.790,2026-01-13 06:13:00,2026-01-13 06:56:46,43.8,-487,sl,18985
monthly_reset,2026-01,27,SELL,0.24,4591.435,2026-01-13 07:24:00,2026-01-13 20:30:17,786.3,-484,sl,18501
monthly_reset,2026-01,28,BUY,0.73,4616.743,2026-01-13 20:43:00,2026-01-13 23:00:00,137,162,,18663
monthly_reset,2026-01,29,BUY,0.35,4593.868,2026-01-14 06:09:00,2026-01-14 10:54:23,285.4,981,tp,19644
monthly_reset,2026-01,30,SELL,0.42,4627.606,2026-01-14 11:12:00,2026-01-14 12:02:55,50.9,-488,sl,19156
monthly_reset,2026-01,31,SELL,1.32,4634.958,2026-01-14 12:12:00,2026-01-14 22:02:06,590.1,3139,tp,22295
monthly_reset,2026-01,32,SELL,1.06,4616.482,2026-01-15 06:07:01,2026-01-15 23:00:00,1013,2247,,24542
monthly_reset,2026-01,33,BUY,0.63,4620.535,2026-01-16 06:06:01,2026-01-16 06:26:54,20.9,-615,sl,23927
monthly_reset,2026-01,34,SELL,0.61,4610.137,2026-01-16 06:27:01,2026-01-16 20:18:05,831.1,1307,tp,25234
monthly_reset,2026-01,35,SELL,0.98,4587.103,2026-01-16 20:30:00,2026-01-16 21:06:02,36,-1896,sl,23338
monthly_reset,2026-01,36,BUY,0.34,4655.093,2026-01-19 06:10:00,2026-01-19 23:00:00,1010,975,,24313
monthly_reset,2026-01,37,BUY,0.6,4672.260,2026-01-20 06:19:01,2026-01-20 07:26:47,67.8,-634,sl,23679
monthly_reset,2026-01,38,BUY,1.75,4670.018,2026-01-20 08:06:00,2026-01-20 11:59:15,233.2,3823,tp,27502
monthly_reset,2026-01,39,BUY,1.88,4695.433,2026-01-20 12:00:00,2026-01-20 15:08:34,188.6,4457,tp,31959
monthly_reset,2026-01,40,SELL,1.74,4720.638,2026-01-20 15:22:00,2026-01-20 16:30:15,68.2,-2424,sl,29535
monthly_reset,2026-01,41,SELL,1.49,4734.073,2026-01-20 16:58:00,2026-01-20 21:28:25,270.4,-2233,sl,27302
monthly_reset,2026-01,42,SELL,0.73,4759.985,2026-01-21 06:10:01,2026-01-21 06:44:13,34.2,-691,sl,26611
monthly_reset,2026-01,43,SELL,0.49,4774.178,2026-01-21 07:26:00,2026-01-21 07:59:00,33,-671,sl,25940
monthly_reset,2026-01,44,BUY,1.15,4792.877,2026-01-21 08:05:00,2026-01-21 08:30:40,25.7,4217,tp,30157
monthly_reset,2026-01,45,BUY,0.88,4824.023,2026-01-21 08:48:00,2026-01-21 23:00:00,852,3677,,33834
monthly_reset,2026-01,46,SELL,0.35,4826.644,2026-01-22 06:02:00,2026-01-22 22:26:45,984.8,759,sl,34593
monthly_reset,2026-01,47,BUY,0.51,4952.510,2026-01-23 06:05:00,2026-01-23 06:30:31,25.5,-855,sl,33738
monthly_reset,2026-01,48,BUY,0.39,4945.663,2026-01-23 06:46:00,2026-01-23 15:23:31,517.5,-858,sl,32880
monthly_reset,2026-01,49,SELL,1.01,4917.492,2026-01-23 15:51:00,2026-01-23 19:52:01,241,-2484,sl,30396
monthly_reset,2026-01,50,SELL,1.28,4935.795,2026-01-23 20:16:00,2026-01-23 21:48:42,92.7,-2297,sl,28099
monthly_reset,2026-01,51,BUY,0.95,5028.591,2026-01-26 06:18:00,2026-01-26 08:36:01,138,4574,tp,32673
monthly_reset,2026-01,52,SELL,0.71,5069.767,2026-01-26 09:09:00,2026-01-26 13:47:45,278.8,-2461,sl,30212
monthly_reset,2026-01,53,SELL,0.74,5085.282,2026-01-26 13:58:00,2026-01-26 23:00:00,542,-422,,29790
monthly_reset,2026-01,54,BUY,0.49,5035.760,2026-01-27 06:09:01,2026-01-27 23:00:00,1011,2674,,32464
monthly_reset,2026-01,55,SELL,0.18,5168.556,2026-01-28 06:14:00,2026-01-28 08:44:10,150.2,-790,sl,31674
monthly_reset,2026-01,56,SELL,0.62,5209.936,2026-01-28 08:59:00,2026-01-28 11:58:07,179.1,-2361,sl,29313
monthly_reset,2026-01,57,BUY,0.38,5251.699,2026-01-28 12:09:00,2026-01-28 15:30:12,201.2,1610,tp,30923
monthly_reset,2026-01,58,SELL,0.82,5297.546,2026-01-28 15:42:00,2026-01-28 23:00:00,438,3595,,34518
monthly_reset,2026-01,59,BUY,0.52,5465.428,2026-01-29 06:13:01,2026-01-29 13:23:03,430,5629,tp,40147
monthly_reset,2026-01,60,BUY,0.67,5590.155,2026-01-29 13:24:00,2026-01-29 14:28:38,64.6,-2998,sl,37149
monthly_reset,2026-01,61,SELL,0.64,5527.879,2026-01-29 15:06:00,2026-01-29 22:09:05,423.1,6104,tp,43253
monthly_reset,2026-01,62,BUY,0.16,5440.263,2026-01-30 06:07:00,2026-01-30 08:06:45,119.8,-1039,sl,42214
monthly_reset,2026-01,63,SELL,0.37,5337.054,2026-01-30 08:48:00,2026-01-30 09:23:21,35.4,6969,tp,49183
monthly_reset,2026-01,64,BUY,0.29,5212.954,2026-01-30 09:41:00,2026-01-30 15:33:59,353,-3638,sl,45545
monthly_reset,2026-01,65,BUY,0.37,5110.753,2026-01-30 15:48:00,2026-01-30 16:14:25,26.4,-3406,sl,42139
monthly_reset,2026-01,66,SELL,0.28,5028.336,2026-01-30 16:30:00,2026-01-30 18:57:04,147.1,-3114,sl,39025
monthly_reset,2026-01,67,SELL,0.41,5124.791,2026-01-30 19:07:00,2026-01-30 23:00:00,233,3789,,42814
monthly_reset,2026-02,1,SELL,0.02,4724.043,2026-02-02 06:32:00,2026-02-02 07:12:00,40,-224,sl,9776
monthly_reset,2026-02,2,SELL,0.01,4827.528,2026-02-02 07:32:00,2026-02-02 13:24:40,352.7,370,tp,10146
monthly_reset,2026-02,3,SELL,0.05,4456.665,2026-02-02 13:37:00,2026-02-02 14:45:55,68.9,-688,sl,9458
monthly_reset,2026-02,4,SELL,0.01,4576.525,2026-02-02 15:03:00,2026-02-02 16:28:32,85.5,-121,sl,9337
monthly_reset,2026-02,5,BUY,0.02,4717.249,2026-02-02 16:50:00,2026-02-02 22:57:35,367.6,-188,sl,9149
monthly_reset,2026-02,6,SELL,0.07,4685.104,2026-02-03 06:01:31,2026-02-03 06:08:19,6.8,-209,sl,8940
monthly_reset,2026-02,7,BUY,0.03,4719.031,2026-02-03 06:16:00,2026-02-03 13:35:22,439.4,401,tp,9341
monthly_reset,2026-02,8,BUY,0.04,4892.064,2026-02-03 13:43:00,2026-02-03 23:00:00,557,173,,9514
monthly_reset,2026-02,9,BUY,0.06,4961.835,2026-02-04 06:02:00,2026-02-04 06:07:31,5.5,-237,sl,9277
monthly_reset,2026-02,10,BUY,0.04,4937.541,2026-02-04 06:17:00,2026-02-04 09:02:04,165.1,422,tp,9699
monthly_reset,2026-02,11,SELL,0.04,5056.305,2026-02-04 09:33:00,2026-02-04 22:34:05,781.1,488,tp,10187
monthly_reset,2026-02,12,BUY,0.07,5010.247,2026-02-05 06:16:00,2026-02-05 08:12:45,116.8,-251,sl,9936
monthly_reset,2026-02,13,SELL,0.14,4950.528,2026-02-05 08:27:00,2026-02-05 09:51:48,84.8,1619,tp,11555
monthly_reset,2026-02,14,BUY,0.07,4880.926,2026-02-05 10:22:00,2026-02-05 23:00:00,758,-443,,11112
monthly_reset,2026-02,15,BUY,0.05,4778.936,2026-02-06 06:11:00,2026-02-06 06:49:07,38.1,-278,sl,10834
monthly_reset,2026-02,16,SELL,0.13,4657.291,2026-02-06 07:18:00,2026-02-06 07:27:23,9.4,-772,sl,10062
monthly_reset,2026-02,17,BUY,0.11,4736.962,2026-02-06 07:37:00,2026-02-06 20:00:21,743.4,1674,tp,11736
monthly_reset,2026-02,18,BUY,0.21,4914.535,2026-02-06 20:20:00,2026-02-06 23:00:00,160,611,,12347
monthly_reset,2026-02,19,BUY,0.1,4989.002,2026-02-09 06:21:00,2026-02-09 23:00:00,999,624,,12971
monthly_reset,2026-02,20,SELL,0.28,5072.002,2026-02-10 06:02:23,2026-02-10 06:12:16,9.9,1783,tp,14754
monthly_reset,2026-02,21,BUY,0.07,5036.442,2026-02-10 06:44:00,2026-02-10 23:00:00,976,-122,,14632
monthly_reset,2026-02,22,BUY,0.18,5039.212,2026-02-11 06:17:00,2026-02-11 17:44:10,687.2,762,tp,15394
monthly_reset,2026-02,23,SELL,0.46,5094.108,2026-02-11 17:58:00,2026-02-11 19:00:28,62.5,-1150,sl,14244
monthly_reset,2026-02,24,SELL,0.36,5106.571,2026-02-11 19:06:00,2026-02-11 20:30:50,84.8,2297,tp,16541
monthly_reset,2026-02,25,SELL,0.25,5047.221,2026-02-11 20:36:00,2026-02-11 23:00:00,144,-326,,16215
monthly_reset,2026-02,26,SELL,0.19,5084.358,2026-02-12 06:08:00,2026-02-12 23:00:00,1012,661,,16876
monthly_reset,2026-02,27,BUY,0.12,4909.065,2026-02-13 06:13:00,2026-02-13 20:30:22,857.4,917,tp,17793
monthly_reset,2026-02,28,SELL,0.4,4973.973,2026-02-13 20:48:00,2026-02-13 21:21:39,33.6,-1335,sl,16458
monthly_reset,2026-02,29,BUY,0.16,5029.562,2026-02-16 06:28:00,2026-02-16 07:03:31,35.5,-412,sl,16046
monthly_reset,2026-02,30,SELL,0.38,5007.334,2026-02-16 07:04:00,2026-02-16 23:00:00,956,1042,,17088
monthly_reset,2026-02,31,BUY,0.39,4998.072,2026-02-17 06:02:00,2026-02-17 06:12:18,10.3,-425,sl,16663
monthly_reset,2026-02,32,SELL,0.31,4988.064,2026-02-17 06:18:00,2026-02-17 07:52:17,94.3,943,tp,17606
monthly_reset,2026-02,33,BUY,0.46,4949.515,2026-02-17 08:12:00,2026-02-17 12:15:37,243.6,-1310,sl,16296
monthly_reset,2026-02,34,BUY,0.27,4894.235,2026-02-17 12:54:00,2026-02-17 21:01:25,487.4,-1190,sl,15106
monthly_reset,2026-02,35,BUY,0.18,4882.525,2026-02-18 06:15:00,2026-02-18 06:50:15,35.2,-370,sl,14736
monthly_reset,2026-02,36,BUY,0.11,4877.025,2026-02-18 07:34:01,2026-02-18 20:07:23,753.4,787,tp,15523
monthly_reset,2026-02,37,BUY,0.52,4965.002,2026-02-18 20:38:00,2026-02-18 23:00:00,142,1852,,17375
monthly_reset,2026-02,38,BUY,0.26,4981.347,2026-02-19 06:28:00,2026-02-19 07:02:37,34.6,-468,sl,16907
monthly_reset,2026-02,39,BUY,0.54,4968.329,2026-02-19 07:13:00,2026-02-19 23:00:00,947,2489,,19396
monthly_reset,2026-02,40,BUY,1.09,5003.331,2026-02-20 06:04:00,2026-02-20 06:56:04,52.1,-1482,sl,17914
monthly_reset,2026-02,41,BUY,0.21,4996.283,2026-02-20 07:16:00,2026-02-20 21:32:02,856,988,tp,18902
monthly_reset,2026-02,42,BUY,0.49,5158.824,2026-02-23 06:50:00,2026-02-23 07:20:09,30.2,-1399,sl,17503
monthly_reset,2026-02,43,BUY,0.3,5153.803,2026-02-23 07:30:00,2026-02-23 23:00:00,930,1269,,18772
monthly_reset,2026-02,44,BUY,0.28,5240.425,2026-02-24 06:03:00,2026-02-24 07:01:33,58.6,-497,sl,18275
monthly_reset,2026-02,45,SELL,0.45,5225.250,2026-02-24 07:29:00,2026-02-24 08:16:46,47.8,2975,tp,21250
monthly_reset,2026-02,46,SELL,0.33,5151.457,2026-02-24 08:25:00,2026-02-24 23:00:00,875,23,,21273
monthly_reset,2026-02,47,SELL,0.29,5135.751,2026-02-25 06:04:00,2026-02-25 07:38:18,94.3,-532,sl,20741
monthly_reset,2026-02,48,BUY,0.73,5154.479,2026-02-25 07:41:00,2026-02-25 12:49:52,308.9,3329,tp,24070
monthly_reset,2026-02,49,SELL,1.06,5202.492,2026-02-25 12:58:00,2026-02-25 18:16:53,318.9,3968,tp,28038
monthly_reset,2026-02,50,SELL,0.99,5157.114,2026-02-25 18:17:00,2026-02-25 18:57:17,40.3,-2128,sl,25910
monthly_reset,2026-02,51,BUY,0.32,5180.039,2026-02-25 18:58:00,2026-02-25 21:39:54,161.9,-644,sl,25266
monthly_reset,2026-02,52,BUY,0.61,5173.404,2026-02-26 06:04:00,2026-02-26 21:30:42,926.7,-2000,sl,23266
monthly_reset,2026-02,53,SELL,0.34,5182.552,2026-02-27 06:26:01,2026-02-27 09:07:59,162,-595,sl,22671
monthly_reset,2026-02,54,BUY,0.77,5199.933,2026-02-27 09:08:00,2026-02-27 09:37:00,29,-1722,sl,20949
monthly_reset,2026-02,55,SELL,0.78,5176.380,2026-02-27 09:51:00,2026-02-27 12:30:08,159.1,-1591,sl,19358
monthly_reset,2026-02,56,BUY,0.38,5195.223,2026-02-27 12:55:00,2026-02-27 14:14:23,79.4,-473,sl,18885
monthly_reset,2026-02,57,SELL,0.86,5179.496,2026-02-27 14:17:00,2026-02-27 20:06:38,349.6,-1452,sl,17433
monthly_reset,2026-02,58,SELL,0.46,5208.685,2026-02-27 20:42:00,2026-02-27 22:11:52,89.9,-1330,sl,16103
monthly_reset,2026-03,1,BUY,0.28,5351.678,2026-03-02 06:10:00,2026-03-02 08:01:28,111.5,-810,sl,9190
monthly_reset,2026-03,2,SELL,0.13,5330.987,2026-03-02 08:02:00,2026-03-02 13:48:36,346.6,-695,sl,8495
monthly_reset,2026-03,3,BUY,0.26,5384.869,2026-03-02 13:49:00,2026-03-02 21:21:44,452.7,-637,sl,7858
monthly_reset,2026-03,4,BUY,0.08,5340.315,2026-03-03 06:04:00,2026-03-03 12:54:01,410,-192,sl,7666
monthly_reset,2026-03,5,SELL,0.14,5290.102,2026-03-03 13:15:00,2026-03-03 14:51:25,96.4,-571,sl,7095
monthly_reset,2026-03,6,BUY,0.05,5329.543,2026-03-03 14:55:00,2026-03-03 15:40:41,45.7,-160,sl,6935
monthly_reset,2026-03,7,SELL,0.17,5297.908,2026-03-03 15:41:00,2026-03-03 18:07:44,146.7,1130,tp,8065
monthly_reset,2026-03,8,SELL,0.08,5185.483,2026-03-03 18:26:00,2026-03-03 22:17:11,231.2,1323,tp,9388
monthly_reset,2026-03,9,BUY,0.06,5102.495,2026-03-04 06:03:00,2026-03-04 19:03:59,781,508,tp,9896
monthly_reset,2026-03,10,SELL,0.11,5186.969,2026-03-04 19:17:00,2026-03-04 23:00:00,223,449,,10345
monthly_reset,2026-03,11,SELL,0.12,5146.531,2026-03-05 06:14:00,2026-03-05 07:05:44,51.7,-261,sl,10084
monthly_reset,2026-03,12,BUY,0.12,5167.114,2026-03-05 07:07:00,2026-03-05 13:00:08,353.1,-252,sl,9832
monthly_reset,2026-03,13,SELL,0.33,5146.816,2026-03-05 13:08:00,2026-03-05 14:00:51,52.8,-760,sl,9072
monthly_reset,2026-03,14,SELL,0.06,5161.412,2026-03-05 14:17:00,2026-03-05 22:08:47,471.8,450,tp,9522
monthly_reset,2026-03,15,SELL,0.12,5090.351,2026-03-06 06:28:01,2026-03-06 08:40:12,132.2,-244,sl,9278
monthly_reset,2026-03,16,SELL,0.07,5123.551,2026-03-06 09:42:00,2026-03-06 22:02:43,740.7,-42,sl,9236
monthly_reset,2026-03,17,SELL,0.1,5087.037,2026-03-09 06:37:00,2026-03-09 23:00:00,983,-131,,9105
monthly_reset,2026-03,18,BUY,0.07,5149.196,2026-03-10 06:13:00,2026-03-10 22:33:14,980.2,488,tp,9593
monthly_reset,2026-03,19,BUY,0.11,5194.858,2026-03-11 06:07:01,2026-03-11 19:36:49,809.8,-234,sl,9359
monthly_reset,2026-03,20,SELL,0.3,5174.576,2026-03-11 19:37:00,2026-03-11 23:00:00,203,245,,9604
monthly_reset,2026-03,21,BUY,0.28,5153.533,2026-03-12 06:14:00,2026-03-12 07:00:37,46.6,-757,sl,8847
monthly_reset,2026-03,22,BUY,0.22,5139.379,2026-03-12 07:15:00,2026-03-12 23:00:00,945,-165,,8682
monthly_reset,2026-03,23,BUY,0.1,5095.409,2026-03-13 06:08:00,2026-03-13 14:21:34,493.6,-221,sl,8461
monthly_reset,2026-03,24,SELL,0.08,5083.010,2026-03-13 14:56:00,2026-03-13 18:59:03,243,-196,sl,8265
monthly_reset,2026-03,25,SELL,0.3,5109.382,2026-03-13 19:13:00,2026-03-13 21:55:23,162.4,1370,tp,9635
monthly_reset,2026-03,26,BUY,0.08,5024.760,2026-03-16 06:00:00,2026-03-16 06:20:14,20.2,-235,sl,9400
monthly_reset,2026-03,27,SELL,0.2,4986.442,2026-03-16 06:21:00,2026-03-16 07:02:48,41.8,-692,sl,8708
monthly_reset,2026-03,28,BUY,0.16,5031.066,2026-03-16 07:35:00,2026-03-16 08:14:25,39.4,-646,sl,8062
monthly_reset,2026-03,29,SELL,0.15,4995.547,2026-03-16 08:25:00,2026-03-16 13:16:22,291.4,-588,sl,7474
monthly_reset,2026-03,30,SELL,0.1,5027.383,2026-03-16 13:27:00,2026-03-16 16:45:54,198.9,411,tp,7885
monthly_reset,2026-03,31,SELL,0.26,4978.224,2026-03-16 16:56:00,2026-03-16 18:00:14,64.2,-580,sl,7305
monthly_reset,2026-03,32,BUY,0.08,5012.738,2026-03-16 18:20:00,2026-03-16 21:48:05,208.1,-174,sl,7131
monthly_reset,2026-03,33,BUY,0.1,5005.743,2026-03-17 06:12:00,2026-03-17 22:36:35,984.6,121,sl,7252
monthly_reset,2026-03,34,BUY,0.15,5001.773,2026-03-18 06:02:01,2026-03-18 10:04:21,242.3,-186,sl,7066
monthly_reset,2026-03,35,BUY,0.11,4996.384,2026-03-18 10:25:01,2026-03-18 15:45:36,320.6,-172,sl,6894
monthly_reset,2026-03,36,SELL,0.29,4983.039,2026-03-18 15:46:00,2026-03-18 18:44:18,178.3,1160,tp,8054
monthly_reset,2026-03,37,SELL,0.15,4932.119,2026-03-18 18:56:00,2026-03-18 23:00:00,244,1087,,9141
monthly_reset,2026-03,38,SELL,0.06,4829.229,2026-03-19 06:19:00,2026-03-19 08:40:21,141.4,-203,sl,8938
monthly_reset,2026-03,39,SELL,0.22,4853.359,2026-03-19 08:51:00,2026-03-19 13:46:05,295.1,1448,tp,10386
monthly_reset,2026-03,40,BUY,0.18,4771.450,2026-03-19 14:02:00,2026-03-19 14:59:26,57.4,-766,sl,9620
monthly_reset,2026-03,41,SELL,0.14,4725.075,2026-03-19 15:06:00,2026-03-19 19:42:38,276.6,1601,tp,11221
monthly_reset,2026-03,42,SELL,0.15,4575.821,2026-03-19 19:44:00,2026-03-19 21:00:36,76.6,-839,sl,10382
monthly_reset,2026-03,43,SELL,0.09,4644.020,2026-03-20 06:10:00,2026-03-20 08:05:52,115.9,-251,sl,10131
monthly_reset,2026-03,44,BUY,0.26,4673.791,2026-03-20 08:07:00,2026-03-20 17:51:32,584.5,615,sl,10746
monthly_reset,2026-03,45,BUY,0.06,4669.000,2026-03-20 18:33:00,2026-03-20 20:51:57,139,-233,sl,10513
monthly_reset,2026-03,46,SELL,0.15,4627.377,2026-03-20 20:53:00,2026-03-20 23:00:00,127,1103,,11616
monthly_reset,2026-03,47,SELL,0.04,4489.207,2026-03-23 06:22:00,2026-03-23 07:37:10,75.2,553,tp,12169
monthly_reset,2026-03,48,BUY,0.1,4356.788,2026-03-23 07:58:00,2026-03-23 13:07:15,309.2,-867,sl,11302
monthly_reset,2026-03,49,SELL,0.14,4243.693,2026-03-23 13:30:00,2026-03-23 16:29:59,180,599,sl,11901
monthly_reset,2026-03,50,BUY,0.11,4304.034,2026-03-23 16:30:00,2026-03-23 16:44:29,14.5,-864,sl,11037
monthly_reset,2026-03,51,BUY,0.1,4243.983,2026-03-23 16:53:00,2026-03-23 18:11:02,78,1690,tp,12727
monthly_reset,2026-03,52,SELL,0.09,4395.760,2026-03-23 18:20:00,2026-03-23 19:59:15,99.2,-867,sl,11860
monthly_reset,2026-03,53,SELL,0.09,4423.497,2026-03-23 20:20:00,2026-03-23 23:00:00,160,541,,12401
monthly_reset,2026-03,54,BUY,0.06,4437.393,2026-03-24 06:08:00,2026-03-24 07:27:21,79.4,-275,sl,12126
monthly_reset,2026-03,55,SELL,0.06,4360.245,2026-03-24 07:39:00,2026-03-24 14:00:20,381.3,-296,sl,11830
monthly_reset,2026-03,56,BUY,0.05,4423.726,2026-03-24 14:11:00,2026-03-24 19:39:03,328,-288,sl,11542
monthly_reset,2026-03,57,SELL,0.17,4365.306,2026-03-24 19:40:00,2026-03-24 21:34:27,114.4,-866,sl,10676
monthly_reset,2026-03,58,BUY,0.06,4485.146,2026-03-25 06:00:00,2026-03-25 08:39:34,159.6,527,tp,11203
monthly_reset,2026-03,59,BUY,0.07,4598.897,2026-03-25 08:51:00,2026-03-25 12:21:26,210.4,-261,sl,10942
monthly_reset,2026-03,60,BUY,0.13,4565.268,2026-03-25 12:44:00,2026-03-25 13:09:27,25.4,-276,sl,10666
monthly_reset,2026-03,61,BUY,0.09,4550.757,2026-03-25 13:22:00,2026-03-25 19:31:48,369.8,-258,sl,10408
monthly_reset,2026-03,62,BUY,0.22,4553.670,2026-03-25 19:38:00,2026-03-25 23:00:00,202,116,,10524
monthly_reset,2026-03,63,SELL,0.06,4509.128,2026-03-26 06:04:00,2026-03-26 23:00:00,1016,450,,10974
monthly_reset,2026-03,64,SELL,0.07,4397.502,2026-03-27 06:06:00,2026-03-27 09:03:03,177,-248,sl,10726
monthly_reset,2026-03,65,BUY,0.08,4436.854,2026-03-27 09:11:00,2026-03-27 18:07:45,536.8,-241,sl,10485
monthly_reset,2026-03,66,SELL,0.11,4408.471,2026-03-27 18:09:00,2026-03-27 19:16:26,67.4,-259,sl,10226
monthly_reset,2026-03,67,BUY,0.09,4429.733,2026-03-27 19:30:00,2026-03-27 21:52:36,142.6,527,tp,10753
monthly_reset,2026-03,68,SELL,0.06,4477.148,2026-03-30 06:06:00,2026-03-30 12:50:03,404,-271,sl,10482
monthly_reset,2026-03,69,BUY,0.29,4529.522,2026-03-30 13:10:00,2026-03-30 23:00:00,590,809,,11291
monthly_reset,2026-03,70,SELL,0.14,4502.777,2026-03-31 06:03:00,2026-03-31 07:02:33,59.6,-276,sl,11015
monthly_reset,2026-03,71,SELL,0.31,4518.147,2026-03-31 07:14:00,2026-03-31 07:46:48,32.8,-817,sl,10198
monthly_reset,2026-03,72,BUY,0.19,4542.518,2026-03-31 07:55:00,2026-03-31 23:00:00,905,1419,,11617
monthly_reset,2026-03,73,BUY,0.07,4680.354,2026-04-01 06:01:00,2026-04-01 22:32:13,991.2,590,tp,12207
monthly_reset,2026-04,1,BUY,0.24,4701.494,2026-04-01 07:07:00,2026-04-01 11:16:56,249.9,-743,sl,9257
monthly_reset,2026-04,2,BUY,0.12,4672.827,2026-04-01 11:29:00,2026-04-01 13:47:19,138.3,476,tp,9733
monthly_reset,2026-04,3,BUY,0.26,4727.788,2026-04-01 13:56:00,2026-04-01 23:00:00,544,1454,,11187
monthly_reset,2026-04,4,SELL,0.12,4774.490,2026-04-02 06:01:00,2026-04-02 06:19:29,18.5,-266,sl,10921
monthly_reset,2026-04,5,SELL,0.11,4789.516,2026-04-02 06:38:00,2026-04-02 08:06:57,89,616,tp,11537
monthly_reset,2026-04,6,SELL,0.19,4727.743,2026-04-02 08:20:00,2026-04-02 12:47:33,267.6,1932,tp,13469
monthly_reset,2026-04,7,SELL,0.23,4587.073,2026-04-02 13:02:00,2026-04-02 14:34:12,92.2,-993,sl,12476
monthly_reset,2026-04,8,BUY,0.06,4632.003,2026-04-02 14:35:00,2026-04-02 20:00:19,325.3,-274,sl,12202
monthly_reset,2026-04,9,SELL,0.22,4590.290,2026-04-02 20:14:00,2026-04-02 20:49:39,35.6,-925,sl,11277
monthly_reset,2026-04,10,BUY,0.16,4646.412,2026-04-06 06:00:00,2026-04-06 23:00:00,1020,343,,11620
monthly_reset,2026-04,11,BUY,0.19,4661.086,2026-04-07 06:07:01,2026-04-07 08:00:02,113,-290,sl,11330
monthly_reset,2026-04,12,SELL,0.32,4636.371,2026-04-07 08:11:00,2026-04-07 11:42:40,211.7,-880,sl,10450
monthly_reset,2026-04,13,SELL,0.18,4660.354,2026-04-07 12:01:00,2026-04-07 15:20:56,199.9,256,sl,10706
monthly_reset,2026-04,14,SELL,0.09,4681.830,2026-04-07 16:07:00,2026-04-07 23:00:00,413,424,,11130
monthly_reset,2026-04,15,BUY,0.12,4821.426,2026-04-08 06:21:00,2026-04-08 21:32:00,911,-805,sl,10325
monthly_reset,2026-04,16,SELL,0.11,4713.826,2026-04-09 06:02:00,2026-04-09 17:24:48,682.8,-259,sl,10066
monthly_reset,2026-04,17,BUY,0.13,4745.425,2026-04-09 17:51:00,2026-04-09 22:34:51,283.8,516,tp,10582
monthly_reset,2026-04,18,BUY,0.13,4764.348,2026-04-10 06:00:00,2026-04-10 09:21:10,201.2,-260,sl,10322
monthly_reset,2026-04,19,BUY,0.32,4749.303,2026-04-10 09:41:00,2026-04-10 23:00:00,799,719,,11041
monthly_reset,2026-04,20,BUY,0.07,4659.132,2026-04-13 06:00:00,2026-04-13 23:00:00,1020,470,,11511
monthly_reset,2026-04,21,SELL,0.18,4758.128,2026-04-14 06:22:00,2026-04-14 07:41:15,79.2,-287,sl,11224
monthly_reset,2026-04,22,BUY,0.38,4776.010,2026-04-14 08:08:00,2026-04-14 17:39:02,571,-839,sl,10385
monthly_reset,2026-04,23,BUY,0.33,4770.410,2026-04-14 17:51:00,2026-04-14 23:00:00,309,1298,,11683
monthly_reset,2026-04,24,BUY,0.18,4843.001,2026-04-15 06:07:00,2026-04-15 09:32:21,205.4,-297,sl,11386
monthly_reset,2026-04,25,SELL,0.36,4821.838,2026-04-15 09:56:00,2026-04-15 23:00:00,784,724,,12110
monthly_reset,2026-04,26,BUY,0.21,4811.591,2026-04-16 06:14:00,2026-04-16 20:52:43,878.7,-87,sl,12023
monthly_reset,2026-04,27,SELL,0.27,4793.713,2026-04-17 06:02:00,2026-04-17 12:00:32,358.5,288,sl,12311
monthly_reset,2026-04,28,BUY,0.31,4804.329,2026-04-17 12:01:00,2026-04-17 12:57:11,56.2,-307,sl,12004
monthly_reset,2026-04,29,SELL,0.66,4795.370,2026-04-17 12:59:00,2026-04-17 18:48:03,349,-921,sl,11083
monthly_reset,2026-04,30,SELL,0.52,4800.772,2026-04-17 18:56:00,2026-04-17 19:25:26,29.4,-841,sl,10242
monthly_reset,2026-04,31,BUY,0.4,4820.580,2026-04-17 19:37:00,2026-04-17 20:10:53,33.9,1687,tp,11929
monthly_reset,2026-04,32,SELL,0.23,4855.470,2026-04-17 20:22:00,2026-04-17 23:00:00,158,-284,,11645
monthly_reset,2026-04,33,SELL,0.09,4771.756,2026-04-20 06:17:00,2026-04-20 08:30:38,133.6,-294,sl,11351
monthly_reset,2026-04,34,SELL,0.34,4807.813,2026-04-20 09:00:00,2026-04-20 23:00:00,840,252,,11603
monthly_reset,2026-04,35,SELL,0.18,4824.381,2026-04-21 06:09:00,2026-04-21 12:52:43,403.7,609,tp,12212
monthly_reset,2026-04,36,BUY,0.5,4788.423,2026-04-21 13:11:00,2026-04-21 19:30:34,379.6,-910,sl,11302
monthly_reset,2026-04,37,SELL,0.45,4776.184,2026-04-21 19:31:00,2026-04-21 21:47:22,136.4,1847,tp,13149
monthly_reset,2026-04,38,BUY,0.2,4721.699,2026-04-22 06:02:01,2026-04-22 10:29:11,267.2,699,tp,13848
monthly_reset,2026-04,39,SELL,0.28,4759.001,2026-04-22 10:38:01,2026-04-22 12:21:14,103.2,-352,sl,13496
monthly_reset,2026-04,40,BUY,0.24,4767.847,2026-04-22 12:39:00,2026-04-22 15:30:01,171,-336,sl,13160
monthly_reset,2026-04,41,SELL,0.24,4752.495,2026-04-22 15:37:00,2026-04-22 23:00:00,443,580,,13740
monthly_reset,2026-04,42,SELL,0.3,4726.131,2026-04-23 06:00:00,2026-04-23 07:15:18,75.3,753,tp,14493
monthly_reset,2026-04,43,BUY,0.52,4734.523,2026-04-23 07:26:00,2026-04-23 09:08:35,102.6,-1091,sl,13402
monthly_reset,2026-04,44,BUY,0.4,4717.986,2026-04-23 09:23:00,2026-04-23 12:30:46,187.8,-993,sl,12409
monthly_reset,2026-04,45,SELL,0.65,4702.146,2026-04-23 12:43:00,2026-04-23 13:01:16,18.3,-941,sl,11468
monthly_reset,2026-04,46,BUY,0.53,4716.675,2026-04-23 13:03:00,2026-04-23 16:02:07,179.1,-853,sl,10615
monthly_reset,2026-04,47,BUY,0.42,4701.422,2026-04-23 16:24:00,2026-04-23 23:00:00,396,1255,,11870
monthly_reset,2026-04,48,BUY,0.22,4695.501,2026-04-24 06:01:00,2026-04-24 09:28:14,207.2,-310,sl,11560
monthly_reset,2026-04,49,BUY,0.42,4689.114,2026-04-24 09:35:00,2026-04-24 10:10:15,35.2,-861,sl,10699
monthly_reset,2026-04,50,SELL,0.4,4670.144,2026-04-24 10:13:00,2026-04-24 14:46:07,273.1,-791,sl,9908
monthly_reset,2026-04,51,BUY,0.16,4693.274,2026-04-24 15:20:00,2026-04-24 17:31:54,131.9,-245,sl,9663
monthly_reset,2026-04,52,SELL,0.16,4677.308,2026-04-24 17:55:00,2026-04-24 18:05:03,10,-245,sl,9418
monthly_reset,2026-04,53,BUY,0.31,4707.382,2026-04-24 18:24:00,2026-04-24 23:00:00,276,601,,10019
monthly_reset,2026-04,54,BUY,0.14,4684.052,2026-04-27 06:07:00,2026-04-27 10:43:37,276.6,532,tp,10551
monthly_reset,2026-04,55,SELL,0.22,4726.252,2026-04-27 11:26:00,2026-04-27 20:01:33,515.6,570,tp,11121
monthly_reset,2026-04,56,BUY,0.46,4697.748,2026-04-27 20:12:00,2026-04-27 21:55:08,103.1,-837,sl,10284
monthly_reset,2026-04,57,BUY,0.29,4687.876,2026-04-28 06:01:00,2026-04-28 08:55:49,174.8,-271,sl,10013
monthly_reset,2026-04,58,BUY,0.15,4679.224,2026-04-28 09:18:00,2026-04-28 12:03:41,165.7,-244,sl,9769
monthly_reset,2026-04,59,BUY,0.57,4658.035,2026-04-28 12:21:00,2026-04-28 12:30:22,9.4,-732,sl,9037
monthly_reset,2026-04,60,SELL,0.44,4644.526,2026-04-28 12:35:00,2026-04-28 17:58:25,323.4,1495,tp,10532
monthly_reset,2026-04,61,SELL,0.43,4602.824,2026-04-28 18:09:00,2026-04-28 19:01:44,52.7,1744,tp,12276
monthly_reset,2026-04,62,BUY,0.31,4575.554,2026-04-28 19:12:00,2026-04-28 23:00:00,228,339,,12615
monthly_reset,2026-04,63,SELL,0.37,4591.470,2026-04-29 06:06:00,2026-04-29 07:00:35,54.6,-320,sl,12295
monthly_reset,2026-04,64,SELL,0.25,4601.645,2026-04-29 07:21:00,2026-04-29 14:26:53,425.9,670,tp,12965
monthly_reset,2026-04,65,SELL,0.51,4570.740,2026-04-29 14:43:00,2026-04-29 20:40:49,357.8,2150,tp,15115
monthly_reset,2026-04,66,BUY,0.38,4521.104,2026-04-29 20:55:00,2026-04-29 23:00:00,125,1015,,16130
monthly_reset,2026-04,67,BUY,0.33,4552.894,2026-04-30 06:02:01,2026-04-30 11:35:01,333,325,sl,16455
monthly_reset,2026-04,68,SELL,0.28,4542.764,2026-04-30 11:59:00,2026-04-30 12:24:21,25.4,-423,sl,16032
monthly_reset,2026-04,69,BUY,0.25,4561.148,2026-04-30 12:33:00,2026-04-30 14:56:58,144,849,tp,16881
monthly_reset,2026-04,70,BUY,0.55,4627.405,2026-04-30 15:05:00,2026-04-30 23:00:00,475,-658,,16223
monthly_reset,2026-04,71,SELL,0.34,4628.962,2026-05-01 06:04:00,2026-05-01 13:19:44,435.7,878,tp,17101
monthly_reset,2026-05,1,SELL,0.22,4624.346,2026-05-01 07:13:00,2026-05-01 09:17:11,124.2,-249,sl,9751
monthly_reset,2026-05,2,SELL,0.17,4624.327,2026-05-01 09:45:00,2026-05-01 14:22:21,277.4,514,tp,10265
monthly_reset,2026-05,3,SELL,0.14,4585.997,2026-05-01 14:35:00,2026-05-01 19:25:44,290.7,-254,sl,10011
monthly_reset,2026-05,4,SELL,0.36,4591.705,2026-05-01 19:45:00,2026-05-01 20:53:05,68.1,-754,sl,9257
monthly_reset,2026-05,5,BUY,0.28,4614.922,2026-05-01 20:54:00,2026-05-01 23:00:00,126,941,,10198
monthly_reset,2026-05,6,SELL,0.14,4615.058,2026-05-04 06:11:00,2026-05-04 17:02:17,651.3,573,tp,10771
monthly_reset,2026-05,7,BUY,0.3,4557.887,2026-05-04 17:35:00,2026-05-04 22:20:16,285.3,-791,sl,9980
monthly_reset,2026-05,8,BUY,0.23,4518.019,2026-05-05 06:03:00,2026-05-05 09:43:22,220.4,518,tp,10498
monthly_reset,2026-05,9,BUY,0.18,4546.457,2026-05-05 09:49:00,2026-05-05 10:58:02,69,-253,sl,10245
monthly_reset,2026-05,10,SELL,0.26,4530.432,2026-05-05 11:21:01,2026-05-05 12:07:09,46.1,-265,sl,9980
monthly_reset,2026-05,11,SELL,0.2,4539.340,2026-05-05 12:17:00,2026-05-05 12:42:46,25.8,-248,sl,9732
monthly_reset,2026-05,12,BUY,0.15,4546.721,2026-05-05 13:04:00,2026-05-05 23:00:00,596,406,,10138
monthly_reset,2026-05,13,BUY,0.52,4572.961,2026-05-06 06:01:00,2026-05-06 07:41:56,100.9,1633,tp,11771
monthly_reset,2026-05,14,BUY,0.49,4618.233,2026-05-06 07:59:00,2026-05-06 13:00:59,302,1916,tp,13687
monthly_reset,2026-05,15,BUY,0.19,4666.596,2026-05-06 13:27:01,2026-05-06 17:41:14,254.2,744,tp,14431
monthly_reset,2026-05,16,SELL,0.47,4712.325,2026-05-06 18:04:00,2026-05-06 23:00:00,296,1799,,16230
monthly_reset,2026-05,17,SELL,0.33,4694.255,2026-05-07 06:14:00,2026-05-07 08:11:04,117.1,-410,sl,15820
monthly_reset,2026-05,18,SELL,0.55,4704.757,2026-05-07 08:27:00,2026-05-07 13:31:53,304.9,-1200,sl,14620
monthly_reset,2026-05,19,SELL,0.52,4736.727,2026-05-07 13:55:01,2026-05-07 20:34:01,399,-1131,sl,13489
monthly_reset,2026-05,20,SELL,0.38,4743.628,2026-05-07 20:49:00,2026-05-07 23:00:00,131,535,,14024
monthly_reset,2026-05,21,BUY,0.13,4689.425,2026-05-08 06:04:00,2026-05-08 23:00:00,1016,489,,14513
monthly_reset,2026-05,22,SELL,0.17,4692.135,2026-05-11 06:11:00,2026-05-11 20:06:17,835.3,-60,sl,14453
monthly_reset,2026-05,23,BUY,0.35,4738.955,2026-05-11 20:39:00,2026-05-11 23:00:00,141,-231,,14222
monthly_reset,2026-05,24,BUY,0.25,4753.767,2026-05-12 06:09:01,2026-05-12 08:26:02,137,-357,sl,13865
monthly_reset,2026-05,25,SELL,0.39,4730.029,2026-05-12 08:37:00,2026-05-12 22:18:11,821.2,2258,tp,16123
monthly_reset,2026-05,26,BUY,0.28,4720.443,2026-05-13 06:08:00,2026-05-13 08:17:33,129.6,-411,sl,15712
monthly_reset,2026-05,27,SELL,0.58,4704.207,2026-05-13 08:30:00,2026-05-13 23:00:00,870,495,,16207
monthly_reset,2026-05,28,BUY,0.4,4701.780,2026-05-14 06:11:00,2026-05-14 07:03:26,52.4,-463,sl,15744
monthly_reset,2026-05,29,BUY,1.03,4697.409,2026-05-14 07:13:00,2026-05-14 08:13:18,60.3,-1219,sl,14525
monthly_reset,2026-05,30,SELL,0.47,4688.953,2026-05-14 08:40:00,2026-05-14 11:36:13,176.2,-1109,sl,13416
monthly_reset,2026-05,31,SELL,0.54,4701.046,2026-05-14 12:03:00,2026-05-14 23:00:00,657,817,,14233
monthly_reset,2026-05,32,SELL,0.31,4661.203,2026-05-15 06:10:00,2026-05-15 07:25:21,75.4,778,tp,15011
monthly_reset,2026-05,33,BUY,0.39,4626.578,2026-05-15 07:48:00,2026-05-15 12:07:22,259.4,-1108,sl,13903
monthly_reset,2026-05,34,SELL,0.53,4582.326,2026-05-15 12:21:00,2026-05-15 20:37:27,496.4,2319,tp,16222
monthly_reset,2026-05,35,BUY,0.36,4534.578,2026-05-15 20:55:00,2026-05-15 23:00:00,125,183,,16405
monthly_reset,2026-05,36,SELL,0.18,4541.927,2026-05-18 06:07:00,2026-05-18 07:44:49,97.8,913,tp,17318
monthly_reset,2026-05,37,BUY,0.32,4515.777,2026-05-18 08:00:00,2026-05-18 23:00:00,900,898,,18216
monthly_reset,2026-05,38,BUY,0.38,4582.235,2026-05-19 06:13:00,2026-05-19 07:28:50,75.8,-481,sl,17735
monthly_reset,2026-05,39,SELL,0.67,4574.466,2026-05-19 07:36:00,2026-05-19 20:04:38,748.6,2855,tp,20590
monthly_reset,2026-05,40,SELL,0.62,4517.145,2026-05-19 20:20:00,2026-05-19 23:00:00,160,2139,,22729
monthly_reset,2026-05,41,BUY,0.44,4483.629,2026-05-20 06:05:00,2026-05-20 08:30:12,145.2,-85,sl,22644
monthly_reset,2026-05,42,BUY,0.51,4483.298,2026-05-20 08:51:00,2026-05-20 23:00:00,849,2946,,25590
monthly_reset,2026-05,43,BUY,0.52,4541.722,2026-05-21 06:07:01,2026-05-21 10:53:52,286.8,522,sl,26112
monthly_reset,2026-05,44,BUY,0.41,4533.596,2026-05-21 11:06:00,2026-05-21 14:15:46,189.8,-644,sl,25468
monthly_reset,2026-05,45,SELL,0.32,4518.925,2026-05-21 14:16:00,2026-05-21 16:13:03,117,-636,sl,24832
monthly_reset,2026-05,46,SELL,0.32,4535.954,2026-05-21 16:27:00,2026-05-21 23:00:00,393,1034,,25866
monthly_reset,2026-05,47,SELL,0.71,4540.371,2026-05-22 06:22:00,2026-05-22 12:56:32,394.5,1406,tp,27272
monthly_reset,2026-05,48,BUY,1.08,4523.131,2026-05-22 13:25:00,2026-05-22 21:01:47,456.8,-2058,sl,25214
monthly_reset,2026-05,49,BUY,0.3,4567.528,2026-05-25 06:01:00,2026-05-25 23:00:00,1019,105,,25319
monthly_reset,2026-05,50,BUY,0.66,4576.376,2026-05-26 06:10:00,2026-05-26 06:31:04,21.1,-645,sl,24674
monthly_reset,2026-05,51,SELL,1.04,4544.848,2026-05-26 07:21:00,2026-05-26 23:00:00,939,3738,,28412
monthly_reset,2026-05,52,SELL,0.41,4509.429,2026-05-27 06:13:00,2026-05-27 06:44:52,31.9,-719,sl,27693
monthly_reset,2026-05,53,SELL,0.45,4518.969,2026-05-27 06:59:00,2026-05-27 13:31:23,392.4,1465,tp,29158
monthly_reset,2026-05,54,SELL,1.06,4482.706,2026-05-27 13:32:00,2026-05-27 18:57:45,325.8,4712,tp,33870
monthly_reset,2026-05,55,SELL,0.96,4430.087,2026-05-27 19:15:00,2026-05-27 19:21:30,6.5,-2572,sl,31298
monthly_reset,2026-05,56,SELL,0.74,4445.311,2026-05-27 19:48:00,2026-05-27 23:00:00,192,641,,31939
monthly_reset,2026-05,57,SELL,0.62,4451.905,2026-05-28 06:09:00,2026-05-28 08:27:10,138.2,1746,tp,33685
monthly_reset,2026-05,58,SELL,1.11,4419.164,2026-05-28 08:43:00,2026-05-28 21:09:36,746.6,2480,sl,36165
monthly_reset,2026-05,59,BUY,0.94,4496.704,2026-05-29 06:18:00,2026-05-29 13:00:12,402.2,1941,tp,38106
monthly_reset,2026-05,60,BUY,1.93,4520.339,2026-05-29 13:03:00,2026-05-29 21:52:41,529.7,6213,tp,44319
monthly_reset,2026-05,61,BUY,0.63,4542.614,2026-06-01 06:15:00,2026-06-01 08:56:57,162,-1105,sl,43214
monthly_reset,2026-06,1,BUY,0.17,4540.757,2026-06-01 07:26:00,2026-06-01 08:10:43,44.7,-250,sl,9750
monthly_reset,2026-06,2,BUY,0.39,4534.120,2026-06-01 08:15:00,2026-06-01 10:11:01,116,-728,sl,9022
monthly_reset,2026-06,3,SELL,0.39,4518.305,2026-06-01 10:26:00,2026-06-01 20:12:48,586.8,1418,tp,10440
monthly_reset,2026-06,4,SELL,0.29,4477.963,2026-06-01 20:21:00,2026-06-01 23:00:00,159,101,,10541
monthly_reset,2026-06,5,SELL,0.26,4485.338,2026-06-02 06:10:01,2026-06-02 07:32:11,82.2,-266,sl,10275
monthly_reset,2026-06,6,SELL,0.51,4486.070,2026-06-02 07:44:00,2026-06-02 11:01:37,197.6,-783,sl,9492
monthly_reset,2026-06,7,BUY,0.14,4505.231,2026-06-02 11:12:00,2026-06-02 23:00:00,708,232,,9724
monthly_reset,2026-06,8,BUY,0.35,4472.146,2026-06-03 06:48:00,2026-06-03 15:00:11,492.2,-734,sl,8990
monthly_reset,2026-06,9,SELL,0.36,4453.964,2026-06-03 15:20:00,2026-06-03 23:00:00,460,414,,9404
monthly_reset,2026-06,10,BUY,0.13,4449.712,2026-06-04 06:25:01,2026-06-04 18:46:06,741.1,478,tp,9882
monthly_reset,2026-06,11,BUY,0.4,4497.092,2026-06-04 18:47:00,2026-06-04 21:38:20,171.3,-725,sl,9157
monthly_reset,2026-06,12,SELL,0.17,4468.591,2026-06-05 06:21:00,2026-06-05 13:15:00,414,504,tp,9661
monthly_reset,2026-06,13,SELL,0.43,4432.236,2026-06-05 13:17:00,2026-06-05 13:36:14,19.2,-735,sl,8926
monthly_reset,2026-06,14,BUY,0.11,4454.844,2026-06-05 13:49:00,2026-06-05 19:50:25,361.4,-220,sl,8706
monthly_reset,2026-06,15,SELL,0.28,4437.270,2026-06-05 19:51:00,2026-06-05 20:56:48,65.8,1420,tp,10126
monthly_reset,2026-06,16,SELL,0.18,4379.138,2026-06-05 20:57:00,2026-06-05 23:00:00,123,780,,10906
monthly_reset,2026-06,17,BUY,0.09,4326.678,2026-06-08 06:11:00,2026-06-08 12:34:12,383.2,-248,sl,10658
monthly_reset,2026-06,18,SELL,0.32,4288.029,2026-06-08 12:46:00,2026-06-08 14:24:11,98.2,-799,sl,9859
monthly_reset,2026-06,19,SELL,0.09,4306.344,2026-06-08 14:38:00,2026-06-08 18:32:50,234.8,-238,sl,9621
monthly_reset,2026-06,20,BUY,0.09,4327.186,2026-06-08 18:53:00,2026-06-08 23:00:00,247,129,,9750
monthly_reset,2026-06,21,SELL,0.27,4326.407,2026-06-09 06:06:00,2026-06-09 08:28:51,142.8,-252,sl,9498
monthly_reset,2026-06,22,BUY,0.11,4334.786,2026-06-09 08:56:00,2026-06-09 21:17:04,741.1,-227,sl,9271
monthly_reset,2026-06,23,BUY,0.13,4245.999,2026-06-10 06:04:00,2026-06-10 06:18:01,14,-225,sl,9046
monthly_reset,2026-06,24,SELL,0.11,4225.198,2026-06-10 06:26:00,2026-06-10 15:03:12,517.2,506,tp,9552
monthly_reset,2026-06,25,SELL,0.32,4166.694,2026-06-10 15:04:00,2026-06-10 22:48:18,464.3,1553,tp,11105
monthly_reset,2026-06,26,SELL,0.09,4043.730,2026-06-11 06:09:00,2026-06-11 07:17:54,68.9,-264,sl,10841
monthly_reset,2026-06,27,BUY,0.17,4072.927,2026-06-11 07:43:00,2026-06-11 23:00:00,917,273,,11114
monthly_reset,2026-06,28,SELL,0.1,4221.594,2026-06-12 06:23:00,2026-06-12 23:00:00,997,214,,11328
monthly_reset,2026-06,29,SELL,0.09,4285.495,2026-06-15 06:00:00,2026-06-15 08:38:23,158.4,-281,sl,11047
monthly_reset,2026-06,30,BUY,0.09,4321.471,2026-06-15 09:03:00,2026-06-15 23:00:00,837,314,,11361
monthly_reset,2026-06,31,BUY,0.22,4315.453,2026-06-16 06:05:00,2026-06-16 16:09:11,604.2,600,tp,11961
monthly_reset,2026-06,32,SELL,0.21,4343.554,2026-06-16 16:19:00,2026-06-16 23:00:00,401,399,,12360
monthly_reset,2026-06,33,SELL,0.33,4334.145,2026-06-17 06:03:00,2026-06-17 08:03:37,120.6,-312,sl,12048
monthly_reset,2026-06,34,SELL,0.59,4345.699,2026-06-17 08:17:00,2026-06-17 21:24:31,787.5,-95,sl,11953
monthly_reset,2026-06,35,SELL,0.16,4265.238,2026-06-18 06:01:00,2026-06-18 06:23:00,22,-293,sl,11660
monthly_reset,2026-06,36,BUY,0.16,4281.536,2026-06-18 06:24:00,2026-06-18 08:03:53,99.9,604,tp,12264
monthly_reset,2026-06,37,BUY,0.33,4326.901,2026-06-18 08:14:00,2026-06-18 13:07:38,293.6,-929,sl,11335
monthly_reset,2026-06,38,SELL,0.15,4298.421,2026-06-18 13:08:00,2026-06-18 18:01:17,293.3,610,tp,11945
monthly_reset,2026-06,39,SELL,0.16,4243.278,2026-06-18 18:11:00,2026-06-18 19:20:10,69.2,-297,sl,11648
monthly_reset,2026-06,40,SELL,0.38,4254.715,2026-06-18 19:28:00,2026-06-18 23:00:00,212,1055,,12703
monthly_reset,2026-06,41,SELL,0.23,4195.907,2026-06-19 06:17:00,2026-06-19 10:42:20,265.3,716,tp,13419
monthly_reset,2026-06,42,SELL,0.64,4158.637,2026-06-19 10:43:00,2026-06-19 15:23:17,280.3,948,sl,14367
monthly_reset,2026-06,43,SELL,0.2,4167.400,2026-06-19 15:41:00,2026-06-19 23:00:00,439,323,,14690
monthly_reset,2026-06,44,SELL,0.22,4155.852,2026-06-22 06:16:00,2026-06-22 07:36:42,80.7,-370,sl,14320
monthly_reset,2026-06,45,BUY,0.41,4174.948,2026-06-22 07:44:00,2026-06-22 23:00:00,916,316,,14636
monthly_reset,2026-06,46,BUY,0.44,4192.528,2026-06-23 06:03:00,2026-06-23 07:08:04,65.1,-387,sl,14249
monthly_reset,2026-06,47,BUY,0.82,4185.239,2026-06-23 07:33:00,2026-06-23 08:19:12,46.2,-1065,sl,13184
monthly_reset,2026-06,48,SELL,0.45,4169.432,2026-06-23 08:35:00,2026-06-23 13:10:49,275.8,2158,tp,15342
monthly_reset,2026-06,49,BUY,0.4,4122.923,2026-06-23 13:19:00,2026-06-23 15:02:44,103.7,-1154,sl,14188
monthly_reset,2026-06,50,BUY,0.43,4099.707,2026-06-23 15:23:00,2026-06-23 23:00:00,457,1756,,15944
monthly_reset,2026-06,51,SELL,0.25,4102.269,2026-06-24 06:02:00,2026-06-24 09:38:38,216.6,838,tp,16782
monthly_reset,2026-06,52,SELL,0.44,4062.820,2026-06-24 09:39:00,2026-06-24 13:08:07,209.1,-1263,sl,15519
monthly_reset,2026-06,53,SELL,0.5,4086.342,2026-06-24 13:19:00,2026-06-24 19:25:03,366,2518,tp,18037
monthly_reset,2026-06,54,SELL,0.45,4009.041,2026-06-24 19:26:00,2026-06-24 20:57:10,91.2,-1349,sl,16688
monthly_reset,2026-06,55,SELL,0.28,3992.258,2026-06-25 06:09:00,2026-06-25 06:34:08,25.1,-420,sl,16268
monthly_reset,2026-06,56,BUY,0.21,4013.933,2026-06-25 07:07:00,2026-06-25 07:27:15,20.2,-391,sl,15877
monthly_reset,2026-06,57,SELL,0.16,3979.872,2026-06-25 07:49:00,2026-06-25 08:02:26,13.4,-383,sl,15494
monthly_reset,2026-06,58,BUY,0.36,3999.343,2026-06-25 08:21:00,2026-06-25 09:08:26,47.4,-1137,sl,14357
monthly_reset,2026-06,59,BUY,0.29,3975.613,2026-06-25 09:19:00,2026-06-25 23:00:00,821,1903,,16260
monthly_reset,2026-06,60,SELL,0.26,4022.902,2026-06-26 06:10:00,2026-06-26 09:55:55,225.9,881,tp,17141
monthly_reset,2026-06,61,SELL,0.57,3984.039,2026-06-26 09:56:00,2026-06-26 10:55:45,59.8,-1283,sl,15858
monthly_reset,2026-06,62,SELL,0.19,3999.952,2026-06-26 11:07:00,2026-06-26 12:30:03,83,-395,sl,15463
monthly_reset,2026-06,63,SELL,0.66,4007.816,2026-06-26 12:47:01,2026-06-26 13:32:42,45.7,-1174,sl,14289
monthly_reset,2026-06,64,BUY,0.48,4025.790,2026-06-26 13:49:00,2026-06-26 21:12:18,443.3,2367,tp,16656
monthly_reset,2026-06,65,SELL,0.16,4063.021,2026-06-29 06:16:00,2026-06-29 23:00:00,1004,739,,17395
monthly_reset,2026-06,66,BUY,0.37,4019.114,2026-06-30 06:06:00,2026-06-30 07:03:38,57.6,-447,sl,16948
monthly_reset,2026-06,67,SELL,0.89,4005.803,2026-06-30 07:20:00,2026-06-30 08:06:39,46.6,2809,tp,19757
monthly_reset,2026-06,68,SELL,0.61,3945.423,2026-06-30 08:08:00,2026-06-30 08:10:16,2.3,-1477,sl,18280
monthly_reset,2026-06,69,BUY,0.43,3973.824,2026-06-30 08:21:00,2026-06-30 21:23:31,782.5,2966,tp,21246
monthly_reset,2026-06,70,BUY,0.45,4018.288,2026-07-01 06:08:00,2026-07-01 06:46:39,38.6,-533,sl,20713
monthly_reset,2026-06,71,SELL,0.45,4007.546,2026-07-01 06:50:00,2026-07-01 08:17:37,87.6,1124,tp,21837
monthly_reset,2026-07,1,SELL,0.2,4006.274,2026-07-01 07:07:00,2026-07-01 08:48:32,101.5,538,tp,10538
monthly_reset,2026-07,2,SELL,0.35,3971.056,2026-07-01 09:06:00,2026-07-01 17:37:52,511.9,-795,sl,9743
monthly_reset,2026-07,3,SELL,0.19,3987.541,2026-07-01 17:45:00,2026-07-01 18:00:13,15.2,-244,sl,9499
monthly_reset,2026-07,4,BUY,0.43,4022.904,2026-07-01 18:20:00,2026-07-01 20:38:57,139,1532,tp,11031
monthly_reset,2026-07,5,BUY,0.22,4045.142,2026-07-02 06:00:00,2026-07-02 07:00:55,60.9,-304,sl,10727
monthly_reset,2026-07,6,SELL,0.24,4033.400,2026-07-02 07:02:00,2026-07-02 07:12:32,10.5,-270,sl,10457
monthly_reset,2026-07,7,BUY,0.53,4043.591,2026-07-02 07:24:00,2026-07-02 19:30:02,726,1692,tp,12149
monthly_reset,2026-07,8,BUY,0.31,4133.378,2026-07-02 19:38:00,2026-07-02 23:00:00,202,-145,,12004
monthly_reset,2026-07,9,BUY,0.32,4125.402,2026-07-03 06:05:00,2026-07-03 07:51:08,106.1,596,tp,12600
monthly_reset,2026-07,10,BUY,0.35,4179.866,2026-07-03 08:20:00,2026-07-03 23:00:00,880,-526,,12074
monthly_reset,2026-07,11,BUY,0.17,4188.541,2026-07-06 06:00:00,2026-07-06 07:01:39,61.6,-293,sl,11781
monthly_reset,2026-07,12,SELL,0.43,4173.997,2026-07-06 07:02:00,2026-07-06 08:34:31,92.5,-890,sl,10891
monthly_reset,2026-07,13,SELL,0.28,4187.454,2026-07-06 08:59:00,2026-07-06 23:00:00,841,1221,,12112
monthly_reset,2026-07,14,SELL,0.42,4163.296,2026-07-07 06:09:00,2026-07-07 08:00:03,111,685,tp,12797
monthly_reset,2026-07,15,SELL,0.6,4144.875,2026-07-07 08:01:00,2026-07-07 19:06:38,665.6,-980,sl,11817
monthly_reset,2026-07,16,SELL,0.47,4166.347,2026-07-07 19:23:00,2026-07-07 23:00:00,217,1278,,13095
monthly_reset,2026-07,17,BUY,0.21,4105.690,2026-07-08 06:08:00,2026-07-08 15:17:57,550,-71,sl,13024
monthly_reset,2026-07,18,SELL,0.42,4088.029,2026-07-08 15:26:00,2026-07-08 22:24:55,418.9,2199,tp,15223
monthly_reset,2026-07,19,BUY,0.32,4077.228,2026-07-09 06:15:00,2026-07-09 08:04:14,109.2,-432,sl,14791
monthly_reset,2026-07,20,BUY,0.52,4075.414,2026-07-09 08:12:00,2026-07-09 10:18:29,126.5,-1101,sl,13690
monthly_reset,2026-07,21,SELL,0.21,4055.803,2026-07-09 10:19:00,2026-07-09 12:11:26,112.4,-351,sl,13339
monthly_reset,2026-07,22,SELL,0.68,4067.391,2026-07-09 12:21:00,2026-07-09 12:51:16,30.3,-1017,sl,12322
monthly_reset,2026-07,23,BUY,0.43,4094.094,2026-07-09 13:16:00,2026-07-09 23:00:00,584,1501,,13823
monthly_reset,2026-07,24,SELL,0.43,4121.379,2026-07-10 06:32:01,2026-07-10 08:00:24,88.4,-358,sl,13465
monthly_reset,2026-07,25,SELL,0.67,4120.374,2026-07-10 08:07:00,2026-07-10 21:33:06,806.1,2250,tp,15715
monthly_reset,2026-07,26,SELL,0.55,4072.864,2026-07-13 06:01:00,2026-07-13 21:16:46,915.8,2638,tp,18353
monthly_reset,2026-07,27,SELL,0.48,4000.226,2026-07-14 06:15:00,2026-07-14 08:58:17,163.3,-468,sl,17885
monthly_reset,2026-07,28,BUY,0.58,4012.214,2026-07-14 09:10:00,2026-07-14 19:30:04,620.1,2909,tp,20794
monthly_reset,2026-07,29,BUY,0.7,4088.924,2026-07-14 19:31:00,2026-07-14 22:42:16,191.3,-1563,sl,19231
monthly_reset,2026-07,30,SELL,0.54,4047.539,2026-07-15 06:13:00,2026-07-15 06:35:19,22.3,-484,sl,18747
monthly_reset,2026-07,31,BUY,0.5,4055.142,2026-07-15 06:45:00,2026-07-15 08:35:45,110.8,-507,sl,18240
monthly_reset,2026-07,32,SELL,0.74,4035.744,2026-07-15 09:01:00,2026-07-15 19:33:11,632.2,-1395,sl,16845
monthly_reset,2026-07,33,BUY,0.7,4062.588,2026-07-15 19:48:00,2026-07-15 22:14:37,146.6,-1266,sl,15579
monthly_reset,2026-07,34,BUY,0.42,4061.085,2026-07-16 06:08:01,2026-07-16 07:55:14,107.2,-461,sl,15118
monthly_reset,2026-07,35,SELL,0.66,4036.102,2026-07-16 08:29:00,2026-07-16 19:58:14,689.2,2470,tp,17588
monthly_reset,2026-07,36,SELL,0.41,3994.376,2026-07-16 19:59:00,2026-07-16 23:00:00,181,-523,,17065
monthly_reset,2026-07,37,BUY,0.46,3979.067,2026-07-17 06:09:00,2026-07-17 10:19:53,250.9,886,tp,17951
monthly_reset,2026-07,38,SELL,0.71,3999.563,2026-07-17 10:32:00,2026-07-17 22:47:06,735.1,-105,sl,17846
monthly_reset,2026-07,39,SELL,0.28,3994.967,2026-07-20 06:00:00,2026-07-20 08:00:00,120,-442,sl,17404
monthly_reset,2026-07,40,BUY,0.61,4009.261,2026-07-20 08:01:00,2026-07-20 23:00:00,899,156,,17560
monthly_reset,2026-07,41,BUY,0.4,4004.576,2026-07-21 06:04:01,2026-07-21 08:19:40,135.6,916,tp,18476
monthly_reset,2026-07,42,SELL,0.69,4025.813,2026-07-21 08:39:00,2026-07-21 10:26:20,107.3,-1423,sl,17053
monthly_reset,2026-07,43,BUY,0.75,4047.712,2026-07-21 10:27:00,2026-07-21 23:00:00,753,2308,,19361
monthly_reset,2026-07,44,BUY,0.53,4081.627,2026-07-22 06:16:00,2026-07-22 08:00:12,104.2,1013,tp,20374
monthly_reset,2026-07,45,BUY,0.86,4107.796,2026-07-22 08:01:00,2026-07-22 20:59:04,778.1,3327,tp,23701
monthly_reset,2026-07,46,SELL,0.97,4120.095,2026-07-23 06:02:00,2026-07-23 08:00:11,118.2,-1806,sl,21895
monthly_reset,2026-07,47,BUY,1.07,4137.683,2026-07-23 08:01:00,2026-07-23 08:44:59,44,-1643,sl,20252
monthly_reset,2026-07,48,SELL,0.76,4118.350,2026-07-23 08:54:00,2026-07-23 19:37:19,643.3,3327,tp,23579
monthly_reset,2026-07,49,SELL,0.81,4063.566,2026-07-23 19:49:00,2026-07-23 23:00:00,191,1169,,24748
monthly_reset,2026-07,50,SELL,1.06,4049.032,2026-07-24 06:06:01,2026-07-24 09:48:14,222.2,1337,tp,26085
monthly_reset,2026-07,51,BUY,1.22,4027.679,2026-07-24 10:07:00,2026-07-24 20:59:39,652.6,4214,tp,30299
monthly_reset,2026-07,52,SELL,0.46,4087.706,2026-07-27 06:04:01,2026-07-27 07:02:25,58.4,-762,sl,29537
monthly_reset,2026-07,53,BUY,1.79,4103.112,2026-07-27 07:03:00,2026-07-27 07:27:52,24.9,-2222,sl,27315
monthly_reset,2026-07,54,BUY,1.03,4109.569,2026-07-27 07:51:00,2026-07-27 10:10:30,139.5,-2036,sl,25279
monthly_reset,2026-07,55,SELL,1.4,4091.637,2026-07-27 10:12:00,2026-07-27 14:21:35,249.6,-1928,sl,23351
monthly_reset,2026-07,56,SELL,1.35,4102.832,2026-07-27 14:32:00,2026-07-27 21:28:15,416.2,3819,tp,27170
monthly_reset,2026-07,57,SELL,0.87,4072.658,2026-07-28 06:03:00,2026-07-28 08:20:32,137.5,1488,tp,28658
monthly_reset,2026-07,58,SELL,1.23,4052.045,2026-07-28 08:21:00,2026-07-28 23:00:00,879,3034,,31692
monthly_reset,2026-07,59,BUY,0.72,4019.170,2026-07-29 06:09:00,2026-07-29 14:21:20,492.3,1645,tp,33337
monthly_reset,2026-07,60,BUY,0.71,4047.229,2026-07-29 14:23:00,2026-07-29 16:14:26,111.4,-842,sl,32495
monthly_reset,2026-07,61,SELL,0.84,4036.236,2026-07-29 16:15:00,2026-07-29 19:30:05,195.1,1779,tp,34274
monthly_reset,2026-07,62,SELL,1.56,4018.027,2026-07-29 20:06:00,2026-07-29 23:00:00,174,1226,,35500
monthly_reset,2026-07,63,BUY,0.51,4097.928,2026-07-30 06:08:01,2026-07-30 07:03:12,55.2,-974,sl,34526
monthly_reset,2026-07,64,SELL,1.52,4076.921,2026-07-30 07:21:00,2026-07-30 12:38:17,317.3,5757,tp,40283
monthly_reset,2026-07,65,BUY,1.43,4037.479,2026-07-30 13:04:00,2026-07-30 20:37:47,453.8,6501,tp,46784
monthly_reset,2026-07,66,BUY,1.22,4094.171,2026-07-30 20:38:00,2026-07-30 23:00:00,142,1659,,48443
monthly_reset,2026-07,67,SELL,1.24,4109.448,2026-07-31 06:10:01,2026-07-31 08:39:17,149.3,2569,tp,51012
monthly_reset,2026-07,68,BUY,0.72,4086.546,2026-07-31 08:59:00,2026-07-31 14:34:31,335.5,-1264,sl,49748
monthly_reset,2026-07,69,SELL,0.91,4071.094,2026-07-31 14:57:00,2026-07-31 20:05:29,308.5,2712,tp,52460
monthly_reset,2026-07,70,SELL,2.24,4036.130,2026-07-31 20:15:00,2026-07-31 23:00:00,165,-2168,,50292
monthly_reset,2026-08,1,SELL,0.13,4063.729,2026-08-03 06:02:00,2026-08-03 23:00:00,1018,443,,10443
monthly_reset,2026-08,2,SELL,0.32,4051.209,2026-08-04 06:11:01,2026-08-04 07:01:23,50.4,-266,sl,10177
monthly_reset,2026-08,3,SELL,0.73,4062.940,2026-08-04 07:20:00,2026-08-04 18:47:25,687.4,-43,sl,10134
monthly_reset,2026-08,4,BUY,0.46,4077.393,2026-08-04 18:49:00,2026-08-04 23:00:00,251,456,,10590
monthly_reset,2026-08,5,SELL,0.23,4069.941,2026-08-05 06:23:00,2026-08-05 07:35:17,72.3,-269,sl,10321
monthly_reset,2026-08,6,SELL,0.23,4078.391,2026-08-05 07:47:00,2026-08-05 08:38:54,51.9,-262,sl,10059
monthly_reset,2026-08,7,BUY,0.48,4089.948,2026-08-05 08:40:00,2026-08-05 09:46:14,66.2,1634,tp,11693
monthly_reset,2026-08,8,SELL,0.41,4128.626,2026-08-05 10:03:00,2026-08-05 12:37:57,155,-869,sl,10824
monthly_reset,2026-08,9,BUY,0.37,4171.236,2026-08-05 13:11:00,2026-08-05 21:08:06,477.1,1725,tp,12549
monthly_reset,2026-08,10,BUY,0.28,4258.728,2026-08-06 06:16:00,2026-08-06 07:35:06,79.1,663,tp,13212
monthly_reset,2026-08,11,BUY,0.34,4291.303,2026-08-06 07:48:00,2026-08-06 10:25:38,157.6,-1008,sl,12204
monthly_reset,2026-08,12,SELL,0.14,4261.493,2026-08-06 10:47:00,2026-08-06 16:02:20,315.3,-304,sl,11900
monthly_reset,2026-08,13,BUY,0.15,4282.299,2026-08-06 16:17:01,2026-08-06 18:22:29,125.5,-281,sl,11619
monthly_reset,2026-08,14,SELL,0.21,4263.750,2026-08-06 18:23:00,2026-08-06 23:00:00,277,597,,12216
monthly_reset,2026-08,15,BUY,0.32,4245.573,2026-08-07 06:15:00,2026-08-07 07:38:39,83.6,-321,sl,11895
monthly_reset,2026-08,16,SELL,0.63,4235.724,2026-08-07 07:40:00,2026-08-07 08:21:48,41.8,-895,sl,11000
monthly_reset,2026-08,17,BUY,0.37,4243.027,2026-08-07 08:37:00,2026-08-07 15:13:28,396.5,1797,tp,12797
monthly_reset,2026-08,18,SELL,0.2,4294.187,2026-08-07 15:24:00,2026-08-07 15:33:53,9.9,-320,sl,12477
monthly_reset,2026-08,19,BUY,0.49,4309.552,2026-08-07 15:43:00,2026-08-07 19:31:36,228.6,2081,tp,14558
monthly_reset,2026-08,20,BUY,0.4,4354.942,2026-08-07 19:33:00,2026-08-07 21:12:20,99.3,-1077,sl,13481
monthly_reset,2026-08,21,SELL,0.22,4341.425,2026-08-10 06:00:00,2026-08-10 13:46:25,466.4,-41,sl,13440
monthly_reset,2026-08,22,BUY,0.18,4357.590,2026-08-10 13:56:00,2026-08-10 17:03:52,187.9,-330,sl,13110
monthly_reset,2026-08,23,BUY,0.25,4344.077,2026-08-10 17:23:00,2026-08-10 18:13:13,50.2,-317,sl,12793
monthly_reset,2026-08,24,SELL,0.25,4332.923,2026-08-10 18:50:00,2026-08-10 21:26:34,156.6,-321,sl,12472
monthly_reset,2026-08,25,SELL,0.31,4394.994,2026-08-11 06:20:00,2026-08-11 07:04:59,45,-314,sl,12158
monthly_reset,2026-08,26,BUY,0.77,4404.262,2026-08-11 07:08:00,2026-08-11 08:55:23,107.4,1938,tp,14096
monthly_reset,2026-08,27,BUY,0.42,4434.145,2026-08-11 09:15:00,2026-08-11 09:54:22,39.4,-1056,sl,13040
monthly_reset,2026-08,28,BUY,0.16,4417.423,2026-08-11 10:21:00,2026-08-11 12:20:34,119.6,-328,sl,12712
monthly_reset,2026-08,29,SELL,0.44,4374.641,2026-08-11 12:43:00,2026-08-11 19:13:17,390.3,-963,sl,11749
monthly_reset,2026-08,30,BUY,0.46,4398.421,2026-08-11 19:22:00,2026-08-11 22:34:29,192.5,-865,sl,10884
monthly_reset,2026-08,31,SELL,0.27,4368.734,2026-08-12 06:01:02,2026-08-12 07:14:45,73.7,-280,sl,10604
monthly_reset,2026-08,32,BUY,0.17,4380.749,2026-08-12 07:31:00,2026-08-12 16:23:36,532.6,573,tp,11177
monthly_reset,2026-08,33,BUY,0.61,4419.638,2026-08-12 16:26:00,2026-08-12 19:22:35,176.6,-852,sl,10325
monthly_reset,2026-08,34,BUY,0.5,4426.976,2026-08-12 19:30:00,2026-08-12 19:30:06,0.1,-762,sl,9563
monthly_reset,2026-08,35,BUY,0.31,4417.616,2026-08-12 19:33:00,2026-08-12 23:00:00,207,100,,9663
monthly_reset,2026-08,36,BUY,0.27,4408.043,2026-08-13 06:21:00,2026-08-13 07:20:25,59.4,461,tp,10124
monthly_reset,2026-08,37,SELL,0.39,4431.223,2026-08-13 07:52:00,2026-08-13 12:59:11,307.2,1649,tp,11773
monthly_reset,2026-08,38,SELL,0.44,4378.094,2026-08-13 13:05:00,2026-08-13 19:30:02,385,-895,sl,10878
monthly_reset,2026-08,39,BUY,0.51,4389.888,2026-08-13 19:31:00,2026-08-13 20:51:21,80.4,-813,sl,10065
monthly_reset,2026-08,40,SELL,0.24,4372.450,2026-08-13 20:53:00,2026-08-13 23:00:00,127,171,,10236
monthly_reset,2026-08,41,SELL,0.23,4353.618,2026-08-14 06:02:00,2026-08-14 08:10:57,129,584,tp,10820
monthly_reset,2026-08,42,BUY,0.31,4319.123,2026-08-14 08:41:00,2026-08-14 19:31:26,650.4,1747,tp,12567
monthly_reset,2026-08,43,SELL,0.57,4377.200,2026-08-14 19:39:00,2026-08-14 20:36:17,57.3,-960,sl,11607
monthly_reset,2026-08,44,SELL,0.4,4386.987,2026-08-14 20:50:00,2026-08-14 23:00:00,130,-205,,11402
monthly_reset,2026-08,45,SELL,0.23,4374.519,2026-08-17 06:29:00,2026-08-17 07:18:03,49.1,-293,sl,11109
monthly_reset,2026-08,46,BUY,0.5,4391.261,2026-08-17 07:31:00,2026-08-17 23:00:00,929,1727,,12836
monthly_reset,2026-08,47,BUY,0.36,4417.746,2026-08-18 06:17:00,2026-08-18 08:47:08,150.1,-29,sl,12807
monthly_reset,2026-08,48,SELL,0.5,4402.704,2026-08-18 09:04:00,2026-08-18 22:20:03,796.1,2088,tp,14895
monthly_reset,2026-08,49,BUY,0.27,4335.932,2026-08-19 06:04:00,2026-08-19 18:01:35,717.6,774,tp,15669
monthly_reset,2026-08,50,BUY,0.36,4369.976,2026-08-19 18:02:00,2026-08-19 19:36:42,94.7,812,tp,16481
monthly_reset,2026-08,51,BUY,0.42,4437.931,2026-08-19 19:57:00,2026-08-19 23:00:00,183,2376,,18857
monthly_reset,2026-08,52,BUY,0.35,4523.585,2026-08-20 06:07:00,2026-08-20 07:00:01,53,-524,sl,18333
monthly_reset,2026-08,53,BUY,1.01,4516.867,2026-08-20 07:04:00,2026-08-20 08:01:18,57.3,-1372,sl,16961
monthly_reset,2026-08,54,SELL,0.64,4493.178,2026-08-20 08:05:00,2026-08-20 21:57:02,832,1214,sl,18175
monthly_reset,2026-08,55,BUY,0.46,4529.494,2026-08-21 06:04:00,2026-08-21 07:12:57,69,-480,sl,17695
monthly_reset,2026-08,56,SELL,0.27,4515.827,2026-08-21 07:32:00,2026-08-21 08:31:17,59.3,-448,sl,17247
monthly_reset,2026-08,57,BUY,0.66,4532.356,2026-08-21 08:32:01,2026-08-21 15:42:30,430.5,2850,tp,20097
monthly_reset,2026-08,58,BUY,0.27,4584.178,2026-08-21 16:00:00,2026-08-21 19:39:26,219.4,-497,sl,19600
monthly_reset,2026-08,59,BUY,0.59,4577.774,2026-08-21 19:48:00,2026-08-21 23:00:00,192,2164,,21764
monthly_reset,2026-08,60,BUY,0.29,4613.126,2026-08-24 06:23:00,2026-08-24 07:27:20,64.3,-529,sl,21235
monthly_reset,2026-08,61,BUY,0.53,4614.250,2026-08-24 07:51:00,2026-08-24 23:00:00,909,2654,,23889
monthly_reset,2026-08,62,BUY,0.56,4675.922,2026-08-25 06:17:00,2026-08-25 08:26:47,129.8,-86,sl,23803
monthly_reset,2026-08,63,SELL,0.59,4670.224,2026-08-25 08:48:00,2026-08-25 23:00:00,852,2599,,26402
monthly_reset,2026-08,64,SELL,0.69,4670.988,2026-08-26 06:04:00,2026-08-26 07:23:12,79.2,1488,tp,27890
monthly_reset,2026-08,65,SELL,0.45,4642.315,2026-08-26 07:37:00,2026-08-26 08:57:40,80.7,-696,sl,27194
monthly_reset,2026-08,66,SELL,0.31,4659.039,2026-08-26 09:25:00,2026-08-26 20:16:01,651,1505,tp,28699
monthly_reset,2026-08,67,BUY,0.49,4608.382,2026-08-27 06:02:01,2026-08-27 14:26:02,504,556,sl,29255
monthly_reset,2026-08,68,BUY,0.4,4600.979,2026-08-27 14:31:00,2026-08-27 16:37:07,126.1,-735,sl,28520
monthly_reset,2026-08,69,SELL,1.29,4581.895,2026-08-27 16:51:00,2026-08-27 18:31:41,100.7,-2158,sl,26362
monthly_reset,2026-08,70,SELL,0.45,4595.674,2026-08-27 18:49:00,2026-08-27 22:55:12,246.2,630,sl,26992
monthly_reset,2026-08,71,SELL,0.65,4604.116,2026-08-28 06:13:00,2026-08-28 08:53:33,160.6,1473,tp,28465
monthly_reset,2026-08,72,SELL,1.01,4576.188,2026-08-28 08:54:00,2026-08-28 13:49:37,295.6,-2159,sl,26306
monthly_reset,2026-08,73,SELL,1.04,4600.788,2026-08-28 14:10:00,2026-08-28 20:58:02,408,-2025,sl,24281
monthly_reset,2026-08,74,BUY,0.3,4462.541,2026-08-31 06:05:00,2026-08-31 06:45:24,40.4,-593,sl,23688
monthly_reset,2026-08,75,BUY,0.31,4457.023,2026-08-31 06:58:00,2026-08-31 08:10:34,72.6,-593,sl,23095
monthly_reset,2026-08,76,BUY,0.55,4449.545,2026-08-31 08:19:00,2026-08-31 09:32:58,74,-1725,sl,21370
monthly_reset,2026-08,77,SELL,0.46,4411.497,2026-08-31 09:34:00,2026-08-31 14:25:13,291.2,-1582,sl,19788
monthly_reset,2026-08,78,BUY,0.27,4447.337,2026-08-31 14:46:00,2026-08-31 20:46:30,360.5,-491,sl,19297
monthly_reset,2026-08,79,SELL,0.53,4445.930,2026-09-01 06:09:00,2026-09-01 07:09:12,60.2,-495,sl,18802
monthly_reset,2026-09,1,BUY,0.55,4459.837,2026-09-01 07:21:00,2026-09-01 08:10:26,49.4,-759,sl,9241
monthly_reset,2026-09,2,SELL,0.35,4446.069,2026-09-01 08:16:00,2026-09-01 15:09:51,413.8,1528,tp,10769
monthly_reset,2026-09,3,SELL,0.33,4395.324,2026-09-01 15:19:01,2026-09-01 20:09:52,290.8,1778,tp,12547
monthly_reset,2026-09,4,BUY,0.3,4338.927,2026-09-01 20:26:00,2026-09-01 23:00:00,154,1023,,13570
monthly_reset,2026-09,5,SELL,0.35,4327.625,2026-09-02 06:02:01,2026-09-02 08:51:15,169.2,747,tp,14317
monthly_reset,2026-09,6,BUY,0.33,4300.169,2026-09-02 09:07:00,2026-09-02 20:59:13,712.2,2281,tp,16598
monthly_reset,2026-09,7,SELL,0.47,4384.068,2026-09-03 06:15:01,2026-09-03 07:52:36,97.6,-420,sl,16178
monthly_reset,2026-09,8,BUY,0.26,4394.169,2026-09-03 07:58:00,2026-09-03 11:08:36,190.6,860,tp,17038
monthly_reset,2026-09,9,BUY,0.29,4436.126,2026-09-03 11:26:00,2026-09-03 13:23:22,117.4,-429,sl,16609
monthly_reset,2026-09,10,SELL,0.59,4422.572,2026-09-03 13:24:00,2026-09-03 15:07:38,103.6,-1262,sl,15347
monthly_reset,2026-09,11,SELL,0.19,4434.382,2026-09-03 15:40:00,2026-09-03 19:30:01,230,-390,sl,14957
monthly_reset,2026-09,12,BUY,0.53,4468.185,2026-09-03 19:34:00,2026-09-03 23:00:00,206,1569,,16526
monthly_reset,2026-09,13,BUY,0.4,4476.363,2026-09-04 06:04:00,2026-09-04 11:00:20,296.3,-433,sl,16093
monthly_reset,2026-09,14,BUY,0.34,4470.336,2026-09-04 11:25:01,2026-09-04 19:30:01,485,-823,sl,15270
monthly_reset,2026-09,15,SELL,0.35,4389.634,2026-09-04 19:36:00,2026-09-04 20:43:30,67.5,-1152,sl,14118
monthly_reset,2026-09,16,BUY,0.16,4427.538,2026-09-04 20:47:00,2026-09-04 23:00:00,133,147,,14265
monthly_reset,2026-09,17,SELL,0.3,4429.836,2026-09-07 06:14:01,2026-09-07 08:13:00,119,773,tp,15038
monthly_reset,2026-09,18,BUY,0.46,4404.702,2026-09-07 08:31:00,2026-09-07 23:00:00,869,445,,15483
monthly_reset,2026-09,19,BUY,0.43,4412.125,2026-09-08 06:05:00,2026-09-08 08:23:37,138.6,799,tp,16282
monthly_reset,2026-09,20,BUY,0.47,4434.396,2026-09-08 08:24:00,2026-09-08 13:15:57,292,-1225,sl,15057
monthly_reset,2026-09,21,BUY,0.55,4407.239,2026-09-08 13:44:00,2026-09-08 19:15:21,331.4,-1128,sl,13929
monthly_reset,2026-09,22,BUY,0.53,4397.743,2026-09-08 19:29:00,2026-09-08 23:00:00,211,-151,,13778
monthly_reset,2026-09,23,SELL,0.32,4352.202,2026-09-09 06:16:00,2026-09-09 07:59:00,103,-352,sl,13426
monthly_reset,2026-09,24,BUY,0.47,4367.589,2026-09-09 08:10:00,2026-09-09 20:23:39,733.6,2173,tp,15599
monthly_reset,2026-09,25,SELL,0.52,4418.324,2026-09-09 20:42:00,2026-09-09 23:00:00,138,1377,,16976
monthly_reset,2026-09,26,SELL,0.38,4398.177,2026-09-10 06:26:00,2026-09-10 08:02:22,96.4,-438,sl,16538
monthly_reset,2026-09,27,BUY,0.85,4409.972,2026-09-10 08:03:00,2026-09-10 15:42:31,459.5,-1228,sl,15310
monthly_reset,2026-09,28,BUY,0.25,4395.380,2026-09-10 16:18:00,2026-09-10 17:36:41,78.7,-382,sl,14928
monthly_reset,2026-09,29,SELL,0.64,4379.384,2026-09-10 17:52:00,2026-09-10 19:37:35,105.6,2439,tp,17367
monthly_reset,2026-09,30,BUY,0.33,4349.394,2026-09-10 20:20:00,2026-09-10 23:00:00,160,550,,17917
monthly_reset,2026-09,31,BUY,0.36,4318.699,2026-09-11 06:05:00,2026-09-11 10:22:39,257.6,-465,sl,17452
monthly_reset,2026-09,32,BUY,0.2,4312.160,2026-09-11 10:43:00,2026-09-11 19:49:13,546.2,944,tp,18396
monthly_reset,2026-09,33,BUY,0.27,4395.607,2026-09-11 20:29:00,2026-09-11 23:00:00,151,-776,,17620
monthly_reset,2026-09,34,BUY,0.31,4341.848,2026-09-14 06:10:00,2026-09-14 08:19:38,129.6,-438,sl,17182
monthly_reset,2026-09,35,BUY,0.49,4335.534,2026-09-14 08:25:00,2026-09-14 14:56:00,391,-1265,sl,15917
monthly_reset,2026-09,36,SELL,0.22,4313.014,2026-09-14 15:15:00,2026-09-14 19:56:00,281,872,tp,16789
monthly_reset,2026-09,37,SELL,0.45,4260.311,2026-09-14 20:10:00,2026-09-14 22:32:28,142.5,-1248,sl,15541
monthly_reset,2026-09,38,SELL,0.37,4294.543,2026-09-15 06:06:00,2026-09-15 08:19:19,133.3,-401,sl,15140
monthly_reset,2026-09,39,SELL,0.22,4300.878,2026-09-15 08:29:00,2026-09-15 09:40:47,71.8,-370,sl,14770
monthly_reset,2026-09,40,BUY,0.21,4316.796,2026-09-15 09:50:00,2026-09-15 12:15:49,145.8,-354,sl,14416
monthly_reset,2026-09,41,SELL,0.3,4297.012,2026-09-15 12:26:01,2026-09-15 15:05:05,159.1,786,tp,15202
monthly_reset,2026-09,42,BUY,0.61,4271.099,2026-09-15 15:18:00,2026-09-15 23:00:00,462,1128,,16330
monthly_reset,2026-09,43,SELL,0.41,4283.868,2026-09-16 06:29:00,2026-09-16 09:11:59,163,-416,sl,15914
monthly_reset,2026-09,44,BUY,0.64,4294.086,2026-09-16 09:23:00,2026-09-16 17:08:56,465.9,2588,tp,18502
monthly_reset,2026-09,45,BUY,0.9,4347.091,2026-09-16 17:11:00,2026-09-16 21:03:14,232.2,-1403,sl,17099
monthly_reset,2026-09,46,BUY,0.26,4268.581,2026-09-17 06:19:00,2026-09-17 08:24:46,125.8,884,tp,17983
monthly_reset,2026-09,47,BUY,0.52,4314.315,2026-09-17 08:33:00,2026-09-17 09:07:02,34,-1349,sl,16634
monthly_reset,2026-09,48,BUY,0.16,4292.316,2026-09-17 09:22:00,2026-09-17 19:16:27,594.4,909,tp,17543
monthly_reset,2026-09,49,BUY,0.49,4379.280,2026-09-17 19:29:00,2026-09-17 21:58:46,149.8,-1310,sl,16233
monthly_reset,2026-09,50,BUY,0.36,4345.444,2026-09-18 06:14:00,2026-09-18 10:26:05,252.1,-47,sl,16186
monthly_reset,2026-09,51,SELL,0.23,4355.468,2026-09-18 11:16:00,2026-09-18 12:39:41,83.7,-406,sl,15780
monthly_reset,2026-09,52,BUY,0.63,4385.236,2026-09-18 13:02:00,2026-09-18 19:21:12,379.2,-1177,sl,14603
monthly_reset,2026-09,53,SELL,0.54,4366.067,2026-09-18 19:22:00,2026-09-18 23:00:00,218,501,,15104
monthly_reset,2026-09,54,SELL,0.35,4373.768,2026-09-21 06:08:00,2026-09-21 14:43:25,515.4,841,tp,15945
monthly_reset,2026-09,55,SELL,0.2,4345.198,2026-09-21 14:59:00,2026-09-21 18:44:20,225.3,-396,sl,15549
monthly_reset,2026-09,56,SELL,0.68,4359.262,2026-09-21 19:22:00,2026-09-21 23:00:00,218,1210,,16759
monthly_reset,2026-09,57,BUY,0.3,4362.466,2026-09-22 06:37:00,2026-09-22 07:40:51,63.8,-425,sl,16334
monthly_reset,2026-09,58,SELL,0.56,4357.061,2026-09-22 08:13:00,2026-09-22 15:00:41,407.7,2726,tp,19060
monthly_reset,2026-09,59,BUY,0.72,4310.163,2026-09-22 15:09:00,2026-09-22 23:00:00,471,1525,,20585
monthly_reset,2026-09,60,BUY,0.57,4363.287,2026-09-23 06:01:00,2026-09-23 08:01:23,120.4,-546,sl,20039
monthly_reset,2026-09,61,SELL,1.03,4355.078,2026-09-23 08:02:00,2026-09-23 15:12:01,430,3269,tp,23308
monthly_reset,2026-09,62,BUY,0.39,4320.982,2026-09-23 15:23:00,2026-09-23 18:22:15,179.2,-593,sl,22715
monthly_reset,2026-09,63,SELL,1.28,4301.479,2026-09-23 18:33:00,2026-09-23 19:06:12,33.2,-1744,sl,20971
monthly_reset,2026-09,64,SELL,0.91,4310.013,2026-09-23 19:31:00,2026-09-23 23:00:00,209,2670,,23641
monthly_reset,2026-09,65,SELL,0.54,4289.292,2026-09-24 06:03:00,2026-09-24 08:12:19,129.3,-606,sl,23035
monthly_reset,2026-09,66,BUY,1,4300.437,2026-09-24 08:13:00,2026-09-24 08:49:25,36.4,-1727,sl,21308
monthly_reset,2026-09,67,BUY,0.76,4281.561,2026-09-24 09:14:00,2026-09-24 15:59:22,405.4,-1596,sl,19712
monthly_reset,2026-09,68,SELL,0.66,4259.417,2026-09-24 16:05:00,2026-09-24 19:56:14,231.2,-1497,sl,18215
monthly_reset,2026-09,69,SELL,0.66,4276.976,2026-09-24 20:18:00,2026-09-24 23:00:00,162,1324,,19539
monthly_reset,2026-09,70,BUY,0.48,4273.717,2026-09-25 06:03:00,2026-09-25 11:56:46,353.8,433,sl,19972
monthly_reset,2026-09,71,BUY,0.38,4264.148,2026-09-25 12:30:00,2026-09-25 16:03:19,213.3,1073,tp,21045
monthly_reset,2026-09,72,SELL,1.01,4292.466,2026-09-25 16:18:00,2026-09-25 17:14:53,56.9,-1614,sl,19431
monthly_reset,2026-09,73,BUY,0.83,4307.545,2026-09-25 17:15:00,2026-09-25 20:19:28,184.5,-1463,sl,17968
monthly_reset,2026-09,74,SELL,0.64,4290.215,2026-09-25 20:20:00,2026-09-25 23:00:00,160,-65,,17903
cumulative,all,1,BUY,0.1,4328.500,2026-01-02 06:05:00,2026-01-02 09:50:10,225.2,223,tp,10223
cumulative,all,2,BUY,0.18,4370.899,2026-01-02 10:14:00,2026-01-02 21:32:09,678.2,246,sl,10469
cumulative,all,3,SELL,0.5,4359.038,2026-01-05 06:34:00,2026-01-05 06:50:52,16.9,-779,sl,9690
cumulative,all,4,BUY,0.34,4379.869,2026-01-05 07:13:00,2026-01-05 16:43:15,570.2,1591,tp,11281
cumulative,all,5,BUY,0.22,4437.714,2026-01-05 16:45:00,2026-01-05 18:25:50,100.8,-275,sl,11006
cumulative,all,6,SELL,0.21,4423.120,2026-01-05 18:26:00,2026-01-05 21:48:11,202.2,195,sl,11201
cumulative,all,7,SELL,0.27,4450.752,2026-01-06 06:17:00,2026-01-06 09:30:00,193,278,sl,11479
cumulative,all,8,SELL,0.49,4455.791,2026-01-06 09:39:00,2026-01-06 12:31:40,172.7,-873,sl,10606
cumulative,all,9,SELL,0.84,4469.240,2026-01-06 12:39:00,2026-01-06 17:03:00,264,1780,tp,12386
cumulative,all,10,BUY,0.58,4449.995,2026-01-06 17:10:00,2026-01-06 22:00:51,290.8,2006,tp,14392
cumulative,all,11,SELL,0.41,4496.477,2026-01-07 06:12:00,2026-01-07 08:07:17,115.3,815,tp,15207
cumulative,all,12,SELL,0.72,4474.732,2026-01-07 08:08:00,2026-01-07 20:08:57,721,2481,tp,17688
cumulative,all,13,BUY,0.59,4445.217,2026-01-07 20:29:00,2026-01-07 23:00:00,151,47,,17735
cumulative,all,14,BUY,0.45,4462.696,2026-01-08 06:03:00,2026-01-08 07:37:54,94.9,-514,sl,17221
cumulative,all,15,SELL,0.43,4452.623,2026-01-08 07:38:00,2026-01-08 12:13:07,275.1,954,tp,18175
cumulative,all,16,SELL,1.17,4425.882,2026-01-08 12:30:00,2026-01-08 13:39:04,69.1,-1380,sl,16795
cumulative,all,17,BUY,0.57,4435.810,2026-01-08 13:57:00,2026-01-08 19:05:32,308.5,-1242,sl,15553
cumulative,all,18,SELL,0.87,4410.001,2026-01-08 19:16:00,2026-01-08 19:32:33,16.6,-1169,sl,14384
cumulative,all,19,BUY,0.68,4426.349,2026-01-08 19:38:00,2026-01-08 23:00:00,202,1921,,16305
cumulative,all,20,BUY,0.32,4480.549,2026-01-09 06:03:00,2026-01-09 07:23:52,80.9,-416,sl,15889
cumulative,all,21,SELL,0.37,4464.506,2026-01-09 07:49:00,2026-01-09 09:04:07,75.1,-395,sl,15494
cumulative,all,22,BUY,0.24,4472.132,2026-01-09 09:46:00,2026-01-09 22:37:50,771.8,824,tp,16318
cumulative,all,23,BUY,0.39,4524.006,2026-01-12 06:06:00,2026-01-12 07:09:13,63.2,871,tp,17189
cumulative,all,24,BUY,0.63,4567.558,2026-01-12 07:32:00,2026-01-12 20:55:04,803.1,2789,tp,19978
cumulative,all,25,BUY,0.29,4600.833,2026-01-13 06:01:47,2026-01-13 06:12:11,10.4,-506,sl,19472
cumulative,all,26,SELL,0.33,4580.790,2026-01-13 06:13:00,2026-01-13 06:56:46,43.8,-487,sl,18985
cumulative,all,27,SELL,0.24,4591.435,2026-01-13 07:24:00,2026-01-13 20:30:17,786.3,-484,sl,18501
cumulative,all,28,BUY,0.73,4616.743,2026-01-13 20:43:00,2026-01-13 23:00:00,137,162,,18663
cumulative,all,29,BUY,0.35,4593.868,2026-01-14 06:09:00,2026-01-14 10:54:23,285.4,981,tp,19644
cumulative,all,30,SELL,0.42,4627.606,2026-01-14 11:12:00,2026-01-14 12:02:55,50.9,-488,sl,19156
cumulative,all,31,SELL,1.32,4634.958,2026-01-14 12:12:00,2026-01-14 22:02:06,590.1,3139,tp,22295
cumulative,all,32,SELL,1.06,4616.482,2026-01-15 06:07:01,2026-01-15 23:00:00,1013,2247,,24542
cumulative,all,33,BUY,0.63,4620.535,2026-01-16 06:06:01,2026-01-16 06:26:54,20.9,-615,sl,23927
cumulative,all,34,SELL,0.61,4610.137,2026-01-16 06:27:01,2026-01-16 20:18:05,831.1,1307,tp,25234
cumulative,all,35,SELL,0.98,4587.103,2026-01-16 20:30:00,2026-01-16 21:06:02,36,-1896,sl,23338
cumulative,all,36,BUY,0.34,4655.093,2026-01-19 06:10:00,2026-01-19 23:00:00,1010,975,,24313
cumulative,all,37,BUY,0.6,4672.260,2026-01-20 06:19:01,2026-01-20 07:26:47,67.8,-634,sl,23679
cumulative,all,38,BUY,1.75,4670.018,2026-01-20 08:06:00,2026-01-20 11:59:15,233.2,3823,tp,27502
cumulative,all,39,BUY,1.88,4695.433,2026-01-20 12:00:00,2026-01-20 15:08:34,188.6,4457,tp,31959
cumulative,all,40,SELL,1.74,4720.638,2026-01-20 15:22:00,2026-01-20 16:30:15,68.2,-2424,sl,29535
cumulative,all,41,SELL,1.49,4734.073,2026-01-20 16:58:00,2026-01-20 21:28:25,270.4,-2233,sl,27302
cumulative,all,42,SELL,0.73,4759.985,2026-01-21 06:10:01,2026-01-21 06:44:13,34.2,-691,sl,26611
cumulative,all,43,SELL,0.49,4774.178,2026-01-21 07:26:00,2026-01-21 07:59:00,33,-671,sl,25940
cumulative,all,44,BUY,1.15,4792.877,2026-01-21 08:05:00,2026-01-21 08:30:40,25.7,4217,tp,30157
cumulative,all,45,BUY,0.88,4824.023,2026-01-21 08:48:00,2026-01-21 23:00:00,852,3677,,33834
cumulative,all,46,SELL,0.35,4826.644,2026-01-22 06:02:00,2026-01-22 22:26:45,984.8,759,sl,34593
cumulative,all,47,BUY,0.51,4952.510,2026-01-23 06:05:00,2026-01-23 06:30:31,25.5,-855,sl,33738
cumulative,all,48,BUY,0.39,4945.663,2026-01-23 06:46:00,2026-01-23 15:23:31,517.5,-858,sl,32880
cumulative,all,49,SELL,1.01,4917.492,2026-01-23 15:51:00,2026-01-23 19:52:01,241,-2484,sl,30396
cumulative,all,50,SELL,1.28,4935.795,2026-01-23 20:16:00,2026-01-23 21:48:42,92.7,-2297,sl,28099
cumulative,all,51,BUY,0.95,5028.591,2026-01-26 06:18:00,2026-01-26 08:36:01,138,4574,tp,32673
cumulative,all,52,SELL,0.71,5069.767,2026-01-26 09:09:00,2026-01-26 13:47:45,278.8,-2461,sl,30212
cumulative,all,53,SELL,0.74,5085.282,2026-01-26 13:58:00,2026-01-26 23:00:00,542,-422,,29790
cumulative,all,54,BUY,0.49,5035.760,2026-01-27 06:09:01,2026-01-27 23:00:00,1011,2674,,32464
cumulative,all,55,SELL,0.18,5168.556,2026-01-28 06:14:00,2026-01-28 08:44:10,150.2,-790,sl,31674
cumulative,all,56,SELL,0.62,5209.936,2026-01-28 08:59:00,2026-01-28 11:58:07,179.1,-2361,sl,29313
cumulative,all,57,BUY,0.38,5251.699,2026-01-28 12:09:00,2026-01-28 15:30:12,201.2,1610,tp,30923
cumulative,all,58,SELL,0.82,5297.546,2026-01-28 15:42:00,2026-01-28 23:00:00,438,3595,,34518
cumulative,all,59,BUY,0.52,5465.428,2026-01-29 06:13:01,2026-01-29 13:23:03,430,5629,tp,40147
cumulative,all,60,BUY,0.67,5590.155,2026-01-29 13:24:00,2026-01-29 14:28:38,64.6,-2998,sl,37149
cumulative,all,61,SELL,0.64,5527.879,2026-01-29 15:06:00,2026-01-29 22:09:05,423.1,6104,tp,43253
cumulative,all,62,BUY,0.16,5440.263,2026-01-30 06:07:00,2026-01-30 08:06:45,119.8,-1039,sl,42214
cumulative,all,63,SELL,0.37,5337.054,2026-01-30 08:48:00,2026-01-30 09:23:21,35.4,6969,tp,49183
cumulative,all,64,BUY,0.29,5212.954,2026-01-30 09:41:00,2026-01-30 15:33:59,353,-3638,sl,45545
cumulative,all,65,BUY,0.37,5110.753,2026-01-30 15:48:00,2026-01-30 16:14:25,26.4,-3406,sl,42139
cumulative,all,66,SELL,0.28,5028.336,2026-01-30 16:30:00,2026-01-30 18:57:04,147.1,-3114,sl,39025
cumulative,all,67,SELL,0.41,5124.791,2026-01-30 19:07:00,2026-01-30 23:00:00,233,3789,,42814
cumulative,all,68,SELL,0.19,4765.420,2026-02-02 06:13:34,2026-02-02 07:09:31,56,-1058,sl,41756
cumulative,all,69,SELL,0.07,4827.528,2026-02-02 07:32:00,2026-02-02 13:24:40,352.7,2240,tp,43996
cumulative,all,70,SELL,0.24,4456.665,2026-02-02 13:37:00,2026-02-02 14:45:55,68.9,-3302,sl,40694
cumulative,all,71,SELL,0.08,4576.525,2026-02-02 15:03:00,2026-02-02 16:28:32,85.5,-970,sl,39724
cumulative,all,72,BUY,0.1,4717.249,2026-02-02 16:50:00,2026-02-02 22:57:35,367.6,-939,sl,38785
cumulative,all,73,SELL,0.33,4685.104,2026-02-03 06:01:31,2026-02-03 06:08:19,6.8,-985,sl,37800
cumulative,all,74,BUY,0.15,4719.031,2026-02-03 06:16:00,2026-02-03 13:35:22,439.4,2081,tp,39881
cumulative,all,75,BUY,0.19,4892.064,2026-02-03 13:43:00,2026-02-03 23:00:00,557,824,,40705
cumulative,all,76,BUY,0.25,4961.835,2026-02-04 06:02:00,2026-02-04 06:07:31,5.5,-989,sl,39716
cumulative,all,77,BUY,0.21,4937.541,2026-02-04 06:17:00,2026-02-04 09:02:04,165.1,2169,tp,41885
cumulative,all,78,SELL,0.19,5056.305,2026-02-04 09:33:00,2026-02-04 22:34:05,781.1,2242,tp,44127
cumulative,all,79,BUY,0.32,5010.247,2026-02-05 06:16:00,2026-02-05 08:12:45,116.8,-1146,sl,42981
cumulative,all,80,SELL,0.63,4950.528,2026-02-05 08:27:00,2026-02-05 09:51:48,84.8,7096,tp,50077
cumulative,all,81,BUY,0.32,4880.926,2026-02-05 10:22:00,2026-02-05 23:00:00,758,-2025,,48052
cumulative,all,82,BUY,0.21,4778.936,2026-02-06 06:11:00,2026-02-06 06:49:07,38.1,-1168,sl,46884
cumulative,all,83,SELL,0.59,4657.291,2026-02-06 07:18:00,2026-02-06 07:27:23,9.4,-3502,sl,43382
cumulative,all,84,BUY,0.48,4736.962,2026-02-06 07:37:00,2026-02-06 20:00:21,743.4,7060,tp,50442
cumulative,all,85,BUY,0.93,4914.535,2026-02-06 20:20:00,2026-02-06 23:00:00,160,2705,,53147
cumulative,all,86,BUY,0.45,4989.002,2026-02-09 06:21:00,2026-02-09 23:00:00,999,2774,,55921
cumulative,all,87,SELL,1.2,5072.002,2026-02-10 06:02:23,2026-02-10 06:12:16,9.9,7627,tp,63548
cumulative,all,88,BUY,0.31,5036.442,2026-02-10 06:44:00,2026-02-10 23:00:00,976,-541,,63007
cumulative,all,89,BUY,0.79,5039.212,2026-02-11 06:17:00,2026-02-11 17:44:10,687.2,3350,tp,66357
cumulative,all,90,SELL,2.02,5094.108,2026-02-11 17:58:00,2026-02-11 19:00:28,62.5,-5048,sl,61309
cumulative,all,91,SELL,1.56,5106.571,2026-02-11 19:06:00,2026-02-11 20:30:50,84.8,9952,tp,71261
cumulative,all,92,SELL,1.1,5047.221,2026-02-11 20:36:00,2026-02-11 23:00:00,144,-1435,,69826
cumulative,all,93,SELL,0.83,5084.358,2026-02-12 06:08:00,2026-02-12 23:00:00,1012,2915,,72741
cumulative,all,94,BUY,0.51,4909.065,2026-02-13 06:13:00,2026-02-13 20:30:22,857.4,3899,tp,76640
cumulative,all,95,SELL,1.74,4973.973,2026-02-13 20:48:00,2026-02-13 21:21:39,33.6,-5808,sl,70832
cumulative,all,96,BUY,0.69,5029.562,2026-02-16 06:28:00,2026-02-16 07:03:31,35.5,-1775,sl,69057
cumulative,all,97,SELL,1.64,5007.334,2026-02-16 07:04:00,2026-02-16 23:00:00,956,4499,,73556
cumulative,all,98,BUY,1.7,4998.072,2026-02-17 06:02:00,2026-02-17 06:12:18,10.3,-1852,sl,71704
cumulative,all,99,SELL,1.33,4988.064,2026-02-17 06:18:00,2026-02-17 07:52:17,94.3,4032,tp,75736
cumulative,all,100,BUY,2.01,4949.515,2026-02-17 08:12:00,2026-02-17 12:15:37,243.6,-5722,sl,70014
cumulative,all,101,BUY,1.19,4894.235,2026-02-17 12:54:00,2026-02-17 21:01:25,487.4,-5245,sl,64769
cumulative,all,102,BUY,0.79,4882.525,2026-02-18 06:15:00,2026-02-18 06:50:15,35.2,-1624,sl,63145
cumulative,all,103,BUY,0.5,4877.025,2026-02-18 07:34:01,2026-02-18 20:07:23,753.4,3487,tp,66632
cumulative,all,104,BUY,2.26,4965.002,2026-02-18 20:38:00,2026-02-18 23:00:00,142,8055,,74687
cumulative,all,105,BUY,1.14,4981.347,2026-02-19 06:28:00,2026-02-19 07:02:37,34.6,-2054,sl,72633
cumulative,all,106,BUY,2.32,4968.329,2026-02-19 07:13:00,2026-02-19 23:00:00,947,10691,,83324
cumulative,all,107,BUY,4.72,5003.331,2026-02-20 06:04:00,2026-02-20 06:56:04,52.1,-6417,sl,76907
cumulative,all,108,BUY,0.9,4996.283,2026-02-20 07:16:00,2026-02-20 21:32:02,856,4123,tp,81030
cumulative,all,109,BUY,2.13,5158.824,2026-02-23 06:50:00,2026-02-23 07:20:09,30.2,-6083,sl,74947
cumulative,all,110,BUY,1.31,5153.803,2026-02-23 07:30:00,2026-02-23 23:00:00,930,5543,,80490
cumulative,all,111,BUY,1.23,5240.425,2026-02-24 06:03:00,2026-02-24 07:01:33,58.6,-2182,sl,78308
cumulative,all,112,SELL,1.95,5225.250,2026-02-24 07:29:00,2026-02-24 08:16:46,47.8,12890,tp,91198
cumulative,all,113,SELL,1.43,5151.457,2026-02-24 08:25:00,2026-02-24 23:00:00,875,100,,91298
cumulative,all,114,SELL,1.28,5135.751,2026-02-25 06:04:00,2026-02-25 07:38:18,94.3,-2349,sl,88949
cumulative,all,115,BUY,3.16,5154.479,2026-02-25 07:41:00,2026-02-25 12:49:52,308.9,14384,tp,103333
cumulative,all,116,SELL,4.56,5202.492,2026-02-25 12:58:00,2026-02-25 18:16:53,318.9,17042,tp,120375
cumulative,all,117,SELL,4.27,5157.114,2026-02-25 18:17:00,2026-02-25 18:57:17,40.3,-9180,sl,111195
cumulative,all,118,BUY,1.39,5180.039,2026-02-25 18:58:00,2026-02-25 21:39:54,161.9,-2798,sl,108397
cumulative,all,119,BUY,2.62,5173.404,2026-02-26 06:04:00,2026-02-26 21:30:42,926.7,-8589,sl,99808
cumulative,all,120,SELL,1.47,5182.552,2026-02-27 06:26:01,2026-02-27 09:07:59,162,-2572,sl,97236
cumulative,all,121,BUY,3.3,5199.933,2026-02-27 09:08:00,2026-02-27 09:37:00,29,-7380,sl,89856
cumulative,all,122,SELL,3.34,5176.380,2026-02-27 09:51:00,2026-02-27 12:30:08,159.1,-6814,sl,83042
cumulative,all,123,BUY,1.67,5195.223,2026-02-27 12:55:00,2026-02-27 14:14:23,79.4,-2076,sl,80966
cumulative,all,124,SELL,3.69,5179.496,2026-02-27 14:17:00,2026-02-27 20:06:38,349.6,-6231,sl,74735
cumulative,all,125,SELL,1.98,5208.685,2026-02-27 20:42:00,2026-02-27 22:11:52,89.9,-5725,sl,69010
cumulative,all,126,BUY,1.19,5348.997,2026-03-02 06:09:40,2026-03-02 06:42:15,32.6,4035,tp,73045
cumulative,all,127,SELL,1.09,5371.698,2026-03-02 07:03:00,2026-03-02 23:00:00,957,6070,,79115
cumulative,all,128,BUY,0.84,5340.315,2026-03-03 06:04:00,2026-03-03 12:54:01,410,-2014,sl,77101
cumulative,all,129,SELL,1.41,5290.102,2026-03-03 13:15:00,2026-03-03 14:51:25,96.4,-5748,sl,71353
cumulative,all,130,BUY,0.56,5329.543,2026-03-03 14:55:00,2026-03-03 15:40:41,45.7,-1788,sl,69565
cumulative,all,131,SELL,1.75,5297.908,2026-03-03 15:41:00,2026-03-03 18:07:44,146.7,11379,tp,80944
cumulative,all,132,SELL,0.85,5185.483,2026-03-03 18:26:00,2026-03-03 22:17:11,231.2,13463,tp,94407
cumulative,all,133,BUY,0.6,5102.495,2026-03-04 06:03:00,2026-03-04 19:03:59,781,5119,tp,99526
cumulative,all,134,SELL,1.13,5186.969,2026-03-04 19:17:00,2026-03-04 23:00:00,223,4736,,104262
cumulative,all,135,SELL,1.23,5146.531,2026-03-05 06:14:00,2026-03-05 07:05:44,51.7,-2676,sl,101586
cumulative,all,136,BUY,1.21,5167.114,2026-03-05 07:07:00,2026-03-05 13:00:08,353.1,-2540,sl,99046
cumulative,all,137,SELL,3.34,5146.816,2026-03-05 13:08:00,2026-03-05 14:00:51,52.8,-7695,sl,91351
cumulative,all,138,SELL,0.67,5161.412,2026-03-05 14:17:00,2026-03-05 22:08:47,471.8,5032,tp,96383
cumulative,all,139,SELL,1.21,5090.351,2026-03-06 06:28:01,2026-03-06 08:40:12,132.2,-2464,sl,93919
cumulative,all,140,SELL,0.72,5123.551,2026-03-06 09:42:00,2026-03-06 22:02:43,740.7,-117,sl,93802
cumulative,all,141,SELL,1.09,5087.037,2026-03-09 06:37:00,2026-03-09 23:00:00,983,-1423,,92379
cumulative,all,142,BUY,0.72,5149.196,2026-03-10 06:13:00,2026-03-10 22:33:14,980.2,4892,tp,97271
cumulative,all,143,BUY,1.18,5194.858,2026-03-11 06:07:01,2026-03-11 19:36:49,809.8,-2510,sl,94761
cumulative,all,144,SELL,3.09,5174.576,2026-03-11 19:37:00,2026-03-11 23:00:00,203,2521,,97282
cumulative,all,145,BUY,2.92,5153.533,2026-03-12 06:14:00,2026-03-12 07:00:37,46.6,-7887,sl,89395
cumulative,all,146,BUY,2.23,5139.379,2026-03-12 07:15:00,2026-03-12 23:00:00,945,-1675,,87720
cumulative,all,147,BUY,1.03,5095.409,2026-03-13 06:08:00,2026-03-13 14:21:34,493.6,-2270,sl,85450
cumulative,all,148,SELL,0.88,5083.010,2026-03-13 14:56:00,2026-03-13 18:59:03,243,-2158,sl,83292
cumulative,all,149,SELL,3.06,5109.382,2026-03-13 19:13:00,2026-03-13 21:55:23,162.4,13717,tp,97009
cumulative,all,150,BUY,0.81,5024.760,2026-03-16 06:00:00,2026-03-16 06:20:14,20.2,-2381,sl,94628
cumulative,all,151,SELL,2.07,4986.442,2026-03-16 06:21:00,2026-03-16 07:02:48,41.8,-7162,sl,87466
cumulative,all,152,BUY,1.63,5031.066,2026-03-16 07:35:00,2026-03-16 08:14:25,39.4,-6582,sl,80884
cumulative,all,153,SELL,1.56,4995.547,2026-03-16 08:25:00,2026-03-16 13:16:22,291.4,-6115,sl,74769
cumulative,all,154,SELL,1.01,5027.383,2026-03-16 13:27:00,2026-03-16 16:45:54,198.9,4090,tp,78859
cumulative,all,155,SELL,2.69,4978.224,2026-03-16 16:56:00,2026-03-16 18:00:14,64.2,-6000,sl,72859
cumulative,all,156,BUY,0.83,5012.738,2026-03-16 18:20:00,2026-03-16 21:48:05,208.1,-1809,sl,71050
cumulative,all,157,BUY,1.04,5005.743,2026-03-17 06:12:00,2026-03-17 22:36:35,984.6,1539,sl,72589
cumulative,all,158,BUY,1.54,5001.773,2026-03-18 06:02:01,2026-03-18 10:04:21,242.3,-1904,sl,70685
cumulative,all,159,BUY,1.13,4996.384,2026-03-18 10:25:01,2026-03-18 15:45:36,320.6,-1762,sl,68923
cumulative,all,160,SELL,2.98,4983.039,2026-03-18 15:46:00,2026-03-18 18:44:18,178.3,11791,tp,80714
cumulative,all,161,SELL,1.6,4932.119,2026-03-18 18:56:00,2026-03-18 23:00:00,244,11723,,92437
cumulative,all,162,SELL,0.68,4829.229,2026-03-19 06:19:00,2026-03-19 08:40:21,141.4,-2305,sl,90132
cumulative,all,163,SELL,2.29,4853.359,2026-03-19 08:51:00,2026-03-19 13:46:05,295.1,14956,tp,105088
cumulative,all,164,BUY,1.85,4771.450,2026-03-19 14:02:00,2026-03-19 14:59:26,57.4,-7872,sl,97216
cumulative,all,165,SELL,1.43,4725.075,2026-03-19 15:06:00,2026-03-19 19:42:38,276.6,15954,tp,113170
cumulative,all,166,SELL,1.53,4575.821,2026-03-19 19:44:00,2026-03-19 21:00:36,76.6,-8558,sl,104612
cumulative,all,167,SELL,0.94,4644.020,2026-03-20 06:10:00,2026-03-20 08:05:52,115.9,-2626,sl,101986
cumulative,all,168,BUY,2.71,4673.791,2026-03-20 08:07:00,2026-03-20 17:51:32,584.5,7525,sl,109511
cumulative,all,169,BUY,0.7,4669.000,2026-03-20 18:33:00,2026-03-20 20:51:57,139,-2714,sl,106797
cumulative,all,170,SELL,1.6,4627.377,2026-03-20 20:53:00,2026-03-20 23:00:00,127,11769,,118566
cumulative,all,171,SELL,0.5,4489.207,2026-03-23 06:22:00,2026-03-23 07:37:10,75.2,6649,tp,125215
cumulative,all,172,BUY,1.08,4356.788,2026-03-23 07:58:00,2026-03-23 13:07:15,309.2,-9364,sl,115851
cumulative,all,173,SELL,1.44,4243.693,2026-03-23 13:30:00,2026-03-23 16:29:59,180,8632,sl,124483
cumulative,all,174,BUY,1.18,4304.034,2026-03-23 16:30:00,2026-03-23 16:44:29,14.5,-9268,sl,115215
cumulative,all,175,BUY,1.13,4243.983,2026-03-23 16:53:00,2026-03-23 18:11:02,78,18798,tp,134013
cumulative,all,176,SELL,1.03,4395.760,2026-03-23 18:20:00,2026-03-23 19:59:15,99.2,-9923,sl,124090
cumulative,all,177,SELL,0.96,4423.497,2026-03-23 20:20:00,2026-03-23 23:00:00,160,5767,,129857
cumulative,all,178,BUY,0.71,4437.393,2026-03-24 06:08:00,2026-03-24 07:27:21,79.4,-3258,sl,126599
cumulative,all,179,SELL,0.64,4360.245,2026-03-24 07:39:00,2026-03-24 14:00:20,381.3,-3157,sl,123442
cumulative,all,180,BUY,0.54,4423.726,2026-03-24 14:11:00,2026-03-24 19:39:03,328,-3106,sl,120336
cumulative,all,181,SELL,1.78,4365.306,2026-03-24 19:40:00,2026-03-24 21:34:27,114.4,-9069,sl,111267
cumulative,all,182,BUY,0.67,4485.146,2026-03-25 06:00:00,2026-03-25 08:39:34,159.6,5900,tp,117167
cumulative,all,183,BUY,0.79,4598.897,2026-03-25 08:51:00,2026-03-25 12:21:26,210.4,-2949,sl,114218
cumulative,all,184,BUY,1.35,4565.268,2026-03-25 12:44:00,2026-03-25 13:09:27,25.4,-2870,sl,111348
cumulative,all,185,BUY,0.98,4550.757,2026-03-25 13:22:00,2026-03-25 19:31:48,369.8,-2811,sl,108537
cumulative,all,186,BUY,2.31,4553.670,2026-03-25 19:38:00,2026-03-25 23:00:00,202,1220,,109757
cumulative,all,187,SELL,0.71,4509.128,2026-03-26 06:04:00,2026-03-26 23:00:00,1016,5309,,115066
cumulative,all,188,SELL,0.81,4397.502,2026-03-27 06:06:00,2026-03-27 09:03:03,177,-2865,sl,112201
cumulative,all,189,BUY,0.92,4436.854,2026-03-27 09:11:00,2026-03-27 18:07:45,536.8,-2767,sl,109434
cumulative,all,190,SELL,1.17,4408.471,2026-03-27 18:09:00,2026-03-27 19:16:26,67.4,-2757,sl,106677
cumulative,all,191,BUY,0.99,4429.733,2026-03-27 19:30:00,2026-03-27 21:52:36,142.6,5791,tp,112468
cumulative,all,192,SELL,0.63,4477.148,2026-03-30 06:06:00,2026-03-30 12:50:03,404,-2846,sl,109622
cumulative,all,193,BUY,3.06,4529.522,2026-03-30 13:10:00,2026-03-30 23:00:00,590,8737,,118359
cumulative,all,194,SELL,1.53,4502.777,2026-03-31 06:03:00,2026-03-31 07:02:33,59.6,-3019,sl,115340
cumulative,all,195,SELL,3.34,4518.147,2026-03-31 07:14:00,2026-03-31 07:46:48,32.8,-8807,sl,106533
cumulative,all,196,BUY,1.99,4542.518,2026-03-31 07:55:00,2026-03-31 23:00:00,905,14947,,121480
cumulative,all,197,BUY,0.81,4680.354,2026-04-01 06:01:00,2026-04-01 22:32:13,991.2,6645,tp,128125
cumulative,all,198,SELL,1.46,4774.490,2026-04-02 06:01:00,2026-04-02 06:19:29,18.5,-3233,sl,124892
cumulative,all,199,SELL,1.3,4789.516,2026-04-02 06:38:00,2026-04-02 08:06:57,89,7061,tp,131953
cumulative,all,200,SELL,2.19,4727.743,2026-04-02 08:20:00,2026-04-02 12:47:33,267.6,22055,tp,154008
cumulative,all,201,SELL,2.71,4587.073,2026-04-02 13:02:00,2026-04-02 14:34:12,92.2,-11695,sl,142313
cumulative,all,202,BUY,0.77,4632.003,2026-04-02 14:35:00,2026-04-02 20:00:19,325.3,-3521,sl,138792
cumulative,all,203,SELL,2.52,4590.290,2026-04-02 20:14:00,2026-04-02 20:49:39,35.6,-10600,sl,128192
cumulative,all,204,BUY,1.93,4646.412,2026-04-06 06:00:00,2026-04-06 23:00:00,1020,4134,,132326
cumulative,all,205,BUY,2.25,4661.086,2026-04-07 06:07:01,2026-04-07 08:00:02,113,-3432,sl,128894
cumulative,all,206,SELL,3.65,4636.371,2026-04-07 08:11:00,2026-04-07 11:42:40,211.7,-10040,sl,118854
cumulative,all,207,SELL,2.06,4660.354,2026-04-07 12:01:00,2026-04-07 15:20:56,199.9,2884,sl,121738
cumulative,all,208,SELL,1.05,4681.830,2026-04-07 16:07:00,2026-04-07 23:00:00,413,4944,,126682
cumulative,all,209,BUY,1.42,4821.426,2026-04-08 06:21:00,2026-04-08 21:32:00,911,-9520,sl,117162
cumulative,all,210,SELL,1.26,4713.826,2026-04-09 06:02:00,2026-04-09 17:24:48,682.8,-2969,sl,114193
cumulative,all,211,BUY,1.57,4745.425,2026-04-09 17:51:00,2026-04-09 22:34:51,283.8,6151,tp,120344
cumulative,all,212,BUY,1.57,4764.348,2026-04-10 06:00:00,2026-04-10 09:21:10,201.2,-3141,sl,117203
cumulative,all,213,BUY,3.63,4749.303,2026-04-10 09:41:00,2026-04-10 23:00:00,799,8406,,125609
cumulative,all,214,BUY,0.81,4659.132,2026-04-13 06:00:00,2026-04-13 23:00:00,1020,5585,,131194
cumulative,all,215,SELL,2.14,4758.128,2026-04-14 06:22:00,2026-04-14 07:41:15,79.2,-3409,sl,127785
cumulative,all,216,BUY,4.39,4776.010,2026-04-14 08:08:00,2026-04-14 17:39:02,571,-9697,sl,118088
cumulative,all,217,BUY,3.85,4770.410,2026-04-14 17:51:00,2026-04-14 23:00:00,309,15139,,133227
cumulative,all,218,BUY,2.1,4843.001,2026-04-15 06:07:00,2026-04-15 09:32:21,205.4,-3466,sl,129761
cumulative,all,219,SELL,4.19,4821.838,2026-04-15 09:56:00,2026-04-15 23:00:00,784,8428,,138189
cumulative,all,220,BUY,2.5,4811.591,2026-04-16 06:14:00,2026-04-16 20:52:43,878.7,-570,sl,137619
cumulative,all,221,SELL,3.13,4793.713,2026-04-17 06:02:00,2026-04-17 12:00:32,358.5,3316,sl,140935
cumulative,all,222,BUY,3.57,4804.329,2026-04-17 12:01:00,2026-04-17 12:57:11,56.2,-3538,sl,137397
cumulative,all,223,SELL,7.62,4795.370,2026-04-17 12:59:00,2026-04-17 18:48:03,349,-10634,sl,126763
cumulative,all,224,SELL,6.01,4800.772,2026-04-17 18:56:00,2026-04-17 19:25:26,29.4,-9716,sl,117047
cumulative,all,225,BUY,4.65,4820.580,2026-04-17 19:37:00,2026-04-17 20:10:53,33.9,19516,tp,136563
cumulative,all,226,SELL,2.69,4855.470,2026-04-17 20:22:00,2026-04-17 23:00:00,158,-3325,,133238
cumulative,all,227,SELL,1.03,4771.756,2026-04-20 06:17:00,2026-04-20 08:30:38,133.6,-3366,sl,129872
cumulative,all,228,SELL,3.89,4807.813,2026-04-20 09:00:00,2026-04-20 23:00:00,840,2878,,132750
cumulative,all,229,SELL,2.15,4824.381,2026-04-21 06:09:00,2026-04-21 12:52:43,403.7,7290,tp,140040
cumulative,all,230,BUY,5.78,4788.423,2026-04-21 13:11:00,2026-04-21 19:30:34,379.6,-10524,sl,129516
cumulative,all,231,SELL,5.21,4776.184,2026-04-21 19:31:00,2026-04-21 21:47:22,136.4,21391,tp,150907
cumulative,all,232,BUY,2.4,4721.699,2026-04-22 06:02:01,2026-04-22 10:29:11,267.2,8249,tp,159156
cumulative,all,233,SELL,3.24,4759.001,2026-04-22 10:38:01,2026-04-22 12:21:14,103.2,-4077,sl,155079
cumulative,all,234,BUY,2.8,4767.847,2026-04-22 12:39:00,2026-04-22 15:30:01,171,-3925,sl,151154
cumulative,all,235,SELL,2.86,4752.495,2026-04-22 15:37:00,2026-04-22 23:00:00,443,6913,,158067
cumulative,all,236,SELL,3.54,4726.131,2026-04-23 06:00:00,2026-04-23 07:15:18,75.3,8731,tp,166798
cumulative,all,237,BUY,5.99,4734.523,2026-04-23 07:26:00,2026-04-23 09:08:35,102.6,-12569,sl,154229
cumulative,all,238,BUY,4.68,4717.986,2026-04-23 09:23:00,2026-04-23 12:30:46,187.8,-11624,sl,142605
cumulative,all,239,SELL,7.57,4702.146,2026-04-23 12:43:00,2026-04-23 13:01:16,18.3,-10955,sl,131650
cumulative,all,240,BUY,6.14,4716.675,2026-04-23 13:03:00,2026-04-23 16:02:07,179.1,-9886,sl,121764
cumulative,all,241,BUY,4.89,4701.422,2026-04-23 16:24:00,2026-04-23 23:00:00,396,15013,,136777
cumulative,all,242,BUY,2.56,4695.501,2026-04-24 06:01:00,2026-04-24 09:28:14,207.2,-3611,sl,133166
cumulative,all,243,BUY,4.86,4689.114,2026-04-24 09:35:00,2026-04-24 10:10:15,35.2,-9968,sl,123198
cumulative,all,244,SELL,4.7,4670.144,2026-04-24 10:13:00,2026-04-24 14:46:07,273.1,-9290,sl,113908
cumulative,all,245,BUY,1.86,4693.274,2026-04-24 15:20:00,2026-04-24 17:31:54,131.9,-2842,sl,111066
cumulative,all,246,SELL,1.89,4677.308,2026-04-24 17:55:00,2026-04-24 18:05:03,10,-2888,sl,108178
cumulative,all,247,BUY,3.64,4707.382,2026-04-24 18:24:00,2026-04-24 23:00:00,276,7058,,115236
cumulative,all,248,BUY,1.68,4684.052,2026-04-27 06:07:00,2026-04-27 10:43:37,276.6,6211,tp,121447
cumulative,all,249,SELL,2.6,4726.252,2026-04-27 11:26:00,2026-04-27 20:01:33,515.6,6689,tp,128136
cumulative,all,250,BUY,5.32,4697.748,2026-04-27 20:12:00,2026-04-27 21:55:08,103.1,-9676,sl,118460
cumulative,all,251,BUY,3.42,4687.876,2026-04-28 06:01:00,2026-04-28 08:55:49,174.8,-3200,sl,115260
cumulative,all,252,BUY,1.78,4679.224,2026-04-28 09:18:00,2026-04-28 12:03:41,165.7,-2890,sl,112370
cumulative,all,253,BUY,6.58,4658.035,2026-04-28 12:21:00,2026-04-28 12:30:22,9.4,-8449,sl,103921
cumulative,all,254,SELL,5.06,4644.526,2026-04-28 12:35:00,2026-04-28 17:58:25,323.4,17053,tp,120974
cumulative,all,255,SELL,4.97,4602.824,2026-04-28 18:09:00,2026-04-28 19:01:44,52.7,20070,tp,141044
cumulative,all,256,BUY,3.6,4575.554,2026-04-28 19:12:00,2026-04-28 23:00:00,228,3941,,144985
cumulative,all,257,SELL,4.36,4591.470,2026-04-29 06:06:00,2026-04-29 07:00:35,54.6,-3767,sl,141218
cumulative,all,258,SELL,2.94,4601.645,2026-04-29 07:21:00,2026-04-29 14:26:53,425.9,7821,tp,149039
cumulative,all,259,SELL,5.93,4570.740,2026-04-29 14:43:00,2026-04-29 20:40:49,357.8,25008,tp,174047
cumulative,all,260,BUY,4.41,4521.104,2026-04-29 20:55:00,2026-04-29 23:00:00,125,11780,,185827
cumulative,all,261,BUY,3.86,4552.894,2026-04-30 06:02:01,2026-04-30 11:35:01,333,3747,sl,189574
cumulative,all,262,SELL,3.24,4542.764,2026-04-30 11:59:00,2026-04-30 12:24:21,25.4,-4893,sl,184681
cumulative,all,263,BUY,2.96,4561.148,2026-04-30 12:33:00,2026-04-30 14:56:58,144,9986,tp,194667
cumulative,all,264,BUY,6.45,4627.405,2026-04-30 15:05:00,2026-04-30 23:00:00,475,-7716,,186951
cumulative,all,265,SELL,3.95,4628.962,2026-05-01 06:04:00,2026-05-01 13:19:44,435.7,10151,tp,197102
cumulative,all,266,SELL,3.46,4594.605,2026-05-01 13:28:00,2026-05-01 20:41:32,433.5,4813,sl,201915
cumulative,all,267,BUY,6.21,4614.922,2026-05-01 20:54:00,2026-05-01 23:00:00,126,20971,,222886
cumulative,all,268,SELL,3.09,4615.058,2026-05-04 06:11:00,2026-05-04 17:02:17,651.3,12303,tp,235189
cumulative,all,269,BUY,6.7,4557.887,2026-05-04 17:35:00,2026-05-04 22:20:16,285.3,-17666,sl,217523
cumulative,all,270,BUY,5.12,4518.019,2026-05-05 06:03:00,2026-05-05 09:43:22,220.4,11343,tp,228866
cumulative,all,271,BUY,4.08,4546.457,2026-05-05 09:49:00,2026-05-05 10:58:02,69,-5728,sl,223138
cumulative,all,272,SELL,5.71,4530.432,2026-05-05 11:21:01,2026-05-05 12:07:09,46.1,-5816,sl,217322
cumulative,all,273,SELL,4.5,4539.340,2026-05-05 12:17:00,2026-05-05 12:42:46,25.8,-5585,sl,211737
cumulative,all,274,BUY,3.31,4546.721,2026-05-05 13:04:00,2026-05-05 23:00:00,596,9352,,221089
cumulative,all,275,BUY,11.54,4572.961,2026-05-06 06:01:00,2026-05-06 07:41:56,100.9,36129,tp,257218
cumulative,all,276,BUY,10.79,4618.233,2026-05-06 07:59:00,2026-05-06 13:00:59,302,42036,tp,299254
cumulative,all,277,BUY,4.17,4666.596,2026-05-06 13:27:01,2026-05-06 17:41:14,254.2,16175,tp,315429
cumulative,all,278,SELL,10.31,4712.325,2026-05-06 18:04:00,2026-05-06 23:00:00,296,40074,,355503
cumulative,all,279,SELL,7.33,4694.255,2026-05-07 06:14:00,2026-05-07 08:11:04,117.1,-9109,sl,346394
cumulative,all,280,SELL,12.08,4704.757,2026-05-07 08:27:00,2026-05-07 13:31:53,304.9,-26345,sl,320049
cumulative,all,281,SELL,11.41,4736.727,2026-05-07 13:55:01,2026-05-07 20:34:01,399,-24810,sl,295239
cumulative,all,282,SELL,8.42,4743.628,2026-05-07 20:49:00,2026-05-07 23:00:00,131,11855,,307094
cumulative,all,283,BUY,2.97,4689.425,2026-05-08 06:04:00,2026-05-08 23:00:00,1016,11593,,318687
cumulative,all,284,SELL,3.73,4692.135,2026-05-11 06:11:00,2026-05-11 20:06:17,835.3,-452,sl,318235
cumulative,all,285,BUY,7.84,4738.955,2026-05-11 20:39:00,2026-05-11 23:00:00,141,-5177,,313058
cumulative,all,286,BUY,5.71,4753.767,2026-05-12 06:09:01,2026-05-12 08:26:02,137,-8166,sl,304892
cumulative,all,287,SELL,8.62,4730.029,2026-05-12 08:37:00,2026-05-12 22:18:11,821.2,49918,tp,354810
cumulative,all,288,BUY,6.31,4720.443,2026-05-13 06:08:00,2026-05-13 08:17:33,129.6,-9258,sl,345552
cumulative,all,289,SELL,12.91,4704.207,2026-05-13 08:30:00,2026-05-13 23:00:00,870,11011,,356563
cumulative,all,290,BUY,8.98,4701.780,2026-05-14 06:11:00,2026-05-14 07:03:26,52.4,-10385,sl,346178
cumulative,all,291,BUY,22.68,4697.409,2026-05-14 07:13:00,2026-05-14 08:13:18,60.3,-26835,sl,319343
cumulative,all,292,SELL,10.34,4688.953,2026-05-14 08:40:00,2026-05-14 11:36:13,176.2,-24389,sl,294954
cumulative,all,293,SELL,11.89,4701.046,2026-05-14 12:03:00,2026-05-14 23:00:00,657,17981,,312935
cumulative,all,294,SELL,6.93,4661.203,2026-05-15 06:10:00,2026-05-15 07:25:21,75.4,17286,tp,330221
cumulative,all,295,BUY,8.71,4626.578,2026-05-15 07:48:00,2026-05-15 12:07:22,259.4,-24750,sl,305471
cumulative,all,296,SELL,11.72,4582.326,2026-05-15 12:21:00,2026-05-15 20:37:27,496.4,50942,tp,356413
cumulative,all,297,BUY,7.91,4534.578,2026-05-15 20:55:00,2026-05-15 23:00:00,125,4029,,360442
cumulative,all,298,SELL,4,4541.927,2026-05-18 06:07:00,2026-05-18 07:44:49,97.8,20281,tp,380723
cumulative,all,299,BUY,7.23,4515.777,2026-05-18 08:00:00,2026-05-18 23:00:00,900,20278,,401001
cumulative,all,300,BUY,8.43,4582.235,2026-05-19 06:13:00,2026-05-19 07:28:50,75.8,-10663,sl,390338
cumulative,all,301,SELL,14.93,4574.466,2026-05-19 07:36:00,2026-05-19 20:04:38,748.6,63433,tp,453771
cumulative,all,302,SELL,13.87,4517.145,2026-05-19 20:20:00,2026-05-19 23:00:00,160,49042,,502813
cumulative,all,303,BUY,9.79,4483.629,2026-05-20 06:05:00,2026-05-20 08:30:12,145.2,-1356,sl,501457
cumulative,all,304,BUY,11.51,4483.298,2026-05-20 08:51:00,2026-05-20 23:00:00,849,66456,,567913
cumulative,all,305,BUY,11.6,4541.722,2026-05-21 06:07:01,2026-05-21 10:53:52,286.8,12175,sl,580088
cumulative,all,306,BUY,9.26,4533.596,2026-05-21 11:06:00,2026-05-21 14:15:46,189.8,-14537,sl,565551
cumulative,all,307,SELL,7.22,4518.925,2026-05-21 14:16:00,2026-05-21 16:13:03,117,-14356,sl,551195
cumulative,all,308,SELL,7.31,4535.954,2026-05-21 16:27:00,2026-05-21 23:00:00,393,24022,,575217
cumulative,all,309,SELL,15.96,4540.371,2026-05-22 06:22:00,2026-05-22 12:56:32,394.5,31459,tp,606676
cumulative,all,310,BUY,24.17,4523.131,2026-05-22 13:25:00,2026-05-22 21:01:47,456.8,-46066,sl,560610
cumulative,all,311,BUY,6.88,4567.528,2026-05-25 06:01:00,2026-05-25 23:00:00,1019,2399,,563009
cumulative,all,312,BUY,14.72,4576.376,2026-05-26 06:10:00,2026-05-26 06:31:04,21.1,-14382,sl,548627
cumulative,all,313,SELL,23.22,4544.848,2026-05-26 07:21:00,2026-05-26 23:00:00,939,83383,,632010
cumulative,all,314,SELL,9.19,4509.429,2026-05-27 06:13:00,2026-05-27 06:44:52,31.9,-16109,sl,615901
cumulative,all,315,SELL,10.04,4518.969,2026-05-27 06:59:00,2026-05-27 13:31:23,392.4,32694,tp,648595
cumulative,all,316,SELL,23.78,4482.706,2026-05-27 13:32:00,2026-05-27 18:57:45,325.8,105535,tp,754130
cumulative,all,317,SELL,21.52,4430.087,2026-05-27 19:15:00,2026-05-27 19:21:30,6.5,-57654,sl,696476
cumulative,all,318,SELL,16.67,4445.311,2026-05-27 19:48:00,2026-05-27 23:00:00,192,14441,,710917
cumulative,all,319,SELL,13.83,4451.905,2026-05-28 06:09:00,2026-05-28 08:27:10,138.2,38707,tp,749624
cumulative,all,320,SELL,24.77,4419.164,2026-05-28 08:43:00,2026-05-28 21:09:36,746.6,55235,sl,804859
cumulative,all,321,BUY,21.1,4496.704,2026-05-29 06:18:00,2026-05-29 13:00:12,402.2,43476,tp,848335
cumulative,all,322,BUY,43.09,4520.339,2026-05-29 13:03:00,2026-05-29 21:52:41,529.7,138570,tp,986905
cumulative,all,323,BUY,14.19,4542.614,2026-06-01 06:15:00,2026-06-01 08:56:57,162,-24885,sl,962020
cumulative,all,324,SELL,36.32,4525.514,2026-06-01 08:58:00,2026-06-01 20:12:48,674.8,157625,tp,1119645
cumulative,all,325,SELL,31.13,4477.963,2026-06-01 20:21:00,2026-06-01 23:00:00,159,10833,,1130478
cumulative,all,326,SELL,28.58,4485.338,2026-06-02 06:10:01,2026-06-02 07:32:11,82.2,-29257,sl,1101221
cumulative,all,327,SELL,55.58,4486.070,2026-06-02 07:44:00,2026-06-02 11:01:37,197.6,-85360,sl,1015861
cumulative,all,328,BUY,15.69,4505.231,2026-06-02 11:12:00,2026-06-02 23:00:00,708,30964,,1046825
cumulative,all,329,BUY,38.65,4472.146,2026-06-03 06:48:00,2026-06-03 15:00:11,492.2,-81058,sl,965767
cumulative,all,330,SELL,39.48,4453.964,2026-06-03 15:20:00,2026-06-03 23:00:00,460,45442,,1011209
cumulative,all,331,BUY,14.48,4449.712,2026-06-04 06:25:01,2026-06-04 18:46:06,741.1,52397,tp,1063606
cumulative,all,332,BUY,43.95,4497.092,2026-06-04 18:47:00,2026-06-04 21:38:20,171.3,-79651,sl,983955
cumulative,all,333,SELL,18.88,4468.591,2026-06-05 06:21:00,2026-06-05 13:15:00,414,54795,tp,1038750
cumulative,all,334,SELL,46.91,4432.236,2026-06-05 13:17:00,2026-06-05 13:36:14,19.2,-80150,sl,958600
cumulative,all,335,BUY,12.03,4454.844,2026-06-05 13:49:00,2026-06-05 19:50:25,361.4,-24019,sl,934581
cumulative,all,336,SELL,30.55,4437.270,2026-06-05 19:51:00,2026-06-05 20:56:48,65.8,153823,tp,1088404
cumulative,all,337,SELL,19.74,4379.138,2026-06-05 20:57:00,2026-06-05 23:00:00,123,85563,,1173967
cumulative,all,338,BUY,10.72,4326.678,2026-06-08 06:11:00,2026-06-08 12:34:12,383.2,-29495,sl,1144472
cumulative,all,339,SELL,34.84,4288.029,2026-06-08 12:46:00,2026-06-08 14:24:11,98.2,-86968,sl,1057504
cumulative,all,340,SELL,10.14,4306.344,2026-06-08 14:38:00,2026-06-08 18:32:50,234.8,-26834,sl,1030670
cumulative,all,341,BUY,9.75,4327.186,2026-06-08 18:53:00,2026-06-08 23:00:00,247,14023,,1044693
cumulative,all,342,SELL,29.06,4326.407,2026-06-09 06:06:00,2026-06-09 08:28:51,142.8,-27113,sl,1017580
cumulative,all,343,BUY,12.3,4334.786,2026-06-09 08:56:00,2026-06-09 21:17:04,741.1,-25430,sl,992150
cumulative,all,344,BUY,14.43,4245.999,2026-06-10 06:04:00,2026-06-10 06:18:01,14,-24932,sl,967218
cumulative,all,345,SELL,11.78,4225.198,2026-06-10 06:26:00,2026-06-10 15:03:12,517.2,52427,tp,1019645
cumulative,all,346,SELL,35.12,4166.694,2026-06-10 15:04:00,2026-06-10 22:48:18,464.3,168505,tp,1188150
cumulative,all,347,SELL,10.22,4043.730,2026-06-11 06:09:00,2026-06-11 07:17:54,68.9,-29955,sl,1158195
cumulative,all,348,BUY,19.03,4072.927,2026-06-11 07:43:00,2026-06-11 23:00:00,917,30509,,1188704
cumulative,all,349,SELL,11.23,4221.594,2026-06-12 06:23:00,2026-06-12 23:00:00,997,25427,,1214131
cumulative,all,350,SELL,9.9,4285.495,2026-06-15 06:00:00,2026-06-15 08:38:23,158.4,-30961,sl,1183170
cumulative,all,351,BUY,10.7,4321.471,2026-06-15 09:03:00,2026-06-15 23:00:00,837,37363,,1220533
cumulative,all,352,BUY,23.87,4315.453,2026-06-16 06:05:00,2026-06-16 16:09:11,604.2,64427,tp,1284960
cumulative,all,353,SELL,22.7,4343.554,2026-06-16 16:19:00,2026-06-16 23:00:00,401,47225,,1332185
cumulative,all,354,SELL,36.36,4334.145,2026-06-17 06:03:00,2026-06-17 08:03:37,120.6,-34411,sl,1297774
cumulative,all,355,SELL,64.39,4345.699,2026-06-17 08:17:00,2026-06-17 21:24:31,787.5,-7209,sl,1290565
cumulative,all,356,SELL,17.9,4265.238,2026-06-18 06:01:00,2026-06-18 06:23:00,22,-32796,sl,1257769
cumulative,all,357,BUY,17.41,4281.536,2026-06-18 06:24:00,2026-06-18 08:03:53,99.9,64913,tp,1322682
cumulative,all,358,BUY,35.68,4326.901,2026-06-18 08:14:00,2026-06-18 13:07:38,293.6,-100439,sl,1222243
cumulative,all,359,SELL,17.11,4298.421,2026-06-18 13:08:00,2026-06-18 18:01:17,293.3,67021,tp,1289264
cumulative,all,360,SELL,17.6,4243.278,2026-06-18 18:11:00,2026-06-18 19:20:10,69.2,-32706,sl,1256558
cumulative,all,361,SELL,41.09,4254.715,2026-06-18 19:28:00,2026-06-18 23:00:00,212,114037,,1370595
cumulative,all,362,SELL,24.91,4195.907,2026-06-19 06:17:00,2026-06-19 10:42:20,265.3,76301,tp,1446896
cumulative,all,363,SELL,69.45,4158.637,2026-06-19 10:43:00,2026-06-19 15:23:17,280.3,106231,sl,1553127
cumulative,all,364,SELL,21.82,4167.400,2026-06-19 15:41:00,2026-06-19 23:00:00,439,35274,,1588401
cumulative,all,365,SELL,24.18,4155.852,2026-06-22 06:16:00,2026-06-22 07:36:42,80.7,-40620,sl,1547781
cumulative,all,366,BUY,44.88,4174.948,2026-06-22 07:44:00,2026-06-22 23:00:00,916,34612,,1582393
cumulative,all,367,BUY,48.12,4192.528,2026-06-23 06:03:00,2026-06-23 07:08:04,65.1,-42371,sl,1540022
cumulative,all,368,BUY,89,4185.239,2026-06-23 07:33:00,2026-06-23 08:19:12,46.2,-115593,sl,1424429
cumulative,all,369,SELL,49.68,4169.432,2026-06-23 08:35:00,2026-06-23 13:10:49,275.8,238214,tp,1662643
cumulative,all,370,BUY,43.42,4122.923,2026-06-23 13:19:00,2026-06-23 15:02:44,103.7,-125297,sl,1537346
cumulative,all,371,BUY,47.51,4099.707,2026-06-23 15:23:00,2026-06-23 23:00:00,457,194143,,1731489
cumulative,all,372,SELL,28.23,4102.269,2026-06-24 06:02:00,2026-06-24 09:38:38,216.6,93939,tp,1825428
cumulative,all,373,SELL,48.35,4062.820,2026-06-24 09:39:00,2026-06-24 13:08:07,209.1,-138769,sl,1686659
cumulative,all,374,SELL,55.41,4086.342,2026-06-24 13:19:00,2026-06-24 19:25:03,366,276967,tp,1963626
cumulative,all,375,SELL,49.33,4009.041,2026-06-24 19:26:00,2026-06-24 20:57:10,91.2,-147886,sl,1815740
cumulative,all,376,SELL,30.65,3992.258,2026-06-25 06:09:00,2026-06-25 06:34:08,25.1,-45975,sl,1769765
cumulative,all,377,BUY,23.87,4013.933,2026-06-25 07:07:00,2026-06-25 07:27:15,20.2,-44427,sl,1725338
cumulative,all,378,SELL,18.32,3979.872,2026-06-25 07:49:00,2026-06-25 08:02:26,13.4,-43873,sl,1681465
cumulative,all,379,BUY,39.93,3999.343,2026-06-25 08:21:00,2026-06-25 09:08:26,47.4,-126163,sl,1555302
cumulative,all,380,BUY,31.89,3975.613,2026-06-25 09:19:00,2026-06-25 23:00:00,821,209285,,1764587
cumulative,all,381,SELL,28.48,4022.902,2026-06-26 06:10:00,2026-06-26 09:55:55,225.9,95138,tp,1859725
cumulative,all,382,SELL,62.8,3984.039,2026-06-26 09:56:00,2026-06-26 10:55:45,59.8,-141382,sl,1718343
cumulative,all,383,SELL,20.97,3999.952,2026-06-26 11:07:00,2026-06-26 12:30:03,83,-43639,sl,1674704
cumulative,all,384,SELL,71.78,4007.816,2026-06-26 12:47:01,2026-06-26 13:32:42,45.7,-127646,sl,1547058
cumulative,all,385,BUY,52.2,4025.790,2026-06-26 13:49:00,2026-06-26 21:12:18,443.3,257385,tp,1804443
cumulative,all,386,SELL,17.34,4063.021,2026-06-29 06:16:00,2026-06-29 23:00:00,1004,81278,,1885721
cumulative,all,387,BUY,41.08,4019.114,2026-06-30 06:06:00,2026-06-30 07:03:38,57.6,-49672,sl,1836049
cumulative,all,388,SELL,96.42,4005.803,2026-06-30 07:20:00,2026-06-30 08:06:39,46.6,303090,tp,2139139
cumulative,all,389,SELL,66.91,3945.423,2026-06-30 08:08:00,2026-06-30 08:10:16,2.3,-162049,sl,1977090
cumulative,all,390,BUY,47.11,3973.824,2026-06-30 08:21:00,2026-06-30 21:23:31,782.5,323542,tp,2300632
cumulative,all,391,BUY,48.8,4018.288,2026-07-01 06:08:00,2026-07-01 06:46:39,38.6,-57833,sl,2242799
cumulative,all,392,SELL,49.53,4007.546,2026-07-01 06:50:00,2026-07-01 08:17:37,87.6,123744,tp,2366543
cumulative,all,393,BUY,92.65,3984.248,2026-07-01 08:23:00,2026-07-01 13:07:18,284.3,-178518,sl,2188025
cumulative,all,394,BUY,93.49,3968.395,2026-07-01 13:21:00,2026-07-01 18:10:50,289.8,354653,tp,2542678
cumulative,all,395,BUY,117.5,4022.904,2026-07-01 18:20:00,2026-07-01 20:38:57,139,416879,tp,2959557
cumulative,all,396,BUY,61.21,4045.142,2026-07-02 06:00:00,2026-07-02 07:00:55,60.9,-84612,sl,2874945
cumulative,all,397,SELL,65.32,4033.400,2026-07-02 07:02:00,2026-07-02 07:12:32,10.5,-73603,sl,2801342
cumulative,all,398,BUY,143.53,4043.591,2026-07-02 07:24:00,2026-07-02 19:30:02,726,454862,tp,3256204
cumulative,all,399,BUY,83.22,4133.378,2026-07-02 19:38:00,2026-07-02 23:00:00,202,-38989,,3217215
cumulative,all,400,BUY,86.9,4125.402,2026-07-03 06:05:00,2026-07-03 07:51:08,106.1,159703,tp,3376918
cumulative,all,401,BUY,95.59,4179.866,2026-07-03 08:20:00,2026-07-03 23:00:00,880,-143767,,3233151
cumulative,all,402,BUY,47.02,4188.541,2026-07-06 06:00:00,2026-07-06 07:01:39,61.6,-81034,sl,3152117
cumulative,all,403,SELL,115.54,4173.997,2026-07-06 07:02:00,2026-07-06 08:34:31,92.5,-239226,sl,2912891
cumulative,all,404,SELL,76.27,4187.454,2026-07-06 08:59:00,2026-07-06 23:00:00,841,333821,,3246712
cumulative,all,405,SELL,113.95,4163.296,2026-07-07 06:09:00,2026-07-07 08:00:03,111,183523,tp,3430235
cumulative,all,406,SELL,162.97,4144.875,2026-07-07 08:01:00,2026-07-07 19:06:38,665.6,-266114,sl,3164121
cumulative,all,407,SELL,128.5,4166.347,2026-07-07 19:23:00,2026-07-07 23:00:00,217,349314,,3513435
cumulative,all,408,BUY,58.41,4105.690,2026-07-08 06:08:00,2026-07-08 15:17:57,550,-7512,sl,3505923
cumulative,all,409,SELL,114.31,4088.029,2026-07-08 15:26:00,2026-07-08 22:24:55,418.9,590665,tp,4096588
cumulative,all,410,BUY,86.89,4077.228,2026-07-09 06:15:00,2026-07-09 08:04:14,109.2,-117329,sl,3979259
cumulative,all,411,BUY,141.67,4075.414,2026-07-09 08:12:00,2026-07-09 10:18:29,126.5,-299930,sl,3679329
cumulative,all,412,SELL,56.6,4055.803,2026-07-09 10:19:00,2026-07-09 12:11:26,112.4,-94579,sl,3584750
cumulative,all,413,SELL,183.46,4067.391,2026-07-09 12:21:00,2026-07-09 12:51:16,30.3,-274438,sl,3310312
cumulative,all,414,BUY,117.49,4094.094,2026-07-09 13:16:00,2026-07-09 23:00:00,584,410657,,3720969
cumulative,all,415,SELL,117.08,4121.379,2026-07-10 06:32:01,2026-07-10 08:00:24,88.4,-97364,sl,3623605
cumulative,all,416,SELL,180.51,4120.374,2026-07-10 08:07:00,2026-07-10 21:33:06,806.1,604457,tp,4228062
cumulative,all,417,SELL,148.19,4072.864,2026-07-13 06:01:00,2026-07-13 21:16:46,915.8,708311,tp,4936373
cumulative,all,418,SELL,130.98,4000.226,2026-07-14 06:15:00,2026-07-14 08:58:17,163.3,-127548,sl,4808825
cumulative,all,419,BUY,157.99,4012.214,2026-07-14 09:10:00,2026-07-14 19:30:04,620.1,789970,tp,5598795
cumulative,all,420,BUY,188.8,4088.924,2026-07-14 19:31:00,2026-07-14 22:42:16,191.3,-421421,sl,5177374
cumulative,all,421,SELL,147.17,4047.539,2026-07-15 06:13:00,2026-07-15 06:35:19,22.3,-131761,sl,5045613
cumulative,all,422,BUY,134.9,4055.142,2026-07-15 06:45:00,2026-07-15 08:35:45,110.8,-136956,sl,4908657
cumulative,all,423,SELL,200,4035.744,2026-07-15 09:01:00,2026-07-15 19:33:11,632.2,-377140,sl,4531517
cumulative,all,424,BUY,189.17,4062.588,2026-07-15 19:48:00,2026-07-15 22:14:37,146.6,-342190,sl,4189327
cumulative,all,425,BUY,113.84,4061.085,2026-07-16 06:08:01,2026-07-16 07:55:14,107.2,-124976,sl,4064351
cumulative,all,426,SELL,177.61,4036.102,2026-07-16 08:29:00,2026-07-16 19:58:14,689.2,664719,tp,4729070
cumulative,all,427,SELL,112.79,3994.376,2026-07-16 19:59:00,2026-07-16 23:00:00,181,-143807,,4585263
cumulative,all,428,BUY,124.8,3979.067,2026-07-17 06:09:00,2026-07-17 10:19:53,250.9,239275,tp,4824538
cumulative,all,429,SELL,191.96,3999.563,2026-07-17 10:32:00,2026-07-17 22:47:06,735.1,-18714,sl,4805824
cumulative,all,430,SELL,77.91,3994.967,2026-07-20 06:00:00,2026-07-20 08:00:00,120,-123082,sl,4682742
cumulative,all,431,BUY,166.75,4009.261,2026-07-20 08:01:00,2026-07-20 23:00:00,899,42655,,4725397
cumulative,all,432,BUY,107.99,4004.576,2026-07-21 06:04:01,2026-07-21 08:19:40,135.6,246158,tp,4971555
cumulative,all,433,SELL,187.16,4025.813,2026-07-21 08:39:00,2026-07-21 10:26:20,107.3,-386074,sl,4585481
cumulative,all,434,BUY,200,4047.712,2026-07-21 10:27:00,2026-07-21 23:00:00,753,615698,,5201179
cumulative,all,435,BUY,142.98,4081.627,2026-07-22 06:16:00,2026-07-22 08:00:12,104.2,271560,tp,5472739
cumulative,all,436,BUY,200,4107.796,2026-07-22 08:01:00,2026-07-22 20:59:04,778.1,770454,tp,6243193
cumulative,all,437,SELL,200,4120.095,2026-07-23 06:02:00,2026-07-23 08:00:11,118.2,-372320,sl,5870873
cumulative,all,438,BUY,200,4137.683,2026-07-23 08:01:00,2026-07-23 08:44:59,44,-307000,sl,5563873
cumulative,all,439,SELL,200,4118.350,2026-07-23 08:54:00,2026-07-23 19:37:19,643.3,873144,tp,6437017
cumulative,all,440,SELL,200,4063.566,2026-07-23 19:49:00,2026-07-23 23:00:00,191,288520,,6725537
cumulative,all,441,SELL,200,4049.032,2026-07-24 06:06:01,2026-07-24 09:48:14,222.2,251672,tp,6977209
cumulative,all,442,BUY,200,4027.679,2026-07-24 10:07:00,2026-07-24 20:59:39,652.6,688560,tp,7665769
cumulative,all,443,SELL,117.58,4087.706,2026-07-27 06:04:01,2026-07-27 07:02:25,58.4,-194736,sl,7471033
cumulative,all,444,BUY,200,4103.112,2026-07-27 07:03:00,2026-07-27 07:27:52,24.9,-248260,sl,7222773
cumulative,all,445,BUY,200,4109.569,2026-07-27 07:51:00,2026-07-27 10:10:30,139.5,-395260,sl,6827513
cumulative,all,446,SELL,200,4091.637,2026-07-27 10:12:00,2026-07-27 14:21:35,249.6,-275440,sl,6552073
cumulative,all,447,SELL,200,4102.832,2026-07-27 14:32:00,2026-07-27 21:28:15,416.2,565857,tp,7117930
cumulative,all,448,SELL,200,4072.658,2026-07-28 06:03:00,2026-07-28 08:20:32,137.5,339993,tp,7457923
cumulative,all,449,SELL,200,4052.045,2026-07-28 08:21:00,2026-07-28 23:00:00,879,493335,,7951258
cumulative,all,450,BUY,181.94,4019.170,2026-07-29 06:09:00,2026-07-29 14:21:20,492.3,415668,tp,8366926
cumulative,all,451,BUY,179.08,4047.229,2026-07-29 14:23:00,2026-07-29 16:14:26,111.4,-212371,sl,8154555
cumulative,all,452,SELL,200,4036.236,2026-07-29 16:15:00,2026-07-29 19:30:05,195.1,420335,tp,8574890
cumulative,all,453,SELL,200,4018.027,2026-07-29 20:06:00,2026-07-29 23:00:00,174,157200,,8732090
cumulative,all,454,BUY,125.81,4097.928,2026-07-30 06:08:01,2026-07-30 07:03:12,55.2,-240324,sl,8491766
cumulative,all,455,SELL,200,4076.921,2026-07-30 07:21:00,2026-07-30 12:38:17,317.3,755715,tp,9247481
cumulative,all,456,BUY,200,4037.479,2026-07-30 13:04:00,2026-07-30 20:37:47,453.8,906924,tp,10154405
cumulative,all,457,BUY,200,4094.171,2026-07-30 20:38:00,2026-07-30 23:00:00,142,271900,,10426305
cumulative,all,458,SELL,200,4109.448,2026-07-31 06:10:01,2026-07-31 08:39:17,149.3,413661,tp,10839966
cumulative,all,459,BUY,154.54,4086.546,2026-07-31 08:59:00,2026-07-31 14:34:31,335.5,-271249,sl,10568717
cumulative,all,460,SELL,195.24,4071.094,2026-07-31 14:57:00,2026-07-31 20:05:29,308.5,580657,tp,11149374
cumulative,all,461,SELL,200,4036.130,2026-07-31 20:15:00,2026-07-31 23:00:00,165,-193540,,10955834
cumulative,all,462,SELL,142.83,4063.729,2026-08-03 06:02:00,2026-08-03 23:00:00,1018,495087,,11450921
cumulative,all,463,SELL,200,4051.209,2026-08-04 06:11:01,2026-08-04 07:01:23,50.4,-166320,sl,11284601
cumulative,all,464,SELL,200,4062.940,2026-08-04 07:20:00,2026-08-04 18:47:25,687.4,-9127,sl,11275474
cumulative,all,465,BUY,200,4077.393,2026-08-04 18:49:00,2026-08-04 23:00:00,251,198380,,11473854
cumulative,all,466,SELL,200,4069.941,2026-08-05 06:23:00,2026-08-05 07:35:17,72.3,-233840,sl,11240014
cumulative,all,467,SELL,200,4078.391,2026-08-05 07:47:00,2026-08-05 08:38:54,51.9,-227560,sl,11012454
cumulative,all,468,BUY,200,4089.948,2026-08-05 08:40:00,2026-08-05 09:46:14,66.2,680879,tp,11693333
cumulative,all,469,SELL,200,4128.626,2026-08-05 10:03:00,2026-08-05 12:37:57,155,-423880,sl,11269453
cumulative,all,470,BUY,200,4171.236,2026-08-05 13:11:00,2026-08-05 21:08:06,477.1,927458,tp,12196911
cumulative,all,471,BUY,200,4258.728,2026-08-06 06:16:00,2026-08-06 07:35:06,79.1,471479,tp,12668390
cumulative,all,472,BUY,200,4291.303,2026-08-06 07:48:00,2026-08-06 10:25:38,157.6,-592880,sl,12075510
cumulative,all,473,SELL,141.27,4261.493,2026-08-06 10:47:00,2026-08-06 16:02:20,315.3,-306528,sl,11768982
cumulative,all,474,BUY,157.62,4282.299,2026-08-06 16:17:01,2026-08-06 18:22:29,125.5,-295396,sl,11473586
cumulative,all,475,SELL,200,4263.750,2026-08-06 18:23:00,2026-08-06 23:00:00,277,565335,,12038921
cumulative,all,476,BUY,200,4245.573,2026-08-07 06:15:00,2026-08-07 07:38:39,83.6,-200668,sl,11838253
cumulative,all,477,SELL,200,4235.724,2026-08-07 07:40:00,2026-08-07 08:21:48,41.8,-284260,sl,11553993
cumulative,all,478,BUY,200,4243.027,2026-08-07 08:37:00,2026-08-07 15:13:28,396.5,966524,tp,12520517
cumulative,all,479,SELL,198.27,4294.187,2026-08-07 15:24:00,2026-08-07 15:33:53,9.9,-317252,sl,12203265
cumulative,all,480,BUY,200,4309.552,2026-08-07 15:43:00,2026-08-07 19:31:36,228.6,846068,tp,13049333
cumulative,all,481,BUY,200,4354.942,2026-08-07 19:33:00,2026-08-07 21:12:20,99.3,-538560,sl,12510773
cumulative,all,482,SELL,200,4341.425,2026-08-10 06:00:00,2026-08-10 13:46:25,466.4,-23682,sl,12487091
cumulative,all,483,BUY,170.92,4357.590,2026-08-10 13:56:00,2026-08-10 17:03:52,187.9,-313228,sl,12173863
cumulative,all,484,BUY,200,4344.077,2026-08-10 17:23:00,2026-08-10 18:13:13,50.2,-253260,sl,11920603
cumulative,all,485,SELL,200,4332.923,2026-08-10 18:50:00,2026-08-10 21:26:34,156.6,-256880,sl,11663723
cumulative,all,486,SELL,200,4394.994,2026-08-11 06:20:00,2026-08-11 07:04:59,45,-202660,sl,11461063
cumulative,all,487,BUY,200,4404.262,2026-08-11 07:08:00,2026-08-11 08:55:23,107.4,500903,tp,11961966
cumulative,all,488,BUY,200,4434.145,2026-08-11 09:15:00,2026-08-11 09:54:22,39.4,-502800,sl,11459166
cumulative,all,489,BUY,142.22,4417.423,2026-08-11 10:21:00,2026-08-11 12:20:34,119.6,-291153,sl,11168013
cumulative,all,490,SELL,200,4374.641,2026-08-11 12:43:00,2026-08-11 19:13:17,390.3,-437540,sl,10730473
cumulative,all,491,BUY,200,4398.421,2026-08-11 19:22:00,2026-08-11 22:34:29,192.5,-375940,sl,10354533
cumulative,all,492,SELL,200,4368.734,2026-08-12 06:01:02,2026-08-12 07:14:45,73.7,-207000,sl,10147533
cumulative,all,493,BUY,165.91,4380.749,2026-08-12 07:31:00,2026-08-12 16:23:36,532.6,547509,tp,10695042
cumulative,all,494,BUY,200,4419.638,2026-08-12 16:26:00,2026-08-12 19:22:35,176.6,-279360,sl,10415682
cumulative,all,495,BUY,200,4426.976,2026-08-12 19:30:00,2026-08-12 19:30:06,0.1,-304680,sl,10111002
cumulative,all,496,BUY,200,4417.616,2026-08-12 19:33:00,2026-08-12 23:00:00,207,64640,,10175642
cumulative,all,497,BUY,200,4408.043,2026-08-13 06:21:00,2026-08-13 07:20:25,59.4,342030,tp,10517672
cumulative,all,498,SELL,200,4431.223,2026-08-13 07:52:00,2026-08-13 12:59:11,307.2,845656,tp,11363328
cumulative,all,499,SELL,200,4378.094,2026-08-13 13:05:00,2026-08-13 19:30:02,385,-406680,sl,10956648
cumulative,all,500,BUY,200,4389.888,2026-08-13 19:31:00,2026-08-13 20:51:21,80.4,-318820,sl,10637828
cumulative,all,501,SELL,200,4372.450,2026-08-13 20:53:00,2026-08-13 23:00:00,127,142400,,10780228
cumulative,all,502,SELL,200,4353.618,2026-08-14 06:02:00,2026-08-14 08:10:57,129,501135,tp,11281363
cumulative,all,503,BUY,200,4319.123,2026-08-14 08:41:00,2026-08-14 19:31:26,650.4,1120141,tp,12401504
cumulative,all,504,SELL,200,4377.200,2026-08-14 19:39:00,2026-08-14 20:36:17,57.3,-336760,sl,12064744
cumulative,all,505,SELL,200,4386.987,2026-08-14 20:50:00,2026-08-14 23:00:00,130,-102380,,11962364
cumulative,all,506,SELL,200,4374.519,2026-08-17 06:29:00,2026-08-17 07:18:03,49.1,-254280,sl,11708084
cumulative,all,507,BUY,200,4391.261,2026-08-17 07:31:00,2026-08-17 23:00:00,929,688964,,12397048
cumulative,all,508,BUY,200,4417.746,2026-08-18 06:17:00,2026-08-18 08:47:08,150.1,-16172,sl,12380876
cumulative,all,509,SELL,200,4402.704,2026-08-18 09:04:00,2026-08-18 22:20:03,796.1,829009,tp,13209885
cumulative,all,510,BUY,200,4335.932,2026-08-19 06:04:00,2026-08-19 18:01:35,717.6,573264,tp,13783149
cumulative,all,511,BUY,200,4369.976,2026-08-19 18:02:00,2026-08-19 19:36:42,94.7,451215,tp,14234364
cumulative,all,512,BUY,200,4437.931,2026-08-19 19:57:00,2026-08-19 23:00:00,183,1132092,,15366456
cumulative,all,513,BUY,200,4523.585,2026-08-20 06:07:00,2026-08-20 07:00:01,53,-299144,sl,15067312
cumulative,all,514,BUY,200,4516.867,2026-08-20 07:04:00,2026-08-20 08:01:18,57.3,-271760,sl,14795552
cumulative,all,515,SELL,200,4493.178,2026-08-20 08:05:00,2026-08-20 21:57:02,832,391734,sl,15187286
cumulative,all,516,BUY,200,4529.494,2026-08-21 06:04:00,2026-08-21 07:12:57,69,-208548,sl,14978738
cumulative,all,517,SELL,200,4515.827,2026-08-21 07:32:00,2026-08-21 08:31:17,59.3,-331680,sl,14647058
cumulative,all,518,BUY,200,4532.356,2026-08-21 08:32:01,2026-08-21 15:42:30,430.5,863737,tp,15510795
cumulative,all,519,BUY,200,4584.178,2026-08-21 16:00:00,2026-08-21 19:39:26,219.4,-368380,sl,15142415
cumulative,all,520,BUY,200,4577.774,2026-08-21 19:48:00,2026-08-21 23:00:00,192,733500,,15875915
cumulative,all,521,BUY,200,4613.126,2026-08-24 06:23:00,2026-08-24 07:27:20,64.3,-364880,sl,15511035
cumulative,all,522,BUY,200,4614.250,2026-08-24 07:51:00,2026-08-24 23:00:00,909,1013489,,16524524
cumulative,all,523,BUY,200,4675.922,2026-08-25 06:17:00,2026-08-25 08:26:47,129.8,-23768,sl,16500756
cumulative,all,524,SELL,200,4670.224,2026-08-25 08:48:00,2026-08-25 23:00:00,852,899738,,17400494
cumulative,all,525,SELL,200,4670.988,2026-08-26 06:04:00,2026-08-26 07:23:12,79.2,427668,tp,17828162
cumulative,all,526,SELL,200,4642.315,2026-08-26 07:37:00,2026-08-26 08:57:40,80.7,-309380,sl,17518782
cumulative,all,527,SELL,200,4659.039,2026-08-26 09:25:00,2026-08-26 20:16:01,651,965032,tp,18483814
cumulative,all,528,BUY,200,4608.382,2026-08-27 06:02:01,2026-08-27 14:26:02,504,238232,sl,18722046
cumulative,all,529,BUY,200,4600.979,2026-08-27 14:31:00,2026-08-27 16:37:07,126.1,-367220,sl,18354826
cumulative,all,530,SELL,200,4581.895,2026-08-27 16:51:00,2026-08-27 18:31:41,100.7,-334640,sl,18020186
cumulative,all,531,SELL,200,4595.674,2026-08-27 18:49:00,2026-08-27 22:55:12,246.2,279603,sl,18299789
cumulative,all,532,SELL,200,4604.116,2026-08-28 06:13:00,2026-08-28 08:53:33,160.6,450588,tp,18750377
cumulative,all,533,SELL,200,4576.188,2026-08-28 08:54:00,2026-08-28 13:49:37,295.6,-427520,sl,18322857
cumulative,all,534,SELL,200,4600.788,2026-08-28 14:10:00,2026-08-28 20:58:02,408,-389360,sl,17933497
cumulative,all,535,BUY,200,4462.541,2026-08-31 06:05:00,2026-08-31 06:45:24,40.4,-395620,sl,17537877
cumulative,all,536,BUY,200,4457.023,2026-08-31 06:58:00,2026-08-31 08:10:34,72.6,-382800,sl,17155077
cumulative,all,537,BUY,200,4449.545,2026-08-31 08:19:00,2026-08-31 09:32:58,74,-627080,sl,16527997
cumulative,all,538,SELL,200,4411.497,2026-08-31 09:34:00,2026-08-31 14:25:13,291.2,-687940,sl,15840057
cumulative,all,539,BUY,200,4447.337,2026-08-31 14:46:00,2026-08-31 20:46:30,360.5,-363980,sl,15476077
cumulative,all,540,SELL,200,4445.930,2026-09-01 06:09:00,2026-09-01 07:09:12,60.2,-186680,sl,15289397
cumulative,all,541,BUY,200,4460.664,2026-09-01 07:22:00,2026-09-01 08:06:43,44.7,-274980,sl,15014417
cumulative,all,542,SELL,200,4446.069,2026-09-01 08:16:00,2026-09-01 15:09:51,413.8,864356,tp,15878773
cumulative,all,543,SELL,200,4395.324,2026-09-01 15:19:01,2026-09-01 20:09:52,290.8,1077060,tp,16955833
cumulative,all,544,BUY,200,4338.927,2026-09-01 20:26:00,2026-09-01 23:00:00,154,681980,,17637813
cumulative,all,545,SELL,200,4327.625,2026-09-02 06:02:01,2026-09-02 08:51:15,169.2,421935,tp,18059748
cumulative,all,546,BUY,200,4300.169,2026-09-02 09:07:00,2026-09-02 20:59:13,712.2,1382553,tp,19442301
cumulative,all,547,SELL,200,4384.068,2026-09-03 06:15:01,2026-09-03 07:52:36,97.6,-178760,sl,19263541
cumulative,all,548,BUY,200,4394.169,2026-09-03 07:58:00,2026-09-03 11:08:36,190.6,651939,tp,19915480
cumulative,all,549,BUY,200,4436.126,2026-09-03 11:26:00,2026-09-03 13:23:22,117.4,-295860,sl,19619620
cumulative,all,550,SELL,200,4422.572,2026-09-03 13:24:00,2026-09-03 15:07:38,103.6,-427760,sl,19191860
cumulative,all,551,SELL,200,4434.382,2026-09-03 15:40:00,2026-09-03 19:30:01,230,-410780,sl,18781080
cumulative,all,552,BUY,200,4468.185,2026-09-03 19:34:00,2026-09-03 23:00:00,206,595631,,19376711
cumulative,all,553,BUY,200,4476.363,2026-09-04 06:04:00,2026-09-04 11:00:20,296.3,-216468,sl,19160243
cumulative,all,554,BUY,200,4470.336,2026-09-04 11:25:01,2026-09-04 19:30:01,485,-483860,sl,18676383
cumulative,all,555,SELL,200,4389.634,2026-09-04 19:36:00,2026-09-04 20:43:30,67.5,-658320,sl,18018063
cumulative,all,556,BUY,200,4427.538,2026-09-04 20:47:00,2026-09-04 23:00:00,133,183620,,18201683
cumulative,all,557,SELL,200,4429.836,2026-09-07 06:14:01,2026-09-07 08:13:00,119,505889,tp,18707572
cumulative,all,558,BUY,200,4404.702,2026-09-07 08:31:00,2026-09-07 23:00:00,869,193380,,18900952
cumulative,all,559,BUY,200,4412.125,2026-09-08 06:05:00,2026-09-08 08:23:37,138.6,369675,tp,19270627
cumulative,all,560,BUY,200,4434.396,2026-09-08 08:24:00,2026-09-08 13:15:57,292,-521280,sl,18749347
cumulative,all,561,BUY,200,4407.239,2026-09-08 13:44:00,2026-09-08 19:15:21,331.4,-410060,sl,18339287
cumulative,all,562,BUY,200,4397.743,2026-09-08 19:29:00,2026-09-08 23:00:00,211,-57020,,18282267
cumulative,all,563,SELL,200,4352.202,2026-09-09 06:16:00,2026-09-09 07:59:00,103,-219760,sl,18062507
cumulative,all,564,BUY,200,4367.589,2026-09-09 08:10:00,2026-09-09 20:23:39,733.6,916990,tp,18979497
cumulative,all,565,SELL,200,4418.324,2026-09-09 20:42:00,2026-09-09 23:00:00,138,532246,,19511743
cumulative,all,566,SELL,200,4398.177,2026-09-10 06:26:00,2026-09-10 08:02:22,96.4,-230460,sl,19281283
cumulative,all,567,BUY,200,4409.972,2026-09-10 08:03:00,2026-09-10 15:42:31,459.5,-288960,sl,18992323
cumulative,all,568,BUY,200,4395.380,2026-09-10 16:18:00,2026-09-10 17:36:41,78.7,-305580,sl,18686743
cumulative,all,569,SELL,200,4379.384,2026-09-10 17:52:00,2026-09-10 19:37:35,105.6,759889,tp,19446632
cumulative,all,570,BUY,200,4349.394,2026-09-10 20:20:00,2026-09-10 23:00:00,160,333240,,19779872
cumulative,all,571,BUY,200,4318.699,2026-09-11 06:05:00,2026-09-11 10:22:39,257.6,-258268,sl,19521604
cumulative,all,572,BUY,200,4312.160,2026-09-11 10:43:00,2026-09-11 19:49:13,546.2,926152,tp,20447756
cumulative,all,573,BUY,200,4395.607,2026-09-11 20:29:00,2026-09-11 23:00:00,151,-574940,,19872816
cumulative,all,574,BUY,200,4341.848,2026-09-14 06:10:00,2026-09-14 08:19:38,129.6,-282500,sl,19590316
cumulative,all,575,BUY,200,4335.534,2026-09-14 08:25:00,2026-09-14 14:56:00,391,-516160,sl,19074156
cumulative,all,576,SELL,200,4313.014,2026-09-14 15:15:00,2026-09-14 19:56:00,281,786635,tp,19860791
cumulative,all,577,SELL,200,4260.311,2026-09-14 20:10:00,2026-09-14 22:32:28,142.5,-554740,sl,19306051
cumulative,all,578,SELL,200,4294.543,2026-09-15 06:06:00,2026-09-15 08:19:19,133.3,-216480,sl,19089571
cumulative,all,579,SELL,200,4300.878,2026-09-15 08:29:00,2026-09-15 09:40:47,71.8,-336060,sl,18753511
cumulative,all,580,BUY,200,4316.796,2026-09-15 09:50:00,2026-09-15 12:15:49,145.8,-337380,sl,18416131
cumulative,all,581,SELL,200,4297.012,2026-09-15 12:26:01,2026-09-15 15:05:05,159.1,514644,tp,18930775
cumulative,all,582,BUY,200,4271.099,2026-09-15 15:18:00,2026-09-15 23:00:00,462,369800,,19300575
cumulative,all,583,SELL,200,4283.868,2026-09-16 06:29:00,2026-09-16 09:11:59,163,-202900,sl,19097675
cumulative,all,584,BUY,200,4294.086,2026-09-16 09:23:00,2026-09-16 17:08:56,465.9,806288,tp,19903963
cumulative,all,585,BUY,200,4347.091,2026-09-16 17:11:00,2026-09-16 21:03:14,232.2,-311860,sl,19592103
cumulative,all,586,BUY,200,4268.581,2026-09-17 06:19:00,2026-09-17 08:24:46,125.8,669764,tp,20261867
cumulative,all,587,BUY,200,4314.315,2026-09-17 08:33:00,2026-09-17 09:07:02,34,-518800,sl,19743067
cumulative,all,588,BUY,190.29,4292.316,2026-09-17 09:22:00,2026-09-17 19:16:27,594.4,1068015,tp,20811082
cumulative,all,589,BUY,200,4379.280,2026-09-17 19:29:00,2026-09-17 21:58:46,149.8,-534640,sl,20276442
cumulative,all,590,BUY,200,4345.444,2026-09-18 06:14:00,2026-09-18 10:26:05,252.1,-26736,sl,20249706
cumulative,all,591,SELL,200,4355.468,2026-09-18 11:16:00,2026-09-18 12:39:41,83.7,-353340,sl,19896366
cumulative,all,592,BUY,200,4385.236,2026-09-18 13:02:00,2026-09-18 19:21:12,379.2,-373780,sl,19522586
cumulative,all,593,SELL,200,4366.067,2026-09-18 19:22:00,2026-09-18 23:00:00,218,185660,,19708246
cumulative,all,594,SELL,200,4373.768,2026-09-21 06:08:00,2026-09-21 14:43:25,515.4,475670,tp,20183916
cumulative,all,595,SELL,200,4345.198,2026-09-21 14:59:00,2026-09-21 18:44:20,225.3,-396100,sl,19787816
cumulative,all,596,SELL,200,4359.262,2026-09-21 19:22:00,2026-09-21 23:00:00,218,359806,,20147622
cumulative,all,597,BUY,200,4362.466,2026-09-22 06:37:00,2026-09-22 07:40:51,63.8,-283148,sl,19864474
cumulative,all,598,SELL,200,4357.061,2026-09-22 08:13:00,2026-09-22 15:00:41,407.7,966772,tp,20831246
cumulative,all,599,BUY,200,4310.163,2026-09-22 15:09:00,2026-09-22 23:00:00,471,423580,,21254826
cumulative,all,600,BUY,200,4363.287,2026-09-23 06:01:00,2026-09-23 08:01:23,120.4,-191748,sl,21063078
cumulative,all,601,SELL,200,4355.078,2026-09-23 08:02:00,2026-09-23 15:12:01,430,633519,tp,21696597
cumulative,all,602,BUY,200,4320.982,2026-09-23 15:23:00,2026-09-23 18:22:15,179.2,-304080,sl,21392517
cumulative,all,603,SELL,200,4301.479,2026-09-23 18:33:00,2026-09-23 19:06:12,33.2,-272560,sl,21119957
cumulative,all,604,SELL,200,4310.013,2026-09-23 19:31:00,2026-09-23 23:00:00,209,587258,,21707215
cumulative,all,605,SELL,200,4289.292,2026-09-24 06:03:00,2026-09-24 08:12:19,129.3,-224540,sl,21482675
cumulative,all,606,BUY,200,4300.437,2026-09-24 08:13:00,2026-09-24 08:49:25,36.4,-345400,sl,21137275
cumulative,all,607,BUY,200,4281.561,2026-09-24 09:14:00,2026-09-24 15:59:22,405.4,-419960,sl,20717315
cumulative,all,608,SELL,200,4259.417,2026-09-24 16:05:00,2026-09-24 19:56:14,231.2,-453500,sl,20263815
cumulative,all,609,SELL,200,4276.976,2026-09-24 20:18:00,2026-09-24 23:00:00,162,401340,,20665155
cumulative,all,610,BUY,200,4273.717,2026-09-25 06:03:00,2026-09-25 11:56:46,353.8,180459,sl,20845614
cumulative,all,611,BUY,200,4264.148,2026-09-25 12:30:00,2026-09-25 16:03:19,213.3,558644,tp,21404258
cumulative,all,612,SELL,200,4292.466,2026-09-25 16:18:00,2026-09-25 17:14:53,56.9,-319660,sl,21084598
cumulative,all,613,BUY,200,4307.545,2026-09-25 17:15:00,2026-09-25 20:19:28,184.5,-352560,sl,20732038
cumulative,all,614,SELL,200,4290.215,2026-09-25 20:20:00,2026-09-25 23:00:00,160,-20180,,20711858
