cutoff,mode,period,no,dir,lot,entry_price,entry_thai,exit_thai,minutes,profit_usc,exit_reason,streak
17,cumulative,01-01,1,BUY,0.2,4328.500,2026-01-02 06:05:00,2026-01-02 09:50:15,225.2,443,tp 4356.245,W1
17,cumulative,01-01,2,BUY,0.37,4370.899,2026-01-02 10:14:00,2026-01-02 21:32:43,678.7,473,sl 4357.045,W2
17,cumulative,01-01,3,BUY,0.19,4361.368,2026-01-02 21:49:00,2026-01-02 22:23:28,34.5,-541,sl 4333.432,L1
17,cumulative,01-01,4,SELL,0.16,4330.793,2026-01-02 22:24:00,2026-01-03 00:00:00,96,68,,W1
17,cumulative,01-04,1,SELL,0.33,4359.038,2026-01-05 06:34:00,2026-01-05 06:50:39,16.6,-524,sl 4374.595,L1
17,cumulative,01-04,2,BUY,0.23,4379.869,2026-01-05 07:13:00,2026-01-05 16:43:18,570.3,1086,tp 4435.114,W1
17,cumulative,01-04,3,BUY,0.44,4437.670,2026-01-05 16:45:00,2026-01-05 18:25:30,100.5,-559,sl 4425.236,L1
17,cumulative,01-04,4,SELL,0.41,4423.120,2026-01-05 18:26:00,2026-01-05 21:48:29,202.5,457,sl 4435.942,W1
17,cumulative,01-04,5,BUY,0.22,4450.811,2026-01-05 22:04:00,2026-01-06 00:00:00,116,-198,,L1
17,cumulative,01-04,6,SELL,0.52,4450.783,2026-01-06 06:17:00,2026-01-06 09:30:04,193.1,498,sl 4461.211,W1
17,cumulative,01-04,7,SELL,0.32,4455.791,2026-01-06 09:39:00,2026-01-06 12:31:31,172.5,-577,sl 4473.445,L1
17,cumulative,01-04,8,SELL,0.56,4469.075,2026-01-06 12:39:00,2026-01-06 17:03:20,264.3,1171,tp 4444.381,W1
17,cumulative,01-04,9,BUY,0.37,4449.995,2026-01-06 17:10:00,2026-01-06 22:00:43,290.7,1281,tp 4490.951,W2
17,cumulative,01-04,10,SELL,0.29,4481.126,2026-01-06 22:12:00,2026-01-07 00:00:00,108,-218,,L1
17,cumulative,01-04,11,SELL,0.73,4496.160,2026-01-07 06:12:00,2026-01-07 08:07:39,115.6,1416,tp 4473.158,W1
17,cumulative,01-04,12,SELL,0.45,4474.897,2026-01-07 08:08:00,2026-01-07 20:08:40,720.7,1556,tp 4433.778,W2
17,cumulative,01-04,13,BUY,0.35,4445.217,2026-01-07 20:29:00,2026-01-08 00:00:00,211,668,,W3
17,cumulative,01-04,14,BUY,0.85,4462.696,2026-01-08 06:03:00,2026-01-08 07:37:40,94.7,-987,sl 4452.993,L1
17,cumulative,01-04,15,SELL,0.77,4452.660,2026-01-08 07:38:00,2026-01-08 12:13:05,275.1,1709,tp 4426.397,W1
17,cumulative,01-04,16,SELL,0.74,4425.928,2026-01-08 12:30:00,2026-01-08 13:39:15,69.2,-887,sl 4437.674,L1
17,cumulative,01-04,17,BUY,0.37,4435.810,2026-01-08 13:57:00,2026-01-08 19:05:31,308.5,-822,sl 4414.039,L2
17,cumulative,01-04,18,SELL,0.58,4410.001,2026-01-08 19:16:00,2026-01-08 19:32:28,16.5,-794,sl 4423.423,L3
17,cumulative,01-04,19,BUY,0.46,4426.349,2026-01-08 19:38:00,2026-01-09 00:00:00,262,1515,,W1
17,cumulative,01-04,20,BUY,0.65,4480.549,2026-01-09 06:03:00,2026-01-09 07:23:40,80.7,-861,sl 4468.140,L1
17,cumulative,01-04,21,SELL,0.73,4464.506,2026-01-09 07:49:00,2026-01-09 09:04:16,75.3,-793,sl 4475.159,L2
17,cumulative,01-04,22,BUY,0.46,4472.132,2026-01-09 09:46:00,2026-01-09 22:37:41,771.7,1583,tp 4512.868,W1
17,cumulative,01-04,23,BUY,0.28,4513.997,2026-01-09 22:41:00,2026-01-10 00:00:00,79,-214,,L1
17,cumulative,01-11,1,BUY,0.76,4523.966,2026-01-12 06:06:00,2026-01-12 07:09:40,63.7,1701,tp 4550.510,W1
17,cumulative,01-11,2,BUY,0.43,4567.558,2026-01-12 07:32:00,2026-01-12 20:55:05,803.1,1911,tp 4620.174,W2
17,cumulative,01-11,3,SELL,0.52,4612.321,2026-01-12 21:02:00,2026-01-13 00:00:00,178,-254,,L1
17,cumulative,01-11,4,BUY,0.56,4600.833,2026-01-13 06:01:00,2026-01-13 06:12:27,11.5,-981,sl 4583.675,L2
17,cumulative,01-11,5,SELL,0.62,4580.700,2026-01-13 06:13:00,2026-01-13 06:56:58,44,-939,sl 4595.536,L3
17,cumulative,01-11,6,SELL,0.44,4591.435,2026-01-13 07:24:00,2026-01-13 20:30:38,786.6,-893,sl 4611.258,L4
17,cumulative,01-11,7,BUY,0.43,4616.743,2026-01-13 20:43:00,2026-01-13 23:27:30,164.5,-829,sl 4597.853,L5
17,cumulative,01-11,8,BUY,0.28,4605.778,2026-01-13 23:35:00,2026-01-14 00:00:00,25,210,,W1
17,cumulative,01-11,9,BUY,0.61,4593.868,2026-01-14 06:09:00,2026-01-14 10:54:39,285.7,1692,tp 4627.423,W2
17,cumulative,01-11,10,SELL,0.76,4627.606,2026-01-14 11:12:00,2026-01-14 12:02:41,50.7,-899,sl 4639.204,L1
17,cumulative,01-11,11,SELL,0.77,4634.958,2026-01-14 12:12:00,2026-01-14 22:02:30,590.5,1831,tp 4606.822,W1
17,cumulative,01-11,12,SELL,0.35,4605.606,2026-01-14 22:04:00,2026-01-15 00:00:00,116,-414,,L1
17,cumulative,01-11,13,SELL,0.57,4616.482,2026-01-15 06:07:00,2026-01-16 00:00:00,1073,1364,,W1
17,cumulative,01-11,14,BUY,1,4620.535,2026-01-16 06:06:00,2026-01-16 06:26:36,20.6,-992,sl 4610.839,L1
17,cumulative,01-11,15,SELL,0.94,4610.137,2026-01-16 06:27:00,2026-01-16 20:18:01,831,2016,tp 4584.704,W1
17,cumulative,01-11,16,SELL,0.53,4587.103,2026-01-16 20:30:00,2026-01-16 21:06:13,36.2,-1045,sl 4606.432,L1
17,cumulative,01-11,17,BUY,0.39,4605.097,2026-01-16 21:07:00,2026-01-16 22:27:38,80.6,-972,sl 4580.673,L2
17,cumulative,01-11,18,BUY,0.22,4568.552,2026-01-16 22:49:00,2026-01-17 00:00:00,71,505,,W1
17,cumulative,01-18,1,BUY,0.55,4655.093,2026-01-19 06:10:00,2026-01-20 00:00:00,1070,1530,,W1
17,cumulative,01-18,2,BUY,1.02,4672.260,2026-01-20 06:19:00,2026-01-20 07:26:28,67.5,-1099,sl 4662.281,L1
17,cumulative,01-18,3,BUY,0.95,4670.018,2026-01-20 08:06:00,2026-01-20 11:59:17,233.3,2076,tp 4695.932,W1
17,cumulative,01-18,4,BUY,0.97,4695.433,2026-01-20 12:00:00,2026-01-20 15:08:32,188.5,2292,tp 4723.475,W2
17,cumulative,01-18,5,SELL,0.86,4720.638,2026-01-20 15:22:00,2026-01-20 16:30:29,68.5,-1223,sl 4734.543,L1
17,cumulative,01-18,6,SELL,0.76,4734.073,2026-01-20 16:58:00,2026-01-20 21:28:30,270.5,-1160,sl 4749.032,L2
17,cumulative,01-18,7,BUY,0.41,4750.690,2026-01-20 21:30:00,2026-01-20 22:25:37,55.6,-1082,sl 4724.823,L3
17,cumulative,01-18,8,BUY,0.29,4731.966,2026-01-20 22:32:00,2026-01-21 00:00:00,88,629,,W1
17,cumulative,01-18,9,SELL,1.12,4759.985,2026-01-21 06:10:00,2026-01-21 06:44:17,34.3,-1079,sl 4769.427,L1
17,cumulative,01-18,10,SELL,0.73,4774.178,2026-01-21 07:26:00,2026-01-21 07:59:15,33.2,-1017,sl 4787.835,L2
17,cumulative,01-18,11,BUY,0.55,4792.877,2026-01-21 08:05:00,2026-01-21 08:30:42,25.7,2020,tp 4836.386,W1
17,cumulative,01-18,12,BUY,0.4,4824.023,2026-01-21 08:48:00,2026-01-22 00:00:00,912,1450,,W2
17,cumulative,01-18,13,SELL,0.46,4826.644,2026-01-22 06:02:00,2026-01-22 22:26:26,984.4,1064,sl 4850.931,W3
17,cumulative,01-18,14,BUY,0.44,4878.171,2026-01-22 23:27:00,2026-01-23 00:00:00,33,-9,,L1
17,cumulative,01-18,15,BUY,0.69,4952.510,2026-01-23 06:05:00,2026-01-23 06:30:28,25.5,-1177,sl 4935.814,L2
17,cumulative,01-18,16,BUY,0.51,4945.663,2026-01-23 06:46:00,2026-01-23 15:23:31,517.5,-1143,sl 4924.248,L3
17,cumulative,01-18,17,SELL,0.43,4917.492,2026-01-23 15:51:00,2026-01-23 19:52:02,241,-1076,sl 4942.013,L4
17,cumulative,01-18,18,SELL,0.56,4935.795,2026-01-23 20:16:00,2026-01-23 21:48:31,92.5,-1024,sl 4953.723,L5
17,cumulative,01-18,19,SELL,0.36,4943.231,2026-01-23 22:00:00,2026-01-23 23:09:30,69.5,-973,sl 4969.684,L6
17,cumulative,01-18,20,BUY,0.32,4980.049,2026-01-23 23:19:00,2026-01-24 00:00:00,41,9,,W1
17,cumulative,01-25,1,BUY,0.4,5028.562,2026-01-26 06:18:00,2026-01-26 08:36:04,138.1,1927,tp 5085.557,W1
17,cumulative,01-25,2,SELL,0.28,5069.767,2026-01-26 09:09:00,2026-01-26 13:47:30,278.5,-990,sl 5104.419,L1
17,cumulative,01-25,3,SELL,0.3,5085.328,2026-01-26 13:58:00,2026-01-27 00:00:00,602,-135,,L2
17,cumulative,01-25,4,BUY,0.2,5035.760,2026-01-27 06:09:00,2026-01-28 00:00:00,1071,1023,,W1
17,cumulative,01-25,5,SELL,0.22,5168.556,2026-01-28 06:14:00,2026-01-28 08:44:28,150.5,-985,sl 5212.412,L1
17,cumulative,01-25,6,SELL,0.24,5209.936,2026-01-28 08:59:00,2026-01-28 11:58:29,179.5,-932,sl 5247.996,L2
17,cumulative,01-25,7,BUY,0.46,5251.661,2026-01-28 12:09:00,2026-01-28 15:30:32,201.5,1939,tp 5301.564,W1
17,cumulative,01-25,8,SELL,0.35,5297.546,2026-01-28 15:42:00,2026-01-29 00:00:00,498,1202,,W2
17,cumulative,01-25,9,BUY,0.21,5465.428,2026-01-29 06:13:00,2026-01-29 13:23:03,430,2322,tp 5594.235,W3
17,cumulative,01-25,10,BUY,0.26,5590.155,2026-01-29 13:24:00,2026-01-29 14:28:27,64.4,-1187,sl 5545.431,L1
17,cumulative,01-25,11,SELL,0.25,5527.857,2026-01-29 15:06:00,2026-01-29 22:09:29,423.5,2390,tp 5415.139,W1
17,cumulative,01-25,12,SELL,0.09,5253.577,2026-01-29 22:27:00,2026-01-30 00:00:00,93,-98,,L1
17,cumulative,01-25,13,BUY,0.18,5440.263,2026-01-30 06:07:00,2026-01-30 08:06:39,119.6,-1192,sl 5375.864,L2
17,cumulative,01-25,14,SELL,0.13,5337.115,2026-01-30 08:48:00,2026-01-30 09:23:07,35.1,2456,tp 5115.884,W1
17,cumulative,01-25,15,BUY,0.1,5212.952,2026-01-30 09:41:00,2026-01-30 15:33:42,352.7,-1269,sl 5088.590,L1
17,cumulative,01-25,16,BUY,0.13,5110.709,2026-01-30 15:48:00,2026-01-30 16:14:02,26,-1220,sl 5018.713,L2
17,cumulative,01-25,17,SELL,0.1,5028.516,2026-01-30 16:30:00,2026-01-30 18:57:21,147.4,-1133,sl 5139.542,L3
17,cumulative,01-25,18,SELL,0.15,5124.791,2026-01-30 19:07:00,2026-01-31 00:00:00,293,2104,,W1
17,cumulative,02-01,1,SELL,0.21,4764.795,2026-02-02 06:13:00,2026-02-02 07:09:41,56.7,-1206,sl 4821.070,L1
17,cumulative,02-01,2,SELL,0.08,4827.638,2026-02-02 07:32:00,2026-02-02 13:24:31,352.5,2606,tp 4457.983,W1
17,cumulative,02-01,3,SELL,0.09,4456.593,2026-02-02 13:37:00,2026-02-02 14:45:35,68.6,-1264,sl 4594.218,L1
17,cumulative,02-01,4,SELL,0.1,4576.525,2026-02-02 15:03:00,2026-02-02 16:28:41,85.7,-1235,sl 4697.586,L2
17,cumulative,02-01,5,BUY,0.12,4717.249,2026-02-02 16:50:00,2026-02-02 22:57:42,367.7,-1149,sl 4623.385,L3
17,cumulative,02-01,6,BUY,0.08,4665.290,2026-02-02 23:08:00,2026-02-03 00:00:00,52,4,,W1
17,cumulative,02-01,7,SELL,0.37,4685.104,2026-02-03 06:01:00,2026-02-03 06:08:27,7.4,-1123,sl 4714.844,L1
17,cumulative,02-01,8,BUY,0.16,4718.300,2026-02-03 06:16:00,2026-02-03 13:35:41,439.7,2172,tp 4878.459,W1
17,cumulative,02-01,9,BUY,0.23,4891.944,2026-02-03 13:43:00,2026-02-04 00:00:00,617,1669,,W2
17,cumulative,02-01,10,BUY,0.31,4961.715,2026-02-04 06:02:00,2026-02-04 06:07:27,5.4,-1248,sl 4922.373,L1
17,cumulative,02-01,11,BUY,0.25,4937.401,2026-02-04 06:17:00,2026-02-04 09:02:31,165.5,2530,tp 5057.487,W1
17,cumulative,02-01,12,SELL,0.24,5056.305,2026-02-04 09:33:00,2026-02-04 22:34:32,781.5,2785,tp 4918.397,W2
17,cumulative,02-01,13,BUY,0.14,4944.526,2026-02-04 22:45:00,2026-02-05 00:00:00,75,-573,,L1
17,cumulative,02-01,14,BUY,0.41,5010.247,2026-02-05 06:16:00,2026-02-05 08:12:41,116.7,-1490,sl 4976.360,L2
17,cumulative,02-01,15,SELL,0.26,4950.528,2026-02-05 08:27:00,2026-02-05 09:51:40,84.7,2965,tp 4816.931,W1
17,cumulative,02-01,16,BUY,0.12,4881.062,2026-02-05 10:22:00,2026-02-06 00:00:00,818,91,,W2
17,cumulative,02-01,17,BUY,0.26,4778.936,2026-02-06 06:11:00,2026-02-06 06:49:18,38.3,-1475,sl 4723.415,L1
17,cumulative,02-01,18,SELL,0.23,4657.139,2026-02-06 07:18:00,2026-02-06 07:27:27,9.5,-1394,sl 4716.513,L2
17,cumulative,02-01,19,BUY,0.2,4736.872,2026-02-06 07:37:00,2026-02-06 20:00:41,743.7,3001,tp 4911.938,W1
17,cumulative,02-01,20,BUY,0.36,4914.535,2026-02-06 20:20:00,2026-02-07 00:00:00,220,1337,,W2
17,cumulative,02-08,1,BUY,0.53,4988.714,2026-02-09 06:21:00,2026-02-09 23:03:30,1002.5,3386,tp 5064.163,W1
17,cumulative,02-08,2,BUY,0.59,5074.404,2026-02-09 23:24:00,2026-02-10 00:00:00,36,-49,,L1
17,cumulative,02-08,3,SELL,1.49,5072.002,2026-02-10 06:02:00,2026-02-10 06:12:03,10,9472,tp 4998.872,W1
17,cumulative,02-08,4,BUY,0.43,5036.408,2026-02-10 06:44:00,2026-02-11 00:00:00,1036,-586,,L1
17,cumulative,02-08,5,BUY,1.1,5039.092,2026-02-11 06:17:00,2026-02-11 17:44:27,687.4,4645,tp 5089.769,W1
17,cumulative,02-08,6,SELL,0.97,5094.108,2026-02-11 17:58:00,2026-02-11 19:00:39,62.6,-2475,sl 5119.074,L1
17,cumulative,02-08,7,SELL,0.77,5106.571,2026-02-11 19:06:00,2026-02-11 20:30:40,84.7,4908,tp 5031.140,W1
17,cumulative,02-08,8,SELL,0.52,5047.221,2026-02-11 20:36:00,2026-02-12 00:00:00,204,-1488,,L1
17,cumulative,02-08,9,SELL,1.17,5084.358,2026-02-12 06:08:00,2026-02-12 23:11:20,1023.3,5362,tp 5030.099,W1
17,cumulative,02-08,10,SELL,0.48,4889.697,2026-02-12 23:27:00,2026-02-12 23:35:40,8.7,-2733,sl 4945.507,L1
17,cumulative,02-08,11,BUY,0.36,4957.677,2026-02-12 23:40:00,2026-02-13 00:00:00,20,-110,,L2
17,cumulative,02-08,12,BUY,0.73,4909.065,2026-02-13 06:13:00,2026-02-13 20:30:41,857.7,5520,tp 4999.401,W1
17,cumulative,02-08,13,SELL,0.86,4973.973,2026-02-13 20:48:00,2026-02-13 21:21:37,33.6,-2913,sl 5007.153,L1
17,cumulative,02-08,14,SELL,0.65,5003.142,2026-02-13 21:31:00,2026-02-14 00:00:00,149,-339,,L2
17,cumulative,02-15,1,BUY,1.06,5029.562,2026-02-16 06:28:00,2026-02-16 07:03:38,35.6,-2740,sl 5004.264,L1
17,cumulative,02-15,2,SELL,0.81,5007.334,2026-02-16 07:04:00,2026-02-17 00:00:00,1016,1555,,W1
17,cumulative,02-15,3,BUY,2.44,4998.072,2026-02-17 06:02:00,2026-02-17 06:12:39,10.6,-2684,sl 4987.316,L1
17,cumulative,02-15,4,SELL,1.85,4988.064,2026-02-17 06:18:00,2026-02-17 07:52:40,94.7,5439,tp 4953.171,W1
17,cumulative,02-15,5,BUY,0.98,4950.123,2026-02-17 08:12:00,2026-02-17 12:15:28,243.5,-2825,sl 4921.934,L1
17,cumulative,02-15,6,BUY,0.59,4894.155,2026-02-17 12:54:00,2026-02-17 21:01:32,487.5,-2648,sl 4850.162,L2
17,cumulative,02-15,7,SELL,0.48,4881.512,2026-02-17 21:40:00,2026-02-18 00:00:00,140,570,,W1
17,cumulative,02-15,8,BUY,1.23,4882.949,2026-02-18 06:15:00,2026-02-18 06:50:30,35.5,-2565,sl 4862.562,L1
17,cumulative,02-15,9,BUY,0.76,4877.112,2026-02-18 07:34:00,2026-02-18 20:07:42,753.7,5218,tp 4958.518,W1
17,cumulative,02-15,10,BUY,1.2,4965.002,2026-02-18 20:38:00,2026-02-19 00:00:00,202,4479,,W2
17,cumulative,02-15,11,BUY,1.77,4981.347,2026-02-19 06:28:00,2026-02-19 07:02:38,34.6,-3241,sl 4965.104,L1
17,cumulative,02-15,12,BUY,1.16,4968.329,2026-02-19 07:13:00,2026-02-20 00:00:00,1007,4584,,W1
17,cumulative,02-15,13,BUY,2.24,5003.029,2026-02-20 06:04:00,2026-02-20 06:56:36,52.6,-2993,sl 4989.931,L1
17,cumulative,02-15,14,BUY,1.32,4996.283,2026-02-20 07:16:00,2026-02-20 21:32:39,856.6,6022,tp 5050.545,W1
17,cumulative,02-15,15,BUY,1.36,5050.117,2026-02-20 21:33:00,2026-02-20 22:03:23,30.4,-3147,sl 5027.438,L1
17,cumulative,02-15,16,SELL,0.78,4994.839,2026-02-20 22:07:00,2026-02-20 22:16:14,9.2,-2997,sl 5032.511,L2
17,cumulative,02-15,17,BUY,0.58,5044.503,2026-02-20 22:19:00,2026-02-21 00:00:00,101,1279,,W1
17,cumulative,02-22,1,BUY,1,5158.704,2026-02-23 06:50:00,2026-02-23 07:20:04,30.1,-2892,sl 5130.386,L1
17,cumulative,02-22,2,BUY,0.63,5153.494,2026-02-23 07:30:00,2026-02-24 00:00:00,990,3574,,W1
17,cumulative,02-22,3,BUY,1.79,5240.285,2026-02-24 06:03:00,2026-02-24 07:01:30,58.5,-3069,sl 5224.157,L1
17,cumulative,02-22,4,SELL,0.91,5225.250,2026-02-24 07:29:00,2026-02-24 08:16:41,47.7,5993,tp 5147.117,W1
17,cumulative,02-22,5,SELL,0.63,5150.942,2026-02-24 08:25:00,2026-02-25 00:00:00,935,566,,W2
17,cumulative,02-22,6,SELL,1.72,5135.751,2026-02-25 06:04:00,2026-02-25 07:38:28,94.5,-3212,sl 5154.057,L1
17,cumulative,02-22,7,BUY,1.37,5154.479,2026-02-25 07:41:00,2026-02-25 12:49:39,308.7,6248,tp 5208.541,W1
17,cumulative,02-22,8,SELL,1.89,5202.492,2026-02-25 12:58:00,2026-02-25 18:16:39,318.7,7058,tp 5158.070,W2
17,cumulative,02-22,9,SELL,1.68,5157.013,2026-02-25 18:17:00,2026-02-25 18:57:25,40.4,-3682,sl 5178.494,L1
17,cumulative,02-22,10,BUY,1.71,5179.751,2026-02-25 18:58:00,2026-02-25 21:39:40,161.7,-3449,sl 5160.001,L2
17,cumulative,02-22,11,BUY,1.21,5175.245,2026-02-25 21:45:00,2026-02-26 00:00:00,135,4425,,W1
17,cumulative,02-22,12,BUY,1.1,5173.404,2026-02-26 06:04:00,2026-02-26 21:30:42,926.7,-3668,sl 5142.422,L1
17,cumulative,02-22,13,SELL,0.91,5162.774,2026-02-26 22:02:00,2026-02-27 00:00:00,118,-1604,,L2
17,cumulative,02-22,14,SELL,1.86,5182.552,2026-02-27 06:26:00,2026-02-27 09:07:42,161.7,-3293,sl 5199.867,L3
17,cumulative,02-22,15,BUY,1.37,5199.527,2026-02-27 09:08:00,2026-02-27 09:37:29,29.5,-3066,sl 5177.614,L4
17,cumulative,02-22,16,SELL,1.41,5176.259,2026-02-27 09:51:00,2026-02-27 12:30:40,159.7,-2934,sl 5196.634,L5
17,cumulative,02-22,17,BUY,2.17,5195.223,2026-02-27 12:55:00,2026-02-27 14:14:30,79.5,-2765,sl 5182.805,L6
17,cumulative,02-22,18,SELL,1.55,5179.496,2026-02-27 14:17:00,2026-02-27 20:06:30,349.5,-2670,sl 5196.310,L7
17,cumulative,02-22,19,SELL,0.86,5208.685,2026-02-27 20:42:00,2026-02-27 22:11:39,89.6,-2512,sl 5237.316,L8
17,cumulative,02-22,20,BUY,0.61,5232.693,2026-02-27 22:32:00,2026-02-28 00:00:00,88,-215,,L9
17,cumulative,03-01,1,BUY,0.53,5348.897,2026-03-02 06:09:00,2026-03-02 06:42:42,33.7,1813,tp 5392.684,W1
17,cumulative,03-01,2,SELL,0.47,5371.833,2026-03-02 07:03:00,2026-03-03 00:00:00,1017,4373,,W2
17,cumulative,03-01,3,BUY,1.11,5340.315,2026-03-03 06:04:00,2026-03-03 12:54:21,410.4,-2714,sl 5316.917,L1
17,cumulative,03-01,4,SELL,0.6,5289.581,2026-03-03 13:15:00,2026-03-03 14:51:14,96.2,-2524,sl 5330.804,L2
17,cumulative,03-01,5,BUY,0.73,5329.543,2026-03-03 14:55:00,2026-03-03 15:40:38,45.6,-2368,sl 5297.805,L3
17,cumulative,03-01,6,SELL,0.74,5297.908,2026-03-03 15:41:00,2026-03-03 18:07:31,146.5,4848,tp 5220.392,W1
17,cumulative,03-01,7,SELL,0.34,5185.301,2026-03-03 18:26:00,2026-03-03 22:17:41,231.7,5393,tp 4997.815,W2
17,cumulative,03-01,8,BUY,0.27,5038.990,2026-03-03 22:23:00,2026-03-04 00:00:00,97,1835,,W3
17,cumulative,03-01,9,BUY,0.72,5102.659,2026-03-04 06:03:00,2026-03-04 19:03:39,780.6,6062,tp 5203.430,W4
17,cumulative,03-01,10,SELL,1.42,5186.895,2026-03-04 19:17:00,2026-03-05 00:00:00,283,5903,,W5
17,cumulative,03-01,11,SELL,1.62,5146.531,2026-03-05 06:14:00,2026-03-05 07:05:41,51.7,-3578,sl 5168.170,L1
17,cumulative,03-01,12,BUY,1.54,5167.114,2026-03-05 07:07:00,2026-03-05 13:00:16,353.3,-3297,sl 5146.131,L2
17,cumulative,03-01,13,SELL,1.38,5146.993,2026-03-05 13:08:00,2026-03-05 14:00:05,52.1,-3182,sl 5169.591,L3
17,cumulative,03-01,14,SELL,0.86,5161.170,2026-03-05 14:17:00,2026-03-05 22:08:31,471.5,6438,tp 5072.567,W1
17,cumulative,03-01,15,SELL,0.52,5076.755,2026-03-05 22:27:00,2026-03-06 00:00:00,93,-59,,L1
17,cumulative,03-01,16,SELL,1.64,5090.351,2026-03-06 06:28:00,2026-03-06 08:40:27,132.4,-3372,sl 5110.472,L2
17,cumulative,03-01,17,SELL,0.95,5123.551,2026-03-06 09:42:00,2026-03-06 22:02:40,740.7,-268,sl 5156.151,L3
17,cumulative,03-01,18,BUY,0.51,5164.443,2026-03-06 22:26:00,2026-03-07 00:00:00,94,-1268,,L4
17,cumulative,03-08,1,SELL,0.46,5086.956,2026-03-09 06:37:00,2026-03-10 00:00:00,1043,-848,,L1
17,cumulative,03-08,2,BUY,0.93,5149.196,2026-03-10 06:13:00,2026-03-10 22:33:12,980.2,6316,tp 5230.658,W1
17,cumulative,03-08,3,SELL,1.3,5225.525,2026-03-10 23:09:00,2026-03-11 00:00:00,51,-295,,L1
17,cumulative,03-08,4,BUY,1.58,5194.778,2026-03-11 06:07:00,2026-03-11 19:36:40,809.7,-3412,sl 5174.223,L2
17,cumulative,03-08,5,SELL,1.34,5174.576,2026-03-11 19:37:00,2026-03-12 00:00:00,263,-154,,L3
17,cumulative,03-08,6,BUY,1.23,5153.533,2026-03-12 06:14:00,2026-03-12 07:00:39,46.6,-3350,sl 5128.609,L4
17,cumulative,03-08,7,BUY,0.97,5139.379,2026-03-12 07:15:00,2026-03-13 00:00:00,1005,-1602,,L5
17,cumulative,03-08,8,BUY,1.33,5095.409,2026-03-13 06:08:00,2026-03-13 14:21:40,493.7,-2971,sl 5074.123,L6
17,cumulative,03-08,9,SELL,1.11,5083.010,2026-03-13 14:56:00,2026-03-13 18:59:30,243.5,-2761,sl 5107.383,L7
17,cumulative,03-08,10,SELL,1.24,5109.592,2026-03-13 19:13:00,2026-03-13 21:55:16,162.3,5572,tp 5056.232,W1
17,cumulative,03-08,11,BUY,0.75,5058.288,2026-03-13 22:08:00,2026-03-13 23:06:40,58.7,-2870,sl 5020.823,L1
17,cumulative,03-08,12,BUY,0.57,5040.282,2026-03-13 23:12:00,2026-03-14 00:00:00,48,327,,W1
17,cumulative,03-15,1,BUY,0.9,5025.049,2026-03-16 06:00:00,2026-03-16 06:20:27,20.4,-2726,sl 4995.392,L1
17,cumulative,03-15,2,SELL,0.74,4986.442,2026-03-16 06:21:00,2026-03-16 07:02:41,41.7,-2609,sl 5020.999,L2
17,cumulative,03-15,3,BUY,0.6,5030.946,2026-03-16 07:35:00,2026-03-16 08:14:30,39.5,-2455,sl 4990.847,L3
17,cumulative,03-15,4,SELL,0.59,4995.375,2026-03-16 08:25:00,2026-03-16 13:16:37,291.6,-2348,sl 5034.369,L4
17,cumulative,03-15,5,SELL,1.18,5027.383,2026-03-16 13:27:00,2026-03-16 16:45:39,198.6,4763,tp 4979.476,W1
17,cumulative,03-15,6,SELL,1.1,4977.906,2026-03-16 16:56:00,2026-03-16 18:00:29,64.5,-2496,sl 5000.108,L1
17,cumulative,03-15,7,BUY,1.05,5012.844,2026-03-16 18:20:00,2026-03-16 21:48:30,208.5,-2329,sl 4991.119,L2
17,cumulative,03-15,8,BUY,0.65,5002.102,2026-03-16 22:17:00,2026-03-17 00:00:00,103,-757,,L3
17,cumulative,03-15,9,BUY,1.26,5005.743,2026-03-17 06:12:00,2026-03-17 22:36:27,984.4,1907,sl 4988.821,W1
17,cumulative,03-15,10,BUY,0.78,5003.753,2026-03-17 23:26:00,2026-03-18 00:00:00,34,-163,,L1
17,cumulative,03-15,11,BUY,1.9,5001.773,2026-03-18 06:02:00,2026-03-18 10:04:20,242.3,-2391,sl 4990.021,L2
17,cumulative,03-15,12,BUY,1.35,4996.384,2026-03-18 10:25:00,2026-03-18 15:45:30,320.5,-2159,sl 4980.795,L3
17,cumulative,03-15,13,SELL,1.15,4983.045,2026-03-18 15:46:00,2026-03-18 18:44:30,178.5,4406,tp 4937.568,W1
17,cumulative,03-15,14,SELL,0.58,4932.194,2026-03-18 18:56:00,2026-03-19 00:00:00,304,3765,,W2
17,cumulative,03-15,15,SELL,0.71,4829.229,2026-03-19 06:19:00,2026-03-19 08:40:28,141.5,-2454,sl 4863.061,L1
17,cumulative,03-15,16,SELL,0.77,4853.359,2026-03-19 08:51:00,2026-03-19 13:46:28,295.5,5030,tp 4776.078,W1
17,cumulative,03-15,17,BUY,0.6,4771.370,2026-03-19 14:02:00,2026-03-19 14:59:40,57.7,-2595,sl 4729.017,L1
17,cumulative,03-15,18,SELL,0.47,4724.983,2026-03-19 15:06:00,2026-03-19 19:42:39,276.7,5263,tp 4592.896,W1
17,cumulative,03-15,19,SELL,0.48,4575.999,2026-03-19 19:44:00,2026-03-19 21:00:27,76.4,-2721,sl 4631.503,L1
17,cumulative,03-15,20,SELL,0.23,4614.257,2026-03-19 21:20:00,2026-03-20 00:00:00,160,672,,W1
17,cumulative,03-15,21,SELL,0.93,4644.020,2026-03-20 06:10:00,2026-03-20 08:05:41,115.7,-2650,sl 4671.954,L1
17,cumulative,03-15,22,BUY,0.86,4673.864,2026-03-20 08:07:00,2026-03-20 17:51:41,584.7,2264,sl 4645.703,W1
17,cumulative,03-15,23,BUY,0.65,4669.165,2026-03-20 18:33:00,2026-03-20 20:51:42,138.7,-2580,sl 4630.264,L1
17,cumulative,03-15,24,SELL,0.48,4627.333,2026-03-20 20:53:00,2026-03-21 00:00:00,187,2093,,W1
17,cumulative,03-22,1,SELL,0.42,4489.127,2026-03-23 06:22:00,2026-03-23 07:37:28,75.5,5577,tp 4333.501,W1
17,cumulative,03-22,2,BUY,0.32,4356.756,2026-03-23 07:58:00,2026-03-23 13:07:15,309.2,-2822,sl 4270.309,L1
17,cumulative,03-22,3,SELL,0.44,4243.755,2026-03-23 13:30:00,2026-03-23 16:29:42,179.7,2381,sl 4304.162,W1
17,cumulative,03-22,4,BUY,0.35,4304.266,2026-03-23 16:30:00,2026-03-23 16:44:42,14.7,-2808,sl 4225.621,L1
17,cumulative,03-22,5,BUY,0.34,4243.983,2026-03-23 16:53:00,2026-03-23 18:11:00,78,5674,tp 4441.157,W1
17,cumulative,03-22,6,SELL,0.3,4395.003,2026-03-23 18:20:00,2026-03-23 19:59:14,99.2,-2964,sl 4491.870,L1
17,cumulative,03-22,7,SELL,0.28,4423.391,2026-03-23 20:20:00,2026-03-24 00:00:00,220,1337,,W1
17,cumulative,03-22,8,BUY,0.63,4437.262,2026-03-24 06:08:00,2026-03-24 07:27:21,79.4,-2940,sl 4392.109,L1
17,cumulative,03-22,9,SELL,0.55,4360.248,2026-03-24 07:39:00,2026-03-24 14:00:38,381.6,-2761,sl 4409.446,L2
17,cumulative,03-22,10,BUY,0.45,4423.726,2026-03-24 14:11:00,2026-03-24 19:39:38,328.6,-2610,sl 4366.866,L3
17,cumulative,03-22,11,SELL,0.48,4365.341,2026-03-24 19:40:00,2026-03-24 21:34:39,114.6,-2492,sl 4416.243,L4
17,cumulative,03-22,12,SELL,0.36,4410.944,2026-03-24 22:01:00,2026-03-25 00:00:00,119,-398,,L5
17,cumulative,03-22,13,BUY,0.55,4485.083,2026-03-25 06:00:00,2026-03-25 08:39:14,159.2,4833,tp 4589.968,W1
17,cumulative,03-22,14,BUY,0.69,4598.356,2026-03-25 08:51:00,2026-03-25 12:21:38,210.6,-2585,sl 4561.656,L1
17,cumulative,03-22,15,BUY,1.14,4565.268,2026-03-25 12:44:00,2026-03-25 13:09:19,25.3,-2450,sl 4544.233,L2
17,cumulative,03-22,16,BUY,0.8,4550.757,2026-03-25 13:22:00,2026-03-25 19:31:42,369.7,-2315,sl 4522.383,L3
17,cumulative,03-22,17,BUY,0.61,4553.344,2026-03-25 19:38:00,2026-03-26 00:00:00,262,126,,W1
17,cumulative,03-22,18,SELL,0.56,4509.128,2026-03-26 06:04:00,2026-03-26 23:21:32,1037.5,4769,tp 4408.555,W2
17,cumulative,03-22,19,SELL,0.68,4397.502,2026-03-27 06:06:00,2026-03-27 09:03:31,177.5,-2453,sl 4432.868,L1
17,cumulative,03-22,20,BUY,0.75,4436.991,2026-03-27 09:11:00,2026-03-27 18:07:29,536.5,-2311,sl 4406.800,L2
17,cumulative,03-22,21,SELL,0.93,4408.471,2026-03-27 18:09:00,2026-03-27 19:16:31,67.5,-2233,sl 4431.980,L3
17,cumulative,03-22,22,BUY,0.77,4429.733,2026-03-27 19:30:00,2026-03-27 21:52:41,142.7,4506,tp 4498.981,W1
17,cumulative,03-22,23,BUY,0.43,4530.267,2026-03-27 22:14:00,2026-03-28 00:00:00,106,-626,,L1
17,cumulative,03-29,1,SELL,0.5,4477.622,2026-03-30 06:06:00,2026-03-30 12:50:16,404.3,-2274,sl 4522.200,L1
17,cumulative,03-29,2,BUY,0.79,4529.308,2026-03-30 13:10:00,2026-03-31 00:00:00,650,1825,,W1
17,cumulative,03-29,3,SELL,1.15,4502.777,2026-03-31 06:03:00,2026-03-31 07:02:28,59.5,-2303,sl 4522.379,L1
17,cumulative,03-29,4,SELL,0.81,4518.147,2026-03-31 07:14:00,2026-03-31 07:46:41,32.7,-2158,sl 4544.267,L2
17,cumulative,03-29,5,BUY,0.5,4542.583,2026-03-31 07:55:00,2026-03-31 23:41:40,946.7,4408,tp 4646.646,W1
17,cumulative,03-29,6,BUY,0.59,4680.354,2026-04-01 06:01:00,2026-04-01 22:32:35,991.6,4855,tp 4778.185,W2
17,cumulative,03-29,7,BUY,0.67,4779.857,2026-04-01 22:35:00,2026-04-02 00:00:00,85,502,,W3
17,cumulative,03-29,8,SELL,1.14,4774.490,2026-04-02 06:01:00,2026-04-02 06:19:30,18.5,-2589,sl 4796.629,L1
17,cumulative,03-29,9,SELL,0.98,4789.516,2026-04-02 06:38:00,2026-04-02 08:06:42,88.7,5294,tp 4725.624,W1
17,cumulative,03-29,10,SELL,0.58,4727.680,2026-04-02 08:20:00,2026-04-02 12:47:39,267.6,5815,tp 4608.898,W2
17,cumulative,03-29,11,SELL,0.68,4587.068,2026-04-02 13:02:00,2026-04-02 14:34:27,92.4,-2976,sl 4629.931,L1
17,cumulative,03-29,12,BUY,0.6,4632.003,2026-04-02 14:35:00,2026-04-02 20:00:39,325.7,-2800,sl 4586.287,L2
17,cumulative,03-29,13,SELL,0.63,4590.770,2026-04-02 20:14:00,2026-04-02 20:49:30,35.5,-2674,sl 4632.353,L3
17,cumulative,03-29,14,BUY,0.41,4656.299,2026-04-02 21:12:00,2026-04-03 00:00:00,168,105,,W1
17,cumulative,04-05,1,BUY,0.5,4645.881,2026-04-06 06:00:00,2026-04-07 00:00:00,1080,705,,W1
17,cumulative,04-05,2,BUY,1.73,4661.086,2026-04-07 06:07:00,2026-04-07 08:00:21,113.4,-2689,sl 4646.445,L1
17,cumulative,04-05,3,SELL,0.9,4636.246,2026-04-07 08:11:00,2026-04-07 11:42:32,211.5,-2461,sl 4663.057,L2
17,cumulative,04-05,4,SELL,1.58,4660.229,2026-04-07 12:01:00,2026-04-07 15:20:41,199.7,2157,sl 4674.883,W1
17,cumulative,04-05,5,SELL,0.82,4681.890,2026-04-07 16:07:00,2026-04-08 00:00:00,473,3785,,W2
17,cumulative,04-05,6,BUY,0.38,4821.426,2026-04-08 06:21:00,2026-04-08 21:32:34,911.6,-2598,sl 4754.978,L1
17,cumulative,04-05,7,SELL,0.52,4747.346,2026-04-08 21:54:00,2026-04-09 00:00:00,126,-718,,L2
17,cumulative,04-05,8,SELL,1.04,4713.826,2026-04-09 06:02:00,2026-04-09 17:24:38,682.6,-2491,sl 4737.293,L3
17,cumulative,04-05,9,BUY,1.26,4745.425,2026-04-09 17:51:00,2026-04-09 22:34:41,283.7,4910,tp 4791.780,W1
17,cumulative,04-05,10,BUY,0.82,4793.974,2026-04-09 22:36:00,2026-04-10 00:00:00,84,-438,,L1
17,cumulative,04-05,11,BUY,1.31,4764.348,2026-04-10 06:00:00,2026-04-10 09:21:20,201.3,-2636,sl 4745.231,L2
17,cumulative,04-05,12,BUY,0.98,4749.303,2026-04-10 09:41:00,2026-04-11 00:00:00,859,2378,,W1
17,cumulative,04-12,1,BUY,0.65,4659.132,2026-04-13 06:00:00,2026-04-14 00:00:00,1080,4888,,W1
17,cumulative,04-12,2,SELL,1.79,4758.128,2026-04-14 06:22:00,2026-04-14 07:41:21,79.4,-2849,sl 4773.709,L1
17,cumulative,04-12,3,BUY,1.19,4775.941,2026-04-14 08:08:00,2026-04-14 17:39:38,571.6,-2651,sl 4754.112,L2
17,cumulative,04-12,4,BUY,1.07,4770.410,2026-04-14 17:51:00,2026-04-15 00:00:00,369,4620,,W1
17,cumulative,04-12,5,BUY,1.7,4843.001,2026-04-15 06:07:00,2026-04-15 09:32:15,205.2,-2849,sl 4827.147,L1
17,cumulative,04-12,6,SELL,1.1,4822.192,2026-04-15 09:56:00,2026-04-16 00:00:00,844,1966,,W1
17,cumulative,04-12,7,BUY,1.92,4811.726,2026-04-16 06:14:00,2026-04-16 20:52:39,878.6,-514,sl 4797.923,L1
17,cumulative,04-12,8,SELL,1,4788.428,2026-04-16 21:06:00,2026-04-17 00:00:00,174,-416,,L2
17,cumulative,04-12,9,SELL,2.37,4793.713,2026-04-17 06:02:00,2026-04-17 12:00:38,358.6,2376,sl 4804.963,W1
17,cumulative,04-12,10,BUY,2.79,4804.249,2026-04-17 12:01:00,2026-04-17 12:57:25,56.4,-2787,sl 4794.469,L1
17,cumulative,04-12,11,SELL,1.91,4795.447,2026-04-17 12:59:00,2026-04-17 18:48:29,349.5,-2690,sl 4809.235,L2
17,cumulative,04-12,12,SELL,1.55,4800.772,2026-04-17 18:56:00,2026-04-17 19:25:39,29.6,-2544,sl 4816.862,L3
17,cumulative,04-12,13,BUY,1.24,4820.558,2026-04-17 19:37:00,2026-04-17 20:10:30,33.5,5218,tp 4870.424,W1
17,cumulative,04-12,14,SELL,0.68,4855.539,2026-04-17 20:22:00,2026-04-18 00:00:00,218,-808,,L1
17,cumulative,04-19,1,SELL,0.78,4771.756,2026-04-20 06:17:00,2026-04-20 08:30:39,133.6,-2596,sl 4804.386,L1
17,cumulative,04-19,2,SELL,0.96,4807.813,2026-04-20 09:00:00,2026-04-21 00:00:00,900,205,,W1
17,cumulative,04-19,3,SELL,1.57,4824.381,2026-04-21 06:09:00,2026-04-21 12:52:40,403.7,5341,tp 4783.991,W2
17,cumulative,04-19,4,BUY,1.48,4788.423,2026-04-21 13:11:00,2026-04-21 19:30:39,379.7,-2743,sl 4770.273,L1
17,cumulative,04-19,5,SELL,1.37,4776.184,2026-04-21 19:31:00,2026-04-21 21:47:40,136.7,5623,tp 4727.493,W1
17,cumulative,04-19,6,BUY,0.8,4737.332,2026-04-21 21:58:00,2026-04-22 00:00:00,122,-2133,,L1
17,cumulative,04-19,7,BUY,1.73,4721.699,2026-04-22 06:02:00,2026-04-22 10:29:37,267.6,5927,tp 4762.993,W1
17,cumulative,04-19,8,SELL,2.47,4759.001,2026-04-22 10:38:00,2026-04-22 12:21:41,103.7,-3165,sl 4771.534,L1
17,cumulative,04-19,9,BUY,2.07,4767.847,2026-04-22 12:39:00,2026-04-22 15:30:03,171,-2916,sl 4754.038,L2
17,cumulative,04-19,10,SELL,2.07,4752.495,2026-04-22 15:37:00,2026-04-23 00:00:00,503,5239,,W1
17,cumulative,04-19,11,SELL,2.68,4726.131,2026-04-23 06:00:00,2026-04-23 07:15:40,75.7,6587,tp 4696.919,W2
17,cumulative,04-19,12,BUY,1.59,4734.364,2026-04-23 07:26:00,2026-04-23 09:08:39,102.6,-3371,sl 4713.586,L1
17,cumulative,04-19,13,BUY,1.27,4717.986,2026-04-23 09:23:00,2026-04-23 12:30:42,187.7,-3196,sl 4693.319,L2
17,cumulative,04-19,14,SELL,2.11,4702.205,2026-04-23 12:43:00,2026-04-23 13:01:20,18.3,-3103,sl 4716.608,L3
17,cumulative,04-19,15,BUY,1.76,4716.675,2026-04-23 13:03:00,2026-04-23 16:02:27,179.5,-2891,sl 4700.599,L4
17,cumulative,04-19,16,BUY,1.44,4701.422,2026-04-23 16:24:00,2026-04-24 00:00:00,456,4938,,W1
17,cumulative,04-19,17,BUY,2.21,4695.421,2026-04-24 06:01:00,2026-04-24 09:28:39,207.6,-3119,sl 4682.158,L1
17,cumulative,04-19,18,BUY,1.35,4689.114,2026-04-24 09:35:00,2026-04-24 10:10:15,35.2,-2826,sl 4668.606,L2
17,cumulative,04-19,19,SELL,1.34,4669.800,2026-04-24 10:13:00,2026-04-24 14:46:28,273.5,-2728,sl 4689.724,L3
17,cumulative,04-19,20,BUY,1.63,4693.333,2026-04-24 15:20:00,2026-04-24 17:31:41,131.7,-2550,sl 4678.035,L4
17,cumulative,04-19,21,SELL,1.62,4677.308,2026-04-24 17:55:00,2026-04-24 18:05:02,10,-2475,sl 4692.247,L5
17,cumulative,04-19,22,BUY,1.01,4707.615,2026-04-24 18:24:00,2026-04-25 00:00:00,336,1914,,W1
17,cumulative,04-26,1,BUY,1.37,4684.052,2026-04-27 06:07:00,2026-04-27 10:43:36,276.6,5068,tp 4727.924,W1
17,cumulative,04-26,2,SELL,2.23,4726.252,2026-04-27 11:26:00,2026-04-27 20:01:32,515.5,5724,tp 4695.753,W2
17,cumulative,04-26,3,BUY,1.59,4697.748,2026-04-27 20:12:00,2026-04-27 21:55:21,103.4,-2926,sl 4679.704,L1
17,cumulative,04-26,4,SELL,1.2,4673.195,2026-04-27 22:03:00,2026-04-28 00:00:00,117,-443,,L2
17,cumulative,04-26,5,BUY,3.14,4687.876,2026-04-28 06:01:00,2026-04-28 08:55:41,174.7,-2958,sl 4679.224,L3
17,cumulative,04-26,6,BUY,1.59,4679.224,2026-04-28 09:18:00,2026-04-28 12:03:37,165.6,-2625,sl 4663.113,L4
17,cumulative,04-26,7,BUY,1.9,4658.035,2026-04-28 12:21:00,2026-04-28 12:30:40,9.7,-2484,sl 4645.232,L5
17,cumulative,04-26,8,SELL,1.5,4644.526,2026-04-28 12:35:00,2026-04-28 17:58:35,323.6,5034,tp 4604.621,W1
17,cumulative,04-26,9,SELL,1.4,4602.824,2026-04-28 18:09:00,2026-04-28 19:01:42,52.7,5646,tp 4554.986,W2
17,cumulative,04-26,10,BUY,0.97,4575.554,2026-04-28 19:12:00,2026-04-29 00:00:00,288,1638,,W3
17,cumulative,04-26,11,SELL,3.52,4591.470,2026-04-29 06:06:00,2026-04-29 07:00:38,54.6,-3091,sl 4600.053,L1
17,cumulative,04-26,12,SELL,2.31,4601.447,2026-04-29 07:21:00,2026-04-29 14:26:42,425.7,6099,tp 4570.036,W1
17,cumulative,04-26,13,SELL,1.63,4570.740,2026-04-29 14:43:00,2026-04-29 20:40:38,357.6,6881,tp 4520.646,W2
17,cumulative,04-26,14,BUY,1.15,4521.039,2026-04-29 20:55:00,2026-04-30 00:00:00,185,2809,,W3
17,cumulative,04-26,15,BUY,2.96,4552.894,2026-04-30 06:02:00,2026-04-30 11:35:15,333.2,2826,sl 4540.875,W4
17,cumulative,04-26,16,SELL,2.54,4542.823,2026-04-30 11:59:00,2026-04-30 12:24:27,25.4,-3862,sl 4557.695,L1
17,cumulative,04-26,17,BUY,2.25,4561.148,2026-04-30 12:33:00,2026-04-30 14:56:39,143.6,7589,tp 4601.253,W1
17,cumulative,04-26,18,BUY,1.72,4627.028,2026-04-30 15:05:00,2026-05-01 00:00:00,535,-3455,,L1
17,cumulative,04-26,19,SELL,3.15,4628.962,2026-05-01 06:04:00,2026-05-01 13:19:15,435.2,8072,tp 4598.468,W1
17,cumulative,04-26,20,SELL,2.89,4594.693,2026-05-01 13:28:00,2026-05-01 20:41:15,433.2,3948,sl 4609.211,W2
17,cumulative,04-26,21,BUY,1.77,4615.118,2026-05-01 20:54:00,2026-05-02 00:00:00,186,5453,,W3
17,cumulative,05-03,1,SELL,2.55,4615.058,2026-05-04 06:11:00,2026-05-04 17:02:31,651.5,10123,tp 4567.859,W1
17,cumulative,05-03,2,BUY,1.93,4557.887,2026-05-04 17:35:00,2026-05-04 22:20:43,285.7,-5181,sl 4531.580,L1
17,cumulative,05-03,3,SELL,1.28,4527.006,2026-05-04 22:49:00,2026-05-05 00:00:00,71,2069,,W1
17,cumulative,05-03,4,BUY,4.66,4518.125,2026-05-05 06:03:00,2026-05-05 09:43:30,220.5,10284,tp 4545.028,W2
17,cumulative,05-03,5,BUY,3.89,4546.457,2026-05-05 09:49:00,2026-05-05 10:58:14,69.2,-5579,sl 4532.436,L1
17,cumulative,05-03,6,SELL,5.3,4530.432,2026-05-05 11:21:00,2026-05-05 12:07:23,46.4,-5428,sl 4540.471,L2
17,cumulative,05-03,7,SELL,4.06,4539.340,2026-05-05 12:17:00,2026-05-05 12:42:38,25.6,-5131,sl 4551.685,L3
17,cumulative,05-03,8,BUY,2.91,4546.691,2026-05-05 13:04:00,2026-05-06 00:00:00,656,7480,,W1
17,cumulative,05-03,9,BUY,3.5,4572.961,2026-05-06 06:01:00,2026-05-06 07:41:36,100.6,10935,tp 4610.694,W2
17,cumulative,05-03,10,BUY,3.11,4618.290,2026-05-06 07:59:00,2026-05-06 13:00:57,302,12096,tp 4664.467,W3
17,cumulative,05-03,11,BUY,3.44,4666.596,2026-05-06 13:27:00,2026-05-06 17:41:01,254,13304,tp 4712.558,W4
17,cumulative,05-03,12,SELL,2.98,4712.325,2026-05-06 18:04:00,2026-05-07 00:00:00,356,11958,,W5
17,cumulative,05-03,13,SELL,6.13,4694.255,2026-05-07 06:14:00,2026-05-07 08:11:28,117.5,-7757,sl 4706.656,L1
17,cumulative,05-03,14,SELL,3.27,4704.757,2026-05-07 08:27:00,2026-05-07 13:31:41,304.7,-7281,sl 4726.541,L2
17,cumulative,05-03,15,SELL,3.18,4736.727,2026-05-07 13:55:00,2026-05-07 20:34:13,399.2,-6915,sl 4758.037,L3
17,cumulative,05-03,16,SELL,2.41,4743.628,2026-05-07 20:49:00,2026-05-08 00:00:00,191,6868,,W1
17,cumulative,05-03,17,BUY,2.59,4689.425,2026-05-08 06:04:00,2026-05-09 00:00:00,1076,10595,,W2
17,cumulative,05-10,1,SELL,3.38,4692.135,2026-05-11 06:11:00,2026-05-11 20:06:31,835.5,-544,sl 4713.799,L1
17,cumulative,05-10,2,BUY,2.36,4739.016,2026-05-11 20:39:00,2026-05-11 23:43:14,184.2,-7332,sl 4708.575,L2
17,cumulative,05-10,3,SELL,3.97,4714.105,2026-05-11 23:44:00,2026-05-12 00:00:00,16,-968,,L3
17,cumulative,05-10,4,BUY,4.94,4753.767,2026-05-12 06:09:00,2026-05-12 08:26:13,137.2,-7189,sl 4740.061,L4
17,cumulative,05-10,5,SELL,2.41,4730.308,2026-05-12 08:37:00,2026-05-12 22:18:29,821.5,14018,tp 4661.192,W1
17,cumulative,05-10,6,BUY,2.27,4663.101,2026-05-12 22:35:00,2026-05-13 00:00:00,85,1795,,W2
17,cumulative,05-10,7,BUY,5.13,4720.443,2026-05-13 06:08:00,2026-05-13 08:17:37,129.6,-7667,sl 4706.404,L1
17,cumulative,05-10,8,SELL,3.39,4704.523,2026-05-13 08:30:00,2026-05-14 00:00:00,930,2862,,W1
17,cumulative,05-10,9,BUY,7.02,4701.896,2026-05-14 06:11:00,2026-05-14 07:03:30,52.5,-8358,sl 4691.976,L1
17,cumulative,05-10,10,BUY,5.72,4697.409,2026-05-14 07:13:00,2026-05-14 08:13:38,60.6,-6701,sl 4685.964,L2
17,cumulative,05-10,11,SELL,2.68,4688.953,2026-05-14 08:40:00,2026-05-14 11:36:39,176.6,-6411,sl 4712.386,L3
17,cumulative,05-10,12,SELL,3.16,4701.046,2026-05-14 12:03:00,2026-05-15 00:00:00,717,6971,,W1
17,cumulative,05-10,13,SELL,5.53,4661.203,2026-05-15 06:10:00,2026-05-15 07:25:38,75.6,13630,tp 4631.882,W2
17,cumulative,05-10,14,BUY,2.44,4626.498,2026-05-15 07:48:00,2026-05-15 12:07:27,259.4,-7051,sl 4598.169,L1
17,cumulative,05-10,15,SELL,3.36,4582.145,2026-05-15 12:21:00,2026-05-15 20:37:38,496.6,14522,tp 4530.847,W1
17,cumulative,05-10,16,BUY,2.16,4534.678,2026-05-15 20:55:00,2026-05-16 00:00:00,185,2049,,W2
17,cumulative,05-17,1,SELL,3.28,4541.927,2026-05-18 06:07:00,2026-05-18 07:44:39,97.6,16583,tp 4481.920,W1
17,cumulative,05-17,2,BUY,2.08,4516.065,2026-05-18 08:00:00,2026-05-19 00:00:00,960,7096,,W2
17,cumulative,05-17,3,BUY,7.21,4582.304,2026-05-19 06:13:00,2026-05-19 07:28:37,75.6,-9200,sl 4570.418,L1
17,cumulative,05-17,4,SELL,4.14,4574.466,2026-05-19 07:36:00,2026-05-19 20:04:39,748.6,17543,tp 4524.032,W1
17,cumulative,05-17,5,SELL,3.66,4517.307,2026-05-19 20:20:00,2026-05-20 00:00:00,220,13086,,W2
17,cumulative,05-17,6,BUY,7.52,4483.629,2026-05-20 06:05:00,2026-05-20 08:30:38,145.6,-1250,sl 4470.798,L1
17,cumulative,05-17,7,BUY,2.93,4483.098,2026-05-20 08:51:00,2026-05-21 00:00:00,909,17441,,W1
17,cumulative,05-17,8,BUY,8.55,4541.722,2026-05-21 06:07:00,2026-05-21 10:53:30,286.5,8865,sl 4529.488,W2
17,cumulative,05-17,9,BUY,6.97,4533.596,2026-05-21 11:06:00,2026-05-21 14:15:34,189.6,-11130,sl 4517.950,L1
17,cumulative,05-17,10,SELL,5.28,4518.925,2026-05-21 14:16:00,2026-05-21 16:13:27,117.4,-10707,sl 4538.771,L2
17,cumulative,05-17,11,SELL,5.2,4535.954,2026-05-21 16:27:00,2026-05-22 00:00:00,453,15756,,W1
17,cumulative,05-17,12,SELL,11.77,4540.371,2026-05-22 06:22:00,2026-05-22 12:56:37,394.6,23120,tp 4517.001,W2
17,cumulative,05-17,13,BUY,6.24,4523.071,2026-05-22 13:25:00,2026-05-22 21:01:15,456.2,-11984,sl 4504.249,L1
17,cumulative,05-17,14,SELL,4.9,4507.407,2026-05-22 21:02:00,2026-05-23 00:00:00,178,-3843,,L2
17,cumulative,05-24,1,BUY,5.38,4567.528,2026-05-25 06:01:00,2026-05-26 00:00:00,1079,3254,,W1
17,cumulative,05-24,2,BUY,11.64,4576.376,2026-05-26 06:10:00,2026-05-26 06:31:21,21.4,-11386,sl 4566.816,L1
17,cumulative,05-24,3,SELL,5.95,4544.848,2026-05-26 07:21:00,2026-05-27 00:00:00,999,21725,,W1
17,cumulative,05-24,4,SELL,6.77,4509.429,2026-05-27 06:13:00,2026-05-27 06:44:40,31.7,-12091,sl 4526.891,L1
17,cumulative,05-24,5,SELL,7.2,4518.969,2026-05-27 06:59:00,2026-05-27 13:31:40,392.7,23384,tp 4480.297,W1
17,cumulative,05-24,6,SELL,5.97,4482.706,2026-05-27 13:32:00,2026-05-27 18:57:38,325.6,26370,tp 4430.128,W2
17,cumulative,05-24,7,SELL,5.14,4430.290,2026-05-27 19:15:00,2026-05-27 19:21:41,6.7,-13938,sl 4456.848,L1
17,cumulative,05-24,8,SELL,4.09,4445.311,2026-05-27 19:48:00,2026-05-28 00:00:00,252,-2445,,L2
17,cumulative,05-24,9,SELL,9.89,4451.905,2026-05-28 06:09:00,2026-05-28 08:27:03,138,27635,tp 4418.680,W1
17,cumulative,05-24,10,SELL,6.21,4419.164,2026-05-28 08:43:00,2026-05-28 21:09:42,746.7,13607,sl 4442.134,W2
17,cumulative,05-24,11,SELL,3.95,4457.822,2026-05-28 21:36:00,2026-05-28 23:19:29,103.5,-15161,sl 4495.414,L1
17,cumulative,05-24,12,BUY,6.41,4504.173,2026-05-28 23:43:00,2026-05-29 00:00:00,17,4247,,W1
17,cumulative,05-24,13,BUY,14.92,4496.704,2026-05-29 06:18:00,2026-05-29 13:00:42,402.7,30673,tp 4521.795,W2
17,cumulative,05-24,14,BUY,10.67,4520.339,2026-05-29 13:03:00,2026-05-29 21:52:39,529.6,34044,tp 4558.282,W3
17,cumulative,05-24,15,BUY,5.48,4575.707,2026-05-29 22:04:00,2026-05-30 00:00:00,116,-4959,,L1
17,cumulative,05-31,1,BUY,9.9,4542.614,2026-06-01 06:15:00,2026-06-01 08:56:55,161.9,-17569,sl 4525.230,L1
17,cumulative,05-31,2,SELL,8.22,4525.291,2026-06-01 08:58:00,2026-06-01 20:12:41,674.7,35167,tp 4474.362,W1
17,cumulative,05-31,3,SELL,6.7,4478.018,2026-06-01 20:21:00,2026-06-02 00:00:00,219,-1439,,L1
17,cumulative,05-31,4,SELL,18.22,4485.338,2026-06-02 06:10:00,2026-06-02 07:32:27,82.4,-18941,sl 4495.507,L2
17,cumulative,05-31,5,SELL,11.49,4486.070,2026-06-02 07:44:00,2026-06-02 11:01:38,197.6,-17787,sl 4501.210,L3
17,cumulative,05-31,6,BUY,10,4505.174,2026-06-02 11:12:00,2026-06-02 23:30:41,738.7,15370,sl 4488.997,W1
17,cumulative,05-31,7,SELL,11.19,4488.593,2026-06-02 23:38:00,2026-06-03 00:00:00,22,-3899,,L1
17,cumulative,05-31,8,BUY,8.25,4472.146,2026-06-03 06:48:00,2026-06-03 15:00:38,492.6,-17582,sl 4451.834,L2
17,cumulative,05-31,9,SELL,8.65,4453.886,2026-06-03 15:20:00,2026-06-04 00:00:00,520,10275,,W1
17,cumulative,05-31,10,BUY,9.39,4449.712,2026-06-04 06:25:00,2026-06-04 18:46:19,741.3,33764,tp 4494.503,W2
17,cumulative,05-31,11,BUY,9.96,4497.154,2026-06-04 18:47:00,2026-06-04 21:38:38,171.6,-18452,sl 4479.005,L1
17,cumulative,05-31,12,BUY,6.16,4470.488,2026-06-04 22:05:00,2026-06-05 00:00:00,115,7436,,W1
17,cumulative,05-31,13,SELL,13.45,4468.521,2026-06-05 06:21:00,2026-06-05 13:15:38,414.6,38585,tp 4434.399,W2
17,cumulative,05-31,14,SELL,11.71,4432.389,2026-06-05 13:17:00,2026-06-05 13:36:31,19.5,-20217,sl 4449.275,L1
17,cumulative,05-31,15,BUY,9.26,4454.844,2026-06-05 13:49:00,2026-06-05 19:50:41,361.7,-18836,sl 4434.934,L2
17,cumulative,05-31,16,SELL,7.63,4437.270,2026-06-05 19:51:00,2026-06-05 20:56:42,65.7,38337,tp 4377.515,W1
17,cumulative,05-31,17,SELL,4.69,4379.138,2026-06-05 20:57:00,2026-06-06 00:00:00,183,16105,,W2
17,cumulative,06-07,1,BUY,7.39,4326.678,2026-06-08 06:11:00,2026-06-08 12:34:18,383.3,-20659,sl 4299.316,L1
17,cumulative,06-07,2,SELL,7.79,4288.029,2026-06-08 12:46:00,2026-06-08 14:24:29,98.5,-19796,sl 4312.943,L2
17,cumulative,06-07,3,SELL,6.98,4306.458,2026-06-08 14:38:00,2026-06-08 18:32:40,234.7,-18751,sl 4332.791,L3
17,cumulative,06-07,4,BUY,6.54,4327.186,2026-06-08 18:53:00,2026-06-09 00:00:00,307,8731,,W1
17,cumulative,06-07,5,SELL,19.7,4326.407,2026-06-09 06:06:00,2026-06-09 08:28:42,142.7,-18673,sl 4335.673,L1
17,cumulative,06-07,6,BUY,8.11,4334.786,2026-06-09 08:56:00,2026-06-09 21:17:21,741.4,-17106,sl 4314.120,L2
17,cumulative,06-07,7,BUY,5.16,4322.764,2026-06-09 21:26:00,2026-06-09 21:44:32,18.5,-16218,sl 4291.953,L3
17,cumulative,06-07,8,SELL,4.08,4286.869,2026-06-09 22:24:00,2026-06-10 00:00:00,96,14099,,W1
17,cumulative,06-07,9,BUY,9.2,4245.999,2026-06-10 06:04:00,2026-06-10 06:18:02,14,-16151,sl 4228.815,L1
17,cumulative,06-07,10,SELL,7.31,4225.198,2026-06-10 06:26:00,2026-06-10 15:03:27,517.4,32465,tp 4172.374,W1
17,cumulative,06-07,11,SELL,7.63,4166.694,2026-06-10 15:04:00,2026-06-10 22:48:42,464.7,36455,tp 4109.872,W2
17,cumulative,06-07,12,SELL,4.56,4118.017,2026-06-10 22:50:00,2026-06-11 00:00:00,70,-1881,,L1
17,cumulative,06-07,13,SELL,6.31,4043.730,2026-06-11 06:09:00,2026-06-11 07:33:32,84.5,-18875,sl 4073.040,L2
17,cumulative,06-07,14,BUY,3.81,4072.927,2026-06-11 07:43:00,2026-06-12 00:00:00,977,2707,,W1
17,cumulative,06-07,15,SELL,6.63,4221.594,2026-06-12 06:23:00,2026-06-13 00:00:00,1057,13152,,W2
17,cumulative,06-14,1,SELL,5.94,4285.495,2026-06-15 06:00:00,2026-06-15 08:38:13,158.2,-18750,sl 4316.419,L1
17,cumulative,06-14,2,BUY,6.24,4321.471,2026-06-15 09:03:00,2026-06-16 00:00:00,897,10974,,W1
17,cumulative,06-14,3,BUY,13.95,4315.433,2026-06-16 06:05:00,2026-06-16 16:09:40,604.7,37665,tp 4348.188,W2
17,cumulative,06-14,4,SELL,13.92,4343.455,2026-06-16 16:19:00,2026-06-17 00:00:00,461,26270,,W3
17,cumulative,06-14,5,SELL,22.94,4334.145,2026-06-17 06:03:00,2026-06-17 08:03:42,120.7,-22145,sl 4343.584,L1
17,cumulative,06-14,6,SELL,13.16,4345.699,2026-06-17 08:17:00,2026-06-17 21:24:40,787.7,-1588,sl 4361.094,L2
17,cumulative,06-14,7,SELL,9.04,4352.288,2026-06-17 21:38:00,2026-06-18 00:00:00,142,-6789,,L3
17,cumulative,06-14,8,SELL,10.81,4265.238,2026-06-18 06:01:00,2026-06-18 06:23:14,22.2,-20172,sl 4283.522,L4
17,cumulative,06-14,9,BUY,10.23,4281.536,2026-06-18 06:24:00,2026-06-18 08:03:43,99.7,38063,tp 4327.860,W1
17,cumulative,06-14,10,BUY,7.33,4326.734,2026-06-18 08:14:00,2026-06-18 13:07:38,293.6,-20800,sl 4298.935,L1
17,cumulative,06-14,11,SELL,10.83,4298.421,2026-06-18 13:08:00,2026-06-18 18:01:29,293.5,42230,tp 4252.039,W1
17,cumulative,06-14,12,SELL,11.71,4243.278,2026-06-18 18:11:00,2026-06-18 19:20:28,69.5,-22189,sl 4261.844,L1
17,cumulative,06-14,13,SELL,8.87,4254.715,2026-06-18 19:28:00,2026-06-19 00:00:00,272,31187,,W1
17,cumulative,06-14,14,SELL,15.92,4195.907,2026-06-19 06:17:00,2026-06-19 10:42:35,265.6,48673,tp 4159.571,W2
17,cumulative,06-14,15,SELL,15.57,4158.637,2026-06-19 10:43:00,2026-06-19 15:23:30,280.5,23643,sl 4174.521,W3
17,cumulative,06-14,16,SELL,14.34,4167.547,2026-06-19 15:41:00,2026-06-22 05:01:00,3680,19745,,W4
17,cumulative,06-21,1,SELL,16.14,4155.852,2026-06-22 06:16:00,2026-06-22 07:36:13,80.2,-27458,sl 4172.529,L1
17,cumulative,06-21,2,BUY,9.71,4175.154,2026-06-22 07:44:00,2026-06-23 00:00:00,976,14063,,W1
17,cumulative,06-21,3,BUY,31.43,4192.528,2026-06-23 06:03:00,2026-06-23 07:08:26,65.4,-28203,sl 4184.308,L1
17,cumulative,06-21,4,BUY,18.82,4185.239,2026-06-23 07:33:00,2026-06-23 08:19:42,46.7,-24953,sl 4172.263,L2
17,cumulative,06-21,5,SELL,10.77,4169.365,2026-06-23 08:35:00,2026-06-23 13:10:30,275.5,51075,tp 4112.976,W1
17,cumulative,06-21,6,BUY,8.96,4122.923,2026-06-23 13:19:00,2026-06-23 15:02:41,103.7,-26263,sl 4094.205,L1
17,cumulative,06-21,7,BUY,10.06,4099.626,2026-06-23 15:23:00,2026-06-24 00:00:00,517,38301,,W1
17,cumulative,06-21,8,SELL,17.17,4102.420,2026-06-24 06:02:00,2026-06-24 09:38:39,216.6,57238,tp 4062.751,W2
17,cumulative,06-21,9,SELL,10.31,4062.820,2026-06-24 09:39:00,2026-06-24 13:08:14,209.2,-30060,sl 4091.394,L1
17,cumulative,06-21,10,SELL,12.13,4086.535,2026-06-24 13:19:00,2026-06-24 19:25:10,366.2,60674,tp 4027.056,W1
17,cumulative,06-21,11,SELL,10.29,4008.968,2026-06-24 19:26:00,2026-06-24 20:57:38,91.6,-31511,sl 4038.991,L1
17,cumulative,06-21,12,SELL,5.45,4016.824,2026-06-24 21:16:00,2026-06-25 00:00:00,164,5443,,W1
17,cumulative,06-21,13,SELL,19.86,3992.144,2026-06-25 06:09:00,2026-06-25 06:34:32,25.5,-30627,sl 4007.213,L1
17,cumulative,06-21,14,BUY,15.05,4013.933,2026-06-25 07:07:00,2026-06-25 07:27:41,20.7,-28469,sl 3995.402,L2
17,cumulative,06-21,15,SELL,11.24,3979.872,2026-06-25 07:49:00,2026-06-25 08:02:38,13.6,-27310,sl 4003.669,L3
17,cumulative,06-21,16,BUY,7.94,3999.343,2026-06-25 08:21:00,2026-06-25 09:08:29,47.5,-25591,sl 3967.762,L4
17,cumulative,06-21,17,BUY,6.51,3975.613,2026-06-25 09:19:00,2026-06-26 00:00:00,881,34689,,W1
17,cumulative,06-21,18,SELL,16.5,4022.902,2026-06-26 06:10:00,2026-06-26 09:55:43,225.7,54991,tp 3983.209,W2
17,cumulative,06-21,19,SELL,12.74,3983.990,2026-06-26 09:56:00,2026-06-26 10:55:40,59.7,-29194,sl 4006.439,L1
17,cumulative,06-21,20,SELL,13.1,3999.952,2026-06-26 11:07:00,2026-06-26 12:30:13,83.2,-27702,sl 4020.677,L2
17,cumulative,06-21,21,SELL,14.55,4007.816,2026-06-26 12:47:00,2026-06-26 13:32:29,45.5,-26340,sl 4025.554,L3
17,cumulative,06-21,22,BUY,10.86,4025.860,2026-06-26 13:49:00,2026-06-26 21:12:40,443.7,53164,tp 4084.016,W1
17,cumulative,06-21,23,SELL,8.1,4083.591,2026-06-26 21:33:00,2026-06-27 00:00:00,147,-1484,,L1
17,cumulative,06-28,1,SELL,10.27,4063.021,2026-06-29 06:16:00,2026-06-30 00:00:00,1064,48824,,W1
17,cumulative,06-28,2,BUY,25.42,4019.114,2026-06-30 06:06:00,2026-06-30 07:03:41,57.7,-31268,sl 4007.641,L1
17,cumulative,06-28,3,SELL,19.33,4005.803,2026-06-30 07:20:00,2026-06-30 08:06:32,46.5,60820,tp 3968.381,W1
17,cumulative,06-28,4,SELL,12.78,3945.162,2026-06-30 08:08:00,2026-06-30 08:10:17,2.3,-31575,sl 3969.378,L1
17,cumulative,06-28,5,BUY,9.23,3973.824,2026-06-30 08:21:00,2026-06-30 21:23:21,782.4,63305,tp 4055.359,W1
17,cumulative,06-28,6,SELL,10.38,4051.742,2026-06-30 21:37:00,2026-07-01 00:00:00,143,26286,,W2
17,cumulative,06-28,7,BUY,28.46,4018.288,2026-07-01 06:08:00,2026-07-01 06:46:40,38.7,-34304,sl 4006.503,L1
17,cumulative,06-28,8,SELL,28.12,4007.546,2026-07-01 06:50:00,2026-07-01 08:17:31,87.5,70250,tp 3977.840,W1
17,cumulative,06-28,9,BUY,18.45,3984.183,2026-07-01 08:23:00,2026-07-01 13:07:39,284.7,-36059,sl 3965.026,L1
17,cumulative,06-28,10,BUY,19.11,3968.288,2026-07-01 13:21:00,2026-07-01 18:10:40,289.7,72310,tp 4013.301,W1
17,cumulative,06-28,11,BUY,22.89,4022.959,2026-07-01 18:20:00,2026-07-01 20:38:39,138.6,80669,tp 4064.875,W2
17,cumulative,06-28,12,BUY,9.56,4094.460,2026-07-01 21:10:00,2026-07-02 00:00:00,170,-22609,,L1
17,cumulative,06-28,13,BUY,33.14,4045.142,2026-07-02 06:00:00,2026-07-02 07:00:38,60.6,-46709,sl 4033.056,L2
17,cumulative,06-28,14,SELL,34.29,4033.400,2026-07-02 07:02:00,2026-07-02 07:12:37,10.6,-39453,sl 4044.642,L3
17,cumulative,06-28,15,BUY,24.42,4043.591,2026-07-02 07:24:00,2026-07-02 19:30:20,726.3,77046,tp 4081.067,W1
17,cumulative,06-28,16,BUY,13.5,4133.640,2026-07-02 19:38:00,2026-07-02 23:31:39,233.6,-40420,sl 4104.318,L1
17,cumulative,06-28,17,BUY,40.6,4125.402,2026-07-03 06:05:00,2026-07-03 07:51:42,106.7,74506,tp 4147.950,W1
17,cumulative,06-28,18,BUY,15.59,4179.777,2026-07-03 08:20:00,2026-07-06 05:01:00,4121,-3860,,L1
17,cumulative,07-05,1,BUY,23.92,4188.541,2026-07-06 06:00:00,2026-07-06 07:01:41,61.7,-41975,sl 4171.353,L1
17,cumulative,07-05,2,SELL,19.06,4173.958,2026-07-06 07:02:00,2026-07-06 08:34:33,92.6,-40255,sl 4194.659,L2
17,cumulative,07-05,3,SELL,12.91,4187.607,2026-07-06 08:59:00,2026-07-07 00:00:00,901,50884,,W1
17,cumulative,07-05,4,SELL,55.52,4163.221,2026-07-07 06:09:00,2026-07-07 08:00:28,111.5,88333,tp 4144.297,W2
17,cumulative,07-05,5,SELL,27.85,4145.168,2026-07-07 08:01:00,2026-07-07 19:06:30,665.5,-45551,sl 4161.194,L1
17,cumulative,07-05,6,SELL,22.57,4166.347,2026-07-07 19:23:00,2026-07-08 00:00:00,277,47627,,W1
17,cumulative,07-05,7,BUY,29.31,4105.690,2026-07-08 06:08:00,2026-07-08 15:17:40,549.7,-4332,sl 4090.654,L1
17,cumulative,07-05,8,SELL,19.06,4087.908,2026-07-08 15:26:00,2026-07-08 22:24:40,418.7,97619,tp 4027.038,W1
17,cumulative,07-05,9,BUY,15.64,4031.127,2026-07-08 22:39:00,2026-07-09 00:00:00,81,50727,,W2
17,cumulative,07-05,10,BUY,43.5,4077.228,2026-07-09 06:15:00,2026-07-09 08:04:42,109.7,-59896,sl 4065.442,L1
17,cumulative,07-05,11,BUY,22.91,4075.497,2026-07-09 08:12:00,2026-07-09 10:18:41,126.7,-49365,sl 4054.431,L2
17,cumulative,07-05,12,SELL,28.19,4055.857,2026-07-09 10:19:00,2026-07-09 12:11:30,112.5,-47481,sl 4072.346,L3
17,cumulative,07-05,13,SELL,29.63,4067.391,2026-07-09 12:21:00,2026-07-09 12:51:38,30.6,-45023,sl 4082.285,L4
17,cumulative,07-05,14,BUY,19.49,4094.154,2026-07-09 13:16:00,2026-07-10 00:00:00,644,69609,,W1
17,cumulative,07-05,15,SELL,56.21,4121.379,2026-07-10 06:32:00,2026-07-10 08:00:32,88.5,-46974,sl 4129.564,L1
17,cumulative,07-05,16,SELL,28.1,4120.214,2026-07-10 08:07:00,2026-07-10 21:33:03,806.1,93296,tp 4080.732,W1
17,cumulative,07-05,17,SELL,17.85,4087.976,2026-07-10 21:34:00,2026-07-10 23:01:38,87.6,-48396,sl 4114.537,L1
17,cumulative,07-05,18,SELL,24.11,4110.854,2026-07-10 23:07:00,2026-07-11 00:00:00,53,14690,,W1
17,cumulative,07-12,1,SELL,21.16,4072.807,2026-07-13 06:01:00,2026-07-13 21:16:39,915.6,100100,tp 4016.572,W1
17,cumulative,07-12,2,SELL,18.9,4013.434,2026-07-13 21:17:00,2026-07-14 00:00:00,163,37721,,W2
17,cumulative,07-12,3,SELL,55.38,4000.226,2026-07-14 06:15:00,2026-07-14 08:58:30,163.5,-54703,sl 4009.888,L1
17,cumulative,07-12,4,BUY,21.66,4012.022,2026-07-14 09:10:00,2026-07-14 19:30:37,620.6,106628,tp 4070.462,W1
17,cumulative,07-12,5,BUY,24.89,4088.684,2026-07-14 19:31:00,2026-07-14 22:42:42,191.7,-55907,sl 4066.683,L1
17,cumulative,07-12,6,SELL,19.56,4068.872,2026-07-14 22:53:00,2026-07-15 00:00:00,67,13962,,W1
17,cumulative,07-12,7,SELL,59.9,4047.455,2026-07-15 06:13:00,2026-07-15 06:35:40,22.7,-55214,sl 4056.489,L1
17,cumulative,07-12,8,BUY,53.39,4055.142,2026-07-15 06:45:00,2026-07-15 08:35:39,110.6,-54024,sl 4045.792,L2
17,cumulative,07-12,9,SELL,25.77,4035.824,2026-07-15 09:01:00,2026-07-15 19:33:14,632.2,-48794,sl 4054.382,L3
17,cumulative,07-12,10,BUY,24.92,4062.588,2026-07-15 19:48:00,2026-07-15 22:14:38,146.6,-45743,sl 4044.623,L4
17,cumulative,07-12,11,BUY,21.84,4047.939,2026-07-15 22:29:00,2026-07-15 23:35:38,66.6,-43348,sl 4028.483,L5
17,cumulative,07-12,12,SELL,21.83,4028.567,2026-07-15 23:38:00,2026-07-16 00:00:00,22,-11830,,L6
17,cumulative,07-12,13,BUY,43.19,4061.085,2026-07-16 06:08:00,2026-07-16 07:55:39,107.6,-48125,sl 4051.886,L7
17,cumulative,07-12,14,SELL,21.75,4036.102,2026-07-16 08:29:00,2026-07-16 19:58:05,689.1,81622,tp 3991.465,W1
17,cumulative,07-12,15,SELL,13.16,3994.376,2026-07-16 19:59:00,2026-07-17 00:00:00,241,2706,,W2
17,cumulative,07-12,16,BUY,45.23,3979.067,2026-07-17 06:09:00,2026-07-17 10:19:40,250.7,86186,tp 4002.412,W3
17,cumulative,07-12,17,SELL,24.32,3999.383,2026-07-17 10:32:00,2026-07-17 22:47:41,735.7,-3046,sl 4018.472,L1
17,cumulative,07-12,18,BUY,18.77,4018.480,2026-07-17 23:12:00,2026-07-18 00:00:00,48,-6427,,L2
17,cumulative,07-19,1,SELL,29.43,3994.967,2026-07-20 06:00:00,2026-07-20 08:00:32,120.5,-47036,sl 4010.627,L1
17,cumulative,07-19,2,BUY,20.43,4009.261,2026-07-20 08:01:00,2026-07-21 00:00:00,959,1263,,W1
17,cumulative,07-19,3,BUY,39.39,4004.576,2026-07-21 06:04:00,2026-07-21 08:19:29,135.5,89293,tp 4032.236,W2
17,cumulative,07-19,4,SELL,23.87,4025.752,2026-07-21 08:39:00,2026-07-21 10:26:30,107.5,-49184,sl 4045.913,L1
17,cumulative,07-19,5,BUY,26.69,4047.712,2026-07-21 10:27:00,2026-07-22 00:00:00,813,79962,,W1
17,cumulative,07-19,6,BUY,53.98,4081.569,2026-07-22 06:16:00,2026-07-22 08:00:32,104.5,101550,tp 4104.643,W2
17,cumulative,07-19,7,BUY,30.77,4107.913,2026-07-22 08:01:00,2026-07-22 20:59:27,778.4,118074,tp 4153.531,W3
17,cumulative,07-19,8,BUY,25.33,4155.818,2026-07-22 21:01:00,2026-07-23 00:00:00,179,-22943,,L1
17,cumulative,07-19,9,SELL,32.38,4120.095,2026-07-23 06:02:00,2026-07-23 08:00:41,118.7,-60926,sl 4138.532,L2
17,cumulative,07-19,10,BUY,36.53,4137.683,2026-07-23 08:01:00,2026-07-23 08:44:38,43.6,-57083,sl 4122.386,L3
17,cumulative,07-19,11,SELL,26.6,4118.350,2026-07-23 08:54:00,2026-07-23 19:37:29,643.5,116218,tp 4066.403,W1
17,cumulative,07-19,12,SELL,26.98,4063.566,2026-07-23 19:49:00,2026-07-24 00:00:00,251,32292,,W2
17,cumulative,07-19,13,SELL,104.08,4049.032,2026-07-24 06:06:00,2026-07-24 09:48:27,222.4,128063,tp 4034.373,W3
17,cumulative,07-19,14,BUY,41.88,4027.679,2026-07-24 10:07:00,2026-07-24 20:59:42,652.7,143782,tp 4068.522,W4
17,cumulative,07-19,15,SELL,35.8,4057.176,2026-07-24 21:19:00,2026-07-24 22:15:39,56.6,-76428,sl 4078.097,L1
17,cumulative,07-19,16,BUY,32.94,4077.921,2026-07-24 22:40:00,2026-07-25 00:00:00,80,-36955,,L2
17,cumulative,07-26,1,SELL,41.95,4087.706,2026-07-27 06:04:00,2026-07-27 07:02:16,58.3,-70867,sl 4104.265,L1
17,cumulative,07-26,2,BUY,52.63,4103.112,2026-07-27 07:03:00,2026-07-27 07:27:42,24.7,-66185,sl 4090.795,L2
17,cumulative,07-26,3,BUY,31.23,4109.569,2026-07-27 07:51:00,2026-07-27 10:10:38,139.6,-62773,sl 4089.869,L3
17,cumulative,07-26,4,SELL,43.33,4091.637,2026-07-27 10:12:00,2026-07-27 14:21:40,249.7,-60704,sl 4105.350,L4
17,cumulative,07-26,5,SELL,42.81,4102.832,2026-07-27 14:32:00,2026-07-27 21:28:30,416.5,120625,tp 4069.317,W1
17,cumulative,07-26,6,BUY,25.36,4071.996,2026-07-27 21:48:00,2026-07-28 00:00:00,132,26133,,W2
17,cumulative,07-26,7,SELL,80.51,4072.658,2026-07-28 06:03:00,2026-07-28 08:20:40,137.7,135768,tp 4052.585,W3
17,cumulative,07-26,8,SELL,39.96,4052.045,2026-07-28 08:21:00,2026-07-29 00:00:00,939,110442,,W4
17,cumulative,07-26,9,BUY,68.64,4019.170,2026-07-29 06:09:00,2026-07-29 14:21:40,492.7,155886,tp 4046.885,W5
17,cumulative,07-26,10,BUY,70.88,4047.229,2026-07-29 14:23:00,2026-07-29 16:14:12,111.2,-84509,sl 4035.549,L1
17,cumulative,07-26,11,SELL,81.88,4036.333,2026-07-29 16:15:00,2026-07-29 19:30:04,195.1,173230,tp 4011.182,W1
17,cumulative,07-26,12,SELL,53.27,4017.965,2026-07-29 20:06:00,2026-07-30 00:00:00,234,-52173,,L1
17,cumulative,07-26,13,BUY,48.77,4097.928,2026-07-30 06:08:00,2026-07-30 07:03:40,55.7,-94831,sl 4080.577,L2
17,cumulative,07-26,14,SELL,46.89,4076.758,2026-07-30 07:21:00,2026-07-30 12:38:28,317.5,176319,tp 4032.047,W1
17,cumulative,07-26,15,BUY,42.09,4037.580,2026-07-30 13:04:00,2026-07-30 20:37:39,453.6,190118,tp 4091.333,W2
17,cumulative,07-26,16,BUY,34.36,4094.097,2026-07-30 20:38:00,2026-07-31 00:00:00,202,57316,,W3
17,cumulative,07-26,17,SELL,103.78,4109.448,2026-07-31 06:10:00,2026-07-31 08:39:28,149.5,213144,tp 4084.969,W4
17,cumulative,07-26,18,BUY,63.71,4086.546,2026-07-31 08:59:00,2026-07-31 14:34:39,335.7,-114093,sl 4069.011,L1
17,cumulative,07-26,19,SELL,78.34,4071.094,2026-07-31 14:57:00,2026-07-31 20:05:41,308.7,231241,tp 4036.003,W1
17,cumulative,07-26,20,SELL,67.13,4036.130,2026-07-31 20:15:00,2026-08-01 00:00:00,225,-50841,,L1
17,cumulative,08-02,1,SELL,59.99,4063.798,2026-08-03 06:02:00,2026-08-04 00:00:00,1078,204690,,W1
17,cumulative,08-02,2,SELL,157.38,4051.209,2026-08-04 06:11:00,2026-08-04 07:01:28,50.5,-131713,sl 4059.409,L1
17,cumulative,08-02,3,SELL,114.4,4062.940,2026-08-04 07:20:00,2026-08-04 18:47:40,687.7,-6593,sl 4073.554,L2
17,cumulative,08-02,4,BUY,72.38,4077.159,2026-08-04 18:49:00,2026-08-05 00:00:00,311,115591,,W1
17,cumulative,08-02,5,SELL,109.93,4069.941,2026-08-05 06:23:00,2026-08-05 07:35:31,72.5,-129430,sl 4081.473,L1
17,cumulative,08-02,6,SELL,106.78,4078.391,2026-08-05 07:47:00,2026-08-05 08:38:39,51.6,-123053,sl 4089.651,L2
17,cumulative,08-02,7,BUY,71.1,4089.948,2026-08-05 08:40:00,2026-08-05 09:46:13,66.2,242060,tp 4130.424,W1
17,cumulative,08-02,8,SELL,59.14,4128.555,2026-08-05 10:03:00,2026-08-05 12:37:16,154.3,-127577,sl 4149.696,L1
17,cumulative,08-02,9,BUY,54.81,4171.179,2026-08-05 13:11:00,2026-08-05 21:08:39,477.6,253649,tp 4226.235,W1
17,cumulative,08-02,10,BUY,40.17,4243.652,2026-08-05 21:45:00,2026-08-06 00:00:00,135,-5970,,L1
17,cumulative,08-02,11,BUY,116.56,4258.808,2026-08-06 06:16:00,2026-08-06 07:35:01,79,273114,tp 4287.322,W1
17,cumulative,08-02,12,BUY,49.25,4291.350,2026-08-06 07:48:00,2026-08-06 10:25:38,157.6,-146189,sl 4262.261,L1
17,cumulative,08-02,13,SELL,63.63,4261.493,2026-08-06 10:47:00,2026-08-06 16:02:35,315.6,-140663,sl 4283.102,L2
17,cumulative,08-02,14,BUY,69.14,4282.279,2026-08-06 16:17:00,2026-08-06 18:22:31,125.5,-131871,sl 4263.633,L3
17,cumulative,08-02,15,SELL,90.35,4263.697,2026-08-06 18:23:00,2026-08-06 23:16:30,293.5,276302,tp 4227.385,W1
17,cumulative,08-02,16,BUY,51.1,4231.576,2026-08-06 23:32:00,2026-08-07 00:00:00,28,51182,,W2
17,cumulative,08-02,17,BUY,147.28,4245.573,2026-08-07 06:15:00,2026-08-07 07:38:40,83.7,-150005,sl 4236.154,L1
17,cumulative,08-02,18,SELL,93.93,4235.724,2026-08-07 07:40:00,2026-08-07 08:21:39,41.6,-136364,sl 4249.933,L2
17,cumulative,08-02,19,BUY,56.49,4243.027,2026-08-07 08:37:00,2026-08-07 15:13:41,396.7,271321,tp 4300.141,W1
17,cumulative,08-02,20,SELL,87.39,4294.129,2026-08-07 15:24:00,2026-08-07 15:33:39,9.6,-143031,sl 4310.156,L1
17,cumulative,08-02,21,BUY,68.77,4309.552,2026-08-07 15:43:00,2026-08-07 19:31:39,228.6,285403,tp 4358.750,W1
17,cumulative,08-02,22,BUY,53.92,4354.942,2026-08-07 19:33:00,2026-08-07 21:12:15,99.2,-148166,sl 4328.036,L1
17,cumulative,08-02,23,BUY,35.81,4346.000,2026-08-07 21:19:00,2026-08-08 00:00:00,161,-62208,,L2
17,cumulative,08-09,1,SELL,90.3,4341.637,2026-08-10 06:00:00,2026-08-10 13:46:37,466.6,-10358,sl 4356.799,L1
17,cumulative,08-09,2,BUY,73.39,4357.647,2026-08-10 13:56:00,2026-08-10 17:03:04,187.1,-136967,sl 4339.383,L2
17,cumulative,08-09,3,BUY,100.96,4344.057,2026-08-10 17:23:00,2026-08-10 18:13:29,50.5,-129919,sl 4331.458,L3
17,cumulative,08-09,4,SELL,96.53,4332.923,2026-08-10 18:50:00,2026-08-10 21:26:39,156.6,-125675,sl 4345.687,L4
17,cumulative,08-09,5,SELL,49.44,4344.574,2026-08-10 21:52:00,2026-08-11 00:00:00,128,-62627,,L5
17,cumulative,08-09,6,SELL,113.2,4394.994,2026-08-11 06:20:00,2026-08-11 07:04:42,44.7,-116607,sl 4405.085,L6
17,cumulative,08-09,7,BUY,90.14,4404.262,2026-08-11 07:08:00,2026-08-11 08:55:15,107.2,225429,tp 4434.005,W1
17,cumulative,08-09,8,BUY,46.99,4433.868,2026-08-11 09:15:00,2026-08-11 09:54:15,39.2,-119168,sl 4409.031,L1
17,cumulative,08-09,9,BUY,54.99,4417.339,2026-08-11 10:21:00,2026-08-11 12:20:29,119.5,-113066,sl 4397.196,L2
17,cumulative,08-09,10,SELL,48.67,4374.641,2026-08-11 12:43:00,2026-08-11 19:13:28,390.5,-108650,sl 4396.496,L3
17,cumulative,08-09,11,BUY,53.03,4398.421,2026-08-11 19:22:00,2026-08-11 22:34:37,192.6,-101793,sl 4379.625,L4
17,cumulative,08-09,12,SELL,44.25,4377.839,2026-08-11 22:37:00,2026-08-12 00:00:00,83,-25321,,L5
17,cumulative,08-09,13,SELL,94.21,4368.734,2026-08-12 06:01:00,2026-08-12 07:14:38,73.6,-97930,sl 4378.900,L6
17,cumulative,08-09,14,BUY,57.83,4380.749,2026-08-12 07:31:00,2026-08-12 16:23:31,532.5,190312,tp 4419.894,W1
17,cumulative,08-09,15,BUY,71.62,4419.585,2026-08-12 16:26:00,2026-08-12 19:22:38,176.6,-100089,sl 4405.910,L1
17,cumulative,08-09,16,BUY,61.35,4427.400,2026-08-12 19:30:00,2026-08-12 19:30:28,0.5,-95374,sl 4412.250,L2
17,cumulative,08-09,17,BUY,38.91,4417.613,2026-08-12 19:33:00,2026-08-13 00:00:00,267,-64120,,L3
17,cumulative,08-09,18,BUY,96.59,4408.043,2026-08-13 06:21:00,2026-08-13 07:20:28,59.5,163409,tp 4430.192,W1
17,cumulative,08-09,19,SELL,48.92,4431.223,2026-08-13 07:52:00,2026-08-13 12:59:40,307.7,205492,tp 4381.279,W2
17,cumulative,08-09,20,SELL,52.58,4378.094,2026-08-13 13:05:00,2026-08-13 19:30:04,385.1,-107639,sl 4398.021,L1
17,cumulative,08-09,21,BUY,61.7,4389.888,2026-08-13 19:31:00,2026-08-13 20:51:38,80.6,-100141,sl 4374.002,L2
17,cumulative,08-09,22,SELL,30.69,4372.450,2026-08-13 20:53:00,2026-08-14 00:00:00,187,15726,,W1
17,cumulative,08-09,23,SELL,87.14,4353.618,2026-08-14 06:02:00,2026-08-14 08:10:59,129,212669,tp 4324.630,W2
17,cumulative,08-09,24,BUY,40.21,4319.180,2026-08-14 08:41:00,2026-08-14 19:31:38,650.6,224539,tp 4385.620,W3
17,cumulative,08-09,25,SELL,69.95,4377.200,2026-08-14 19:39:00,2026-08-14 20:36:40,57.7,-119845,sl 4393.994,L1
17,cumulative,08-09,26,SELL,50.67,4386.686,2026-08-14 20:50:00,2026-08-15 00:00:00,190,3451,,W1
17,cumulative,08-16,1,SELL,89.74,4374.519,2026-08-17 06:29:00,2026-08-17 07:18:03,49.1,-114538,sl 4387.019,L1
17,cumulative,08-16,2,BUY,63.12,4391.449,2026-08-17 07:31:00,2026-08-18 00:00:00,989,208408,,W1
17,cumulative,08-16,3,BUY,130.76,4417.835,2026-08-18 06:17:00,2026-08-18 08:47:28,150.5,-13824,sl 4409.075,L1
17,cumulative,08-16,4,SELL,60.43,4402.704,2026-08-18 09:04:00,2026-08-18 22:20:40,796.7,250547,tp 4353.390,W1
17,cumulative,08-16,5,BUY,38.91,4357.166,2026-08-18 22:33:00,2026-08-19 00:00:00,87,26237,,W2
17,cumulative,08-16,6,BUY,94.05,4335.932,2026-08-19 06:04:00,2026-08-19 18:01:39,717.6,269939,tp 4370.746,W3
17,cumulative,08-16,7,BUY,133.2,4369.976,2026-08-19 18:02:00,2026-08-19 19:36:43,94.7,298594,tp 4396.666,W4
17,cumulative,08-16,8,BUY,54.16,4437.931,2026-08-19 19:57:00,2026-08-20 00:00:00,243,304482,,W5
17,cumulative,08-16,9,BUY,130.19,4523.585,2026-08-20 06:07:00,2026-08-20 07:00:14,53.2,-197507,sl 4510.425,L1
17,cumulative,08-16,10,BUY,119.24,4516.867,2026-08-20 07:04:00,2026-08-20 08:01:30,57.5,-164984,sl 4503.326,L2
17,cumulative,08-16,11,SELL,77.28,4493.249,2026-08-20 08:05:00,2026-08-20 21:57:21,832.4,151245,sl 4513.334,W1
17,cumulative,08-16,12,SELL,46.62,4523.948,2026-08-20 22:35:00,2026-08-21 00:00:00,85,64149,,W2
17,cumulative,08-16,13,BUY,167.97,4529.494,2026-08-21 06:04:00,2026-08-21 07:12:40,68.7,-177093,sl 4519.731,L1
17,cumulative,08-16,14,SELL,96.42,4516.046,2026-08-21 07:32:00,2026-08-21 08:31:29,59.5,-160810,sl 4532.395,L2
17,cumulative,08-16,15,BUY,75.22,4532.356,2026-08-21 08:32:00,2026-08-21 15:42:38,430.6,324502,tp 4583.601,W1
17,cumulative,08-16,16,BUY,88.92,4584.178,2026-08-21 16:00:00,2026-08-21 19:39:32,219.5,-166921,sl 4565.812,L1
17,cumulative,08-16,17,BUY,62.9,4577.774,2026-08-21 19:48:00,2026-08-22 00:00:00,252,306343,,W1
17,cumulative,08-23,1,BUY,93.68,4613.126,2026-08-24 06:23:00,2026-08-24 07:27:13,64.2,-173717,sl 4594.948,L1
17,cumulative,08-23,2,BUY,54.68,4614.250,2026-08-24 07:51:00,2026-08-25 00:00:00,969,268953,,W1
17,cumulative,08-23,3,BUY,164.89,4675.922,2026-08-25 06:17:00,2026-08-25 08:26:42,129.7,-22508,sl 4665.306,L1
17,cumulative,08-23,4,SELL,58.07,4670.222,2026-08-25 08:48:00,2026-08-26 00:00:00,912,277380,,W1
17,cumulative,08-23,5,SELL,198.14,4670.988,2026-08-26 06:04:00,2026-08-26 07:23:38,79.6,420540,tp 4645.764,W2
17,cumulative,08-23,6,SELL,137.12,4642.271,2026-08-26 07:37:00,2026-08-26 08:57:37,80.6,-217192,sl 4657.760,L1
17,cumulative,08-23,7,SELL,90.51,4659.039,2026-08-26 09:25:00,2026-08-26 20:16:27,651.4,436922,tp 4601.645,W1
17,cumulative,08-23,8,SELL,65.06,4620.487,2026-08-26 21:16:00,2026-08-27 00:00:00,164,186911,,W2
17,cumulative,08-23,9,BUY,158.72,4608.382,2026-08-27 06:02:00,2026-08-27 14:26:38,504.6,187700,sl 4593.944,W3
17,cumulative,08-23,10,BUY,133.27,4600.979,2026-08-27 14:31:00,2026-08-27 16:37:31,126.5,-243800,sl 4583.081,L1
17,cumulative,08-23,11,SELL,137.42,4581.895,2026-08-27 16:51:00,2026-08-27 18:31:42,100.7,-234712,sl 4598.626,L2
17,cumulative,08-23,12,SELL,149.09,4595.674,2026-08-27 18:49:00,2026-08-27 22:55:04,246.1,208409,sl 4610.329,W1
17,cumulative,08-23,13,BUY,110.4,4611.310,2026-08-27 23:02:00,2026-08-28 00:00:00,58,39071,,W2
17,cumulative,08-23,14,SELL,200,4603.910,2026-08-28 06:13:00,2026-08-28 08:53:31,160.5,447328,tp 4577.306,W3
17,cumulative,08-23,15,SELL,118.15,4576.188,2026-08-28 08:54:00,2026-08-28 13:49:28,295.5,-257898,sl 4597.553,L1
17,cumulative,08-23,16,SELL,124.86,4601.020,2026-08-28 14:10:00,2026-08-28 20:58:05,408.1,-244908,sl 4620.217,L2
17,cumulative,08-23,17,SELL,61.29,4558.621,2026-08-28 21:06:00,2026-08-29 00:00:00,174,461211,,W1
17,cumulative,08-30,1,BUY,126.2,4462.541,2026-08-31 06:05:00,2026-08-31 06:45:36,40.6,-252389,sl 4442.948,L1
17,cumulative,08-30,2,BUY,123.63,4456.895,2026-08-31 06:58:00,2026-08-31 08:10:39,72.6,-239608,sl 4437.915,L2
17,cumulative,08-30,3,BUY,71.15,4449.545,2026-08-31 08:19:00,2026-08-31 09:32:42,73.7,-227255,sl 4418.250,L3
17,cumulative,08-30,4,SELL,61.09,4410.981,2026-08-31 09:34:00,2026-08-31 14:25:05,291.1,-217182,sl 4445.831,L4
17,cumulative,08-30,5,BUY,110.56,4447.337,2026-08-31 14:46:00,2026-08-31 20:46:42,360.7,-204905,sl 4429.208,L5
17,cumulative,08-30,6,BUY,71.13,4427.129,2026-08-31 21:10:00,2026-09-01 00:00:00,170,42934,,W1
17,cumulative,08-30,7,SELL,200,4445.930,2026-09-01 06:09:00,2026-09-01 07:09:28,60.5,-191005,sl 4455.257,L1
17,cumulative,08-30,8,BUY,133.32,4460.664,2026-09-01 07:22:00,2026-09-01 08:06:04,44.1,-186533,sl 4446.953,L2
17,cumulative,08-30,9,SELL,88.56,4446.069,2026-09-01 08:16:00,2026-09-01 15:09:41,413.7,380769,tp 4394.921,W1
17,cumulative,08-30,10,SELL,78.67,4395.324,2026-09-01 15:19:00,2026-09-01 20:09:41,290.7,422673,tp 4331.419,W2
17,cumulative,08-30,11,BUY,69.1,4338.739,2026-09-01 20:26:00,2026-09-02 00:00:00,214,86679,,W3
17,cumulative,08-30,12,SELL,200,4327.625,2026-09-02 06:02:00,2026-09-02 08:51:28,169.5,422855,tp 4302.460,W4
17,cumulative,08-30,13,BUY,75.31,4300.169,2026-09-02 09:07:00,2026-09-02 20:59:28,712.5,520451,tp 4382.344,W5
17,cumulative,08-30,14,BUY,90.4,4389.164,2026-09-02 21:07:00,2026-09-03 00:00:00,173,-191083,,L1
17,cumulative,08-30,15,SELL,200,4384.068,2026-09-03 06:15:00,2026-09-03 07:52:27,97.4,-182172,sl 4392.980,L2
17,cumulative,08-30,16,BUY,161.61,4394.169,2026-09-03 07:58:00,2026-09-03 11:08:39,190.6,525642,tp 4432.871,W1
17,cumulative,08-30,17,BUY,187.28,4435.947,2026-09-03 11:26:00,2026-09-03 13:23:40,117.7,-278496,sl 4421.382,L1
17,cumulative,08-30,18,SELL,122.67,4422.572,2026-09-03 13:24:00,2026-09-03 15:07:43,103.7,-267339,sl 4443.932,L2
17,cumulative,08-30,19,SELL,123.73,4434.328,2026-09-03 15:40:00,2026-09-03 19:30:27,230.4,-253924,sl 4454.426,L3
17,cumulative,08-30,20,BUY,111.72,4468.185,2026-09-03 19:34:00,2026-09-04 00:00:00,266,281579,,W1
17,cumulative,08-30,21,BUY,200,4476.363,2026-09-04 06:04:00,2026-09-04 11:00:31,296.5,-220530,sl 4466.116,L1
17,cumulative,08-30,22,BUY,199.32,4470.336,2026-09-04 11:25:00,2026-09-04 19:30:19,485.3,-241284,sl 4458.504,L2
17,cumulative,08-30,23,SELL,68.56,4389.638,2026-09-04 19:36:00,2026-09-04 20:43:40,67.7,-230046,sl 4422.528,L3
17,cumulative,08-30,24,BUY,33.1,4427.538,2026-09-04 20:47:00,2026-09-05 00:00:00,193,29423,,W1
17,cumulative,09-06,1,SELL,184.61,4429.836,2026-09-07 06:14:00,2026-09-07 08:13:02,119,466285,tp 4399.778,W1
17,cumulative,09-06,2,BUY,97.53,4404.702,2026-09-07 08:31:00,2026-09-08 00:00:00,929,94282,,W2
17,cumulative,09-06,3,BUY,200,4412.125,2026-09-08 06:05:00,2026-09-08 08:23:37,138.6,369295,tp 4434.558,W3
17,cumulative,09-06,4,BUY,100.65,4434.396,2026-09-08 08:24:00,2026-09-08 13:15:38,291.6,-265445,sl 4408.542,L1
17,cumulative,09-06,5,BUY,120.48,4407.239,2026-09-08 13:44:00,2026-09-08 19:15:39,331.7,-251887,sl 4386.742,L2
17,cumulative,09-06,6,BUY,120.84,4398.044,2026-09-08 19:29:00,2026-09-09 00:00:00,271,-52840,,L3
17,cumulative,09-06,7,SELL,200,4352.202,2026-09-09 06:16:00,2026-09-09 07:59:13,103.2,-224135,sl 4363.180,L4
17,cumulative,09-06,8,BUY,104.41,4367.589,2026-09-09 08:10:00,2026-09-09 20:23:37,733.6,478252,tp 4422.066,W1
17,cumulative,09-06,9,SELL,110.48,4418.324,2026-09-09 20:42:00,2026-09-10 00:00:00,198,213400,,W2
17,cumulative,09-06,10,SELL,200,4398.177,2026-09-10 06:26:00,2026-09-10 08:02:37,96.6,-231601,sl 4409.509,L1
17,cumulative,09-06,11,BUY,168.45,4410.021,2026-09-10 08:03:00,2026-09-10 15:42:40,459.7,-248553,sl 4395.565,L2
17,cumulative,09-06,12,BUY,151.91,4395.380,2026-09-10 16:18:00,2026-09-10 17:36:38,78.6,-235878,sl 4380.168,L3
17,cumulative,09-06,13,SELL,125.76,4379.491,2026-09-10 17:52:00,2026-09-10 19:37:43,105.7,478827,tp 4334.191,W1
17,cumulative,09-06,14,BUY,62.9,4349.394,2026-09-10 20:20:00,2026-09-11 00:00:00,220,91708,,W2
17,cumulative,09-06,15,BUY,200,4318.699,2026-09-11 06:05:00,2026-09-11 10:22:39,257.6,-263168,sl 4306.373,L1
17,cumulative,09-06,16,BUY,110.88,4312.160,2026-09-11 10:43:00,2026-09-11 19:49:14,546.2,512350,tp 4367.087,W1
17,cumulative,09-06,17,BUY,51.08,4395.607,2026-09-11 20:29:00,2026-09-12 00:00:00,211,-177088,,L1
17,cumulative,09-13,1,BUY,179.45,4341.848,2026-09-14 06:10:00,2026-09-14 08:19:39,129.6,-256895,sl 4327.837,L1
17,cumulative,09-13,2,BUY,92.45,4335.534,2026-09-14 08:25:00,2026-09-14 14:56:38,391.6,-243546,sl 4309.728,L2
17,cumulative,09-13,3,SELL,125.47,4313.014,2026-09-14 15:15:00,2026-09-14 19:56:39,281.7,492716,tp 4266.281,W1
17,cumulative,09-13,4,SELL,91,4260.198,2026-09-14 20:10:00,2026-09-14 22:32:38,142.6,-258346,sl 4288.024,L1
17,cumulative,09-13,5,SELL,93.81,4288.408,2026-09-14 22:50:00,2026-09-14 23:48:38,58.6,-245368,sl 4314.030,L2
17,cumulative,09-13,6,SELL,200,4294.543,2026-09-15 06:06:00,2026-09-15 08:19:28,133.5,-215954,sl 4305.104,L3
17,cumulative,09-13,7,SELL,130.46,4300.878,2026-09-15 08:29:00,2026-09-15 09:40:41,71.7,-223596,sl 4317.622,L4
17,cumulative,09-13,8,BUY,121.14,4316.803,2026-09-15 09:50:00,2026-09-15 12:15:37,145.6,-208006,sl 4299.973,L5
17,cumulative,09-13,9,SELL,163.94,4297.012,2026-09-15 12:26:00,2026-09-15 15:05:14,159.2,421286,tp 4266.436,W1
17,cumulative,09-13,10,BUY,115.45,4270.989,2026-09-15 15:18:00,2026-09-16 00:00:00,522,285115,,W2
17,cumulative,09-13,11,SELL,200,4283.868,2026-09-16 06:29:00,2026-09-16 09:11:58,163,-207162,sl 4293.999,L1
17,cumulative,09-13,12,BUY,117.86,4294.086,2026-09-16 09:23:00,2026-09-16 17:08:37,465.6,474198,tp 4341.932,W1
17,cumulative,09-13,13,BUY,157.33,4346.895,2026-09-16 17:11:00,2026-09-16 21:03:30,232.5,-247054,sl 4331.504,L1
17,cumulative,09-13,14,SELL,105.9,4330.597,2026-09-16 21:04:00,2026-09-16 21:50:30,46.5,-237499,sl 4352.556,L2
17,cumulative,09-13,15,BUY,100.78,4353.716,2026-09-16 22:02:00,2026-09-17 00:00:00,118,-76110,,L3
17,cumulative,09-13,16,BUY,132.26,4268.561,2026-09-17 06:19:00,2026-09-17 08:24:42,125.7,442822,tp 4310.391,W1
17,cumulative,09-13,17,BUY,91.1,4314.315,2026-09-17 08:33:00,2026-09-17 09:07:02,34,-241068,sl 4288.381,L1
17,cumulative,09-13,18,BUY,86.44,4292.316,2026-09-17 09:22:00,2026-09-17 19:16:31,594.5,484696,tp 4359.018,W1
17,cumulative,09-13,19,BUY,93.28,4379.280,2026-09-17 19:29:00,2026-09-17 21:58:39,149.6,-253401,sl 4352.647,L1
17,cumulative,09-13,20,BUY,100.31,4363.896,2026-09-17 22:19:00,2026-09-18 00:00:00,101,-14508,,L2
17,cumulative,09-13,21,BUY,200,4345.390,2026-09-18 06:14:00,2026-09-18 10:26:13,252.2,-28395,sl 4334.379,L3
17,cumulative,09-13,22,SELL,134.32,4355.468,2026-09-18 11:16:00,2026-09-18 12:39:41,83.7,-241994,sl 4373.121,L4
17,cumulative,09-13,23,BUY,118.63,4385.236,2026-09-18 13:02:00,2026-09-18 19:21:16,379.3,-226154,sl 4366.563,L5
17,cumulative,09-13,24,SELL,104.13,4366.067,2026-09-18 19:22:00,2026-09-19 00:00:00,278,-179000,,L6
17,cumulative,09-20,1,SELL,189.53,4373.768,2026-09-21 06:08:00,2026-09-21 14:43:27,515.4,446851,tp 4345.743,W1
17,cumulative,09-20,2,SELL,114.93,4345.198,2026-09-21 14:59:00,2026-09-21 18:44:12,225.2,-231163,sl 4364.913,L1
17,cumulative,09-20,3,SELL,124.65,4359.017,2026-09-21 19:22:00,2026-09-22 00:00:00,278,259958,,W1
17,cumulative,09-20,4,BUY,166.24,4362.466,2026-09-22 06:37:00,2026-09-22 07:40:13,63.2,-239023,sl 4348.929,L1
17,cumulative,09-20,5,SELL,97.49,4357.061,2026-09-22 08:13:00,2026-09-22 15:00:42,407.7,470827,tp 4299.665,W1
17,cumulative,09-20,6,BUY,119.32,4310.163,2026-09-22 15:09:00,2026-09-23 00:00:00,531,308860,,W2
17,cumulative,09-20,7,BUY,200,4363.287,2026-09-23 06:01:00,2026-09-23 08:01:31,120.5,-194846,sl 4354.309,L1
17,cumulative,09-20,8,SELL,167.19,4355.195,2026-09-23 08:02:00,2026-09-23 15:12:13,430.2,532484,tp 4317.302,W1
17,cumulative,09-20,9,BUY,180.19,4320.982,2026-09-23 15:23:00,2026-09-23 18:22:40,179.7,-274386,sl 4306.056,L1
17,cumulative,09-20,10,SELL,192.87,4301.479,2026-09-23 18:33:00,2026-09-23 19:06:04,33.1,-266212,sl 4314.973,L2
17,cumulative,09-20,11,SELL,140.21,4310.013,2026-09-23 19:31:00,2026-09-24 00:00:00,269,381838,,W1
17,cumulative,09-20,12,SELL,200,4289.292,2026-09-24 06:03:00,2026-09-24 08:12:37,129.6,-228827,sl 4300.469,L1
17,cumulative,09-20,13,BUY,145.07,4300.437,2026-09-24 08:13:00,2026-09-24 08:49:40,36.7,-254659,sl 4283.233,L2
17,cumulative,09-20,14,BUY,114.01,4281.358,2026-09-24 09:14:00,2026-09-24 15:59:15,405.2,-241825,sl 4260.584,L3
17,cumulative,09-20,15,SELL,100.43,4259.417,2026-09-24 16:05:00,2026-09-24 19:56:29,231.5,-231962,sl 4282.035,L4
17,cumulative,09-20,16,SELL,103.26,4276.976,2026-09-24 20:18:00,2026-09-25 00:00:00,222,39714,,W1
17,cumulative,09-20,17,BUY,200,4273.697,2026-09-25 06:03:00,2026-09-25 11:56:41,353.7,178643,sl 4263.593,W2
17,cumulative,09-20,18,BUY,173.96,4264.128,2026-09-25 12:30:00,2026-09-25 16:03:40,213.7,486067,tp 4297.350,W3
17,cumulative,09-20,19,SELL,160,4292.466,2026-09-25 16:18:00,2026-09-25 17:14:40,56.7,-257954,sl 4308.230,L1
17,cumulative,09-20,20,BUY,134.89,4307.410,2026-09-25 17:15:00,2026-09-25 20:19:31,184.5,-240669,sl 4289.953,L2
17,cumulative,09-20,21,SELL,107.27,4290.362,2026-09-25 20:20:00,2026-09-26 00:00:00,220,38499,,W1
17,weeklyreset,01-01,1,BUY,0.2,4328.500,2026-01-02 06:05:00,2026-01-02 09:50:15,225.2,443,tp 4356.245,W1
17,weeklyreset,01-01,2,BUY,0.37,4370.899,2026-01-02 10:14:00,2026-01-02 21:32:43,678.7,473,sl 4357.045,W2
17,weeklyreset,01-01,3,BUY,0.19,4361.368,2026-01-02 21:49:00,2026-01-02 22:23:28,34.5,-541,sl 4333.432,L1
17,weeklyreset,01-01,4,SELL,0.16,4330.793,2026-01-02 22:24:00,2026-01-03 00:00:00,96,68,,W1
17,weeklyreset,01-04,1,SELL,0.32,4359.038,2026-01-05 06:34:00,2026-01-05 06:50:39,16.6,-508,sl 4374.595,L1
17,weeklyreset,01-04,2,BUY,0.22,4379.869,2026-01-05 07:13:00,2026-01-05 16:43:18,570.3,1031,tp 4435.114,W1
17,weeklyreset,01-04,3,BUY,0.42,4437.670,2026-01-05 16:45:00,2026-01-05 18:25:30,100.5,-533,sl 4425.236,L1
17,weeklyreset,01-04,4,SELL,0.39,4423.120,2026-01-05 18:26:00,2026-01-05 21:48:29,202.5,483,sl 4435.942,W1
17,weeklyreset,01-04,5,BUY,0.21,4450.811,2026-01-05 22:04:00,2026-01-06 00:00:00,116,-189,,L1
17,weeklyreset,01-04,6,SELL,0.5,4450.783,2026-01-06 06:17:00,2026-01-06 09:30:04,193.1,457,sl 4461.211,W1
17,weeklyreset,01-04,7,SELL,0.3,4455.791,2026-01-06 09:39:00,2026-01-06 12:31:31,172.5,-541,sl 4473.445,L1
17,weeklyreset,01-04,8,SELL,0.54,4469.075,2026-01-06 12:39:00,2026-01-06 17:03:20,264.3,1122,tp 4444.381,W1
17,weeklyreset,01-04,9,BUY,0.35,4449.995,2026-01-06 17:10:00,2026-01-06 22:00:43,290.7,1219,tp 4490.951,W2
17,weeklyreset,01-04,10,SELL,0.28,4481.126,2026-01-06 22:12:00,2026-01-07 00:00:00,108,-211,,L1
17,weeklyreset,01-04,11,SELL,0.7,4496.160,2026-01-07 06:12:00,2026-01-07 08:07:39,115.6,1357,tp 4473.158,W1
17,weeklyreset,01-04,12,SELL,0.43,4474.897,2026-01-07 08:08:00,2026-01-07 20:08:40,720.7,1494,tp 4433.778,W2
17,weeklyreset,01-04,13,BUY,0.33,4445.217,2026-01-07 20:29:00,2026-01-08 00:00:00,211,630,,W3
17,weeklyreset,01-04,14,BUY,0.81,4462.696,2026-01-08 06:03:00,2026-01-08 07:37:40,94.7,-940,sl 4452.993,L1
17,weeklyreset,01-04,15,SELL,0.74,4452.660,2026-01-08 07:38:00,2026-01-08 12:13:05,275.1,1643,tp 4426.397,W1
17,weeklyreset,01-04,16,SELL,0.71,4425.928,2026-01-08 12:30:00,2026-01-08 13:39:15,69.2,-851,sl 4437.674,L1
17,weeklyreset,01-04,17,BUY,0.35,4435.810,2026-01-08 13:57:00,2026-01-08 19:05:31,308.5,-778,sl 4414.039,L2
17,weeklyreset,01-04,18,SELL,0.56,4410.001,2026-01-08 19:16:00,2026-01-08 19:32:28,16.5,-767,sl 4423.423,L3
17,weeklyreset,01-04,19,BUY,0.44,4426.349,2026-01-08 19:38:00,2026-01-09 00:00:00,262,1453,,W1
17,weeklyreset,01-04,20,BUY,0.62,4480.549,2026-01-09 06:03:00,2026-01-09 07:23:40,80.7,-821,sl 4468.140,L1
17,weeklyreset,01-04,21,SELL,0.7,4464.506,2026-01-09 07:49:00,2026-01-09 09:04:16,75.3,-761,sl 4475.159,L2
17,weeklyreset,01-04,22,BUY,0.44,4472.132,2026-01-09 09:46:00,2026-01-09 22:37:41,771.7,1521,tp 4512.868,W1
17,weeklyreset,01-04,23,BUY,0.27,4513.997,2026-01-09 22:41:00,2026-01-10 00:00:00,79,-206,,L1
17,weeklyreset,01-11,1,BUY,0.48,4523.966,2026-01-12 06:06:00,2026-01-12 07:09:40,63.7,1072,tp 4550.510,W1
17,weeklyreset,01-11,2,BUY,0.27,4567.558,2026-01-12 07:32:00,2026-01-12 20:55:05,803.1,1195,tp 4620.174,W2
17,weeklyreset,01-11,3,SELL,0.32,4612.321,2026-01-12 21:02:00,2026-01-13 00:00:00,178,-156,,L1
17,weeklyreset,01-11,4,BUY,0.35,4600.833,2026-01-13 06:01:00,2026-01-13 06:12:27,11.5,-613,sl 4583.675,L2
17,weeklyreset,01-11,5,SELL,0.39,4580.700,2026-01-13 06:13:00,2026-01-13 06:56:58,44,-591,sl 4595.536,L3
17,weeklyreset,01-11,6,SELL,0.27,4591.435,2026-01-13 07:24:00,2026-01-13 20:30:38,786.6,-548,sl 4611.258,L4
17,weeklyreset,01-11,7,BUY,0.27,4616.743,2026-01-13 20:43:00,2026-01-13 23:27:30,164.5,-520,sl 4597.853,L5
17,weeklyreset,01-11,8,BUY,0.18,4605.778,2026-01-13 23:35:00,2026-01-14 00:00:00,25,135,,W1
17,weeklyreset,01-11,9,BUY,0.38,4593.868,2026-01-14 06:09:00,2026-01-14 10:54:39,285.7,1061,tp 4627.423,W2
17,weeklyreset,01-11,10,SELL,0.48,4627.606,2026-01-14 11:12:00,2026-01-14 12:02:41,50.7,-568,sl 4639.204,L1
17,weeklyreset,01-11,11,SELL,0.48,4634.958,2026-01-14 12:12:00,2026-01-14 22:02:30,590.5,1135,tp 4606.822,W1
17,weeklyreset,01-11,12,SELL,0.22,4605.606,2026-01-14 22:04:00,2026-01-15 00:00:00,116,-260,,L1
17,weeklyreset,01-11,13,SELL,0.35,4616.482,2026-01-15 06:07:00,2026-01-16 00:00:00,1073,836,,W1
17,weeklyreset,01-11,14,BUY,0.62,4620.535,2026-01-16 06:06:00,2026-01-16 06:26:36,20.6,-615,sl 4610.839,L1
17,weeklyreset,01-11,15,SELL,0.59,4610.137,2026-01-16 06:27:00,2026-01-16 20:18:01,831,1271,tp 4584.704,W1
17,weeklyreset,01-11,16,SELL,0.33,4587.103,2026-01-16 20:30:00,2026-01-16 21:06:13,36.2,-651,sl 4606.432,L1
17,weeklyreset,01-11,17,BUY,0.24,4605.097,2026-01-16 21:07:00,2026-01-16 22:27:38,80.6,-598,sl 4580.673,L2
17,weeklyreset,01-11,18,BUY,0.13,4568.552,2026-01-16 22:49:00,2026-01-17 00:00:00,71,298,,W1
17,weeklyreset,01-18,1,BUY,0.28,4657.941,2026-01-19 06:12:00,2026-01-20 00:00:00,1068,559,,W1
17,weeklyreset,01-18,2,BUY,0.52,4672.260,2026-01-20 06:19:00,2026-01-20 07:26:28,67.5,-560,sl 4662.281,L1
17,weeklyreset,01-18,3,BUY,0.49,4670.018,2026-01-20 08:06:00,2026-01-20 11:59:17,233.3,1071,tp 4695.932,W1
17,weeklyreset,01-18,4,BUY,0.5,4695.433,2026-01-20 12:00:00,2026-01-20 15:08:32,188.5,1188,tp 4723.475,W2
17,weeklyreset,01-18,5,SELL,0.44,4720.638,2026-01-20 15:22:00,2026-01-20 16:30:29,68.5,-626,sl 4734.543,L1
17,weeklyreset,01-18,6,SELL,0.39,4734.073,2026-01-20 16:58:00,2026-01-20 21:28:30,270.5,-595,sl 4749.032,L2
17,weeklyreset,01-18,7,BUY,0.21,4750.690,2026-01-20 21:30:00,2026-01-20 22:25:37,55.6,-554,sl 4724.823,L3
17,weeklyreset,01-18,8,BUY,0.15,4731.966,2026-01-20 22:32:00,2026-01-21 00:00:00,88,325,,W1
17,weeklyreset,01-18,9,SELL,0.58,4759.985,2026-01-21 06:10:00,2026-01-21 06:44:17,34.3,-559,sl 4769.427,L1
17,weeklyreset,01-18,10,SELL,0.37,4774.178,2026-01-21 07:26:00,2026-01-21 07:59:15,33.2,-516,sl 4787.835,L2
17,weeklyreset,01-18,11,BUY,0.28,4792.877,2026-01-21 08:05:00,2026-01-21 08:30:42,25.7,1031,tp 4836.386,W1
17,weeklyreset,01-18,12,BUY,0.21,4824.023,2026-01-21 08:48:00,2026-01-22 00:00:00,912,694,,W2
17,weeklyreset,01-18,13,SELL,0.23,4826.644,2026-01-22 06:02:00,2026-01-22 22:26:26,984.4,459,sl 4850.931,W3
17,weeklyreset,01-18,14,BUY,0.22,4878.171,2026-01-22 23:27:00,2026-01-23 00:00:00,33,-5,,L1
17,weeklyreset,01-18,15,BUY,0.35,4952.510,2026-01-23 06:05:00,2026-01-23 06:30:28,25.5,-597,sl 4935.814,L2
17,weeklyreset,01-18,16,BUY,0.26,4945.663,2026-01-23 06:46:00,2026-01-23 15:23:31,517.5,-583,sl 4924.248,L3
17,weeklyreset,01-18,17,SELL,0.22,4917.492,2026-01-23 15:51:00,2026-01-23 19:52:02,241,-551,sl 4942.013,L4
17,weeklyreset,01-18,18,SELL,0.28,4935.795,2026-01-23 20:16:00,2026-01-23 21:48:31,92.5,-512,sl 4953.723,L5
17,weeklyreset,01-18,19,SELL,0.18,4943.231,2026-01-23 22:00:00,2026-01-23 23:09:30,69.5,-486,sl 4969.684,L6
17,weeklyreset,01-18,20,BUY,0.16,4980.049,2026-01-23 23:19:00,2026-01-24 00:00:00,41,5,,W1
17,weeklyreset,01-25,1,BUY,0.26,5023.684,2026-01-26 06:10:00,2026-01-26 08:25:14,135.2,1089,tp 5072.735,W1
17,weeklyreset,01-25,2,SELL,0.16,5069.767,2026-01-26 09:09:00,2026-01-26 13:47:30,278.5,-566,sl 5104.419,L1
17,weeklyreset,01-25,3,SELL,0.17,5085.328,2026-01-26 13:58:00,2026-01-27 00:00:00,602,-76,,L2
17,weeklyreset,01-25,4,BUY,0.11,5035.760,2026-01-27 06:09:00,2026-01-28 00:00:00,1071,563,,W1
17,weeklyreset,01-25,5,SELL,0.12,5168.556,2026-01-28 06:14:00,2026-01-28 08:44:28,150.5,-537,sl 5212.412,L1
17,weeklyreset,01-25,6,SELL,0.13,5209.936,2026-01-28 08:59:00,2026-01-28 11:58:29,179.5,-505,sl 5247.996,L2
17,weeklyreset,01-25,7,BUY,0.25,5251.661,2026-01-28 12:09:00,2026-01-28 15:30:32,201.5,1057,tp 5301.564,W1
17,weeklyreset,01-25,8,SELL,0.19,5297.546,2026-01-28 15:42:00,2026-01-29 00:00:00,498,656,,W2
17,weeklyreset,01-25,9,BUY,0.11,5465.428,2026-01-29 06:13:00,2026-01-29 13:23:03,430,1224,tp 5594.235,W3
17,weeklyreset,01-25,10,BUY,0.14,5590.155,2026-01-29 13:24:00,2026-01-29 14:28:27,64.4,-639,sl 5545.431,L1
17,weeklyreset,01-25,11,SELL,0.14,5527.857,2026-01-29 15:06:00,2026-01-29 22:09:29,423.5,1363,tp 5415.139,W1
17,weeklyreset,01-25,12,SELL,0.05,5253.577,2026-01-29 22:27:00,2026-01-30 00:00:00,93,-54,,L1
17,weeklyreset,01-25,13,BUY,0.1,5440.263,2026-01-30 06:07:00,2026-01-30 08:06:39,119.6,-663,sl 5375.864,L2
17,weeklyreset,01-25,14,SELL,0.07,5337.115,2026-01-30 08:48:00,2026-01-30 09:23:07,35.1,1338,tp 5115.884,W1
17,weeklyreset,01-25,15,BUY,0.05,5212.952,2026-01-30 09:41:00,2026-01-30 15:33:42,352.7,-634,sl 5088.590,L1
17,weeklyreset,01-25,16,BUY,0.07,5110.709,2026-01-30 15:48:00,2026-01-30 16:14:02,26,-657,sl 5018.713,L2
17,weeklyreset,01-25,17,SELL,0.05,5028.516,2026-01-30 16:30:00,2026-01-30 18:57:21,147.4,-566,sl 5139.542,L3
17,weeklyreset,01-25,18,SELL,0.08,5124.791,2026-01-30 19:07:00,2026-01-31 00:00:00,293,1122,,W1
17,weeklyreset,02-01,1,SELL,0.04,4724.043,2026-02-02 06:32:00,2026-02-02 07:12:14,40.2,-457,sl 4835.990,L1
17,weeklyreset,02-01,2,SELL,0.03,4827.638,2026-02-02 07:32:00,2026-02-02 13:24:31,352.5,933,tp 4457.983,W1
17,weeklyreset,02-01,3,SELL,0.03,4456.593,2026-02-02 13:37:00,2026-02-02 14:45:35,68.6,-421,sl 4594.218,L1
17,weeklyreset,02-01,4,SELL,0.04,4576.525,2026-02-02 15:03:00,2026-02-02 16:28:41,85.7,-494,sl 4697.586,L2
17,weeklyreset,02-01,5,BUY,0.05,4717.249,2026-02-02 16:50:00,2026-02-02 22:57:42,367.7,-479,sl 4623.385,L3
17,weeklyreset,02-01,6,BUY,0.03,4665.290,2026-02-02 23:08:00,2026-02-03 00:00:00,52,2,,W1
17,weeklyreset,02-01,7,SELL,0.15,4685.104,2026-02-03 06:01:00,2026-02-03 06:08:27,7.4,-455,sl 4714.844,L1
17,weeklyreset,02-01,8,BUY,0.07,4718.300,2026-02-03 06:16:00,2026-02-03 13:35:41,439.7,965,tp 4878.459,W1
17,weeklyreset,02-01,9,BUY,0.09,4891.944,2026-02-03 13:43:00,2026-02-04 00:00:00,617,661,,W2
17,weeklyreset,02-01,10,BUY,0.13,4961.715,2026-02-04 06:02:00,2026-02-04 06:07:27,5.4,-523,sl 4922.373,L1
17,weeklyreset,02-01,11,BUY,0.1,4937.401,2026-02-04 06:17:00,2026-02-04 09:02:31,165.5,1023,tp 5057.487,W1
17,weeklyreset,02-01,12,SELL,0.1,5056.305,2026-02-04 09:33:00,2026-02-04 22:34:32,781.5,1182,tp 4918.397,W2
17,weeklyreset,02-01,13,BUY,0.06,4944.526,2026-02-04 22:45:00,2026-02-05 00:00:00,75,-245,,L1
17,weeklyreset,02-01,14,BUY,0.17,5010.247,2026-02-05 06:16:00,2026-02-05 08:12:41,116.7,-618,sl 4976.360,L2
17,weeklyreset,02-01,15,SELL,0.1,4950.528,2026-02-05 08:27:00,2026-02-05 09:51:40,84.7,1146,tp 4816.931,W1
17,weeklyreset,02-01,16,BUY,0.05,4881.062,2026-02-05 10:22:00,2026-02-06 00:00:00,818,38,,W2
17,weeklyreset,02-01,17,BUY,0.11,4778.936,2026-02-06 06:11:00,2026-02-06 06:49:18,38.3,-624,sl 4723.415,L1
17,weeklyreset,02-01,18,SELL,0.09,4657.139,2026-02-06 07:18:00,2026-02-06 07:27:27,9.5,-545,sl 4716.513,L2
17,weeklyreset,02-01,19,BUY,0.08,4736.872,2026-02-06 07:37:00,2026-02-06 20:00:41,743.7,1234,tp 4911.938,W1
17,weeklyreset,02-01,20,BUY,0.15,4914.535,2026-02-06 20:20:00,2026-02-07 00:00:00,220,557,,W2
17,weeklyreset,02-08,1,BUY,0.17,4988.714,2026-02-09 06:21:00,2026-02-09 23:03:30,1002.5,1102,tp 5064.163,W1
17,weeklyreset,02-08,2,BUY,0.19,5074.404,2026-02-09 23:24:00,2026-02-10 00:00:00,36,-16,,L1
17,weeklyreset,02-08,3,SELL,0.47,5072.002,2026-02-10 06:02:00,2026-02-10 06:12:03,10,3001,tp 4998.872,W1
17,weeklyreset,02-08,4,BUY,0.14,5036.408,2026-02-10 06:44:00,2026-02-11 00:00:00,1036,-191,,L1
17,weeklyreset,02-08,5,BUY,0.35,5039.092,2026-02-11 06:17:00,2026-02-11 17:44:27,687.4,1488,tp 5089.769,W1
17,weeklyreset,02-08,6,SELL,0.31,5094.108,2026-02-11 17:58:00,2026-02-11 19:00:39,62.6,-791,sl 5119.074,L1
17,weeklyreset,02-08,7,SELL,0.24,5106.571,2026-02-11 19:06:00,2026-02-11 20:30:40,84.7,1522,tp 5031.140,W1
17,weeklyreset,02-08,8,SELL,0.16,5047.221,2026-02-11 20:36:00,2026-02-12 00:00:00,204,-458,,L1
17,weeklyreset,02-08,9,SELL,0.37,5084.358,2026-02-12 06:08:00,2026-02-12 23:11:20,1023.3,1696,tp 5030.099,W1
17,weeklyreset,02-08,10,SELL,0.15,4889.697,2026-02-12 23:27:00,2026-02-12 23:35:40,8.7,-854,sl 4945.507,L1
17,weeklyreset,02-08,11,BUY,0.11,4957.677,2026-02-12 23:40:00,2026-02-13 00:00:00,20,-34,,L2
17,weeklyreset,02-08,12,BUY,0.23,4909.065,2026-02-13 06:13:00,2026-02-13 20:30:41,857.7,1764,tp 4999.401,W1
17,weeklyreset,02-08,13,SELL,0.27,4973.973,2026-02-13 20:48:00,2026-02-13 21:21:37,33.6,-914,sl 5007.153,L1
17,weeklyreset,02-08,14,SELL,0.21,5003.142,2026-02-13 21:31:00,2026-02-14 00:00:00,149,-109,,L2
17,weeklyreset,02-15,1,BUY,0.19,5029.562,2026-02-16 06:28:00,2026-02-16 07:03:38,35.6,-491,sl 5004.264,L1
17,weeklyreset,02-15,2,SELL,0.15,5007.334,2026-02-16 07:04:00,2026-02-17 00:00:00,1016,288,,W1
17,weeklyreset,02-15,3,BUY,0.45,4998.072,2026-02-17 06:02:00,2026-02-17 06:12:39,10.6,-495,sl 4987.316,L1
17,weeklyreset,02-15,4,SELL,0.34,4988.064,2026-02-17 06:18:00,2026-02-17 07:52:40,94.7,1003,tp 4953.171,W1
17,weeklyreset,02-15,5,BUY,0.18,4950.123,2026-02-17 08:12:00,2026-02-17 12:15:28,243.5,-519,sl 4921.934,L1
17,weeklyreset,02-15,6,BUY,0.11,4894.155,2026-02-17 12:54:00,2026-02-17 21:01:32,487.5,-494,sl 4850.162,L2
17,weeklyreset,02-15,7,SELL,0.09,4881.512,2026-02-17 21:40:00,2026-02-18 00:00:00,140,107,,W1
17,weeklyreset,02-15,8,BUY,0.23,4882.949,2026-02-18 06:15:00,2026-02-18 06:50:30,35.5,-480,sl 4862.562,L1
17,weeklyreset,02-15,9,BUY,0.14,4877.112,2026-02-18 07:34:00,2026-02-18 20:07:42,753.7,986,tp 4958.518,W1
17,weeklyreset,02-15,10,BUY,0.22,4965.002,2026-02-18 20:38:00,2026-02-19 00:00:00,202,820,,W2
17,weeklyreset,02-15,11,BUY,0.33,4981.347,2026-02-19 06:28:00,2026-02-19 07:02:38,34.6,-604,sl 4965.104,L1
17,weeklyreset,02-15,12,BUY,0.21,4968.329,2026-02-19 07:13:00,2026-02-20 00:00:00,1007,796,,W1
17,weeklyreset,02-15,13,BUY,0.41,5003.029,2026-02-20 06:04:00,2026-02-20 06:56:36,52.6,-548,sl 4989.931,L1
17,weeklyreset,02-15,14,BUY,0.24,4996.283,2026-02-20 07:16:00,2026-02-20 21:32:39,856.6,1095,tp 5050.545,W1
17,weeklyreset,02-15,15,BUY,0.25,5050.117,2026-02-20 21:33:00,2026-02-20 22:03:23,30.4,-578,sl 5027.438,L1
17,weeklyreset,02-15,16,SELL,0.14,4994.839,2026-02-20 22:07:00,2026-02-20 22:16:14,9.2,-538,sl 5032.511,L2
17,weeklyreset,02-15,17,BUY,0.1,5044.503,2026-02-20 22:19:00,2026-02-21 00:00:00,101,221,,W1
17,weeklyreset,02-22,1,BUY,0.17,5158.704,2026-02-23 06:50:00,2026-02-23 07:20:04,30.1,-492,sl 5130.386,L1
17,weeklyreset,02-22,2,BUY,0.11,5153.494,2026-02-23 07:30:00,2026-02-24 00:00:00,990,624,,W1
17,weeklyreset,02-22,3,BUY,0.31,5240.285,2026-02-24 06:03:00,2026-02-24 07:01:30,58.5,-531,sl 5224.157,L1
17,weeklyreset,02-22,4,SELL,0.15,5225.250,2026-02-24 07:29:00,2026-02-24 08:16:41,47.7,1023,tp 5147.117,W1
17,weeklyreset,02-22,5,SELL,0.11,5150.942,2026-02-24 08:25:00,2026-02-25 00:00:00,935,99,,W2
17,weeklyreset,02-22,6,SELL,0.3,5135.751,2026-02-25 06:04:00,2026-02-25 07:38:28,94.5,-560,sl 5154.057,L1
17,weeklyreset,02-22,7,BUY,0.24,5154.479,2026-02-25 07:41:00,2026-02-25 12:49:39,308.7,1091,tp 5208.541,W1
17,weeklyreset,02-22,8,SELL,0.33,5202.492,2026-02-25 12:58:00,2026-02-25 18:16:39,318.7,1232,tp 5158.070,W2
17,weeklyreset,02-22,9,SELL,0.29,5157.013,2026-02-25 18:17:00,2026-02-25 18:57:25,40.4,-636,sl 5178.494,L1
17,weeklyreset,02-22,10,BUY,0.3,5179.751,2026-02-25 18:58:00,2026-02-25 21:39:40,161.7,-605,sl 5160.001,L2
17,weeklyreset,02-22,11,BUY,0.21,5175.245,2026-02-25 21:45:00,2026-02-26 00:00:00,135,768,,W1
17,weeklyreset,02-22,12,BUY,0.19,5173.404,2026-02-26 06:04:00,2026-02-26 21:30:42,926.7,-634,sl 5142.422,L1
17,weeklyreset,02-22,13,SELL,0.16,5162.774,2026-02-26 22:02:00,2026-02-27 00:00:00,118,-282,,L2
17,weeklyreset,02-22,14,SELL,0.32,5182.552,2026-02-27 06:26:00,2026-02-27 09:07:42,161.7,-567,sl 5199.867,L3
17,weeklyreset,02-22,15,BUY,0.24,5199.527,2026-02-27 09:08:00,2026-02-27 09:37:29,29.5,-537,sl 5177.614,L4
17,weeklyreset,02-22,16,SELL,0.24,5176.259,2026-02-27 09:51:00,2026-02-27 12:30:40,159.7,-499,sl 5196.634,L5
17,weeklyreset,02-22,17,BUY,0.38,5195.223,2026-02-27 12:55:00,2026-02-27 14:14:30,79.5,-484,sl 5182.805,L6
17,weeklyreset,02-22,18,SELL,0.27,5179.496,2026-02-27 14:17:00,2026-02-27 20:06:30,349.5,-465,sl 5196.310,L7
17,weeklyreset,02-22,19,SELL,0.15,5208.685,2026-02-27 20:42:00,2026-02-27 22:11:39,89.6,-438,sl 5237.316,L8
17,weeklyreset,02-22,20,BUY,0.1,5232.693,2026-02-27 22:32:00,2026-02-28 00:00:00,88,-35,,L9
17,weeklyreset,03-01,1,BUY,0.18,5351.678,2026-03-02 06:10:00,2026-03-02 08:01:40,111.7,-489,sl 5325.052,L1
17,weeklyreset,03-01,2,SELL,0.09,5331.429,2026-03-02 08:02:00,2026-03-02 13:48:30,346.5,-486,sl 5384.269,L2
17,weeklyreset,03-01,3,BUY,0.18,5384.729,2026-03-02 13:49:00,2026-03-02 21:21:39,452.6,-447,sl 5360.438,L3
17,weeklyreset,03-01,4,BUY,0.07,5349.632,2026-03-02 21:41:00,2026-03-02 23:00:39,79.6,-428,sl 5289.651,L4
17,weeklyreset,03-01,5,BUY,0.06,5301.654,2026-03-02 23:14:00,2026-03-03 00:00:00,46,-69,,L5
17,weeklyreset,03-01,6,BUY,0.17,5340.315,2026-03-03 06:04:00,2026-03-03 12:54:21,410.4,-416,sl 5316.917,L6
17,weeklyreset,03-01,7,SELL,0.09,5289.581,2026-03-03 13:15:00,2026-03-03 14:51:14,96.2,-379,sl 5330.804,L7
17,weeklyreset,03-01,8,BUY,0.11,5329.543,2026-03-03 14:55:00,2026-03-03 15:40:38,45.6,-357,sl 5297.805,L8
17,weeklyreset,03-01,9,SELL,0.11,5297.908,2026-03-03 15:41:00,2026-03-03 18:07:31,146.5,742,tp 5220.392,W1
17,weeklyreset,03-01,10,SELL,0.05,5185.301,2026-03-03 18:26:00,2026-03-03 22:17:41,231.7,849,tp 4997.815,W2
17,weeklyreset,03-01,11,BUY,0.04,5038.990,2026-03-03 22:23:00,2026-03-04 00:00:00,97,272,,W3
17,weeklyreset,03-01,12,BUY,0.11,5102.659,2026-03-04 06:03:00,2026-03-04 19:03:39,780.6,959,tp 5203.430,W4
17,weeklyreset,03-01,13,SELL,0.22,5186.895,2026-03-04 19:17:00,2026-03-05 00:00:00,283,911,,W5
17,weeklyreset,03-01,14,SELL,0.25,5146.531,2026-03-05 06:14:00,2026-03-05 07:05:41,51.7,-552,sl 5168.170,L1
17,weeklyreset,03-01,15,BUY,0.24,5167.114,2026-03-05 07:07:00,2026-03-05 13:00:16,353.3,-514,sl 5146.131,L2
17,weeklyreset,03-01,16,SELL,0.21,5146.993,2026-03-05 13:08:00,2026-03-05 14:00:05,52.1,-484,sl 5169.591,L3
17,weeklyreset,03-01,17,SELL,0.13,5161.170,2026-03-05 14:17:00,2026-03-05 22:08:31,471.5,983,tp 5072.567,W1
17,weeklyreset,03-01,18,SELL,0.08,5076.755,2026-03-05 22:27:00,2026-03-06 00:00:00,93,-9,,L1
17,weeklyreset,03-01,19,SELL,0.25,5090.351,2026-03-06 06:28:00,2026-03-06 08:40:27,132.4,-514,sl 5110.472,L2
17,weeklyreset,03-01,20,SELL,0.14,5123.551,2026-03-06 09:42:00,2026-03-06 22:02:40,740.7,-92,sl 5156.151,L3
17,weeklyreset,03-01,21,BUY,0.07,5164.443,2026-03-06 22:26:00,2026-03-07 00:00:00,94,-174,,L4
17,weeklyreset,03-08,1,SELL,0.07,5086.956,2026-03-09 06:37:00,2026-03-10 00:00:00,1043,-129,,L1
17,weeklyreset,03-08,2,BUY,0.15,5149.196,2026-03-10 06:13:00,2026-03-10 22:33:12,980.2,1058,tp 5230.658,W1
17,weeklyreset,03-08,3,SELL,0.21,5225.525,2026-03-10 23:09:00,2026-03-11 00:00:00,51,-48,,L1
17,weeklyreset,03-08,4,BUY,0.26,5194.778,2026-03-11 06:07:00,2026-03-11 19:36:40,809.7,-562,sl 5174.223,L2
17,weeklyreset,03-08,5,SELL,0.22,5174.576,2026-03-11 19:37:00,2026-03-12 00:00:00,263,-25,,L3
17,weeklyreset,03-08,6,BUY,0.2,5153.533,2026-03-12 06:14:00,2026-03-12 07:00:39,46.6,-545,sl 5128.609,L4
17,weeklyreset,03-08,7,BUY,0.16,5139.379,2026-03-12 07:15:00,2026-03-13 00:00:00,1005,-264,,L5
17,weeklyreset,03-08,8,BUY,0.22,5095.409,2026-03-13 06:08:00,2026-03-13 14:21:40,493.7,-491,sl 5074.123,L6
17,weeklyreset,03-08,9,SELL,0.18,5083.010,2026-03-13 14:56:00,2026-03-13 18:59:30,243.5,-448,sl 5107.383,L7
17,weeklyreset,03-08,10,SELL,0.2,5109.592,2026-03-13 19:13:00,2026-03-13 21:55:16,162.3,914,tp 5056.232,W1
17,weeklyreset,03-08,11,BUY,0.12,5058.288,2026-03-13 22:08:00,2026-03-13 23:06:40,58.7,-459,sl 5020.823,L1
17,weeklyreset,03-08,12,BUY,0.09,5040.282,2026-03-13 23:12:00,2026-03-14 00:00:00,48,52,,W1
17,weeklyreset,03-15,1,BUY,0.16,5025.049,2026-03-16 06:00:00,2026-03-16 06:20:27,20.4,-485,sl 4995.392,L1
17,weeklyreset,03-15,2,SELL,0.13,4986.442,2026-03-16 06:21:00,2026-03-16 07:02:41,41.7,-458,sl 5020.999,L2
17,weeklyreset,03-15,3,BUY,0.11,5030.946,2026-03-16 07:35:00,2026-03-16 08:14:30,39.5,-450,sl 4990.847,L3
17,weeklyreset,03-15,4,SELL,0.11,4995.375,2026-03-16 08:25:00,2026-03-16 13:16:37,291.6,-438,sl 5034.369,L4
17,weeklyreset,03-15,5,SELL,0.22,5027.383,2026-03-16 13:27:00,2026-03-16 16:45:39,198.6,894,tp 4979.476,W1
17,weeklyreset,03-15,6,SELL,0.2,4977.906,2026-03-16 16:56:00,2026-03-16 18:00:29,64.5,-454,sl 5000.108,L1
17,weeklyreset,03-15,7,BUY,0.19,5012.844,2026-03-16 18:20:00,2026-03-16 21:48:30,208.5,-421,sl 4991.119,L2
17,weeklyreset,03-15,8,BUY,0.12,5002.102,2026-03-16 22:17:00,2026-03-17 00:00:00,103,-140,,L3
17,weeklyreset,03-15,9,BUY,0.23,5005.743,2026-03-17 06:12:00,2026-03-17 22:36:27,984.4,283,sl 4988.821,W1
17,weeklyreset,03-15,10,BUY,0.14,5003.753,2026-03-17 23:26:00,2026-03-18 00:00:00,34,-29,,L1
17,weeklyreset,03-15,11,BUY,0.35,5001.773,2026-03-18 06:02:00,2026-03-18 10:04:20,242.3,-441,sl 4990.021,L2
17,weeklyreset,03-15,12,BUY,0.25,4996.384,2026-03-18 10:25:00,2026-03-18 15:45:30,320.5,-400,sl 4980.795,L3
17,weeklyreset,03-15,13,SELL,0.21,4983.045,2026-03-18 15:46:00,2026-03-18 18:44:30,178.5,826,tp 4937.568,W1
17,weeklyreset,03-15,14,SELL,0.1,4932.194,2026-03-18 18:56:00,2026-03-19 00:00:00,304,633,,W2
17,weeklyreset,03-15,15,SELL,0.13,4829.229,2026-03-19 06:19:00,2026-03-19 08:40:28,141.5,-449,sl 4863.061,L1
17,weeklyreset,03-15,16,SELL,0.14,4853.359,2026-03-19 08:51:00,2026-03-19 13:46:28,295.5,935,tp 4776.078,W1
17,weeklyreset,03-15,17,BUY,0.11,4771.370,2026-03-19 14:02:00,2026-03-19 14:59:40,57.7,-476,sl 4729.017,L1
17,weeklyreset,03-15,18,SELL,0.08,4724.983,2026-03-19 15:06:00,2026-03-19 19:42:39,276.7,931,tp 4592.896,W1
17,weeklyreset,03-15,19,SELL,0.08,4575.999,2026-03-19 19:44:00,2026-03-19 21:00:27,76.4,-453,sl 4631.503,L1
17,weeklyreset,03-15,20,SELL,0.04,4614.257,2026-03-19 21:20:00,2026-03-20 00:00:00,160,117,,W1
17,weeklyreset,03-15,21,SELL,0.17,4644.020,2026-03-20 06:10:00,2026-03-20 08:05:41,115.7,-484,sl 4671.954,L1
17,weeklyreset,03-15,22,BUY,0.16,4673.864,2026-03-20 08:07:00,2026-03-20 17:51:41,584.7,387,sl 4645.703,W1
17,weeklyreset,03-15,23,BUY,0.12,4669.165,2026-03-20 18:33:00,2026-03-20 20:51:42,138.7,-476,sl 4630.264,L1
17,weeklyreset,03-15,24,SELL,0.08,4627.333,2026-03-20 20:53:00,2026-03-21 00:00:00,187,349,,W1
17,weeklyreset,03-22,1,SELL,0.08,4489.127,2026-03-23 06:22:00,2026-03-23 07:37:28,75.5,1098,tp 4333.501,W1
17,weeklyreset,03-22,2,BUY,0.06,4356.756,2026-03-23 07:58:00,2026-03-23 13:07:15,309.2,-529,sl 4270.309,L1
17,weeklyreset,03-22,3,SELL,0.08,4243.755,2026-03-23 13:30:00,2026-03-23 16:29:42,179.7,234,sl 4304.162,W1
17,weeklyreset,03-22,4,BUY,0.06,4304.266,2026-03-23 16:30:00,2026-03-23 16:44:42,14.7,-481,sl 4225.621,L1
17,weeklyreset,03-22,5,BUY,0.06,4243.983,2026-03-23 16:53:00,2026-03-23 18:11:00,78,996,tp 4441.157,W1
17,weeklyreset,03-22,6,SELL,0.05,4395.003,2026-03-23 18:20:00,2026-03-23 19:59:14,99.2,-494,sl 4491.870,L1
17,weeklyreset,03-22,7,SELL,0.05,4423.391,2026-03-23 20:20:00,2026-03-24 00:00:00,220,239,,W1
17,weeklyreset,03-22,8,BUY,0.12,4437.262,2026-03-24 06:08:00,2026-03-24 07:27:21,79.4,-560,sl 4392.109,L1
17,weeklyreset,03-22,9,SELL,0.1,4360.248,2026-03-24 07:39:00,2026-03-24 14:00:38,381.6,-502,sl 4409.446,L2
17,weeklyreset,03-22,10,BUY,0.08,4423.726,2026-03-24 14:11:00,2026-03-24 19:39:38,328.6,-464,sl 4366.866,L3
17,weeklyreset,03-22,11,SELL,0.09,4365.341,2026-03-24 19:40:00,2026-03-24 21:34:39,114.6,-467,sl 4416.243,L4
17,weeklyreset,03-22,12,SELL,0.07,4410.944,2026-03-24 22:01:00,2026-03-25 00:00:00,119,-77,,L5
17,weeklyreset,03-22,13,BUY,0.1,4485.083,2026-03-25 06:00:00,2026-03-25 08:39:14,159.2,892,tp 4589.968,W1
17,weeklyreset,03-22,14,BUY,0.13,4598.356,2026-03-25 08:51:00,2026-03-25 12:21:38,210.6,-487,sl 4561.656,L1
17,weeklyreset,03-22,15,BUY,0.22,4565.268,2026-03-25 12:44:00,2026-03-25 13:09:19,25.3,-473,sl 4544.233,L2
17,weeklyreset,03-22,16,BUY,0.15,4550.757,2026-03-25 13:22:00,2026-03-25 19:31:42,369.7,-434,sl 4522.383,L3
17,weeklyreset,03-22,17,BUY,0.12,4553.344,2026-03-25 19:38:00,2026-03-26 00:00:00,262,25,,W1
17,weeklyreset,03-22,18,SELL,0.11,4509.128,2026-03-26 06:04:00,2026-03-26 23:21:32,1037.5,962,tp 4408.555,W2
17,weeklyreset,03-22,19,SELL,0.13,4397.502,2026-03-27 06:06:00,2026-03-27 09:03:31,177.5,-469,sl 4432.868,L1
17,weeklyreset,03-22,20,BUY,0.14,4436.991,2026-03-27 09:11:00,2026-03-27 18:07:29,536.5,-431,sl 4406.800,L2
17,weeklyreset,03-22,21,SELL,0.18,4408.471,2026-03-27 18:09:00,2026-03-27 19:16:31,67.5,-432,sl 4431.980,L3
17,weeklyreset,03-22,22,BUY,0.15,4429.733,2026-03-27 19:30:00,2026-03-27 21:52:41,142.7,907,tp 4498.981,W1
17,weeklyreset,03-22,23,BUY,0.08,4530.267,2026-03-27 22:14:00,2026-03-28 00:00:00,106,-116,,L1
17,weeklyreset,03-29,1,SELL,0.11,4484.646,2026-03-30 06:00:00,2026-03-30 12:53:38,413.6,-477,sl 4527.117,L1
17,weeklyreset,03-29,2,BUY,0.17,4529.308,2026-03-30 13:10:00,2026-03-31 00:00:00,650,370,,W1
17,weeklyreset,03-29,3,SELL,0.25,4502.777,2026-03-31 06:03:00,2026-03-31 07:02:28,59.5,-501,sl 4522.379,L1
17,weeklyreset,03-29,4,SELL,0.18,4518.147,2026-03-31 07:14:00,2026-03-31 07:46:41,32.7,-480,sl 4544.267,L2
17,weeklyreset,03-29,5,BUY,0.11,4542.583,2026-03-31 07:55:00,2026-03-31 23:41:40,946.7,996,tp 4646.646,W1
17,weeklyreset,03-29,6,BUY,0.13,4680.354,2026-04-01 06:01:00,2026-04-01 22:32:35,991.6,1079,tp 4778.185,W2
17,weeklyreset,03-29,7,BUY,0.14,4779.857,2026-04-01 22:35:00,2026-04-02 00:00:00,85,105,,W3
17,weeklyreset,03-29,8,SELL,0.25,4774.490,2026-04-02 06:01:00,2026-04-02 06:19:30,18.5,-568,sl 4796.629,L1
17,weeklyreset,03-29,9,SELL,0.21,4789.516,2026-04-02 06:38:00,2026-04-02 08:06:42,88.7,1160,tp 4725.624,W1
17,weeklyreset,03-29,10,SELL,0.12,4727.680,2026-04-02 08:20:00,2026-04-02 12:47:39,267.6,1199,tp 4608.898,W2
17,weeklyreset,03-29,11,SELL,0.15,4587.068,2026-04-02 13:02:00,2026-04-02 14:34:27,92.4,-657,sl 4629.931,L1
17,weeklyreset,03-29,12,BUY,0.13,4632.003,2026-04-02 14:35:00,2026-04-02 20:00:39,325.7,-607,sl 4586.287,L2
17,weeklyreset,03-29,13,SELL,0.14,4590.770,2026-04-02 20:14:00,2026-04-02 20:49:30,35.5,-594,sl 4632.353,L3
17,weeklyreset,03-29,14,BUY,0.09,4656.299,2026-04-02 21:12:00,2026-04-03 00:00:00,168,23,,W1
17,weeklyreset,04-05,1,BUY,0.1,4645.881,2026-04-06 06:00:00,2026-04-07 00:00:00,1080,147,,W1
17,weeklyreset,04-05,2,BUY,0.34,4661.086,2026-04-07 06:07:00,2026-04-07 08:00:21,113.4,-529,sl 4646.445,L1
17,weeklyreset,04-05,3,SELL,0.18,4636.246,2026-04-07 08:11:00,2026-04-07 11:42:32,211.5,-492,sl 4663.057,L2
17,weeklyreset,04-05,4,SELL,0.31,4660.229,2026-04-07 12:01:00,2026-04-07 15:20:41,199.7,405,sl 4674.883,W1
17,weeklyreset,04-05,5,SELL,0.16,4681.890,2026-04-07 16:07:00,2026-04-08 00:00:00,473,720,,W2
17,weeklyreset,04-05,6,BUY,0.07,4821.426,2026-04-08 06:21:00,2026-04-08 21:32:34,911.6,-479,sl 4754.978,L1
17,weeklyreset,04-05,7,SELL,0.1,4747.346,2026-04-08 21:54:00,2026-04-09 00:00:00,126,-138,,L2
17,weeklyreset,04-05,8,SELL,0.2,4713.826,2026-04-09 06:02:00,2026-04-09 17:24:38,682.6,-479,sl 4737.293,L3
17,weeklyreset,04-05,9,BUY,0.25,4745.425,2026-04-09 17:51:00,2026-04-09 22:34:41,283.7,982,tp 4791.780,W1
17,weeklyreset,04-05,10,BUY,0.16,4793.974,2026-04-09 22:36:00,2026-04-10 00:00:00,84,-86,,L1
17,weeklyreset,04-05,11,BUY,0.26,4764.348,2026-04-10 06:00:00,2026-04-10 09:21:20,201.3,-523,sl 4745.231,L2
17,weeklyreset,04-05,12,BUY,0.19,4749.303,2026-04-10 09:41:00,2026-04-11 00:00:00,859,455,,W1
17,weeklyreset,04-12,1,BUY,0.13,4659.132,2026-04-13 06:00:00,2026-04-14 00:00:00,1080,978,,W1
17,weeklyreset,04-12,2,SELL,0.35,4758.128,2026-04-14 06:22:00,2026-04-14 07:41:21,79.4,-557,sl 4773.709,L1
17,weeklyreset,04-12,3,BUY,0.23,4775.941,2026-04-14 08:08:00,2026-04-14 17:39:38,571.6,-512,sl 4754.112,L2
17,weeklyreset,04-12,4,BUY,0.21,4770.410,2026-04-14 17:51:00,2026-04-15 00:00:00,369,899,,W1
17,weeklyreset,04-12,5,BUY,0.34,4843.001,2026-04-15 06:07:00,2026-04-15 09:32:15,205.2,-570,sl 4827.147,L1
17,weeklyreset,04-12,6,SELL,0.22,4822.192,2026-04-15 09:56:00,2026-04-16 00:00:00,844,393,,W1
17,weeklyreset,04-12,7,BUY,0.38,4811.726,2026-04-16 06:14:00,2026-04-16 20:52:39,878.6,-128,sl 4797.923,L1
17,weeklyreset,04-12,8,SELL,0.19,4788.428,2026-04-16 21:06:00,2026-04-17 00:00:00,174,-79,,L2
17,weeklyreset,04-12,9,SELL,0.47,4793.713,2026-04-17 06:02:00,2026-04-17 12:00:38,358.6,429,sl 4804.963,W1
17,weeklyreset,04-12,10,BUY,0.55,4804.249,2026-04-17 12:01:00,2026-04-17 12:57:25,56.4,-549,sl 4794.469,L1
17,weeklyreset,04-12,11,SELL,0.38,4795.447,2026-04-17 12:59:00,2026-04-17 18:48:29,349.5,-535,sl 4809.235,L2
17,weeklyreset,04-12,12,SELL,0.3,4800.772,2026-04-17 18:56:00,2026-04-17 19:25:39,29.6,-492,sl 4816.862,L3
17,weeklyreset,04-12,13,BUY,0.24,4820.558,2026-04-17 19:37:00,2026-04-17 20:10:30,33.5,1008,tp 4870.424,W1
17,weeklyreset,04-12,14,SELL,0.13,4855.539,2026-04-17 20:22:00,2026-04-18 00:00:00,218,-154,,L1
17,weeklyreset,04-19,1,SELL,0.15,4773.306,2026-04-20 06:16:00,2026-04-20 08:31:26,135.4,-496,sl 4805.742,L1
17,weeklyreset,04-19,2,SELL,0.18,4807.813,2026-04-20 09:00:00,2026-04-21 00:00:00,900,38,,W1
17,weeklyreset,04-19,3,SELL,0.3,4824.381,2026-04-21 06:09:00,2026-04-21 12:52:40,403.7,1038,tp 4783.991,W2
17,weeklyreset,04-19,4,BUY,0.29,4788.423,2026-04-21 13:11:00,2026-04-21 19:30:39,379.7,-538,sl 4770.273,L1
17,weeklyreset,04-19,5,SELL,0.26,4776.184,2026-04-21 19:31:00,2026-04-21 21:47:40,136.7,1080,tp 4727.493,W1
17,weeklyreset,04-19,6,BUY,0.15,4737.332,2026-04-21 21:58:00,2026-04-22 00:00:00,122,-400,,L1
17,weeklyreset,04-19,7,BUY,0.34,4721.699,2026-04-22 06:02:00,2026-04-22 10:29:37,267.6,1170,tp 4762.993,W1
17,weeklyreset,04-19,8,SELL,0.48,4759.001,2026-04-22 10:38:00,2026-04-22 12:21:41,103.7,-615,sl 4771.534,L1
17,weeklyreset,04-19,9,BUY,0.4,4767.847,2026-04-22 12:39:00,2026-04-22 15:30:03,171,-563,sl 4754.038,L2
17,weeklyreset,04-19,10,SELL,0.4,4752.495,2026-04-22 15:37:00,2026-04-23 00:00:00,503,1010,,W1
17,weeklyreset,04-19,11,SELL,0.52,4726.131,2026-04-23 06:00:00,2026-04-23 07:15:40,75.7,1282,tp 4696.919,W2
17,weeklyreset,04-19,12,BUY,0.31,4734.364,2026-04-23 07:26:00,2026-04-23 09:08:39,102.6,-657,sl 4713.586,L1
17,weeklyreset,04-19,13,BUY,0.25,4717.986,2026-04-23 09:23:00,2026-04-23 12:30:42,187.7,-629,sl 4693.319,L2
17,weeklyreset,04-19,14,SELL,0.41,4702.205,2026-04-23 12:43:00,2026-04-23 13:01:20,18.3,-603,sl 4716.608,L3
17,weeklyreset,04-19,15,BUY,0.34,4716.675,2026-04-23 13:03:00,2026-04-23 16:02:27,179.5,-559,sl 4700.599,L4
17,weeklyreset,04-19,16,BUY,0.28,4701.422,2026-04-23 16:24:00,2026-04-24 00:00:00,456,957,,W1
17,weeklyreset,04-19,17,BUY,0.43,4695.421,2026-04-24 06:01:00,2026-04-24 09:28:39,207.6,-607,sl 4682.158,L1
17,weeklyreset,04-19,18,BUY,0.26,4689.114,2026-04-24 09:35:00,2026-04-24 10:10:15,35.2,-544,sl 4668.606,L2
17,weeklyreset,04-19,19,SELL,0.26,4669.800,2026-04-24 10:13:00,2026-04-24 14:46:28,273.5,-529,sl 4689.724,L3
17,weeklyreset,04-19,20,BUY,0.32,4693.333,2026-04-24 15:20:00,2026-04-24 17:31:41,131.7,-501,sl 4678.035,L4
17,weeklyreset,04-19,21,SELL,0.31,4677.308,2026-04-24 17:55:00,2026-04-24 18:05:02,10,-474,sl 4692.247,L5
17,weeklyreset,04-19,22,BUY,0.19,4707.615,2026-04-24 18:24:00,2026-04-25 00:00:00,336,360,,W1
17,weeklyreset,04-26,1,BUY,0.29,4684.052,2026-04-27 06:07:00,2026-04-27 10:43:36,276.6,1083,tp 4727.924,W1
17,weeklyreset,04-26,2,SELL,0.47,4726.252,2026-04-27 11:26:00,2026-04-27 20:01:32,515.5,1215,tp 4695.753,W2
17,weeklyreset,04-26,3,BUY,0.34,4697.748,2026-04-27 20:12:00,2026-04-27 21:55:21,103.4,-626,sl 4679.704,L1
17,weeklyreset,04-26,4,SELL,0.25,4673.195,2026-04-27 22:03:00,2026-04-28 00:00:00,117,-92,,L2
17,weeklyreset,04-26,5,BUY,0.66,4687.876,2026-04-28 06:01:00,2026-04-28 08:55:41,174.7,-621,sl 4679.224,L3
17,weeklyreset,04-26,6,BUY,0.34,4679.224,2026-04-28 09:18:00,2026-04-28 12:03:37,165.6,-561,sl 4663.113,L4
17,weeklyreset,04-26,7,BUY,0.4,4658.035,2026-04-28 12:21:00,2026-04-28 12:30:40,9.7,-523,sl 4645.232,L5
17,weeklyreset,04-26,8,SELL,0.32,4644.526,2026-04-28 12:35:00,2026-04-28 17:58:35,323.6,1087,tp 4604.621,W1
17,weeklyreset,04-26,9,SELL,0.3,4602.824,2026-04-28 18:09:00,2026-04-28 19:01:42,52.7,1229,tp 4554.986,W2
17,weeklyreset,04-26,10,BUY,0.2,4575.554,2026-04-28 19:12:00,2026-04-29 00:00:00,288,338,,W3
17,weeklyreset,04-26,11,SELL,0.75,4591.470,2026-04-29 06:06:00,2026-04-29 07:00:38,54.6,-659,sl 4600.053,L1
17,weeklyreset,04-26,12,SELL,0.49,4601.447,2026-04-29 07:21:00,2026-04-29 14:26:42,425.7,1299,tp 4570.036,W1
17,weeklyreset,04-26,13,SELL,0.34,4570.740,2026-04-29 14:43:00,2026-04-29 20:40:38,357.6,1442,tp 4520.646,W2
17,weeklyreset,04-26,14,BUY,0.24,4521.039,2026-04-29 20:55:00,2026-04-30 00:00:00,185,586,,W3
17,weeklyreset,04-26,15,BUY,0.63,4552.894,2026-04-30 06:02:00,2026-04-30 11:35:15,333.2,612,sl 4540.875,W4
17,weeklyreset,04-26,16,SELL,0.54,4542.823,2026-04-30 11:59:00,2026-04-30 12:24:27,25.4,-821,sl 4557.695,L1
17,weeklyreset,04-26,17,BUY,0.48,4561.148,2026-04-30 12:33:00,2026-04-30 14:56:39,143.6,1619,tp 4601.253,W1
17,weeklyreset,04-26,18,BUY,0.36,4627.028,2026-04-30 15:05:00,2026-05-01 00:00:00,535,-723,,L1
17,weeklyreset,04-26,19,SELL,0.67,4628.962,2026-05-01 06:04:00,2026-05-01 13:19:15,435.2,1723,tp 4598.468,W1
17,weeklyreset,04-26,20,SELL,0.61,4594.693,2026-05-01 13:28:00,2026-05-01 20:41:15,433.2,812,sl 4609.211,W2
17,weeklyreset,04-26,21,BUY,0.37,4615.118,2026-05-01 20:54:00,2026-05-02 00:00:00,186,1138,,W3
17,weeklyreset,05-03,1,SELL,0.27,4615.058,2026-05-04 06:11:00,2026-05-04 17:02:31,651.5,1072,tp 4567.859,W1
17,weeklyreset,05-03,2,BUY,0.21,4557.887,2026-05-04 17:35:00,2026-05-04 22:20:43,285.7,-564,sl 4531.580,L1
17,weeklyreset,05-03,3,SELL,0.13,4527.006,2026-05-04 22:49:00,2026-05-05 00:00:00,71,210,,W1
17,weeklyreset,05-03,4,BUY,0.5,4518.125,2026-05-05 06:03:00,2026-05-05 09:43:30,220.5,1112,tp 4545.028,W2
17,weeklyreset,05-03,5,BUY,0.42,4546.457,2026-05-05 09:49:00,2026-05-05 10:58:14,69.2,-602,sl 4532.436,L1
17,weeklyreset,05-03,6,SELL,0.57,4530.432,2026-05-05 11:21:00,2026-05-05 12:07:23,46.4,-584,sl 4540.471,L2
17,weeklyreset,05-03,7,SELL,0.44,4539.340,2026-05-05 12:17:00,2026-05-05 12:42:38,25.6,-556,sl 4551.685,L3
17,weeklyreset,05-03,8,BUY,0.31,4546.691,2026-05-05 13:04:00,2026-05-06 00:00:00,656,786,,W1
17,weeklyreset,05-03,9,BUY,0.37,4572.961,2026-05-06 06:01:00,2026-05-06 07:41:36,100.6,1161,tp 4610.694,W2
17,weeklyreset,05-03,10,BUY,0.33,4618.290,2026-05-06 07:59:00,2026-05-06 13:00:57,302,1282,tp 4664.467,W3
17,weeklyreset,05-03,11,BUY,0.37,4666.596,2026-05-06 13:27:00,2026-05-06 17:41:01,254,1437,tp 4712.558,W4
17,weeklyreset,05-03,12,SELL,0.32,4712.325,2026-05-06 18:04:00,2026-05-07 00:00:00,356,1264,,W5
17,weeklyreset,05-03,13,SELL,0.66,4694.255,2026-05-07 06:14:00,2026-05-07 08:11:28,117.5,-835,sl 4706.656,L1
17,weeklyreset,05-03,14,SELL,0.35,4704.757,2026-05-07 08:27:00,2026-05-07 13:31:41,304.7,-779,sl 4726.541,L2
17,weeklyreset,05-03,15,SELL,0.34,4736.727,2026-05-07 13:55:00,2026-05-07 20:34:13,399.2,-739,sl 4758.037,L3
17,weeklyreset,05-03,16,SELL,0.26,4743.628,2026-05-07 20:49:00,2026-05-08 00:00:00,191,741,,W1
17,weeklyreset,05-03,17,BUY,0.27,4689.425,2026-05-08 06:04:00,2026-05-09 00:00:00,1076,1108,,W2
17,weeklyreset,05-10,1,SELL,0.23,4692.135,2026-05-11 06:11:00,2026-05-11 20:06:31,835.5,-75,sl 4713.799,L1
17,weeklyreset,05-10,2,BUY,0.16,4739.016,2026-05-11 20:39:00,2026-05-11 23:43:14,184.2,-497,sl 4708.575,L2
17,weeklyreset,05-10,3,SELL,0.27,4714.105,2026-05-11 23:44:00,2026-05-12 00:00:00,16,-66,,L3
17,weeklyreset,05-10,4,BUY,0.34,4753.767,2026-05-12 06:09:00,2026-05-12 08:26:13,137.2,-495,sl 4740.061,L4
17,weeklyreset,05-10,5,SELL,0.16,4730.308,2026-05-12 08:37:00,2026-05-12 22:18:29,821.5,942,tp 4661.192,W1
17,weeklyreset,05-10,6,BUY,0.15,4663.101,2026-05-12 22:35:00,2026-05-13 00:00:00,85,119,,W2
17,weeklyreset,05-10,7,BUY,0.35,4720.443,2026-05-13 06:08:00,2026-05-13 08:17:37,129.6,-523,sl 4706.404,L1
17,weeklyreset,05-10,8,SELL,0.23,4704.523,2026-05-13 08:30:00,2026-05-14 00:00:00,930,194,,W1
17,weeklyreset,05-10,9,BUY,0.48,4701.896,2026-05-14 06:11:00,2026-05-14 07:03:30,52.5,-571,sl 4691.976,L1
17,weeklyreset,05-10,10,BUY,0.39,4697.409,2026-05-14 07:13:00,2026-05-14 08:13:38,60.6,-457,sl 4685.964,L2
17,weeklyreset,05-10,11,SELL,0.18,4688.953,2026-05-14 08:40:00,2026-05-14 11:36:39,176.6,-431,sl 4712.386,L3
17,weeklyreset,05-10,12,SELL,0.21,4701.046,2026-05-14 12:03:00,2026-05-15 00:00:00,717,463,,W1
17,weeklyreset,05-10,13,SELL,0.38,4661.203,2026-05-15 06:10:00,2026-05-15 07:25:38,75.6,946,tp 4631.882,W2
17,weeklyreset,05-10,14,BUY,0.16,4626.498,2026-05-15 07:48:00,2026-05-15 12:07:27,259.4,-462,sl 4598.169,L1
17,weeklyreset,05-10,15,SELL,0.23,4582.145,2026-05-15 12:21:00,2026-05-15 20:37:38,496.6,1008,tp 4530.847,W1
17,weeklyreset,05-10,16,BUY,0.14,4534.678,2026-05-15 20:55:00,2026-05-16 00:00:00,185,133,,W2
17,weeklyreset,05-17,1,SELL,0.22,4541.927,2026-05-18 06:07:00,2026-05-18 07:44:39,97.6,1120,tp 4481.920,W1
17,weeklyreset,05-17,2,BUY,0.14,4516.065,2026-05-18 08:00:00,2026-05-19 00:00:00,960,478,,W2
17,weeklyreset,05-17,3,BUY,0.48,4582.304,2026-05-19 06:13:00,2026-05-19 07:28:37,75.6,-613,sl 4570.418,L1
17,weeklyreset,05-17,4,SELL,0.28,4574.466,2026-05-19 07:36:00,2026-05-19 20:04:39,748.6,1195,tp 4524.032,W1
17,weeklyreset,05-17,5,SELL,0.24,4517.307,2026-05-19 20:20:00,2026-05-20 00:00:00,220,859,,W2
17,weeklyreset,05-17,6,BUY,0.5,4483.629,2026-05-20 06:05:00,2026-05-20 08:30:38,145.6,-106,sl 4470.798,L1
17,weeklyreset,05-17,7,BUY,0.19,4483.098,2026-05-20 08:51:00,2026-05-21 00:00:00,909,1124,,W1
17,weeklyreset,05-17,8,BUY,0.57,4541.722,2026-05-21 06:07:00,2026-05-21 10:53:30,286.5,517,sl 4529.488,W2
17,weeklyreset,05-17,9,BUY,0.46,4533.596,2026-05-21 11:06:00,2026-05-21 14:15:34,189.6,-735,sl 4517.950,L1
17,weeklyreset,05-17,10,SELL,0.35,4518.925,2026-05-21 14:16:00,2026-05-21 16:13:27,117.4,-710,sl 4538.771,L2
17,weeklyreset,05-17,11,SELL,0.34,4535.954,2026-05-21 16:27:00,2026-05-22 00:00:00,453,1018,,W1
17,weeklyreset,05-17,12,SELL,0.78,4540.371,2026-05-22 06:22:00,2026-05-22 12:56:37,394.6,1532,tp 4517.001,W2
17,weeklyreset,05-17,13,BUY,0.41,4523.071,2026-05-22 13:25:00,2026-05-22 21:01:15,456.2,-787,sl 4504.249,L1
17,weeklyreset,05-17,14,SELL,0.32,4507.407,2026-05-22 21:02:00,2026-05-23 00:00:00,178,-251,,L2
17,weeklyreset,05-24,1,BUY,0.24,4567.528,2026-05-25 06:01:00,2026-05-26 00:00:00,1079,145,,W1
17,weeklyreset,05-24,2,BUY,0.53,4576.376,2026-05-26 06:10:00,2026-05-26 06:31:21,21.4,-518,sl 4566.816,L1
17,weeklyreset,05-24,3,SELL,0.27,4544.848,2026-05-26 07:21:00,2026-05-27 00:00:00,999,986,,W1
17,weeklyreset,05-24,4,SELL,0.3,4509.429,2026-05-27 06:13:00,2026-05-27 06:44:40,31.7,-536,sl 4526.891,L1
17,weeklyreset,05-24,5,SELL,0.32,4518.969,2026-05-27 06:59:00,2026-05-27 13:31:40,392.7,1051,tp 4480.297,W1
17,weeklyreset,05-24,6,SELL,0.27,4482.706,2026-05-27 13:32:00,2026-05-27 18:57:38,325.6,1193,tp 4430.128,W2
17,weeklyreset,05-24,7,SELL,0.23,4430.290,2026-05-27 19:15:00,2026-05-27 19:21:41,6.7,-624,sl 4456.848,L1
17,weeklyreset,05-24,8,SELL,0.18,4445.311,2026-05-27 19:48:00,2026-05-28 00:00:00,252,-108,,L2
17,weeklyreset,05-24,9,SELL,0.45,4451.905,2026-05-28 06:09:00,2026-05-28 08:27:03,138,1257,tp 4418.680,W1
17,weeklyreset,05-24,10,SELL,0.28,4419.164,2026-05-28 08:43:00,2026-05-28 21:09:42,746.7,574,sl 4442.134,W2
17,weeklyreset,05-24,11,SELL,0.17,4457.822,2026-05-28 21:36:00,2026-05-28 23:19:29,103.5,-652,sl 4495.414,L1
17,weeklyreset,05-24,12,BUY,0.29,4504.173,2026-05-28 23:43:00,2026-05-29 00:00:00,17,192,,W1
17,weeklyreset,05-24,13,BUY,0.67,4496.704,2026-05-29 06:18:00,2026-05-29 13:00:42,402.7,1380,tp 4521.795,W2
17,weeklyreset,05-24,14,BUY,0.48,4520.339,2026-05-29 13:03:00,2026-05-29 21:52:39,529.6,1531,tp 4558.282,W3
17,weeklyreset,05-24,15,BUY,0.24,4575.707,2026-05-29 22:04:00,2026-05-30 00:00:00,116,-217,,L1
17,weeklyreset,05-31,1,BUY,0.28,4542.614,2026-06-01 06:15:00,2026-06-01 08:56:55,161.9,-497,sl 4525.230,L1
17,weeklyreset,05-31,2,SELL,0.23,4525.291,2026-06-01 08:58:00,2026-06-01 20:12:41,674.7,1000,tp 4474.362,W1
17,weeklyreset,05-31,3,SELL,0.19,4478.018,2026-06-01 20:21:00,2026-06-02 00:00:00,219,-41,,L1
17,weeklyreset,05-31,4,SELL,0.52,4485.338,2026-06-02 06:10:00,2026-06-02 07:32:27,82.4,-541,sl 4495.507,L2
17,weeklyreset,05-31,5,SELL,0.33,4486.070,2026-06-02 07:44:00,2026-06-02 11:01:38,197.6,-511,sl 4501.210,L3
17,weeklyreset,05-31,6,BUY,0.29,4505.174,2026-06-02 11:12:00,2026-06-02 23:30:41,738.7,383,sl 4488.997,W1
17,weeklyreset,05-31,7,SELL,0.32,4488.593,2026-06-02 23:38:00,2026-06-03 00:00:00,22,-111,,L1
17,weeklyreset,05-31,8,BUY,0.23,4472.146,2026-06-03 06:48:00,2026-06-03 15:00:38,492.6,-490,sl 4451.834,L2
17,weeklyreset,05-31,9,SELL,0.25,4453.886,2026-06-03 15:20:00,2026-06-04 00:00:00,520,297,,W1
17,weeklyreset,05-31,10,BUY,0.27,4449.712,2026-06-04 06:25:00,2026-06-04 18:46:19,741.3,970,tp 4494.503,W2
17,weeklyreset,05-31,11,BUY,0.28,4497.154,2026-06-04 18:47:00,2026-06-04 21:38:38,171.6,-519,sl 4479.005,L1
17,weeklyreset,05-31,12,BUY,0.17,4470.488,2026-06-04 22:05:00,2026-06-05 00:00:00,115,205,,W1
17,weeklyreset,05-31,13,SELL,0.38,4468.521,2026-06-05 06:21:00,2026-06-05 13:15:38,414.6,1101,tp 4434.399,W2
17,weeklyreset,05-31,14,SELL,0.33,4432.389,2026-06-05 13:17:00,2026-06-05 13:36:31,19.5,-570,sl 4449.275,L1
17,weeklyreset,05-31,15,BUY,0.26,4454.844,2026-06-05 13:49:00,2026-06-05 19:50:41,361.7,-529,sl 4434.934,L2
17,weeklyreset,05-31,16,SELL,0.22,4437.270,2026-06-05 19:51:00,2026-06-05 20:56:42,65.7,1114,tp 4377.515,W1
17,weeklyreset,05-31,17,SELL,0.13,4379.138,2026-06-05 20:57:00,2026-06-06 00:00:00,183,446,,W2
17,weeklyreset,06-07,1,BUY,0.18,4326.678,2026-06-08 06:11:00,2026-06-08 12:34:18,383.3,-503,sl 4299.316,L1
17,weeklyreset,06-07,2,SELL,0.19,4288.029,2026-06-08 12:46:00,2026-06-08 14:24:29,98.5,-483,sl 4312.943,L2
17,weeklyreset,06-07,3,SELL,0.17,4306.458,2026-06-08 14:38:00,2026-06-08 18:32:40,234.7,-457,sl 4332.791,L3
17,weeklyreset,06-07,4,BUY,0.16,4327.186,2026-06-08 18:53:00,2026-06-09 00:00:00,307,214,,W1
17,weeklyreset,06-07,5,SELL,0.48,4326.407,2026-06-09 06:06:00,2026-06-09 08:28:42,142.7,-455,sl 4335.673,L1
17,weeklyreset,06-07,6,BUY,0.2,4334.786,2026-06-09 08:56:00,2026-06-09 21:17:21,741.4,-422,sl 4314.120,L2
17,weeklyreset,06-07,7,BUY,0.12,4322.764,2026-06-09 21:26:00,2026-06-09 21:44:32,18.5,-377,sl 4291.953,L3
17,weeklyreset,06-07,8,SELL,0.1,4286.869,2026-06-09 22:24:00,2026-06-10 00:00:00,96,346,,W1
17,weeklyreset,06-07,9,BUY,0.22,4245.999,2026-06-10 06:04:00,2026-06-10 06:18:02,14,-386,sl 4228.815,L1
17,weeklyreset,06-07,10,SELL,0.18,4225.198,2026-06-10 06:26:00,2026-06-10 15:03:27,517.4,799,tp 4172.374,W1
17,weeklyreset,06-07,11,SELL,0.19,4166.694,2026-06-10 15:04:00,2026-06-10 22:48:42,464.7,917,tp 4109.872,W2
17,weeklyreset,06-07,12,SELL,0.11,4118.017,2026-06-10 22:50:00,2026-06-11 00:00:00,70,-45,,L1
17,weeklyreset,06-07,13,SELL,0.15,4043.730,2026-06-11 06:09:00,2026-06-11 07:33:32,84.5,-449,sl 4073.040,L2
17,weeklyreset,06-07,14,BUY,0.09,4072.927,2026-06-11 07:43:00,2026-06-12 00:00:00,977,64,,W1
17,weeklyreset,06-07,15,SELL,0.16,4221.594,2026-06-12 06:23:00,2026-06-13 00:00:00,1057,303,,W2
17,weeklyreset,06-14,1,SELL,0.16,4285.495,2026-06-15 06:00:00,2026-06-15 08:38:13,158.2,-505,sl 4316.419,L1
17,weeklyreset,06-14,2,BUY,0.17,4321.471,2026-06-15 09:03:00,2026-06-16 00:00:00,897,299,,W1
17,weeklyreset,06-14,3,BUY,0.38,4315.433,2026-06-16 06:05:00,2026-06-16 16:09:40,604.7,1035,tp 4348.188,W2
17,weeklyreset,06-14,4,SELL,0.38,4343.455,2026-06-16 16:19:00,2026-06-17 00:00:00,461,687,,W3
17,weeklyreset,06-14,5,SELL,0.62,4334.145,2026-06-17 06:03:00,2026-06-17 08:03:42,120.7,-599,sl 4343.584,L1
17,weeklyreset,06-14,6,SELL,0.36,4345.699,2026-06-17 08:17:00,2026-06-17 21:24:40,787.7,-43,sl 4361.094,L2
17,weeklyreset,06-14,7,SELL,0.24,4352.288,2026-06-17 21:38:00,2026-06-18 00:00:00,142,-180,,L3
17,weeklyreset,06-14,8,SELL,0.29,4265.238,2026-06-18 06:01:00,2026-06-18 06:23:14,22.2,-541,sl 4283.522,L4
17,weeklyreset,06-14,9,BUY,0.28,4281.536,2026-06-18 06:24:00,2026-06-18 08:03:43,99.7,1048,tp 4327.860,W1
17,weeklyreset,06-14,10,BUY,0.2,4326.734,2026-06-18 08:14:00,2026-06-18 13:07:38,293.6,-568,sl 4298.935,L1
17,weeklyreset,06-14,11,SELL,0.29,4298.421,2026-06-18 13:08:00,2026-06-18 18:01:29,293.5,1147,tp 4252.039,W1
17,weeklyreset,06-14,12,SELL,0.32,4243.278,2026-06-18 18:11:00,2026-06-18 19:20:28,69.5,-606,sl 4261.844,L1
17,weeklyreset,06-14,13,SELL,0.24,4254.715,2026-06-18 19:28:00,2026-06-19 00:00:00,272,844,,W1
17,weeklyreset,06-14,14,SELL,0.43,4195.907,2026-06-19 06:17:00,2026-06-19 10:42:35,265.6,1321,tp 4159.571,W2
17,weeklyreset,06-14,15,SELL,0.42,4158.637,2026-06-19 10:43:00,2026-06-19 15:23:30,280.5,544,sl 4174.521,W3
17,weeklyreset,06-14,16,SELL,0.39,4167.547,2026-06-19 15:41:00,2026-06-22 05:01:00,3680,537,,W4
17,weeklyreset,06-21,1,SELL,0.3,4155.852,2026-06-22 06:16:00,2026-06-22 07:36:13,80.2,-510,sl 4172.529,L1
17,weeklyreset,06-21,2,BUY,0.18,4175.154,2026-06-22 07:44:00,2026-06-23 00:00:00,976,261,,W1
17,weeklyreset,06-21,3,BUY,0.59,4192.528,2026-06-23 06:03:00,2026-06-23 07:08:26,65.4,-529,sl 4184.308,L1
17,weeklyreset,06-21,4,BUY,0.35,4185.239,2026-06-23 07:33:00,2026-06-23 08:19:42,46.7,-464,sl 4172.263,L2
17,weeklyreset,06-21,5,SELL,0.2,4169.365,2026-06-23 08:35:00,2026-06-23 13:10:30,275.5,967,tp 4112.976,W1
17,weeklyreset,06-21,6,BUY,0.16,4122.923,2026-06-23 13:19:00,2026-06-23 15:02:41,103.7,-469,sl 4094.205,L1
17,weeklyreset,06-21,7,BUY,0.19,4099.626,2026-06-23 15:23:00,2026-06-24 00:00:00,517,721,,W1
17,weeklyreset,06-21,8,SELL,0.32,4102.420,2026-06-24 06:02:00,2026-06-24 09:38:39,216.6,1080,tp 4062.751,W2
17,weeklyreset,06-21,9,SELL,0.19,4062.820,2026-06-24 09:39:00,2026-06-24 13:08:14,209.2,-554,sl 4091.394,L1
17,weeklyreset,06-21,10,SELL,0.23,4086.535,2026-06-24 13:19:00,2026-06-24 19:25:10,366.2,1170,tp 4027.056,W1
17,weeklyreset,06-21,11,SELL,0.19,4008.968,2026-06-24 19:26:00,2026-06-24 20:57:38,91.6,-582,sl 4038.991,L1
17,weeklyreset,06-21,12,SELL,0.1,4016.824,2026-06-24 21:16:00,2026-06-25 00:00:00,164,100,,W1
17,weeklyreset,06-21,13,SELL,0.37,3992.144,2026-06-25 06:09:00,2026-06-25 06:34:32,25.5,-571,sl 4007.213,L1
17,weeklyreset,06-21,14,BUY,0.28,4013.933,2026-06-25 07:07:00,2026-06-25 07:27:41,20.7,-530,sl 3995.402,L2
17,weeklyreset,06-21,15,SELL,0.21,3979.872,2026-06-25 07:49:00,2026-06-25 08:02:38,13.6,-510,sl 4003.669,L3
17,weeklyreset,06-21,16,BUY,0.15,3999.343,2026-06-25 08:21:00,2026-06-25 09:08:29,47.5,-483,sl 3967.762,L4
17,weeklyreset,06-21,17,BUY,0.12,3975.613,2026-06-25 09:19:00,2026-06-26 00:00:00,881,639,,W1
17,weeklyreset,06-21,18,SELL,0.31,4022.902,2026-06-26 06:10:00,2026-06-26 09:55:43,225.7,1040,tp 3983.209,W2
17,weeklyreset,06-21,19,SELL,0.24,3983.990,2026-06-26 09:56:00,2026-06-26 10:55:40,59.7,-550,sl 4006.439,L1
17,weeklyreset,06-21,20,SELL,0.24,3999.952,2026-06-26 11:07:00,2026-06-26 12:30:13,83.2,-508,sl 4020.677,L2
17,weeklyreset,06-21,21,SELL,0.27,4007.816,2026-06-26 12:47:00,2026-06-26 13:32:29,45.5,-489,sl 4025.554,L3
17,weeklyreset,06-21,22,BUY,0.2,4025.860,2026-06-26 13:49:00,2026-06-26 21:12:40,443.7,996,tp 4084.016,W1
17,weeklyreset,06-21,23,SELL,0.15,4083.591,2026-06-26 21:33:00,2026-06-27 00:00:00,147,-27,,L1
17,weeklyreset,06-28,1,SELL,0.19,4063.021,2026-06-29 06:16:00,2026-06-30 00:00:00,1064,895,,W1
17,weeklyreset,06-28,2,BUY,0.47,4019.114,2026-06-30 06:06:00,2026-06-30 07:03:41,57.7,-578,sl 4007.641,L1
17,weeklyreset,06-28,3,SELL,0.36,4005.803,2026-06-30 07:20:00,2026-06-30 08:06:32,46.5,1132,tp 3968.381,W1
17,weeklyreset,06-28,4,SELL,0.23,3945.162,2026-06-30 08:08:00,2026-06-30 08:10:17,2.3,-568,sl 3969.378,L1
17,weeklyreset,06-28,5,BUY,0.17,3973.824,2026-06-30 08:21:00,2026-06-30 21:23:21,782.4,1192,tp 4055.359,W1
17,weeklyreset,06-28,6,SELL,0.19,4051.742,2026-06-30 21:37:00,2026-07-01 00:00:00,143,481,,W2
17,weeklyreset,06-28,7,BUY,0.53,4018.288,2026-07-01 06:08:00,2026-07-01 06:46:40,38.7,-639,sl 4006.503,L1
17,weeklyreset,06-28,8,SELL,0.52,4007.546,2026-07-01 06:50:00,2026-07-01 08:17:31,87.5,1304,tp 3977.840,W1
17,weeklyreset,06-28,9,BUY,0.34,3984.183,2026-07-01 08:23:00,2026-07-01 13:07:39,284.7,-665,sl 3965.026,L1
17,weeklyreset,06-28,10,BUY,0.35,3968.288,2026-07-01 13:21:00,2026-07-01 18:10:40,289.7,1338,tp 4013.301,W1
17,weeklyreset,06-28,11,BUY,0.42,4022.959,2026-07-01 18:20:00,2026-07-01 20:38:39,138.6,1501,tp 4064.875,W2
17,weeklyreset,06-28,12,BUY,0.17,4094.460,2026-07-01 21:10:00,2026-07-02 00:00:00,170,-402,,L1
17,weeklyreset,06-28,13,BUY,0.62,4045.142,2026-07-02 06:00:00,2026-07-02 07:00:38,60.6,-874,sl 4033.056,L2
17,weeklyreset,06-28,14,SELL,0.64,4033.400,2026-07-02 07:02:00,2026-07-02 07:12:37,10.6,-736,sl 4044.642,L3
17,weeklyreset,06-28,15,BUY,0.45,4043.591,2026-07-02 07:24:00,2026-07-02 19:30:20,726.3,1421,tp 4081.067,W1
17,weeklyreset,06-28,16,BUY,0.25,4133.640,2026-07-02 19:38:00,2026-07-02 23:31:39,233.6,-748,sl 4104.318,L1
17,weeklyreset,06-28,17,BUY,0.75,4125.402,2026-07-03 06:05:00,2026-07-03 07:51:42,106.7,1376,tp 4147.950,W1
17,weeklyreset,06-28,18,BUY,0.29,4179.777,2026-07-03 08:20:00,2026-07-06 05:01:00,4121,-72,,L1
17,weeklyreset,07-05,1,BUY,0.29,4188.541,2026-07-06 06:00:00,2026-07-06 07:01:41,61.7,-509,sl 4171.353,L1
17,weeklyreset,07-05,2,SELL,0.23,4173.958,2026-07-06 07:02:00,2026-07-06 08:34:33,92.6,-486,sl 4194.659,L2
17,weeklyreset,07-05,3,SELL,0.15,4187.607,2026-07-06 08:59:00,2026-07-07 00:00:00,901,570,,W1
17,weeklyreset,07-05,4,SELL,0.67,4163.221,2026-07-07 06:09:00,2026-07-07 08:00:28,111.5,1069,tp 4144.297,W2
17,weeklyreset,07-05,5,SELL,0.33,4145.168,2026-07-07 08:01:00,2026-07-07 19:06:30,665.5,-540,sl 4161.194,L1
17,weeklyreset,07-05,6,SELL,0.27,4166.347,2026-07-07 19:23:00,2026-07-08 00:00:00,277,570,,W1
17,weeklyreset,07-05,7,BUY,0.35,4105.690,2026-07-08 06:08:00,2026-07-08 15:17:40,549.7,-80,sl 4090.654,L1
17,weeklyreset,07-05,8,SELL,0.23,4087.908,2026-07-08 15:26:00,2026-07-08 22:24:40,418.7,1197,tp 4027.038,W1
17,weeklyreset,07-05,9,BUY,0.18,4031.127,2026-07-08 22:39:00,2026-07-09 00:00:00,81,584,,W2
17,weeklyreset,07-05,10,BUY,0.52,4077.228,2026-07-09 06:15:00,2026-07-09 08:04:42,109.7,-716,sl 4065.442,L1
17,weeklyreset,07-05,11,BUY,0.27,4075.497,2026-07-09 08:12:00,2026-07-09 10:18:41,126.7,-582,sl 4054.431,L2
17,weeklyreset,07-05,12,SELL,0.34,4055.857,2026-07-09 10:19:00,2026-07-09 12:11:30,112.5,-573,sl 4072.346,L3
17,weeklyreset,07-05,13,SELL,0.35,4067.391,2026-07-09 12:21:00,2026-07-09 12:51:38,30.6,-532,sl 4082.285,L4
17,weeklyreset,07-05,14,BUY,0.23,4094.154,2026-07-09 13:16:00,2026-07-10 00:00:00,644,818,,W1
17,weeklyreset,07-05,15,SELL,0.67,4121.379,2026-07-10 06:32:00,2026-07-10 08:00:32,88.5,-560,sl 4129.564,L1
17,weeklyreset,07-05,16,SELL,0.33,4120.214,2026-07-10 08:07:00,2026-07-10 21:33:03,806.1,1095,tp 4080.732,W1
17,weeklyreset,07-05,17,SELL,0.21,4087.976,2026-07-10 21:34:00,2026-07-10 23:01:38,87.6,-569,sl 4114.537,L1
17,weeklyreset,07-05,18,SELL,0.29,4110.854,2026-07-10 23:07:00,2026-07-11 00:00:00,53,177,,W1
17,weeklyreset,07-12,1,SELL,0.23,4072.807,2026-07-13 06:01:00,2026-07-13 21:16:39,915.6,1106,tp 4016.572,W1
17,weeklyreset,07-12,2,SELL,0.2,4013.434,2026-07-13 21:17:00,2026-07-14 00:00:00,163,399,,W2
17,weeklyreset,07-12,3,SELL,0.61,4000.226,2026-07-14 06:15:00,2026-07-14 08:58:30,163.5,-603,sl 4009.888,L1
17,weeklyreset,07-12,4,BUY,0.23,4012.022,2026-07-14 09:10:00,2026-07-14 19:30:37,620.6,1151,tp 4070.462,W1
17,weeklyreset,07-12,5,BUY,0.27,4088.684,2026-07-14 19:31:00,2026-07-14 22:42:42,191.7,-606,sl 4066.683,L1
17,weeklyreset,07-12,6,SELL,0.21,4068.872,2026-07-14 22:53:00,2026-07-15 00:00:00,67,150,,W1
17,weeklyreset,07-12,7,SELL,0.65,4047.455,2026-07-15 06:13:00,2026-07-15 06:35:40,22.7,-599,sl 4056.489,L1
17,weeklyreset,07-12,8,BUY,0.58,4055.142,2026-07-15 06:45:00,2026-07-15 08:35:39,110.6,-587,sl 4045.792,L2
17,weeklyreset,07-12,9,SELL,0.28,4035.824,2026-07-15 09:01:00,2026-07-15 19:33:14,632.2,-530,sl 4054.382,L3
17,weeklyreset,07-12,10,BUY,0.27,4062.588,2026-07-15 19:48:00,2026-07-15 22:14:38,146.6,-496,sl 4044.623,L4
17,weeklyreset,07-12,11,BUY,0.24,4047.939,2026-07-15 22:29:00,2026-07-15 23:35:38,66.6,-476,sl 4028.483,L5
17,weeklyreset,07-12,12,SELL,0.24,4028.567,2026-07-15 23:38:00,2026-07-16 00:00:00,22,-130,,L6
17,weeklyreset,07-12,13,BUY,0.47,4061.085,2026-07-16 06:08:00,2026-07-16 07:55:39,107.6,-524,sl 4051.886,L7
17,weeklyreset,07-12,14,SELL,0.24,4036.102,2026-07-16 08:29:00,2026-07-16 19:58:05,689.1,901,tp 3991.465,W1
17,weeklyreset,07-12,15,SELL,0.14,3994.376,2026-07-16 19:59:00,2026-07-17 00:00:00,241,29,,W2
17,weeklyreset,07-12,16,BUY,0.5,3979.067,2026-07-17 06:09:00,2026-07-17 10:19:40,250.7,960,tp 4002.412,W3
17,weeklyreset,07-12,17,SELL,0.26,3999.383,2026-07-17 10:32:00,2026-07-17 22:47:41,735.7,-69,sl 4018.472,L1
17,weeklyreset,07-12,18,BUY,0.2,4018.480,2026-07-17 23:12:00,2026-07-18 00:00:00,48,-68,,L2
17,weeklyreset,07-19,1,SELL,0.32,3994.967,2026-07-20 06:00:00,2026-07-20 08:00:32,120.5,-512,sl 4010.627,L1
17,weeklyreset,07-19,2,BUY,0.22,4009.261,2026-07-20 08:01:00,2026-07-21 00:00:00,959,14,,W1
17,weeklyreset,07-19,3,BUY,0.43,4004.576,2026-07-21 06:04:00,2026-07-21 08:19:29,135.5,980,tp 4032.236,W2
17,weeklyreset,07-19,4,SELL,0.26,4025.752,2026-07-21 08:39:00,2026-07-21 10:26:30,107.5,-536,sl 4045.913,L1
17,weeklyreset,07-19,5,BUY,0.29,4047.712,2026-07-21 10:27:00,2026-07-22 00:00:00,813,858,,W1
17,weeklyreset,07-19,6,BUY,0.59,4081.569,2026-07-22 06:16:00,2026-07-22 08:00:32,104.5,1118,tp 4104.643,W2
17,weeklyreset,07-19,7,BUY,0.33,4107.913,2026-07-22 08:01:00,2026-07-22 20:59:27,778.4,1266,tp 4153.531,W3
17,weeklyreset,07-19,8,BUY,0.27,4155.818,2026-07-22 21:01:00,2026-07-23 00:00:00,179,-245,,L1
17,weeklyreset,07-19,9,SELL,0.35,4120.095,2026-07-23 06:02:00,2026-07-23 08:00:41,118.7,-659,sl 4138.532,L2
17,weeklyreset,07-19,10,BUY,0.4,4137.683,2026-07-23 08:01:00,2026-07-23 08:44:38,43.6,-625,sl 4122.386,L3
17,weeklyreset,07-19,11,SELL,0.29,4118.350,2026-07-23 08:54:00,2026-07-23 19:37:29,643.5,1284,tp 4066.403,W1
17,weeklyreset,07-19,12,SELL,0.29,4063.566,2026-07-23 19:49:00,2026-07-24 00:00:00,251,347,,W2
17,weeklyreset,07-19,13,SELL,1.14,4049.032,2026-07-24 06:06:00,2026-07-24 09:48:27,222.4,1403,tp 4034.373,W3
17,weeklyreset,07-19,14,BUY,0.46,4027.679,2026-07-24 10:07:00,2026-07-24 20:59:42,652.7,1586,tp 4068.522,W4
17,weeklyreset,07-19,15,SELL,0.39,4057.176,2026-07-24 21:19:00,2026-07-24 22:15:39,56.6,-833,sl 4078.097,L1
17,weeklyreset,07-19,16,BUY,0.36,4077.921,2026-07-24 22:40:00,2026-07-25 00:00:00,80,-404,,L2
17,weeklyreset,07-26,1,SELL,0.3,4087.706,2026-07-27 06:04:00,2026-07-27 07:02:16,58.3,-507,sl 4104.265,L1
17,weeklyreset,07-26,2,BUY,0.38,4103.112,2026-07-27 07:03:00,2026-07-27 07:27:42,24.7,-478,sl 4090.795,L2
17,weeklyreset,07-26,3,BUY,0.22,4109.569,2026-07-27 07:51:00,2026-07-27 10:10:38,139.6,-442,sl 4089.869,L3
17,weeklyreset,07-26,4,SELL,0.31,4091.637,2026-07-27 10:12:00,2026-07-27 14:21:40,249.7,-434,sl 4105.350,L4
17,weeklyreset,07-26,5,SELL,0.31,4102.832,2026-07-27 14:32:00,2026-07-27 21:28:30,416.5,879,tp 4069.317,W1
17,weeklyreset,07-26,6,BUY,0.18,4071.996,2026-07-27 21:48:00,2026-07-28 00:00:00,132,186,,W2
17,weeklyreset,07-26,7,SELL,0.59,4072.658,2026-07-28 06:03:00,2026-07-28 08:20:40,137.7,1002,tp 4052.585,W3
17,weeklyreset,07-26,8,SELL,0.29,4052.045,2026-07-28 08:21:00,2026-07-29 00:00:00,939,775,,W4
17,weeklyreset,07-26,9,BUY,0.5,4019.170,2026-07-29 06:09:00,2026-07-29 14:21:40,492.7,1145,tp 4046.885,W5
17,weeklyreset,07-26,10,BUY,0.51,4047.229,2026-07-29 14:23:00,2026-07-29 16:14:12,111.2,-608,sl 4035.549,L1
17,weeklyreset,07-26,11,SELL,0.6,4036.333,2026-07-29 16:15:00,2026-07-29 19:30:04,195.1,1282,tp 4011.182,W1
17,weeklyreset,07-26,12,SELL,0.39,4017.965,2026-07-29 20:06:00,2026-07-30 00:00:00,234,-382,,L1
17,weeklyreset,07-26,13,BUY,0.35,4097.928,2026-07-30 06:08:00,2026-07-30 07:03:40,55.7,-681,sl 4080.577,L2
17,weeklyreset,07-26,14,SELL,0.34,4076.758,2026-07-30 07:21:00,2026-07-30 12:38:28,317.5,1286,tp 4032.047,W1
17,weeklyreset,07-26,15,BUY,0.3,4037.580,2026-07-30 13:04:00,2026-07-30 20:37:39,453.6,1381,tp 4091.333,W2
17,weeklyreset,07-26,16,BUY,0.25,4094.097,2026-07-30 20:38:00,2026-07-31 00:00:00,202,417,,W3
17,weeklyreset,07-26,17,SELL,0.76,4109.448,2026-07-31 06:10:00,2026-07-31 08:39:28,149.5,1565,tp 4084.969,W4
17,weeklyreset,07-26,18,BUY,0.46,4086.546,2026-07-31 08:59:00,2026-07-31 14:34:39,335.7,-824,sl 4069.011,L1
17,weeklyreset,07-26,19,SELL,0.57,4071.094,2026-07-31 14:57:00,2026-07-31 20:05:41,308.7,1699,tp 4036.003,W1
17,weeklyreset,07-26,20,SELL,0.49,4036.130,2026-07-31 20:15:00,2026-08-01 00:00:00,225,-371,,L1
17,weeklyreset,08-02,1,SELL,0.26,4063.798,2026-08-03 06:02:00,2026-08-04 00:00:00,1078,872,,W1
17,weeklyreset,08-02,2,SELL,0.68,4051.209,2026-08-04 06:11:00,2026-08-04 07:01:28,50.5,-569,sl 4059.409,L1
17,weeklyreset,08-02,3,SELL,0.49,4062.940,2026-08-04 07:20:00,2026-08-04 18:47:40,687.7,-39,sl 4073.554,L2
17,weeklyreset,08-02,4,BUY,0.31,4077.159,2026-08-04 18:49:00,2026-08-05 00:00:00,311,495,,W1
17,weeklyreset,08-02,5,SELL,0.47,4069.941,2026-08-05 06:23:00,2026-08-05 07:35:31,72.5,-553,sl 4081.473,L1
17,weeklyreset,08-02,6,SELL,0.46,4078.391,2026-08-05 07:47:00,2026-08-05 08:38:39,51.6,-530,sl 4089.651,L2
17,weeklyreset,08-02,7,BUY,0.3,4089.948,2026-08-05 08:40:00,2026-08-05 09:46:13,66.2,1041,tp 4130.424,W1
17,weeklyreset,08-02,8,SELL,0.25,4128.555,2026-08-05 10:03:00,2026-08-05 12:37:16,154.3,-539,sl 4149.696,L1
17,weeklyreset,08-02,9,BUY,0.23,4171.179,2026-08-05 13:11:00,2026-08-05 21:08:39,477.6,1083,tp 4226.235,W1
17,weeklyreset,08-02,10,BUY,0.17,4243.652,2026-08-05 21:45:00,2026-08-06 00:00:00,135,-25,,L1
17,weeklyreset,08-02,11,BUY,0.5,4258.808,2026-08-06 06:16:00,2026-08-06 07:35:01,79,1179,tp 4287.322,W1
17,weeklyreset,08-02,12,BUY,0.21,4291.350,2026-08-06 07:48:00,2026-08-06 10:25:38,157.6,-623,sl 4262.261,L1
17,weeklyreset,08-02,13,SELL,0.27,4261.493,2026-08-06 10:47:00,2026-08-06 16:02:35,315.6,-597,sl 4283.102,L2
17,weeklyreset,08-02,14,BUY,0.3,4282.279,2026-08-06 16:17:00,2026-08-06 18:22:31,125.5,-572,sl 4263.633,L3
17,weeklyreset,08-02,15,SELL,0.39,4263.697,2026-08-06 18:23:00,2026-08-06 23:16:30,293.5,1193,tp 4227.385,W1
17,weeklyreset,08-02,16,BUY,0.22,4231.576,2026-08-06 23:32:00,2026-08-07 00:00:00,28,220,,W2
17,weeklyreset,08-02,17,BUY,0.63,4245.573,2026-08-07 06:15:00,2026-08-07 07:38:40,83.7,-642,sl 4236.154,L1
17,weeklyreset,08-02,18,SELL,0.4,4235.724,2026-08-07 07:40:00,2026-08-07 08:21:39,41.6,-581,sl 4249.933,L2
17,weeklyreset,08-02,19,BUY,0.24,4243.027,2026-08-07 08:37:00,2026-08-07 15:13:41,396.7,1153,tp 4300.141,W1
17,weeklyreset,08-02,20,SELL,0.37,4294.129,2026-08-07 15:24:00,2026-08-07 15:33:39,9.6,-606,sl 4310.156,L1
17,weeklyreset,08-02,21,BUY,0.29,4309.552,2026-08-07 15:43:00,2026-08-07 19:31:39,228.6,1219,tp 4358.750,W1
17,weeklyreset,08-02,22,BUY,0.23,4354.942,2026-08-07 19:33:00,2026-08-07 21:12:15,99.2,-632,sl 4328.036,L1
17,weeklyreset,08-02,23,BUY,0.15,4346.000,2026-08-07 21:19:00,2026-08-08 00:00:00,161,-261,,L2
17,weeklyreset,08-09,1,SELL,0.33,4341.637,2026-08-10 06:00:00,2026-08-10 13:46:37,466.6,-37,sl 4356.799,L1
17,weeklyreset,08-09,2,BUY,0.27,4357.647,2026-08-10 13:56:00,2026-08-10 17:03:04,187.1,-504,sl 4339.383,L2
17,weeklyreset,08-09,3,BUY,0.37,4344.057,2026-08-10 17:23:00,2026-08-10 18:13:29,50.5,-476,sl 4331.458,L3
17,weeklyreset,08-09,4,SELL,0.35,4332.923,2026-08-10 18:50:00,2026-08-10 21:26:39,156.6,-456,sl 4345.687,L4
17,weeklyreset,08-09,5,SELL,0.18,4344.574,2026-08-10 21:52:00,2026-08-11 00:00:00,128,-228,,L5
17,weeklyreset,08-09,6,SELL,0.42,4394.994,2026-08-11 06:20:00,2026-08-11 07:04:42,44.7,-433,sl 4405.085,L6
17,weeklyreset,08-09,7,BUY,0.33,4404.262,2026-08-11 07:08:00,2026-08-11 08:55:15,107.2,825,tp 4434.005,W1
17,weeklyreset,08-09,8,BUY,0.17,4433.868,2026-08-11 09:15:00,2026-08-11 09:54:15,39.2,-431,sl 4409.031,L1
17,weeklyreset,08-09,9,BUY,0.2,4417.339,2026-08-11 10:21:00,2026-08-11 12:20:29,119.5,-411,sl 4397.196,L2
17,weeklyreset,08-09,10,SELL,0.18,4374.641,2026-08-11 12:43:00,2026-08-11 19:13:28,390.5,-402,sl 4396.496,L3
17,weeklyreset,08-09,11,BUY,0.19,4398.421,2026-08-11 19:22:00,2026-08-11 22:34:37,192.6,-365,sl 4379.625,L4
17,weeklyreset,08-09,12,SELL,0.16,4377.839,2026-08-11 22:37:00,2026-08-12 00:00:00,83,-92,,L5
17,weeklyreset,08-09,13,SELL,0.35,4368.734,2026-08-12 06:01:00,2026-08-12 07:14:38,73.6,-364,sl 4378.900,L6
17,weeklyreset,08-09,14,BUY,0.21,4380.749,2026-08-12 07:31:00,2026-08-12 16:23:31,532.5,709,tp 4419.894,W1
17,weeklyreset,08-09,15,BUY,0.26,4419.585,2026-08-12 16:26:00,2026-08-12 19:22:38,176.6,-363,sl 4405.910,L1
17,weeklyreset,08-09,16,BUY,0.23,4427.400,2026-08-12 19:30:00,2026-08-12 19:30:28,0.5,-358,sl 4412.250,L2
17,weeklyreset,08-09,17,BUY,0.14,4417.613,2026-08-12 19:33:00,2026-08-13 00:00:00,267,-231,,L3
17,weeklyreset,08-09,18,BUY,0.36,4408.043,2026-08-13 06:21:00,2026-08-13 07:20:28,59.5,609,tp 4430.192,W1
17,weeklyreset,08-09,19,SELL,0.18,4431.223,2026-08-13 07:52:00,2026-08-13 12:59:40,307.7,756,tp 4381.279,W2
17,weeklyreset,08-09,20,SELL,0.19,4378.094,2026-08-13 13:05:00,2026-08-13 19:30:04,385.1,-389,sl 4398.021,L1
17,weeklyreset,08-09,21,BUY,0.23,4389.888,2026-08-13 19:31:00,2026-08-13 20:51:38,80.6,-373,sl 4374.002,L2
17,weeklyreset,08-09,22,SELL,0.11,4372.450,2026-08-13 20:53:00,2026-08-14 00:00:00,187,56,,W1
17,weeklyreset,08-09,23,SELL,0.32,4353.618,2026-08-14 06:02:00,2026-08-14 08:10:59,129,790,tp 4324.630,W2
17,weeklyreset,08-09,24,BUY,0.15,4319.180,2026-08-14 08:41:00,2026-08-14 19:31:38,650.6,869,tp 4385.620,W3
17,weeklyreset,08-09,25,SELL,0.26,4377.200,2026-08-14 19:39:00,2026-08-14 20:36:40,57.7,-445,sl 4393.994,L1
17,weeklyreset,08-09,26,SELL,0.19,4386.686,2026-08-14 20:50:00,2026-08-15 00:00:00,190,13,,W1
17,weeklyreset,08-16,1,SELL,0.4,4374.519,2026-08-17 06:29:00,2026-08-17 07:18:03,49.1,-511,sl 4387.019,L1
17,weeklyreset,08-16,2,BUY,0.28,4391.449,2026-08-17 07:31:00,2026-08-18 00:00:00,989,924,,W1
17,weeklyreset,08-16,3,BUY,0.59,4417.835,2026-08-18 06:17:00,2026-08-18 08:47:28,150.5,-79,sl 4409.075,L1
17,weeklyreset,08-16,4,SELL,0.27,4402.704,2026-08-18 09:04:00,2026-08-18 22:20:40,796.7,1120,tp 4353.390,W1
17,weeklyreset,08-16,5,BUY,0.17,4357.166,2026-08-18 22:33:00,2026-08-19 00:00:00,87,115,,W2
17,weeklyreset,08-16,6,BUY,0.42,4335.932,2026-08-19 06:04:00,2026-08-19 18:01:39,717.6,1222,tp 4370.746,W3
17,weeklyreset,08-16,7,BUY,0.6,4369.976,2026-08-19 18:02:00,2026-08-19 19:36:43,94.7,1359,tp 4396.666,W4
17,weeklyreset,08-16,8,BUY,0.24,4437.931,2026-08-19 19:57:00,2026-08-20 00:00:00,243,1349,,W5
17,weeklyreset,08-16,9,BUY,0.58,4523.585,2026-08-20 06:07:00,2026-08-20 07:00:14,53.2,-880,sl 4510.425,L1
17,weeklyreset,08-16,10,BUY,0.53,4516.867,2026-08-20 07:04:00,2026-08-20 08:01:30,57.5,-733,sl 4503.326,L2
17,weeklyreset,08-16,11,SELL,0.35,4493.249,2026-08-20 08:05:00,2026-08-20 21:57:21,832.4,604,sl 4513.334,W1
17,weeklyreset,08-16,12,SELL,0.21,4523.948,2026-08-20 22:35:00,2026-08-21 00:00:00,85,289,,W2
17,weeklyreset,08-16,13,BUY,0.75,4529.494,2026-08-21 06:04:00,2026-08-21 07:12:40,68.7,-790,sl 4519.731,L1
17,weeklyreset,08-16,14,SELL,0.43,4516.046,2026-08-21 07:32:00,2026-08-21 08:31:29,59.5,-717,sl 4532.395,L2
17,weeklyreset,08-16,15,BUY,0.33,4532.356,2026-08-21 08:32:00,2026-08-21 15:42:38,430.6,1424,tp 4583.601,W1
17,weeklyreset,08-16,16,BUY,0.4,4584.178,2026-08-21 16:00:00,2026-08-21 19:39:32,219.5,-751,sl 4565.812,L1
17,weeklyreset,08-16,17,BUY,0.28,4577.774,2026-08-21 19:48:00,2026-08-22 00:00:00,252,1365,,W1
17,weeklyreset,08-23,1,BUY,0.27,4613.126,2026-08-24 06:23:00,2026-08-24 07:27:13,64.2,-501,sl 4594.948,L1
17,weeklyreset,08-23,2,BUY,0.16,4614.250,2026-08-24 07:51:00,2026-08-25 00:00:00,969,769,,W1
17,weeklyreset,08-23,3,BUY,0.48,4675.922,2026-08-25 06:17:00,2026-08-25 08:26:42,129.7,-65,sl 4665.306,L1
17,weeklyreset,08-23,4,SELL,0.17,4670.222,2026-08-25 08:48:00,2026-08-26 00:00:00,912,769,,W1
17,weeklyreset,08-23,5,SELL,0.57,4670.988,2026-08-26 06:04:00,2026-08-26 07:23:38,79.6,1222,tp 4645.764,W2
17,weeklyreset,08-23,6,SELL,0.4,4642.271,2026-08-26 07:37:00,2026-08-26 08:57:37,80.6,-634,sl 4657.760,L1
17,weeklyreset,08-23,7,SELL,0.26,4659.039,2026-08-26 09:25:00,2026-08-26 20:16:27,651.4,1274,tp 4601.645,W1
17,weeklyreset,08-23,8,SELL,0.18,4620.487,2026-08-26 21:16:00,2026-08-27 00:00:00,164,517,,W2
17,weeklyreset,08-23,9,BUY,0.46,4608.382,2026-08-27 06:02:00,2026-08-27 14:26:38,504.6,517,sl 4593.944,W3
17,weeklyreset,08-23,10,BUY,0.38,4600.979,2026-08-27 14:31:00,2026-08-27 16:37:31,126.5,-695,sl 4583.081,L1
17,weeklyreset,08-23,11,SELL,0.39,4581.895,2026-08-27 16:51:00,2026-08-27 18:31:42,100.7,-666,sl 4598.626,L2
17,weeklyreset,08-23,12,SELL,0.43,4595.674,2026-08-27 18:49:00,2026-08-27 22:55:04,246.1,573,sl 4610.329,W1
17,weeklyreset,08-23,13,BUY,0.32,4611.310,2026-08-27 23:02:00,2026-08-28 00:00:00,58,113,,W2
17,weeklyreset,08-23,14,SELL,0.64,4603.910,2026-08-28 06:13:00,2026-08-28 08:53:31,160.5,1436,tp 4577.306,W3
17,weeklyreset,08-23,15,SELL,0.34,4576.188,2026-08-28 08:54:00,2026-08-28 13:49:28,295.5,-742,sl 4597.553,L1
17,weeklyreset,08-23,16,SELL,0.36,4601.020,2026-08-28 14:10:00,2026-08-28 20:58:05,408.1,-706,sl 4620.217,L2
17,weeklyreset,08-23,17,SELL,0.18,4558.621,2026-08-28 21:06:00,2026-08-29 00:00:00,174,1354,,W1
17,weeklyreset,08-30,1,BUY,0.25,4462.541,2026-08-31 06:05:00,2026-08-31 06:45:36,40.6,-500,sl 4442.948,L1
17,weeklyreset,08-30,2,BUY,0.25,4456.895,2026-08-31 06:58:00,2026-08-31 08:10:39,72.6,-485,sl 4437.915,L2
17,weeklyreset,08-30,3,BUY,0.14,4449.545,2026-08-31 08:19:00,2026-08-31 09:32:42,73.7,-447,sl 4418.250,L3
17,weeklyreset,08-30,4,SELL,0.12,4410.981,2026-08-31 09:34:00,2026-08-31 14:25:05,291.1,-427,sl 4445.831,L4
17,weeklyreset,08-30,5,BUY,0.22,4447.337,2026-08-31 14:46:00,2026-08-31 20:46:42,360.7,-408,sl 4429.208,L5
17,weeklyreset,08-30,6,BUY,0.14,4427.129,2026-08-31 21:10:00,2026-09-01 00:00:00,170,85,,W1
17,weeklyreset,08-30,7,SELL,0.43,4445.930,2026-09-01 06:09:00,2026-09-01 07:09:28,60.5,-411,sl 4455.257,L1
17,weeklyreset,08-30,8,BUY,0.27,4460.664,2026-09-01 07:22:00,2026-09-01 08:06:04,44.1,-378,sl 4446.953,L2
17,weeklyreset,08-30,9,SELL,0.17,4446.069,2026-09-01 08:16:00,2026-09-01 15:09:41,413.7,747,tp 4394.921,W1
17,weeklyreset,08-30,10,SELL,0.15,4395.324,2026-09-01 15:19:00,2026-09-01 20:09:41,290.7,837,tp 4331.419,W2
17,weeklyreset,08-30,11,BUY,0.13,4338.739,2026-09-01 20:26:00,2026-09-02 00:00:00,214,163,,W3
17,weeklyreset,08-30,12,SELL,0.45,4327.625,2026-09-02 06:02:00,2026-09-02 08:51:28,169.5,952,tp 4302.460,W4
17,weeklyreset,08-30,13,BUY,0.15,4300.169,2026-09-02 09:07:00,2026-09-02 20:59:28,712.5,1077,tp 4382.344,W5
17,weeklyreset,08-30,14,BUY,0.18,4389.164,2026-09-02 21:07:00,2026-09-03 00:00:00,173,-381,,L1
17,weeklyreset,08-30,15,SELL,0.6,4384.068,2026-09-03 06:15:00,2026-09-03 07:52:27,97.4,-547,sl 4392.980,L2
17,weeklyreset,08-30,16,BUY,0.32,4394.169,2026-09-03 07:58:00,2026-09-03 11:08:39,190.6,1054,tp 4432.871,W1
17,weeklyreset,08-30,17,BUY,0.37,4435.947,2026-09-03 11:26:00,2026-09-03 13:23:40,117.7,-550,sl 4421.382,L1
17,weeklyreset,08-30,18,SELL,0.24,4422.572,2026-09-03 13:24:00,2026-09-03 15:07:43,103.7,-523,sl 4443.932,L2
17,weeklyreset,08-30,19,SELL,0.24,4434.328,2026-09-03 15:40:00,2026-09-03 19:30:27,230.4,-493,sl 4454.426,L3
17,weeklyreset,08-30,20,BUY,0.22,4468.185,2026-09-03 19:34:00,2026-09-04 00:00:00,266,547,,W1
17,weeklyreset,08-30,21,BUY,0.48,4476.363,2026-09-04 06:04:00,2026-09-04 11:00:31,296.5,-529,sl 4466.116,L1
17,weeklyreset,08-30,22,BUY,0.39,4470.336,2026-09-04 11:25:00,2026-09-04 19:30:19,485.3,-472,sl 4458.504,L2
17,weeklyreset,08-30,23,SELL,0.13,4389.638,2026-09-04 19:36:00,2026-09-04 20:43:40,67.7,-436,sl 4422.528,L3
17,weeklyreset,08-30,24,BUY,0.06,4427.538,2026-09-04 20:47:00,2026-09-05 00:00:00,193,53,,W1
17,weeklyreset,09-06,1,SELL,0.43,4429.836,2026-09-07 06:14:00,2026-09-07 08:13:02,119,1091,tp 4399.778,W1
17,weeklyreset,09-06,2,BUY,0.22,4404.702,2026-09-07 08:31:00,2026-09-08 00:00:00,929,213,,W2
17,weeklyreset,09-06,3,BUY,0.63,4412.125,2026-09-08 06:05:00,2026-09-08 08:23:37,138.6,1163,tp 4434.558,W3
17,weeklyreset,09-06,4,BUY,0.24,4434.396,2026-09-08 08:24:00,2026-09-08 13:15:38,291.6,-633,sl 4408.542,L1
17,weeklyreset,09-06,5,BUY,0.28,4407.239,2026-09-08 13:44:00,2026-09-08 19:15:39,331.7,-585,sl 4386.742,L2
17,weeklyreset,09-06,6,BUY,0.29,4398.044,2026-09-08 19:29:00,2026-09-09 00:00:00,271,-127,,L3
17,weeklyreset,09-06,7,SELL,0.51,4352.202,2026-09-09 06:16:00,2026-09-09 07:59:13,103.2,-572,sl 4363.180,L4
17,weeklyreset,09-06,8,BUY,0.24,4367.589,2026-09-09 08:10:00,2026-09-09 20:23:37,733.6,1100,tp 4422.066,W1
17,weeklyreset,09-06,9,SELL,0.26,4418.324,2026-09-09 20:42:00,2026-09-10 00:00:00,198,481,,W2
17,weeklyreset,09-06,10,SELL,0.54,4398.177,2026-09-10 06:26:00,2026-09-10 08:02:37,96.6,-625,sl 4409.509,L1
17,weeklyreset,09-06,11,BUY,0.39,4410.021,2026-09-10 08:03:00,2026-09-10 15:42:40,459.7,-575,sl 4395.565,L2
17,weeklyreset,09-06,12,BUY,0.35,4395.380,2026-09-10 16:18:00,2026-09-10 17:36:38,78.6,-543,sl 4380.168,L3
17,weeklyreset,09-06,13,SELL,0.29,4379.491,2026-09-10 17:52:00,2026-09-10 19:37:43,105.7,1119,tp 4334.191,W1
17,weeklyreset,09-06,14,BUY,0.14,4349.394,2026-09-10 20:20:00,2026-09-11 00:00:00,220,204,,W2
17,weeklyreset,09-06,15,BUY,0.47,4318.699,2026-09-11 06:05:00,2026-09-11 10:22:39,257.6,-618,sl 4306.373,L1
17,weeklyreset,09-06,16,BUY,0.26,4312.160,2026-09-11 10:43:00,2026-09-11 19:49:14,546.2,1219,tp 4367.087,W1
17,weeklyreset,09-06,17,BUY,0.12,4395.607,2026-09-11 20:29:00,2026-09-12 00:00:00,211,-416,,L1
17,weeklyreset,09-13,1,BUY,0.35,4341.848,2026-09-14 06:10:00,2026-09-14 08:19:39,129.6,-501,sl 4327.837,L1
17,weeklyreset,09-13,2,BUY,0.18,4335.534,2026-09-14 08:25:00,2026-09-14 14:56:38,391.6,-474,sl 4309.728,L2
17,weeklyreset,09-13,3,SELL,0.25,4313.014,2026-09-14 15:15:00,2026-09-14 19:56:39,281.7,989,tp 4266.281,W1
17,weeklyreset,09-13,4,SELL,0.18,4260.198,2026-09-14 20:10:00,2026-09-14 22:32:38,142.6,-511,sl 4288.024,L1
17,weeklyreset,09-13,5,SELL,0.18,4288.408,2026-09-14 22:50:00,2026-09-14 23:48:38,58.6,-471,sl 4314.030,L2
17,weeklyreset,09-13,6,SELL,0.43,4294.543,2026-09-15 06:06:00,2026-09-15 08:19:28,133.5,-464,sl 4305.104,L3
17,weeklyreset,09-13,7,SELL,0.25,4300.878,2026-09-15 08:29:00,2026-09-15 09:40:41,71.7,-428,sl 4317.622,L4
17,weeklyreset,09-13,8,BUY,0.24,4316.803,2026-09-15 09:50:00,2026-09-15 12:15:37,145.6,-412,sl 4299.973,L5
17,weeklyreset,09-13,9,SELL,0.32,4297.012,2026-09-15 12:26:00,2026-09-15 15:05:14,159.2,832,tp 4266.436,W1
17,weeklyreset,09-13,10,BUY,0.23,4270.989,2026-09-15 15:18:00,2026-09-16 00:00:00,522,568,,W2
17,weeklyreset,09-13,11,SELL,0.46,4283.868,2026-09-16 06:29:00,2026-09-16 09:11:58,163,-477,sl 4293.999,L1
17,weeklyreset,09-13,12,BUY,0.23,4294.086,2026-09-16 09:23:00,2026-09-16 17:08:37,465.6,941,tp 4341.932,W1
17,weeklyreset,09-13,13,BUY,0.31,4346.895,2026-09-16 17:11:00,2026-09-16 21:03:30,232.5,-487,sl 4331.504,L1
17,weeklyreset,09-13,14,SELL,0.2,4330.597,2026-09-16 21:04:00,2026-09-16 21:50:30,46.5,-449,sl 4352.556,L2
17,weeklyreset,09-13,15,BUY,0.2,4353.716,2026-09-16 22:02:00,2026-09-17 00:00:00,118,-151,,L3
17,weeklyreset,09-13,16,BUY,0.26,4268.561,2026-09-17 06:19:00,2026-09-17 08:24:42,125.7,884,tp 4310.391,W1
17,weeklyreset,09-13,17,BUY,0.18,4314.315,2026-09-17 08:33:00,2026-09-17 09:07:02,34,-476,sl 4288.381,L1
17,weeklyreset,09-13,18,BUY,0.17,4292.316,2026-09-17 09:22:00,2026-09-17 19:16:31,594.5,975,tp 4359.018,W1
17,weeklyreset,09-13,19,BUY,0.18,4379.280,2026-09-17 19:29:00,2026-09-17 21:58:39,149.6,-489,sl 4352.647,L1
17,weeklyreset,09-13,20,BUY,0.19,4363.896,2026-09-17 22:19:00,2026-09-18 00:00:00,101,-27,,L2
17,weeklyreset,09-13,21,BUY,0.42,4345.390,2026-09-18 06:14:00,2026-09-18 10:26:13,252.2,-91,sl 4334.379,L3
17,weeklyreset,09-13,22,SELL,0.26,4355.468,2026-09-18 11:16:00,2026-09-18 12:39:41,83.7,-468,sl 4373.121,L4
17,weeklyreset,09-13,23,BUY,0.23,4385.236,2026-09-18 13:02:00,2026-09-18 19:21:16,379.3,-438,sl 4366.563,L5
17,weeklyreset,09-13,24,SELL,0.2,4366.067,2026-09-18 19:22:00,2026-09-19 00:00:00,278,-344,,L6
17,weeklyreset,09-20,1,SELL,0.47,4373.768,2026-09-21 06:08:00,2026-09-21 14:43:27,515.4,1117,tp 4345.743,W1
17,weeklyreset,09-20,2,SELL,0.28,4345.198,2026-09-21 14:59:00,2026-09-21 18:44:12,225.2,-563,sl 4364.913,L1
17,weeklyreset,09-20,3,SELL,0.31,4359.017,2026-09-21 19:22:00,2026-09-22 00:00:00,278,641,,W1
17,weeklyreset,09-20,4,BUY,0.41,4362.466,2026-09-22 06:37:00,2026-09-22 07:40:13,63.2,-589,sl 4348.929,L1
17,weeklyreset,09-20,5,SELL,0.24,4357.061,2026-09-22 08:13:00,2026-09-22 15:00:42,407.7,1159,tp 4299.665,W1
17,weeklyreset,09-20,6,BUY,0.29,4310.163,2026-09-22 15:09:00,2026-09-23 00:00:00,531,751,,W2
17,weeklyreset,09-20,7,BUY,0.69,4363.287,2026-09-23 06:01:00,2026-09-23 08:01:31,120.5,-672,sl 4354.309,L1
17,weeklyreset,09-20,8,SELL,0.4,4355.195,2026-09-23 08:02:00,2026-09-23 15:12:13,430.2,1280,tp 4317.302,W1
17,weeklyreset,09-20,9,BUY,0.43,4320.982,2026-09-23 15:23:00,2026-09-23 18:22:40,179.7,-655,sl 4306.056,L1
17,weeklyreset,09-20,10,SELL,0.47,4301.479,2026-09-23 18:33:00,2026-09-23 19:06:04,33.1,-649,sl 4314.973,L2
17,weeklyreset,09-20,11,SELL,0.34,4310.013,2026-09-23 19:31:00,2026-09-24 00:00:00,269,923,,W1
17,weeklyreset,09-20,12,SELL,0.58,4289.292,2026-09-24 06:03:00,2026-09-24 08:12:37,129.6,-664,sl 4300.469,L1
17,weeklyreset,09-20,13,BUY,0.35,4300.437,2026-09-24 08:13:00,2026-09-24 08:49:40,36.7,-614,sl 4283.233,L2
17,weeklyreset,09-20,14,BUY,0.27,4281.358,2026-09-24 09:14:00,2026-09-24 15:59:15,405.2,-573,sl 4260.584,L3
17,weeklyreset,09-20,15,SELL,0.24,4259.417,2026-09-24 16:05:00,2026-09-24 19:56:29,231.5,-554,sl 4282.035,L4
17,weeklyreset,09-20,16,SELL,0.25,4276.976,2026-09-24 20:18:00,2026-09-25 00:00:00,222,96,,W1
17,weeklyreset,09-20,17,BUY,0.51,4273.697,2026-09-25 06:03:00,2026-09-25 11:56:41,353.7,456,sl 4263.593,W2
17,weeklyreset,09-20,18,BUY,0.42,4264.128,2026-09-25 12:30:00,2026-09-25 16:03:40,213.7,1189,tp 4297.350,W3
17,weeklyreset,09-20,19,SELL,0.38,4292.466,2026-09-25 16:18:00,2026-09-25 17:14:40,56.7,-613,sl 4308.230,L1
17,weeklyreset,09-20,20,BUY,0.32,4307.410,2026-09-25 17:15:00,2026-09-25 20:19:31,184.5,-571,sl 4289.953,L2
17,weeklyreset,09-20,21,SELL,0.26,4290.362,2026-09-25 20:20:00,2026-09-26 00:00:00,220,93,,W1
17,monthlyreset,2026-01,1,BUY,0.2,4328.500,2026-01-02 06:05:00,2026-01-02 09:50:15,225.2,443,tp 4356.245,W1
17,monthlyreset,2026-01,2,BUY,0.37,4370.899,2026-01-02 10:14:00,2026-01-02 21:32:43,678.7,473,sl 4357.045,W2
17,monthlyreset,2026-01,3,BUY,0.19,4361.368,2026-01-02 21:49:00,2026-01-02 22:23:28,34.5,-541,sl 4333.432,L1
17,monthlyreset,2026-01,4,SELL,0.16,4330.793,2026-01-02 22:24:00,2026-01-03 00:00:00,96,68,,W1
17,monthlyreset,2026-01,5,SELL,0.33,4359.038,2026-01-05 06:34:00,2026-01-05 06:50:39,16.6,-524,sl 4374.595,L1
17,monthlyreset,2026-01,6,BUY,0.23,4379.869,2026-01-05 07:13:00,2026-01-05 16:43:18,570.3,1086,tp 4435.114,W1
17,monthlyreset,2026-01,7,BUY,0.44,4437.670,2026-01-05 16:45:00,2026-01-05 18:25:30,100.5,-559,sl 4425.236,L1
17,monthlyreset,2026-01,8,SELL,0.41,4423.120,2026-01-05 18:26:00,2026-01-05 21:48:29,202.5,457,sl 4435.942,W1
17,monthlyreset,2026-01,9,BUY,0.22,4450.811,2026-01-05 22:04:00,2026-01-06 00:00:00,116,-198,,L1
17,monthlyreset,2026-01,10,SELL,0.52,4450.783,2026-01-06 06:17:00,2026-01-06 09:30:04,193.1,498,sl 4461.211,W1
17,monthlyreset,2026-01,11,SELL,0.32,4455.791,2026-01-06 09:39:00,2026-01-06 12:31:31,172.5,-577,sl 4473.445,L1
17,monthlyreset,2026-01,12,SELL,0.56,4469.075,2026-01-06 12:39:00,2026-01-06 17:03:20,264.3,1171,tp 4444.381,W1
17,monthlyreset,2026-01,13,BUY,0.37,4449.995,2026-01-06 17:10:00,2026-01-06 22:00:43,290.7,1281,tp 4490.951,W2
17,monthlyreset,2026-01,14,SELL,0.29,4481.126,2026-01-06 22:12:00,2026-01-07 00:00:00,108,-218,,L1
17,monthlyreset,2026-01,15,SELL,0.73,4496.160,2026-01-07 06:12:00,2026-01-07 08:07:39,115.6,1416,tp 4473.158,W1
17,monthlyreset,2026-01,16,SELL,0.45,4474.897,2026-01-07 08:08:00,2026-01-07 20:08:40,720.7,1556,tp 4433.778,W2
17,monthlyreset,2026-01,17,BUY,0.35,4445.217,2026-01-07 20:29:00,2026-01-08 00:00:00,211,668,,W3
17,monthlyreset,2026-01,18,BUY,0.85,4462.696,2026-01-08 06:03:00,2026-01-08 07:37:40,94.7,-987,sl 4452.993,L1
17,monthlyreset,2026-01,19,SELL,0.77,4452.660,2026-01-08 07:38:00,2026-01-08 12:13:05,275.1,1709,tp 4426.397,W1
17,monthlyreset,2026-01,20,SELL,0.74,4425.928,2026-01-08 12:30:00,2026-01-08 13:39:15,69.2,-887,sl 4437.674,L1
17,monthlyreset,2026-01,21,BUY,0.37,4435.810,2026-01-08 13:57:00,2026-01-08 19:05:31,308.5,-822,sl 4414.039,L2
17,monthlyreset,2026-01,22,SELL,0.58,4410.001,2026-01-08 19:16:00,2026-01-08 19:32:28,16.5,-794,sl 4423.423,L3
17,monthlyreset,2026-01,23,BUY,0.46,4426.349,2026-01-08 19:38:00,2026-01-09 00:00:00,262,1515,,W1
17,monthlyreset,2026-01,24,BUY,0.65,4480.549,2026-01-09 06:03:00,2026-01-09 07:23:40,80.7,-861,sl 4468.140,L1
17,monthlyreset,2026-01,25,SELL,0.73,4464.506,2026-01-09 07:49:00,2026-01-09 09:04:16,75.3,-793,sl 4475.159,L2
17,monthlyreset,2026-01,26,BUY,0.46,4472.132,2026-01-09 09:46:00,2026-01-09 22:37:41,771.7,1583,tp 4512.868,W1
17,monthlyreset,2026-01,27,BUY,0.28,4513.997,2026-01-09 22:41:00,2026-01-10 00:00:00,79,-214,,L1
17,monthlyreset,2026-01,28,BUY,0.76,4523.966,2026-01-12 06:06:00,2026-01-12 07:09:40,63.7,1701,tp 4550.510,W1
17,monthlyreset,2026-01,29,BUY,0.43,4567.558,2026-01-12 07:32:00,2026-01-12 20:55:05,803.1,1911,tp 4620.174,W2
17,monthlyreset,2026-01,30,SELL,0.52,4612.321,2026-01-12 21:02:00,2026-01-13 00:00:00,178,-254,,L1
17,monthlyreset,2026-01,31,BUY,0.56,4600.833,2026-01-13 06:01:00,2026-01-13 06:12:27,11.5,-981,sl 4583.675,L2
17,monthlyreset,2026-01,32,SELL,0.62,4580.700,2026-01-13 06:13:00,2026-01-13 06:56:58,44,-939,sl 4595.536,L3
17,monthlyreset,2026-01,33,SELL,0.44,4591.435,2026-01-13 07:24:00,2026-01-13 20:30:38,786.6,-893,sl 4611.258,L4
17,monthlyreset,2026-01,34,BUY,0.43,4616.743,2026-01-13 20:43:00,2026-01-13 23:27:30,164.5,-829,sl 4597.853,L5
17,monthlyreset,2026-01,35,BUY,0.28,4605.778,2026-01-13 23:35:00,2026-01-14 00:00:00,25,210,,W1
17,monthlyreset,2026-01,36,BUY,0.61,4593.868,2026-01-14 06:09:00,2026-01-14 10:54:39,285.7,1692,tp 4627.423,W2
17,monthlyreset,2026-01,37,SELL,0.76,4627.606,2026-01-14 11:12:00,2026-01-14 12:02:41,50.7,-899,sl 4639.204,L1
17,monthlyreset,2026-01,38,SELL,0.77,4634.958,2026-01-14 12:12:00,2026-01-14 22:02:30,590.5,1831,tp 4606.822,W1
17,monthlyreset,2026-01,39,SELL,0.35,4605.606,2026-01-14 22:04:00,2026-01-15 00:00:00,116,-414,,L1
17,monthlyreset,2026-01,40,SELL,0.57,4616.482,2026-01-15 06:07:00,2026-01-16 00:00:00,1073,1364,,W1
17,monthlyreset,2026-01,41,BUY,1,4620.535,2026-01-16 06:06:00,2026-01-16 06:26:36,20.6,-992,sl 4610.839,L1
17,monthlyreset,2026-01,42,SELL,0.94,4610.137,2026-01-16 06:27:00,2026-01-16 20:18:01,831,2016,tp 4584.704,W1
17,monthlyreset,2026-01,43,SELL,0.53,4587.103,2026-01-16 20:30:00,2026-01-16 21:06:13,36.2,-1045,sl 4606.432,L1
17,monthlyreset,2026-01,44,BUY,0.39,4605.097,2026-01-16 21:07:00,2026-01-16 22:27:38,80.6,-972,sl 4580.673,L2
17,monthlyreset,2026-01,45,BUY,0.22,4568.552,2026-01-16 22:49:00,2026-01-17 00:00:00,71,505,,W1
17,monthlyreset,2026-01,46,BUY,0.55,4655.093,2026-01-19 06:10:00,2026-01-20 00:00:00,1070,1530,,W2
17,monthlyreset,2026-01,47,BUY,1.02,4672.260,2026-01-20 06:19:00,2026-01-20 07:26:28,67.5,-1099,sl 4662.281,L1
17,monthlyreset,2026-01,48,BUY,0.95,4670.018,2026-01-20 08:06:00,2026-01-20 11:59:17,233.3,2076,tp 4695.932,W1
17,monthlyreset,2026-01,49,BUY,0.97,4695.433,2026-01-20 12:00:00,2026-01-20 15:08:32,188.5,2292,tp 4723.475,W2
17,monthlyreset,2026-01,50,SELL,0.86,4720.638,2026-01-20 15:22:00,2026-01-20 16:30:29,68.5,-1223,sl 4734.543,L1
17,monthlyreset,2026-01,51,SELL,0.76,4734.073,2026-01-20 16:58:00,2026-01-20 21:28:30,270.5,-1160,sl 4749.032,L2
17,monthlyreset,2026-01,52,BUY,0.41,4750.690,2026-01-20 21:30:00,2026-01-20 22:25:37,55.6,-1082,sl 4724.823,L3
17,monthlyreset,2026-01,53,BUY,0.29,4731.966,2026-01-20 22:32:00,2026-01-21 00:00:00,88,629,,W1
17,monthlyreset,2026-01,54,SELL,1.12,4759.985,2026-01-21 06:10:00,2026-01-21 06:44:17,34.3,-1079,sl 4769.427,L1
17,monthlyreset,2026-01,55,SELL,0.73,4774.178,2026-01-21 07:26:00,2026-01-21 07:59:15,33.2,-1017,sl 4787.835,L2
17,monthlyreset,2026-01,56,BUY,0.55,4792.877,2026-01-21 08:05:00,2026-01-21 08:30:42,25.7,2020,tp 4836.386,W1
17,monthlyreset,2026-01,57,BUY,0.4,4824.023,2026-01-21 08:48:00,2026-01-22 00:00:00,912,1450,,W2
17,monthlyreset,2026-01,58,SELL,0.46,4826.644,2026-01-22 06:02:00,2026-01-22 22:26:26,984.4,1064,sl 4850.931,W3
17,monthlyreset,2026-01,59,BUY,0.44,4878.171,2026-01-22 23:27:00,2026-01-23 00:00:00,33,-9,,L1
17,monthlyreset,2026-01,60,BUY,0.69,4952.510,2026-01-23 06:05:00,2026-01-23 06:30:28,25.5,-1177,sl 4935.814,L2
17,monthlyreset,2026-01,61,BUY,0.51,4945.663,2026-01-23 06:46:00,2026-01-23 15:23:31,517.5,-1143,sl 4924.248,L3
17,monthlyreset,2026-01,62,SELL,0.43,4917.492,2026-01-23 15:51:00,2026-01-23 19:52:02,241,-1076,sl 4942.013,L4
17,monthlyreset,2026-01,63,SELL,0.56,4935.795,2026-01-23 20:16:00,2026-01-23 21:48:31,92.5,-1024,sl 4953.723,L5
17,monthlyreset,2026-01,64,SELL,0.36,4943.231,2026-01-23 22:00:00,2026-01-23 23:09:30,69.5,-973,sl 4969.684,L6
17,monthlyreset,2026-01,65,BUY,0.32,4980.049,2026-01-23 23:19:00,2026-01-24 00:00:00,41,9,,W1
17,monthlyreset,2026-01,66,BUY,0.4,5028.562,2026-01-26 06:18:00,2026-01-26 08:36:04,138.1,1927,tp 5085.557,W2
17,monthlyreset,2026-01,67,SELL,0.28,5069.767,2026-01-26 09:09:00,2026-01-26 13:47:30,278.5,-990,sl 5104.419,L1
17,monthlyreset,2026-01,68,SELL,0.3,5085.328,2026-01-26 13:58:00,2026-01-27 00:00:00,602,-135,,L2
17,monthlyreset,2026-01,69,BUY,0.2,5035.760,2026-01-27 06:09:00,2026-01-28 00:00:00,1071,1023,,W1
17,monthlyreset,2026-01,70,SELL,0.22,5168.556,2026-01-28 06:14:00,2026-01-28 08:44:28,150.5,-985,sl 5212.412,L1
17,monthlyreset,2026-01,71,SELL,0.24,5209.936,2026-01-28 08:59:00,2026-01-28 11:58:29,179.5,-932,sl 5247.996,L2
17,monthlyreset,2026-01,72,BUY,0.46,5251.661,2026-01-28 12:09:00,2026-01-28 15:30:32,201.5,1939,tp 5301.564,W1
17,monthlyreset,2026-01,73,SELL,0.35,5297.546,2026-01-28 15:42:00,2026-01-29 00:00:00,498,1202,,W2
17,monthlyreset,2026-01,74,BUY,0.21,5465.428,2026-01-29 06:13:00,2026-01-29 13:23:03,430,2322,tp 5594.235,W3
17,monthlyreset,2026-01,75,BUY,0.26,5590.155,2026-01-29 13:24:00,2026-01-29 14:28:27,64.4,-1187,sl 5545.431,L1
17,monthlyreset,2026-01,76,SELL,0.25,5527.857,2026-01-29 15:06:00,2026-01-29 22:09:29,423.5,2390,tp 5415.139,W1
17,monthlyreset,2026-01,77,SELL,0.09,5253.577,2026-01-29 22:27:00,2026-01-30 00:00:00,93,-98,,L1
17,monthlyreset,2026-01,78,BUY,0.18,5440.263,2026-01-30 06:07:00,2026-01-30 08:06:39,119.6,-1192,sl 5375.864,L2
17,monthlyreset,2026-01,79,SELL,0.13,5337.115,2026-01-30 08:48:00,2026-01-30 09:23:07,35.1,2456,tp 5115.884,W1
17,monthlyreset,2026-01,80,BUY,0.1,5212.952,2026-01-30 09:41:00,2026-01-30 15:33:42,352.7,-1269,sl 5088.590,L1
17,monthlyreset,2026-01,81,BUY,0.13,5110.709,2026-01-30 15:48:00,2026-01-30 16:14:02,26,-1220,sl 5018.713,L2
17,monthlyreset,2026-01,82,SELL,0.1,5028.516,2026-01-30 16:30:00,2026-01-30 18:57:21,147.4,-1133,sl 5139.542,L3
17,monthlyreset,2026-01,83,SELL,0.15,5124.791,2026-01-30 19:07:00,2026-01-31 00:00:00,293,2104,,W1
17,monthlyreset,2026-02,1,SELL,0.04,4724.043,2026-02-02 06:32:00,2026-02-02 07:12:14,40.2,-457,sl 4835.990,L1
17,monthlyreset,2026-02,2,SELL,0.03,4827.638,2026-02-02 07:32:00,2026-02-02 13:24:31,352.5,933,tp 4457.983,W1
17,monthlyreset,2026-02,3,SELL,0.03,4456.593,2026-02-02 13:37:00,2026-02-02 14:45:35,68.6,-421,sl 4594.218,L1
17,monthlyreset,2026-02,4,SELL,0.04,4576.525,2026-02-02 15:03:00,2026-02-02 16:28:41,85.7,-494,sl 4697.586,L2
17,monthlyreset,2026-02,5,BUY,0.05,4717.249,2026-02-02 16:50:00,2026-02-02 22:57:42,367.7,-479,sl 4623.385,L3
17,monthlyreset,2026-02,6,BUY,0.03,4665.290,2026-02-02 23:08:00,2026-02-03 00:00:00,52,2,,W1
17,monthlyreset,2026-02,7,SELL,0.15,4685.104,2026-02-03 06:01:00,2026-02-03 06:08:27,7.4,-455,sl 4714.844,L1
17,monthlyreset,2026-02,8,BUY,0.07,4718.300,2026-02-03 06:16:00,2026-02-03 13:35:41,439.7,965,tp 4878.459,W1
17,monthlyreset,2026-02,9,BUY,0.09,4891.944,2026-02-03 13:43:00,2026-02-04 00:00:00,617,661,,W2
17,monthlyreset,2026-02,10,BUY,0.13,4961.715,2026-02-04 06:02:00,2026-02-04 06:07:27,5.4,-523,sl 4922.373,L1
17,monthlyreset,2026-02,11,BUY,0.1,4937.401,2026-02-04 06:17:00,2026-02-04 09:02:31,165.5,1023,tp 5057.487,W1
17,monthlyreset,2026-02,12,SELL,0.1,5056.305,2026-02-04 09:33:00,2026-02-04 22:34:32,781.5,1182,tp 4918.397,W2
17,monthlyreset,2026-02,13,BUY,0.06,4944.526,2026-02-04 22:45:00,2026-02-05 00:00:00,75,-245,,L1
17,monthlyreset,2026-02,14,BUY,0.17,5010.247,2026-02-05 06:16:00,2026-02-05 08:12:41,116.7,-618,sl 4976.360,L2
17,monthlyreset,2026-02,15,SELL,0.1,4950.528,2026-02-05 08:27:00,2026-02-05 09:51:40,84.7,1146,tp 4816.931,W1
17,monthlyreset,2026-02,16,BUY,0.05,4881.062,2026-02-05 10:22:00,2026-02-06 00:00:00,818,38,,W2
17,monthlyreset,2026-02,17,BUY,0.11,4778.936,2026-02-06 06:11:00,2026-02-06 06:49:18,38.3,-624,sl 4723.415,L1
17,monthlyreset,2026-02,18,SELL,0.09,4657.139,2026-02-06 07:18:00,2026-02-06 07:27:27,9.5,-545,sl 4716.513,L2
17,monthlyreset,2026-02,19,BUY,0.08,4736.872,2026-02-06 07:37:00,2026-02-06 20:00:41,743.7,1234,tp 4911.938,W1
17,monthlyreset,2026-02,20,BUY,0.15,4914.535,2026-02-06 20:20:00,2026-02-07 00:00:00,220,557,,W2
17,monthlyreset,2026-02,21,BUY,0.21,4988.714,2026-02-09 06:21:00,2026-02-09 23:03:30,1002.5,1369,tp 5064.163,W3
17,monthlyreset,2026-02,22,BUY,0.24,5074.404,2026-02-09 23:24:00,2026-02-10 00:00:00,36,-20,,L1
17,monthlyreset,2026-02,23,SELL,0.61,5072.002,2026-02-10 06:02:00,2026-02-10 06:12:03,10,3879,tp 4998.872,W1
17,monthlyreset,2026-02,24,BUY,0.18,5036.408,2026-02-10 06:44:00,2026-02-11 00:00:00,1036,-245,,L1
17,monthlyreset,2026-02,25,BUY,0.45,5039.092,2026-02-11 06:17:00,2026-02-11 17:44:27,687.4,1893,tp 5089.769,W1
17,monthlyreset,2026-02,26,SELL,0.4,5094.108,2026-02-11 17:58:00,2026-02-11 19:00:39,62.6,-1021,sl 5119.074,L1
17,monthlyreset,2026-02,27,SELL,0.31,5106.571,2026-02-11 19:06:00,2026-02-11 20:30:40,84.7,1978,tp 5031.140,W1
17,monthlyreset,2026-02,28,SELL,0.21,5047.221,2026-02-11 20:36:00,2026-02-12 00:00:00,204,-601,,L1
17,monthlyreset,2026-02,29,SELL,0.48,5084.358,2026-02-12 06:08:00,2026-02-12 23:11:20,1023.3,2190,tp 5030.099,W1
17,monthlyreset,2026-02,30,SELL,0.2,4889.697,2026-02-12 23:27:00,2026-02-12 23:35:40,8.7,-1139,sl 4945.507,L1
17,monthlyreset,2026-02,31,BUY,0.14,4957.677,2026-02-12 23:40:00,2026-02-13 00:00:00,20,-43,,L2
17,monthlyreset,2026-02,32,BUY,0.3,4909.065,2026-02-13 06:13:00,2026-02-13 20:30:41,857.7,2306,tp 4999.401,W1
17,monthlyreset,2026-02,33,SELL,0.35,4973.973,2026-02-13 20:48:00,2026-02-13 21:21:37,33.6,-1185,sl 5007.153,L1
17,monthlyreset,2026-02,34,SELL,0.27,5003.142,2026-02-13 21:31:00,2026-02-14 00:00:00,149,-141,,L2
17,monthlyreset,2026-02,35,BUY,0.43,5029.562,2026-02-16 06:28:00,2026-02-16 07:03:38,35.6,-1111,sl 5004.264,L3
17,monthlyreset,2026-02,36,SELL,0.33,5007.334,2026-02-16 07:04:00,2026-02-17 00:00:00,1016,633,,W1
17,monthlyreset,2026-02,37,BUY,1,4998.072,2026-02-17 06:02:00,2026-02-17 06:12:39,10.6,-1100,sl 4987.316,L1
17,monthlyreset,2026-02,38,SELL,0.76,4988.064,2026-02-17 06:18:00,2026-02-17 07:52:40,94.7,2235,tp 4953.171,W1
17,monthlyreset,2026-02,39,BUY,0.4,4950.123,2026-02-17 08:12:00,2026-02-17 12:15:28,243.5,-1153,sl 4921.934,L1
17,monthlyreset,2026-02,40,BUY,0.24,4894.155,2026-02-17 12:54:00,2026-02-17 21:01:32,487.5,-1077,sl 4850.162,L2
17,monthlyreset,2026-02,41,SELL,0.19,4881.512,2026-02-17 21:40:00,2026-02-18 00:00:00,140,226,,W1
17,monthlyreset,2026-02,42,BUY,0.5,4882.949,2026-02-18 06:15:00,2026-02-18 06:50:30,35.5,-1043,sl 4862.562,L1
17,monthlyreset,2026-02,43,BUY,0.31,4877.112,2026-02-18 07:34:00,2026-02-18 20:07:42,753.7,2136,tp 4958.518,W1
17,monthlyreset,2026-02,44,BUY,0.49,4965.002,2026-02-18 20:38:00,2026-02-19 00:00:00,202,1829,,W2
17,monthlyreset,2026-02,45,BUY,0.72,4981.347,2026-02-19 06:28:00,2026-02-19 07:02:38,34.6,-1319,sl 4965.104,L1
17,monthlyreset,2026-02,46,BUY,0.47,4968.329,2026-02-19 07:13:00,2026-02-20 00:00:00,1007,1842,,W1
17,monthlyreset,2026-02,47,BUY,0.92,5003.029,2026-02-20 06:04:00,2026-02-20 06:56:36,52.6,-1229,sl 4989.931,L1
17,monthlyreset,2026-02,48,BUY,0.54,4996.283,2026-02-20 07:16:00,2026-02-20 21:32:39,856.6,2464,tp 5050.545,W1
17,monthlyreset,2026-02,49,BUY,0.56,5050.117,2026-02-20 21:33:00,2026-02-20 22:03:23,30.4,-1296,sl 5027.438,L1
17,monthlyreset,2026-02,50,SELL,0.32,4994.839,2026-02-20 22:07:00,2026-02-20 22:16:14,9.2,-1230,sl 5032.511,L2
17,monthlyreset,2026-02,51,BUY,0.23,5044.503,2026-02-20 22:19:00,2026-02-21 00:00:00,101,507,,W1
17,monthlyreset,2026-02,52,BUY,0.41,5158.704,2026-02-23 06:50:00,2026-02-23 07:20:04,30.1,-1186,sl 5130.386,L1
17,monthlyreset,2026-02,53,BUY,0.26,5153.494,2026-02-23 07:30:00,2026-02-24 00:00:00,990,1475,,W1
17,monthlyreset,2026-02,54,BUY,0.73,5240.285,2026-02-24 06:03:00,2026-02-24 07:01:30,58.5,-1251,sl 5224.157,L1
17,monthlyreset,2026-02,55,SELL,0.37,5225.250,2026-02-24 07:29:00,2026-02-24 08:16:41,47.7,2444,tp 5147.117,W1
17,monthlyreset,2026-02,56,SELL,0.26,5150.942,2026-02-24 08:25:00,2026-02-25 00:00:00,935,234,,W2
17,monthlyreset,2026-02,57,SELL,0.7,5135.751,2026-02-25 06:04:00,2026-02-25 07:38:28,94.5,-1307,sl 5154.057,L1
17,monthlyreset,2026-02,58,BUY,0.56,5154.479,2026-02-25 07:41:00,2026-02-25 12:49:39,308.7,2564,tp 5208.541,W1
17,monthlyreset,2026-02,59,SELL,0.77,5202.492,2026-02-25 12:58:00,2026-02-25 18:16:39,318.7,2890,tp 5158.070,W2
17,monthlyreset,2026-02,60,SELL,0.69,5157.013,2026-02-25 18:17:00,2026-02-25 18:57:25,40.4,-1512,sl 5178.494,L1
17,monthlyreset,2026-02,61,BUY,0.7,5179.751,2026-02-25 18:58:00,2026-02-25 21:39:40,161.7,-1412,sl 5160.001,L2
17,monthlyreset,2026-02,62,BUY,0.49,5175.245,2026-02-25 21:45:00,2026-02-26 00:00:00,135,1792,,W1
17,monthlyreset,2026-02,63,BUY,0.45,5173.404,2026-02-26 06:04:00,2026-02-26 21:30:42,926.7,-1501,sl 5142.422,L1
17,monthlyreset,2026-02,64,SELL,0.37,5162.774,2026-02-26 22:02:00,2026-02-27 00:00:00,118,-652,,L2
17,monthlyreset,2026-02,65,SELL,0.76,5182.552,2026-02-27 06:26:00,2026-02-27 09:07:42,161.7,-1345,sl 5199.867,L3
17,monthlyreset,2026-02,66,BUY,0.56,5199.527,2026-02-27 09:08:00,2026-02-27 09:37:29,29.5,-1253,sl 5177.614,L4
17,monthlyreset,2026-02,67,SELL,0.58,5176.259,2026-02-27 09:51:00,2026-02-27 12:30:40,159.7,-1207,sl 5196.634,L5
17,monthlyreset,2026-02,68,BUY,0.89,5195.223,2026-02-27 12:55:00,2026-02-27 14:14:30,79.5,-1134,sl 5182.805,L6
17,monthlyreset,2026-02,69,SELL,0.63,5179.496,2026-02-27 14:17:00,2026-02-27 20:06:30,349.5,-1085,sl 5196.310,L7
17,monthlyreset,2026-02,70,SELL,0.35,5208.685,2026-02-27 20:42:00,2026-02-27 22:11:39,89.6,-1022,sl 5237.316,L8
17,monthlyreset,2026-02,71,BUY,0.25,5232.693,2026-02-27 22:32:00,2026-02-28 00:00:00,88,-88,,L9
17,monthlyreset,2026-03,1,BUY,0.18,5351.678,2026-03-02 06:10:00,2026-03-02 08:01:40,111.7,-489,sl 5325.052,L1
17,monthlyreset,2026-03,2,SELL,0.09,5331.429,2026-03-02 08:02:00,2026-03-02 13:48:30,346.5,-486,sl 5384.269,L2
17,monthlyreset,2026-03,3,BUY,0.18,5384.729,2026-03-02 13:49:00,2026-03-02 21:21:39,452.6,-447,sl 5360.438,L3
17,monthlyreset,2026-03,4,BUY,0.07,5349.632,2026-03-02 21:41:00,2026-03-02 23:00:39,79.6,-428,sl 5289.651,L4
17,monthlyreset,2026-03,5,BUY,0.06,5301.654,2026-03-02 23:14:00,2026-03-03 00:00:00,46,-69,,L5
17,monthlyreset,2026-03,6,BUY,0.17,5340.315,2026-03-03 06:04:00,2026-03-03 12:54:21,410.4,-416,sl 5316.917,L6
17,monthlyreset,2026-03,7,SELL,0.09,5289.581,2026-03-03 13:15:00,2026-03-03 14:51:14,96.2,-379,sl 5330.804,L7
17,monthlyreset,2026-03,8,BUY,0.11,5329.543,2026-03-03 14:55:00,2026-03-03 15:40:38,45.6,-357,sl 5297.805,L8
17,monthlyreset,2026-03,9,SELL,0.11,5297.908,2026-03-03 15:41:00,2026-03-03 18:07:31,146.5,742,tp 5220.392,W1
17,monthlyreset,2026-03,10,SELL,0.05,5185.301,2026-03-03 18:26:00,2026-03-03 22:17:41,231.7,849,tp 4997.815,W2
17,monthlyreset,2026-03,11,BUY,0.04,5038.990,2026-03-03 22:23:00,2026-03-04 00:00:00,97,272,,W3
17,monthlyreset,2026-03,12,BUY,0.11,5102.659,2026-03-04 06:03:00,2026-03-04 19:03:39,780.6,959,tp 5203.430,W4
17,monthlyreset,2026-03,13,SELL,0.22,5186.895,2026-03-04 19:17:00,2026-03-05 00:00:00,283,911,,W5
17,monthlyreset,2026-03,14,SELL,0.25,5146.531,2026-03-05 06:14:00,2026-03-05 07:05:41,51.7,-552,sl 5168.170,L1
17,monthlyreset,2026-03,15,BUY,0.24,5167.114,2026-03-05 07:07:00,2026-03-05 13:00:16,353.3,-514,sl 5146.131,L2
17,monthlyreset,2026-03,16,SELL,0.21,5146.993,2026-03-05 13:08:00,2026-03-05 14:00:05,52.1,-484,sl 5169.591,L3
17,monthlyreset,2026-03,17,SELL,0.13,5161.170,2026-03-05 14:17:00,2026-03-05 22:08:31,471.5,983,tp 5072.567,W1
17,monthlyreset,2026-03,18,SELL,0.08,5076.755,2026-03-05 22:27:00,2026-03-06 00:00:00,93,-9,,L1
17,monthlyreset,2026-03,19,SELL,0.25,5090.351,2026-03-06 06:28:00,2026-03-06 08:40:27,132.4,-514,sl 5110.472,L2
17,monthlyreset,2026-03,20,SELL,0.14,5123.551,2026-03-06 09:42:00,2026-03-06 22:02:40,740.7,-92,sl 5156.151,L3
17,monthlyreset,2026-03,21,BUY,0.07,5164.443,2026-03-06 22:26:00,2026-03-07 00:00:00,94,-174,,L4
17,monthlyreset,2026-03,22,SELL,0.07,5086.956,2026-03-09 06:37:00,2026-03-10 00:00:00,1043,-129,,L5
17,monthlyreset,2026-03,23,BUY,0.14,5149.196,2026-03-10 06:13:00,2026-03-10 22:33:12,980.2,977,tp 5230.658,W1
17,monthlyreset,2026-03,24,SELL,0.2,5225.525,2026-03-10 23:09:00,2026-03-11 00:00:00,51,-45,,L1
17,monthlyreset,2026-03,25,BUY,0.24,5194.778,2026-03-11 06:07:00,2026-03-11 19:36:40,809.7,-519,sl 5174.223,L2
17,monthlyreset,2026-03,26,SELL,0.2,5174.576,2026-03-11 19:37:00,2026-03-12 00:00:00,263,-23,,L3
17,monthlyreset,2026-03,27,BUY,0.19,5153.533,2026-03-12 06:14:00,2026-03-12 07:00:39,46.6,-517,sl 5128.609,L4
17,monthlyreset,2026-03,28,BUY,0.15,5139.379,2026-03-12 07:15:00,2026-03-13 00:00:00,1005,-248,,L5
17,monthlyreset,2026-03,29,BUY,0.2,5095.409,2026-03-13 06:08:00,2026-03-13 14:21:40,493.7,-447,sl 5074.123,L6
17,monthlyreset,2026-03,30,SELL,0.17,5083.010,2026-03-13 14:56:00,2026-03-13 18:59:30,243.5,-423,sl 5107.383,L7
17,monthlyreset,2026-03,31,SELL,0.19,5109.592,2026-03-13 19:13:00,2026-03-13 21:55:16,162.3,861,tp 5056.232,W1
17,monthlyreset,2026-03,32,BUY,0.11,5058.288,2026-03-13 22:08:00,2026-03-13 23:06:40,58.7,-421,sl 5020.823,L1
17,monthlyreset,2026-03,33,BUY,0.08,5040.282,2026-03-13 23:12:00,2026-03-14 00:00:00,48,46,,W1
17,monthlyreset,2026-03,34,BUY,0.14,5025.049,2026-03-16 06:00:00,2026-03-16 06:20:27,20.4,-424,sl 4995.392,L1
17,monthlyreset,2026-03,35,SELL,0.11,4986.442,2026-03-16 06:21:00,2026-03-16 07:02:41,41.7,-388,sl 5020.999,L2
17,monthlyreset,2026-03,36,BUY,0.09,5030.946,2026-03-16 07:35:00,2026-03-16 08:14:30,39.5,-368,sl 4990.847,L3
17,monthlyreset,2026-03,37,SELL,0.09,4995.375,2026-03-16 08:25:00,2026-03-16 13:16:37,291.6,-358,sl 5034.369,L4
17,monthlyreset,2026-03,38,SELL,0.18,5027.383,2026-03-16 13:27:00,2026-03-16 16:45:39,198.6,726,tp 4979.476,W1
17,monthlyreset,2026-03,39,SELL,0.17,4977.906,2026-03-16 16:56:00,2026-03-16 18:00:29,64.5,-386,sl 5000.108,L1
17,monthlyreset,2026-03,40,BUY,0.16,5012.844,2026-03-16 18:20:00,2026-03-16 21:48:30,208.5,-355,sl 4991.119,L2
17,monthlyreset,2026-03,41,BUY,0.1,5002.102,2026-03-16 22:17:00,2026-03-17 00:00:00,103,-116,,L3
17,monthlyreset,2026-03,42,BUY,0.19,5005.743,2026-03-17 06:12:00,2026-03-17 22:36:27,984.4,254,sl 4988.821,W1
17,monthlyreset,2026-03,43,BUY,0.12,5003.753,2026-03-17 23:26:00,2026-03-18 00:00:00,34,-25,,L1
17,monthlyreset,2026-03,44,BUY,0.29,5001.773,2026-03-18 06:02:00,2026-03-18 10:04:20,242.3,-364,sl 4990.021,L2
17,monthlyreset,2026-03,45,BUY,0.21,4996.384,2026-03-18 10:25:00,2026-03-18 15:45:30,320.5,-336,sl 4980.795,L3
17,monthlyreset,2026-03,46,SELL,0.18,4983.045,2026-03-18 15:46:00,2026-03-18 18:44:30,178.5,689,tp 4937.568,W1
17,monthlyreset,2026-03,47,SELL,0.09,4932.194,2026-03-18 18:56:00,2026-03-19 00:00:00,304,588,,W2
17,monthlyreset,2026-03,48,SELL,0.11,4829.229,2026-03-19 06:19:00,2026-03-19 08:40:28,141.5,-380,sl 4863.061,L1
17,monthlyreset,2026-03,49,SELL,0.12,4853.359,2026-03-19 08:51:00,2026-03-19 13:46:28,295.5,780,tp 4776.078,W1
17,monthlyreset,2026-03,50,BUY,0.09,4771.370,2026-03-19 14:02:00,2026-03-19 14:59:40,57.7,-389,sl 4729.017,L1
17,monthlyreset,2026-03,51,SELL,0.07,4724.983,2026-03-19 15:06:00,2026-03-19 19:42:39,276.7,799,tp 4592.896,W1
17,monthlyreset,2026-03,52,SELL,0.07,4575.999,2026-03-19 19:44:00,2026-03-19 21:00:27,76.4,-397,sl 4631.503,L1
17,monthlyreset,2026-03,53,SELL,0.03,4614.257,2026-03-19 21:20:00,2026-03-20 00:00:00,160,88,,W1
17,monthlyreset,2026-03,54,SELL,0.14,4644.020,2026-03-20 06:10:00,2026-03-20 08:05:41,115.7,-399,sl 4671.954,L1
17,monthlyreset,2026-03,55,BUY,0.13,4673.864,2026-03-20 08:07:00,2026-03-20 17:51:41,584.7,302,sl 4645.703,W1
17,monthlyreset,2026-03,56,BUY,0.1,4669.165,2026-03-20 18:33:00,2026-03-20 20:51:42,138.7,-397,sl 4630.264,L1
17,monthlyreset,2026-03,57,SELL,0.07,4627.333,2026-03-20 20:53:00,2026-03-21 00:00:00,187,305,,W1
17,monthlyreset,2026-03,58,SELL,0.06,4489.127,2026-03-23 06:22:00,2026-03-23 07:37:28,75.5,786,tp 4333.501,W2
17,monthlyreset,2026-03,59,BUY,0.05,4356.756,2026-03-23 07:58:00,2026-03-23 13:07:15,309.2,-441,sl 4270.309,L1
17,monthlyreset,2026-03,60,SELL,0.06,4243.755,2026-03-23 13:30:00,2026-03-23 16:29:42,179.7,358,sl 4304.162,W1
17,monthlyreset,2026-03,61,BUY,0.05,4304.266,2026-03-23 16:30:00,2026-03-23 16:44:42,14.7,-401,sl 4225.621,L1
17,monthlyreset,2026-03,62,BUY,0.05,4243.983,2026-03-23 16:53:00,2026-03-23 18:11:00,78,893,tp 4441.157,W1
17,monthlyreset,2026-03,63,SELL,0.04,4395.003,2026-03-23 18:20:00,2026-03-23 19:59:14,99.2,-395,sl 4491.870,L1
17,monthlyreset,2026-03,64,SELL,0.04,4423.391,2026-03-23 20:20:00,2026-03-24 00:00:00,220,191,,W1
17,monthlyreset,2026-03,65,BUY,0.09,4437.262,2026-03-24 06:08:00,2026-03-24 07:27:21,79.4,-420,sl 4392.109,L1
17,monthlyreset,2026-03,66,SELL,0.08,4360.248,2026-03-24 07:39:00,2026-03-24 14:00:38,381.6,-402,sl 4409.446,L2
17,monthlyreset,2026-03,67,BUY,0.07,4423.726,2026-03-24 14:11:00,2026-03-24 19:39:38,328.6,-406,sl 4366.866,L3
17,monthlyreset,2026-03,68,SELL,0.07,4365.341,2026-03-24 19:40:00,2026-03-24 21:34:39,114.6,-364,sl 4416.243,L4
17,monthlyreset,2026-03,69,SELL,0.05,4410.944,2026-03-24 22:01:00,2026-03-25 00:00:00,119,-55,,L5
17,monthlyreset,2026-03,70,BUY,0.08,4485.083,2026-03-25 06:00:00,2026-03-25 08:39:14,159.2,734,tp 4589.968,W1
17,monthlyreset,2026-03,71,BUY,0.1,4598.356,2026-03-25 08:51:00,2026-03-25 12:21:38,210.6,-375,sl 4561.656,L1
17,monthlyreset,2026-03,72,BUY,0.17,4565.268,2026-03-25 12:44:00,2026-03-25 13:09:19,25.3,-365,sl 4544.233,L2
17,monthlyreset,2026-03,73,BUY,0.12,4550.757,2026-03-25 13:22:00,2026-03-25 19:31:42,369.7,-347,sl 4522.383,L3
17,monthlyreset,2026-03,74,BUY,0.09,4553.344,2026-03-25 19:38:00,2026-03-26 00:00:00,262,19,,W1
17,monthlyreset,2026-03,75,SELL,0.08,4509.128,2026-03-26 06:04:00,2026-03-26 23:21:32,1037.5,709,tp 4408.555,W2
17,monthlyreset,2026-03,76,SELL,0.1,4397.502,2026-03-27 06:06:00,2026-03-27 09:03:31,177.5,-361,sl 4432.868,L1
17,monthlyreset,2026-03,77,BUY,0.11,4436.991,2026-03-27 09:11:00,2026-03-27 18:07:29,536.5,-339,sl 4406.800,L2
17,monthlyreset,2026-03,78,SELL,0.14,4408.471,2026-03-27 18:09:00,2026-03-27 19:16:31,67.5,-336,sl 4431.980,L3
17,monthlyreset,2026-03,79,BUY,0.12,4429.733,2026-03-27 19:30:00,2026-03-27 21:52:41,142.7,699,tp 4498.981,W1
17,monthlyreset,2026-03,80,BUY,0.06,4530.267,2026-03-27 22:14:00,2026-03-28 00:00:00,106,-87,,L1
17,monthlyreset,2026-03,81,SELL,0.08,4477.622,2026-03-30 06:06:00,2026-03-30 12:50:16,404.3,-364,sl 4522.200,L2
17,monthlyreset,2026-03,82,BUY,0.12,4529.308,2026-03-30 13:10:00,2026-03-31 00:00:00,650,279,,W1
17,monthlyreset,2026-03,83,SELL,0.18,4502.777,2026-03-31 06:03:00,2026-03-31 07:02:28,59.5,-361,sl 4522.379,L1
17,monthlyreset,2026-03,84,SELL,0.12,4518.147,2026-03-31 07:14:00,2026-03-31 07:46:41,32.7,-320,sl 4544.267,L2
17,monthlyreset,2026-03,85,BUY,0.07,4542.583,2026-03-31 07:55:00,2026-03-31 23:41:40,946.7,629,tp 4646.646,W1
17,monthlyreset,2026-03,86,BUY,0.09,4680.354,2026-04-01 06:01:00,2026-04-01 22:32:35,991.6,737,tp 4778.185,W2
17,monthlyreset,2026-04,1,BUY,0.16,4701.357,2026-04-01 07:07:00,2026-04-01 11:16:40,249.7,-501,sl 4670.660,L1
17,monthlyreset,2026-04,2,BUY,0.26,4672.897,2026-04-01 11:29:00,2026-04-01 13:47:29,138.5,1042,tp 4719.843,W1
17,monthlyreset,2026-04,3,BUY,0.19,4727.788,2026-04-01 13:56:00,2026-04-02 00:00:00,604,1064,,W2
17,monthlyreset,2026-04,4,SELL,0.26,4774.490,2026-04-02 06:01:00,2026-04-02 06:19:30,18.5,-590,sl 4796.629,L1
17,monthlyreset,2026-04,5,SELL,0.22,4789.516,2026-04-02 06:38:00,2026-04-02 08:06:42,88.7,1194,tp 4725.624,W1
17,monthlyreset,2026-04,6,SELL,0.13,4727.680,2026-04-02 08:20:00,2026-04-02 12:47:39,267.6,1318,tp 4608.898,W2
17,monthlyreset,2026-04,7,SELL,0.15,4587.068,2026-04-02 13:02:00,2026-04-02 14:34:27,92.4,-657,sl 4629.931,L1
17,monthlyreset,2026-04,8,BUY,0.14,4632.003,2026-04-02 14:35:00,2026-04-02 20:00:39,325.7,-653,sl 4586.287,L2
17,monthlyreset,2026-04,9,SELL,0.14,4590.770,2026-04-02 20:14:00,2026-04-02 20:49:30,35.5,-594,sl 4632.353,L3
17,monthlyreset,2026-04,10,BUY,0.09,4656.299,2026-04-02 21:12:00,2026-04-03 00:00:00,168,23,,W1
17,monthlyreset,2026-04,11,BUY,0.11,4645.881,2026-04-06 06:00:00,2026-04-07 00:00:00,1080,156,,W2
17,monthlyreset,2026-04,12,BUY,0.4,4661.086,2026-04-07 06:07:00,2026-04-07 08:00:21,113.4,-622,sl 4646.445,L1
17,monthlyreset,2026-04,13,SELL,0.21,4636.246,2026-04-07 08:11:00,2026-04-07 11:42:32,211.5,-574,sl 4663.057,L2
17,monthlyreset,2026-04,14,SELL,0.36,4660.229,2026-04-07 12:01:00,2026-04-07 15:20:41,199.7,505,sl 4674.883,W1
17,monthlyreset,2026-04,15,SELL,0.19,4681.890,2026-04-07 16:07:00,2026-04-08 00:00:00,473,860,,W2
17,monthlyreset,2026-04,16,BUY,0.09,4821.426,2026-04-08 06:21:00,2026-04-08 21:32:34,911.6,-615,sl 4754.978,L1
17,monthlyreset,2026-04,17,SELL,0.12,4747.346,2026-04-08 21:54:00,2026-04-09 00:00:00,126,-166,,L2
17,monthlyreset,2026-04,18,SELL,0.24,4713.826,2026-04-09 06:02:00,2026-04-09 17:24:38,682.6,-575,sl 4737.293,L3
17,monthlyreset,2026-04,19,BUY,0.29,4745.425,2026-04-09 17:51:00,2026-04-09 22:34:41,283.7,1145,tp 4791.780,W1
17,monthlyreset,2026-04,20,BUY,0.19,4793.974,2026-04-09 22:36:00,2026-04-10 00:00:00,84,-102,,L1
17,monthlyreset,2026-04,21,BUY,0.3,4764.348,2026-04-10 06:00:00,2026-04-10 09:21:20,201.3,-603,sl 4745.231,L2
17,monthlyreset,2026-04,22,BUY,0.22,4749.303,2026-04-10 09:41:00,2026-04-11 00:00:00,859,528,,W1
17,monthlyreset,2026-04,23,BUY,0.15,4659.132,2026-04-13 06:00:00,2026-04-14 00:00:00,1080,1126,,W2
17,monthlyreset,2026-04,24,SELL,0.41,4758.128,2026-04-14 06:22:00,2026-04-14 07:41:21,79.4,-653,sl 4773.709,L1
17,monthlyreset,2026-04,25,BUY,0.27,4775.941,2026-04-14 08:08:00,2026-04-14 17:39:38,571.6,-601,sl 4754.112,L2
17,monthlyreset,2026-04,26,BUY,0.24,4770.410,2026-04-14 17:51:00,2026-04-15 00:00:00,369,1038,,W1
17,monthlyreset,2026-04,27,BUY,0.39,4843.001,2026-04-15 06:07:00,2026-04-15 09:32:15,205.2,-654,sl 4827.147,L1
17,monthlyreset,2026-04,28,SELL,0.25,4822.192,2026-04-15 09:56:00,2026-04-16 00:00:00,844,447,,W1
17,monthlyreset,2026-04,29,BUY,0.44,4811.726,2026-04-16 06:14:00,2026-04-16 20:52:39,878.6,-144,sl 4797.923,L1
17,monthlyreset,2026-04,30,SELL,0.23,4788.428,2026-04-16 21:06:00,2026-04-17 00:00:00,174,-96,,L2
17,monthlyreset,2026-04,31,SELL,0.54,4793.713,2026-04-17 06:02:00,2026-04-17 12:00:38,358.6,541,sl 4804.963,W1
17,monthlyreset,2026-04,32,BUY,0.64,4804.249,2026-04-17 12:01:00,2026-04-17 12:57:25,56.4,-639,sl 4794.469,L1
17,monthlyreset,2026-04,33,SELL,0.44,4795.447,2026-04-17 12:59:00,2026-04-17 18:48:29,349.5,-620,sl 4809.235,L2
17,monthlyreset,2026-04,34,SELL,0.35,4800.772,2026-04-17 18:56:00,2026-04-17 19:25:39,29.6,-574,sl 4816.862,L3
17,monthlyreset,2026-04,35,BUY,0.28,4820.558,2026-04-17 19:37:00,2026-04-17 20:10:30,33.5,1184,tp 4870.424,W1
17,monthlyreset,2026-04,36,SELL,0.15,4855.539,2026-04-17 20:22:00,2026-04-18 00:00:00,218,-178,,L1
17,monthlyreset,2026-04,37,SELL,0.18,4771.756,2026-04-20 06:17:00,2026-04-20 08:30:39,133.6,-599,sl 4804.386,L2
17,monthlyreset,2026-04,38,SELL,0.22,4807.813,2026-04-20 09:00:00,2026-04-21 00:00:00,900,47,,W1
17,monthlyreset,2026-04,39,SELL,0.36,4824.381,2026-04-21 06:09:00,2026-04-21 12:52:40,403.7,1224,tp 4783.991,W2
17,monthlyreset,2026-04,40,BUY,0.34,4788.423,2026-04-21 13:11:00,2026-04-21 19:30:39,379.7,-630,sl 4770.273,L1
17,monthlyreset,2026-04,41,SELL,0.31,4776.184,2026-04-21 19:31:00,2026-04-21 21:47:40,136.7,1277,tp 4727.493,W1
17,monthlyreset,2026-04,42,BUY,0.18,4737.332,2026-04-21 21:58:00,2026-04-22 00:00:00,122,-480,,L1
17,monthlyreset,2026-04,43,BUY,0.4,4721.699,2026-04-22 06:02:00,2026-04-22 10:29:37,267.6,1374,tp 4762.993,W1
17,monthlyreset,2026-04,44,SELL,0.57,4759.001,2026-04-22 10:38:00,2026-04-22 12:21:41,103.7,-730,sl 4771.534,L1
17,monthlyreset,2026-04,45,BUY,0.47,4767.847,2026-04-22 12:39:00,2026-04-22 15:30:03,171,-662,sl 4754.038,L2
17,monthlyreset,2026-04,46,SELL,0.47,4752.495,2026-04-22 15:37:00,2026-04-23 00:00:00,503,1187,,W1
17,monthlyreset,2026-04,47,SELL,0.61,4726.131,2026-04-23 06:00:00,2026-04-23 07:15:40,75.7,1504,tp 4696.919,W2
17,monthlyreset,2026-04,48,BUY,0.36,4734.364,2026-04-23 07:26:00,2026-04-23 09:08:39,102.6,-763,sl 4713.586,L1
17,monthlyreset,2026-04,49,BUY,0.29,4717.986,2026-04-23 09:23:00,2026-04-23 12:30:42,187.7,-730,sl 4693.319,L2
17,monthlyreset,2026-04,50,SELL,0.48,4702.205,2026-04-23 12:43:00,2026-04-23 13:01:20,18.3,-706,sl 4716.608,L3
17,monthlyreset,2026-04,51,BUY,0.4,4716.675,2026-04-23 13:03:00,2026-04-23 16:02:27,179.5,-657,sl 4700.599,L4
17,monthlyreset,2026-04,52,BUY,0.33,4701.422,2026-04-23 16:24:00,2026-04-24 00:00:00,456,1132,,W1
17,monthlyreset,2026-04,53,BUY,0.51,4695.421,2026-04-24 06:01:00,2026-04-24 09:28:39,207.6,-720,sl 4682.158,L1
17,monthlyreset,2026-04,54,BUY,0.31,4689.114,2026-04-24 09:35:00,2026-04-24 10:10:15,35.2,-649,sl 4668.606,L2
17,monthlyreset,2026-04,55,SELL,0.3,4669.800,2026-04-24 10:13:00,2026-04-24 14:46:28,273.5,-611,sl 4689.724,L3
17,monthlyreset,2026-04,56,BUY,0.37,4693.333,2026-04-24 15:20:00,2026-04-24 17:31:41,131.7,-579,sl 4678.035,L4
17,monthlyreset,2026-04,57,SELL,0.37,4677.308,2026-04-24 17:55:00,2026-04-24 18:05:02,10,-565,sl 4692.247,L5
17,monthlyreset,2026-04,58,BUY,0.23,4707.615,2026-04-24 18:24:00,2026-04-25 00:00:00,336,436,,W1
17,monthlyreset,2026-04,59,BUY,0.31,4684.052,2026-04-27 06:07:00,2026-04-27 10:43:36,276.6,1151,tp 4727.924,W2
17,monthlyreset,2026-04,60,SELL,0.51,4726.252,2026-04-27 11:26:00,2026-04-27 20:01:32,515.5,1308,tp 4695.753,W3
17,monthlyreset,2026-04,61,BUY,0.36,4697.748,2026-04-27 20:12:00,2026-04-27 21:55:21,103.4,-663,sl 4679.704,L1
17,monthlyreset,2026-04,62,SELL,0.27,4673.195,2026-04-27 22:03:00,2026-04-28 00:00:00,117,-100,,L2
17,monthlyreset,2026-04,63,BUY,0.72,4687.876,2026-04-28 06:01:00,2026-04-28 08:55:41,174.7,-679,sl 4679.224,L3
17,monthlyreset,2026-04,64,BUY,0.36,4679.224,2026-04-28 09:18:00,2026-04-28 12:03:37,165.6,-594,sl 4663.113,L4
17,monthlyreset,2026-04,65,BUY,0.44,4658.035,2026-04-28 12:21:00,2026-04-28 12:30:40,9.7,-575,sl 4645.232,L5
17,monthlyreset,2026-04,66,SELL,0.34,4644.526,2026-04-28 12:35:00,2026-04-28 17:58:35,323.6,1147,tp 4604.621,W1
17,monthlyreset,2026-04,67,SELL,0.32,4602.824,2026-04-28 18:09:00,2026-04-28 19:01:42,52.7,1302,tp 4554.986,W2
17,monthlyreset,2026-04,68,BUY,0.22,4575.554,2026-04-28 19:12:00,2026-04-29 00:00:00,288,372,,W3
17,monthlyreset,2026-04,69,SELL,0.81,4591.470,2026-04-29 06:06:00,2026-04-29 07:00:38,54.6,-711,sl 4600.053,L1
17,monthlyreset,2026-04,70,SELL,0.53,4601.447,2026-04-29 07:21:00,2026-04-29 14:26:42,425.7,1410,tp 4570.036,W1
17,monthlyreset,2026-04,71,SELL,0.37,4570.740,2026-04-29 14:43:00,2026-04-29 20:40:38,357.6,1569,tp 4520.646,W2
17,monthlyreset,2026-04,72,BUY,0.26,4521.039,2026-04-29 20:55:00,2026-04-30 00:00:00,185,635,,W3
17,monthlyreset,2026-04,73,BUY,0.68,4552.894,2026-04-30 06:02:00,2026-04-30 11:35:15,333.2,613,sl 4540.875,W4
17,monthlyreset,2026-04,74,SELL,0.58,4542.823,2026-04-30 11:59:00,2026-04-30 12:24:27,25.4,-882,sl 4557.695,L1
17,monthlyreset,2026-04,75,BUY,0.51,4561.148,2026-04-30 12:33:00,2026-04-30 14:56:39,143.6,1720,tp 4601.253,W1
17,monthlyreset,2026-04,76,BUY,0.39,4627.028,2026-04-30 15:05:00,2026-05-01 00:00:00,535,-783,,L1
17,monthlyreset,2026-04,77,SELL,0.72,4628.962,2026-05-01 06:04:00,2026-05-01 13:19:15,435.2,1845,tp 4598.468,W1
17,monthlyreset,2026-05,1,SELL,0.45,4624.289,2026-05-01 07:13:00,2026-05-01 09:17:38,124.6,-515,sl 4635.493,L1
17,monthlyreset,2026-05,2,SELL,0.34,4624.327,2026-05-01 09:45:00,2026-05-01 14:22:27,277.4,1013,tp 4589.083,W1
17,monthlyreset,2026-05,3,SELL,0.29,4585.933,2026-05-01 14:35:00,2026-05-01 19:25:41,290.7,-536,sl 4604.033,L1
17,monthlyreset,2026-05,4,SELL,0.24,4591.705,2026-05-01 19:45:00,2026-05-01 20:53:20,68.3,-509,sl 4612.471,L2
17,monthlyreset,2026-05,5,BUY,0.19,4615.118,2026-05-01 20:54:00,2026-05-02 00:00:00,186,580,,W1
17,monthlyreset,2026-05,6,SELL,0.27,4615.058,2026-05-04 06:11:00,2026-05-04 17:02:31,651.5,1072,tp 4567.859,W2
17,monthlyreset,2026-05,7,BUY,0.21,4557.887,2026-05-04 17:35:00,2026-05-04 22:20:43,285.7,-564,sl 4531.580,L1
17,monthlyreset,2026-05,8,SELL,0.13,4527.006,2026-05-04 22:49:00,2026-05-05 00:00:00,71,210,,W1
17,monthlyreset,2026-05,9,BUY,0.5,4518.125,2026-05-05 06:03:00,2026-05-05 09:43:30,220.5,1112,tp 4545.028,W2
17,monthlyreset,2026-05,10,BUY,0.42,4546.457,2026-05-05 09:49:00,2026-05-05 10:58:14,69.2,-602,sl 4532.436,L1
17,monthlyreset,2026-05,11,SELL,0.57,4530.432,2026-05-05 11:21:00,2026-05-05 12:07:23,46.4,-584,sl 4540.471,L2
17,monthlyreset,2026-05,12,SELL,0.44,4539.340,2026-05-05 12:17:00,2026-05-05 12:42:38,25.6,-556,sl 4551.685,L3
17,monthlyreset,2026-05,13,BUY,0.31,4546.691,2026-05-05 13:04:00,2026-05-06 00:00:00,656,786,,W1
17,monthlyreset,2026-05,14,BUY,0.37,4572.961,2026-05-06 06:01:00,2026-05-06 07:41:36,100.6,1161,tp 4610.694,W2
17,monthlyreset,2026-05,15,BUY,0.33,4618.290,2026-05-06 07:59:00,2026-05-06 13:00:57,302,1282,tp 4664.467,W3
17,monthlyreset,2026-05,16,BUY,0.37,4666.596,2026-05-06 13:27:00,2026-05-06 17:41:01,254,1437,tp 4712.558,W4
17,monthlyreset,2026-05,17,SELL,0.32,4712.325,2026-05-06 18:04:00,2026-05-07 00:00:00,356,1264,,W5
17,monthlyreset,2026-05,18,SELL,0.66,4694.255,2026-05-07 06:14:00,2026-05-07 08:11:28,117.5,-835,sl 4706.656,L1
17,monthlyreset,2026-05,19,SELL,0.35,4704.757,2026-05-07 08:27:00,2026-05-07 13:31:41,304.7,-779,sl 4726.541,L2
17,monthlyreset,2026-05,20,SELL,0.34,4736.727,2026-05-07 13:55:00,2026-05-07 20:34:13,399.2,-739,sl 4758.037,L3
17,monthlyreset,2026-05,21,SELL,0.26,4743.628,2026-05-07 20:49:00,2026-05-08 00:00:00,191,741,,W1
17,monthlyreset,2026-05,22,BUY,0.28,4689.425,2026-05-08 06:04:00,2026-05-09 00:00:00,1076,1129,,W2
17,monthlyreset,2026-05,23,SELL,0.36,4692.135,2026-05-11 06:11:00,2026-05-11 20:06:31,835.5,-53,sl 4713.799,L1
17,monthlyreset,2026-05,24,BUY,0.25,4739.016,2026-05-11 20:39:00,2026-05-11 23:43:14,184.2,-777,sl 4708.575,L2
17,monthlyreset,2026-05,25,SELL,0.42,4714.105,2026-05-11 23:44:00,2026-05-12 00:00:00,16,-102,,L3
17,monthlyreset,2026-05,26,BUY,0.53,4753.767,2026-05-12 06:09:00,2026-05-12 08:26:13,137.2,-771,sl 4740.061,L4
17,monthlyreset,2026-05,27,SELL,0.26,4730.308,2026-05-12 08:37:00,2026-05-12 22:18:29,821.5,1534,tp 4661.192,W1
17,monthlyreset,2026-05,28,BUY,0.24,4663.101,2026-05-12 22:35:00,2026-05-13 00:00:00,85,190,,W2
17,monthlyreset,2026-05,29,BUY,0.55,4720.443,2026-05-13 06:08:00,2026-05-13 08:17:37,129.6,-822,sl 4706.404,L1
17,monthlyreset,2026-05,30,SELL,0.36,4704.523,2026-05-13 08:30:00,2026-05-14 00:00:00,930,304,,W1
17,monthlyreset,2026-05,31,BUY,0.75,4701.896,2026-05-14 06:11:00,2026-05-14 07:03:30,52.5,-893,sl 4691.976,L1
17,monthlyreset,2026-05,32,BUY,0.61,4697.409,2026-05-14 07:13:00,2026-05-14 08:13:38,60.6,-715,sl 4685.964,L2
17,monthlyreset,2026-05,33,SELL,0.29,4688.953,2026-05-14 08:40:00,2026-05-14 11:36:39,176.6,-694,sl 4712.386,L3
17,monthlyreset,2026-05,34,SELL,0.34,4701.046,2026-05-14 12:03:00,2026-05-15 00:00:00,717,750,,W1
17,monthlyreset,2026-05,35,SELL,0.59,4661.203,2026-05-15 06:10:00,2026-05-15 07:25:38,75.6,1464,tp 4631.882,W2
17,monthlyreset,2026-05,36,BUY,0.26,4626.498,2026-05-15 07:48:00,2026-05-15 12:07:27,259.4,-751,sl 4598.169,L1
17,monthlyreset,2026-05,37,SELL,0.36,4582.145,2026-05-15 12:21:00,2026-05-15 20:37:38,496.6,1553,tp 4530.847,W1
17,monthlyreset,2026-05,38,BUY,0.23,4534.678,2026-05-15 20:55:00,2026-05-16 00:00:00,185,218,,W2
17,monthlyreset,2026-05,39,SELL,0.35,4541.927,2026-05-18 06:07:00,2026-05-18 07:44:39,97.6,1788,tp 4481.920,W3
17,monthlyreset,2026-05,40,BUY,0.22,4516.065,2026-05-18 08:00:00,2026-05-19 00:00:00,960,751,,W4
17,monthlyreset,2026-05,41,BUY,0.78,4582.304,2026-05-19 06:13:00,2026-05-19 07:28:37,75.6,-995,sl 4570.418,L1
17,monthlyreset,2026-05,42,SELL,0.44,4574.466,2026-05-19 07:36:00,2026-05-19 20:04:39,748.6,1881,tp 4524.032,W1
17,monthlyreset,2026-05,43,SELL,0.39,4517.307,2026-05-19 20:20:00,2026-05-20 00:00:00,220,1394,,W2
17,monthlyreset,2026-05,44,BUY,0.81,4483.629,2026-05-20 06:05:00,2026-05-20 08:30:38,145.6,-132,sl 4470.798,L1
17,monthlyreset,2026-05,45,BUY,0.31,4483.098,2026-05-20 08:51:00,2026-05-21 00:00:00,909,1838,,W1
17,monthlyreset,2026-05,46,BUY,0.92,4541.722,2026-05-21 06:07:00,2026-05-21 10:53:30,286.5,904,sl 4529.488,W2
17,monthlyreset,2026-05,47,BUY,0.74,4533.596,2026-05-21 11:06:00,2026-05-21 14:15:34,189.6,-1182,sl 4517.950,L1
17,monthlyreset,2026-05,48,SELL,0.56,4518.925,2026-05-21 14:16:00,2026-05-21 16:13:27,117.4,-1136,sl 4538.771,L2
17,monthlyreset,2026-05,49,SELL,0.56,4535.954,2026-05-21 16:27:00,2026-05-22 00:00:00,453,1671,,W1
17,monthlyreset,2026-05,50,SELL,1.26,4540.371,2026-05-22 06:22:00,2026-05-22 12:56:37,394.6,2475,tp 4517.001,W2
17,monthlyreset,2026-05,51,BUY,0.67,4523.071,2026-05-22 13:25:00,2026-05-22 21:01:15,456.2,-1287,sl 4504.249,L1
17,monthlyreset,2026-05,52,SELL,0.52,4507.407,2026-05-22 21:02:00,2026-05-23 00:00:00,178,-408,,L2
17,monthlyreset,2026-05,53,BUY,0.57,4567.528,2026-05-25 06:01:00,2026-05-26 00:00:00,1079,345,,W1
17,monthlyreset,2026-05,54,BUY,1.25,4576.376,2026-05-26 06:10:00,2026-05-26 06:31:21,21.4,-1223,sl 4566.816,L1
17,monthlyreset,2026-05,55,SELL,0.64,4544.848,2026-05-26 07:21:00,2026-05-27 00:00:00,999,2340,,W1
17,monthlyreset,2026-05,56,SELL,0.72,4509.429,2026-05-27 06:13:00,2026-05-27 06:44:40,31.7,-1286,sl 4526.891,L1
17,monthlyreset,2026-05,57,SELL,0.77,4518.969,2026-05-27 06:59:00,2026-05-27 13:31:40,392.7,2513,tp 4480.297,W1
17,monthlyreset,2026-05,58,SELL,0.64,4482.706,2026-05-27 13:32:00,2026-05-27 18:57:38,325.6,2835,tp 4430.128,W2
17,monthlyreset,2026-05,59,SELL,0.55,4430.290,2026-05-27 19:15:00,2026-05-27 19:21:41,6.7,-1491,sl 4456.848,L1
17,monthlyreset,2026-05,60,SELL,0.44,4445.311,2026-05-27 19:48:00,2026-05-28 00:00:00,252,-263,,L2
17,monthlyreset,2026-05,61,SELL,1.06,4451.905,2026-05-28 06:09:00,2026-05-28 08:27:03,138,2965,tp 4418.680,W1
17,monthlyreset,2026-05,62,SELL,0.66,4419.164,2026-05-28 08:43:00,2026-05-28 21:09:42,746.7,1461,sl 4442.134,W2
17,monthlyreset,2026-05,63,SELL,0.42,4457.822,2026-05-28 21:36:00,2026-05-28 23:19:29,103.5,-1612,sl 4495.414,L1
17,monthlyreset,2026-05,64,BUY,0.69,4504.173,2026-05-28 23:43:00,2026-05-29 00:00:00,17,457,,W1
17,monthlyreset,2026-05,65,BUY,1.6,4496.704,2026-05-29 06:18:00,2026-05-29 13:00:42,402.7,3292,tp 4521.795,W2
17,monthlyreset,2026-05,66,BUY,1.14,4520.339,2026-05-29 13:03:00,2026-05-29 21:52:39,529.6,3636,tp 4558.282,W3
17,monthlyreset,2026-05,67,BUY,0.58,4575.707,2026-05-29 22:04:00,2026-05-30 00:00:00,116,-525,,L1
17,monthlyreset,2026-05,68,BUY,1.06,4542.614,2026-06-01 06:15:00,2026-06-01 08:56:55,161.9,-1881,sl 4525.230,L2
17,monthlyreset,2026-06,1,BUY,0.34,4540.757,2026-06-01 07:26:00,2026-06-01 08:10:41,44.7,-509,sl 4526.093,L1
17,monthlyreset,2026-06,2,BUY,0.25,4534.120,2026-06-01 08:15:00,2026-06-01 10:11:14,116.2,-474,sl 4515.526,L2
17,monthlyreset,2026-06,3,SELL,0.26,4518.305,2026-06-01 10:26:00,2026-06-01 20:12:40,586.7,961,tp 4474.965,W1
17,monthlyreset,2026-06,4,SELL,0.18,4478.018,2026-06-01 20:21:00,2026-06-02 00:00:00,219,-39,,L1
17,monthlyreset,2026-06,5,SELL,0.5,4485.338,2026-06-02 06:10:00,2026-06-02 07:32:27,82.4,-520,sl 4495.507,L2
17,monthlyreset,2026-06,6,SELL,0.31,4486.070,2026-06-02 07:44:00,2026-06-02 11:01:38,197.6,-480,sl 4501.210,L3
17,monthlyreset,2026-06,7,BUY,0.27,4505.174,2026-06-02 11:12:00,2026-06-02 23:30:41,738.7,416,sl 4488.997,W1
17,monthlyreset,2026-06,8,SELL,0.3,4488.593,2026-06-02 23:38:00,2026-06-03 00:00:00,22,-105,,L1
17,monthlyreset,2026-06,9,BUY,0.22,4472.146,2026-06-03 06:48:00,2026-06-03 15:00:38,492.6,-468,sl 4451.834,L2
17,monthlyreset,2026-06,10,SELL,0.23,4453.886,2026-06-03 15:20:00,2026-06-04 00:00:00,520,273,,W1
17,monthlyreset,2026-06,11,BUY,0.25,4449.712,2026-06-04 06:25:00,2026-06-04 18:46:19,741.3,906,tp 4494.503,W2
17,monthlyreset,2026-06,12,BUY,0.27,4497.154,2026-06-04 18:47:00,2026-06-04 21:38:38,171.6,-500,sl 4479.005,L1
17,monthlyreset,2026-06,13,BUY,0.16,4470.488,2026-06-04 22:05:00,2026-06-05 00:00:00,115,193,,W1
17,monthlyreset,2026-06,14,SELL,0.37,4468.521,2026-06-05 06:21:00,2026-06-05 13:15:38,414.6,1067,tp 4434.399,W2
17,monthlyreset,2026-06,15,SELL,0.32,4432.389,2026-06-05 13:17:00,2026-06-05 13:36:31,19.5,-553,sl 4449.275,L1
17,monthlyreset,2026-06,16,BUY,0.25,4454.844,2026-06-05 13:49:00,2026-06-05 19:50:41,361.7,-508,sl 4434.934,L2
17,monthlyreset,2026-06,17,SELL,0.21,4437.270,2026-06-05 19:51:00,2026-06-05 20:56:42,65.7,1084,tp 4377.515,W1
17,monthlyreset,2026-06,18,SELL,0.12,4379.138,2026-06-05 20:57:00,2026-06-06 00:00:00,183,412,,W2
17,monthlyreset,2026-06,19,BUY,0.2,4326.678,2026-06-08 06:11:00,2026-06-08 12:34:18,383.3,-559,sl 4299.316,L1
17,monthlyreset,2026-06,20,SELL,0.21,4288.029,2026-06-08 12:46:00,2026-06-08 14:24:29,98.5,-534,sl 4312.943,L2
17,monthlyreset,2026-06,21,SELL,0.19,4306.458,2026-06-08 14:38:00,2026-06-08 18:32:40,234.7,-510,sl 4332.791,L3
17,monthlyreset,2026-06,22,BUY,0.18,4327.186,2026-06-08 18:53:00,2026-06-09 00:00:00,307,240,,W1
17,monthlyreset,2026-06,23,SELL,0.54,4326.407,2026-06-09 06:06:00,2026-06-09 08:28:42,142.7,-512,sl 4335.673,L1
17,monthlyreset,2026-06,24,BUY,0.22,4334.786,2026-06-09 08:56:00,2026-06-09 21:17:21,741.4,-464,sl 4314.120,L2
17,monthlyreset,2026-06,25,BUY,0.14,4322.764,2026-06-09 21:26:00,2026-06-09 21:44:32,18.5,-440,sl 4291.953,L3
17,monthlyreset,2026-06,26,SELL,0.11,4286.869,2026-06-09 22:24:00,2026-06-10 00:00:00,96,380,,W1
17,monthlyreset,2026-06,27,BUY,0.25,4245.999,2026-06-10 06:04:00,2026-06-10 06:18:02,14,-439,sl 4228.815,L1
17,monthlyreset,2026-06,28,SELL,0.2,4225.198,2026-06-10 06:26:00,2026-06-10 15:03:27,517.4,905,tp 4172.374,W1
17,monthlyreset,2026-06,29,SELL,0.21,4166.694,2026-06-10 15:04:00,2026-06-10 22:48:42,464.7,1030,tp 4109.872,W2
17,monthlyreset,2026-06,30,SELL,0.12,4118.017,2026-06-10 22:50:00,2026-06-11 00:00:00,70,-49,,L1
17,monthlyreset,2026-06,31,SELL,0.17,4043.730,2026-06-11 06:09:00,2026-06-11 07:33:32,84.5,-509,sl 4073.040,L2
17,monthlyreset,2026-06,32,BUY,0.1,4072.927,2026-06-11 07:43:00,2026-06-12 00:00:00,977,71,,W1
17,monthlyreset,2026-06,33,SELL,0.18,4221.594,2026-06-12 06:23:00,2026-06-13 00:00:00,1057,357,,W2
17,monthlyreset,2026-06,34,SELL,0.16,4285.495,2026-06-15 06:00:00,2026-06-15 08:38:13,158.2,-505,sl 4316.419,L1
17,monthlyreset,2026-06,35,BUY,0.17,4321.471,2026-06-15 09:03:00,2026-06-16 00:00:00,897,299,,W1
17,monthlyreset,2026-06,36,BUY,0.38,4315.433,2026-06-16 06:05:00,2026-06-16 16:09:40,604.7,1035,tp 4348.188,W2
17,monthlyreset,2026-06,37,SELL,0.38,4343.455,2026-06-16 16:19:00,2026-06-17 00:00:00,461,687,,W3
17,monthlyreset,2026-06,38,SELL,0.63,4334.145,2026-06-17 06:03:00,2026-06-17 08:03:42,120.7,-608,sl 4343.584,L1
17,monthlyreset,2026-06,39,SELL,0.36,4345.699,2026-06-17 08:17:00,2026-06-17 21:24:40,787.7,-43,sl 4361.094,L2
17,monthlyreset,2026-06,40,SELL,0.25,4352.288,2026-06-17 21:38:00,2026-06-18 00:00:00,142,-188,,L3
17,monthlyreset,2026-06,41,SELL,0.29,4265.238,2026-06-18 06:01:00,2026-06-18 06:23:14,22.2,-541,sl 4283.522,L4
17,monthlyreset,2026-06,42,BUY,0.28,4281.536,2026-06-18 06:24:00,2026-06-18 08:03:43,99.7,1048,tp 4327.860,W1
17,monthlyreset,2026-06,43,BUY,0.2,4326.734,2026-06-18 08:14:00,2026-06-18 13:07:38,293.6,-568,sl 4298.935,L1
17,monthlyreset,2026-06,44,SELL,0.3,4298.421,2026-06-18 13:08:00,2026-06-18 18:01:29,293.5,1193,tp 4252.039,W1
17,monthlyreset,2026-06,45,SELL,0.32,4243.278,2026-06-18 18:11:00,2026-06-18 19:20:28,69.5,-606,sl 4261.844,L1
17,monthlyreset,2026-06,46,SELL,0.24,4254.715,2026-06-18 19:28:00,2026-06-19 00:00:00,272,844,,W1
17,monthlyreset,2026-06,47,SELL,0.44,4195.907,2026-06-19 06:17:00,2026-06-19 10:42:35,265.6,1357,tp 4159.571,W2
17,monthlyreset,2026-06,48,SELL,0.43,4158.637,2026-06-19 10:43:00,2026-06-19 15:23:30,280.5,622,sl 4174.521,W3
17,monthlyreset,2026-06,49,SELL,0.39,4167.547,2026-06-19 15:41:00,2026-06-22 05:01:00,3680,537,,W4
17,monthlyreset,2026-06,50,SELL,0.44,4155.852,2026-06-22 06:16:00,2026-06-22 07:36:13,80.2,-749,sl 4172.529,L1
17,monthlyreset,2026-06,51,BUY,0.26,4175.154,2026-06-22 07:44:00,2026-06-23 00:00:00,976,377,,W1
17,monthlyreset,2026-06,52,BUY,0.87,4192.528,2026-06-23 06:03:00,2026-06-23 07:08:26,65.4,-780,sl 4184.308,L1
17,monthlyreset,2026-06,53,BUY,0.52,4185.239,2026-06-23 07:33:00,2026-06-23 08:19:42,46.7,-689,sl 4172.263,L2
17,monthlyreset,2026-06,54,SELL,0.29,4169.365,2026-06-23 08:35:00,2026-06-23 13:10:30,275.5,1394,tp 4112.976,W1
17,monthlyreset,2026-06,55,BUY,0.24,4122.923,2026-06-23 13:19:00,2026-06-23 15:02:41,103.7,-703,sl 4094.205,L1
17,monthlyreset,2026-06,56,BUY,0.27,4099.626,2026-06-23 15:23:00,2026-06-24 00:00:00,517,1028,,W1
17,monthlyreset,2026-06,57,SELL,0.47,4102.420,2026-06-24 06:02:00,2026-06-24 09:38:39,216.6,1580,tp 4062.751,W2
17,monthlyreset,2026-06,58,SELL,0.28,4062.820,2026-06-24 09:39:00,2026-06-24 13:08:14,209.2,-816,sl 4091.394,L1
17,monthlyreset,2026-06,59,SELL,0.33,4086.535,2026-06-24 13:19:00,2026-06-24 19:25:10,366.2,1651,tp 4027.056,W1
17,monthlyreset,2026-06,60,SELL,0.28,4008.968,2026-06-24 19:26:00,2026-06-24 20:57:38,91.6,-857,sl 4038.991,L1
17,monthlyreset,2026-06,61,SELL,0.15,4016.824,2026-06-24 21:16:00,2026-06-25 00:00:00,164,150,,W1
17,monthlyreset,2026-06,62,SELL,0.54,3992.144,2026-06-25 06:09:00,2026-06-25 06:34:32,25.5,-833,sl 4007.213,L1
17,monthlyreset,2026-06,63,BUY,0.41,4013.933,2026-06-25 07:07:00,2026-06-25 07:27:41,20.7,-776,sl 3995.402,L2
17,monthlyreset,2026-06,64,SELL,0.31,3979.872,2026-06-25 07:49:00,2026-06-25 08:02:38,13.6,-753,sl 4003.669,L3
17,monthlyreset,2026-06,65,BUY,0.22,3999.343,2026-06-25 08:21:00,2026-06-25 09:08:29,47.5,-709,sl 3967.762,L4
17,monthlyreset,2026-06,66,BUY,0.18,3975.613,2026-06-25 09:19:00,2026-06-26 00:00:00,881,959,,W1
17,monthlyreset,2026-06,67,SELL,0.45,4022.902,2026-06-26 06:10:00,2026-06-26 09:55:43,225.7,1500,tp 3983.209,W2
17,monthlyreset,2026-06,68,SELL,0.35,3983.990,2026-06-26 09:56:00,2026-06-26 10:55:40,59.7,-802,sl 4006.439,L1
17,monthlyreset,2026-06,69,SELL,0.36,3999.952,2026-06-26 11:07:00,2026-06-26 12:30:13,83.2,-761,sl 4020.677,L2
17,monthlyreset,2026-06,70,SELL,0.4,4007.816,2026-06-26 12:47:00,2026-06-26 13:32:29,45.5,-724,sl 4025.554,L3
17,monthlyreset,2026-06,71,BUY,0.3,4025.860,2026-06-26 13:49:00,2026-06-26 21:12:40,443.7,1496,tp 4084.016,W1
17,monthlyreset,2026-06,72,SELL,0.22,4083.591,2026-06-26 21:33:00,2026-06-27 00:00:00,147,-40,,L1
17,monthlyreset,2026-06,73,SELL,0.28,4063.021,2026-06-29 06:16:00,2026-06-30 00:00:00,1064,1323,,W1
17,monthlyreset,2026-06,74,BUY,0.7,4019.114,2026-06-30 06:06:00,2026-06-30 07:03:41,57.7,-862,sl 4007.641,L1
17,monthlyreset,2026-06,75,SELL,0.53,4005.803,2026-06-30 07:20:00,2026-06-30 08:06:32,46.5,1681,tp 3968.381,W1
17,monthlyreset,2026-06,76,SELL,0.35,3945.162,2026-06-30 08:08:00,2026-06-30 08:10:17,2.3,-865,sl 3969.378,L1
17,monthlyreset,2026-06,77,BUY,0.25,3973.824,2026-06-30 08:21:00,2026-06-30 21:23:21,782.4,1727,tp 4055.359,W1
17,monthlyreset,2026-06,78,SELL,0.28,4051.742,2026-06-30 21:37:00,2026-07-01 00:00:00,143,709,,W2
17,monthlyreset,2026-06,79,BUY,0.78,4018.288,2026-07-01 06:08:00,2026-07-01 06:46:40,38.7,-940,sl 4006.503,L1
17,monthlyreset,2026-06,80,SELL,0.77,4007.546,2026-07-01 06:50:00,2026-07-01 08:17:31,87.5,1934,tp 3977.840,W1
17,monthlyreset,2026-07,1,SELL,0.41,4006.279,2026-07-01 07:07:00,2026-07-01 08:48:41,101.7,1090,tp 3974.909,W1
17,monthlyreset,2026-07,2,SELL,0.24,3970.957,2026-07-01 09:06:00,2026-07-01 17:37:39,511.6,-558,sl 3993.763,L1
17,monthlyreset,2026-07,3,SELL,0.41,3987.487,2026-07-01 17:45:00,2026-07-01 18:00:31,15.5,-538,sl 4000.326,L2
17,monthlyreset,2026-07,4,BUY,0.3,4022.959,2026-07-01 18:20:00,2026-07-01 20:38:39,138.6,1077,tp 4064.875,W1
17,monthlyreset,2026-07,5,BUY,0.12,4094.460,2026-07-01 21:10:00,2026-07-02 00:00:00,170,-284,,L1
17,monthlyreset,2026-07,6,BUY,0.44,4045.142,2026-07-02 06:00:00,2026-07-02 07:00:38,60.6,-620,sl 4033.056,L2
17,monthlyreset,2026-07,7,SELL,0.46,4033.400,2026-07-02 07:02:00,2026-07-02 07:12:37,10.6,-529,sl 4044.642,L3
17,monthlyreset,2026-07,8,BUY,0.32,4043.591,2026-07-02 07:24:00,2026-07-02 19:30:20,726.3,1022,tp 4081.067,W1
17,monthlyreset,2026-07,9,BUY,0.18,4133.640,2026-07-02 19:38:00,2026-07-02 23:31:39,233.6,-539,sl 4104.318,L1
17,monthlyreset,2026-07,10,BUY,0.54,4125.402,2026-07-03 06:05:00,2026-07-03 07:51:42,106.7,992,tp 4147.950,W1
17,monthlyreset,2026-07,11,BUY,0.2,4179.777,2026-07-03 08:20:00,2026-07-06 05:01:00,4121,-50,,L1
17,monthlyreset,2026-07,12,BUY,0.32,4188.541,2026-07-06 06:00:00,2026-07-06 07:01:41,61.7,-562,sl 4171.353,L2
17,monthlyreset,2026-07,13,SELL,0.25,4173.958,2026-07-06 07:02:00,2026-07-06 08:34:33,92.6,-528,sl 4194.659,L3
17,monthlyreset,2026-07,14,SELL,0.17,4187.607,2026-07-06 08:59:00,2026-07-07 00:00:00,901,657,,W1
17,monthlyreset,2026-07,15,SELL,0.74,4163.221,2026-07-07 06:09:00,2026-07-07 08:00:28,111.5,1183,tp 4144.297,W2
17,monthlyreset,2026-07,16,SELL,0.37,4145.168,2026-07-07 08:01:00,2026-07-07 19:06:30,665.5,-605,sl 4161.194,L1
17,monthlyreset,2026-07,17,SELL,0.3,4166.347,2026-07-07 19:23:00,2026-07-08 00:00:00,277,633,,W1
17,monthlyreset,2026-07,18,BUY,0.39,4105.690,2026-07-08 06:08:00,2026-07-08 15:17:40,549.7,-57,sl 4090.654,L1
17,monthlyreset,2026-07,19,SELL,0.25,4087.908,2026-07-08 15:26:00,2026-07-08 22:24:40,418.7,1290,tp 4027.038,W1
17,monthlyreset,2026-07,20,BUY,0.2,4031.127,2026-07-08 22:39:00,2026-07-09 00:00:00,81,649,,W2
17,monthlyreset,2026-07,21,BUY,0.58,4077.228,2026-07-09 06:15:00,2026-07-09 08:04:42,109.7,-799,sl 4065.442,L1
17,monthlyreset,2026-07,22,BUY,0.3,4075.497,2026-07-09 08:12:00,2026-07-09 10:18:41,126.7,-646,sl 4054.431,L2
17,monthlyreset,2026-07,23,SELL,0.37,4055.857,2026-07-09 10:19:00,2026-07-09 12:11:30,112.5,-623,sl 4072.346,L3
17,monthlyreset,2026-07,24,SELL,0.39,4067.391,2026-07-09 12:21:00,2026-07-09 12:51:38,30.6,-593,sl 4082.285,L4
17,monthlyreset,2026-07,25,BUY,0.26,4094.154,2026-07-09 13:16:00,2026-07-10 00:00:00,644,926,,W1
17,monthlyreset,2026-07,26,SELL,0.75,4121.379,2026-07-10 06:32:00,2026-07-10 08:00:32,88.5,-627,sl 4129.564,L1
17,monthlyreset,2026-07,27,SELL,0.37,4120.214,2026-07-10 08:07:00,2026-07-10 21:33:03,806.1,1234,tp 4080.732,W1
17,monthlyreset,2026-07,28,SELL,0.23,4087.976,2026-07-10 21:34:00,2026-07-10 23:01:38,87.6,-624,sl 4114.537,L1
17,monthlyreset,2026-07,29,SELL,0.32,4110.854,2026-07-10 23:07:00,2026-07-11 00:00:00,53,195,,W1
17,monthlyreset,2026-07,30,SELL,0.28,4072.807,2026-07-13 06:01:00,2026-07-13 21:16:39,915.6,1333,tp 4016.572,W2
17,monthlyreset,2026-07,31,SELL,0.25,4013.434,2026-07-13 21:17:00,2026-07-14 00:00:00,163,499,,W3
17,monthlyreset,2026-07,32,SELL,0.74,4000.226,2026-07-14 06:15:00,2026-07-14 08:58:30,163.5,-731,sl 4009.888,L1
17,monthlyreset,2026-07,33,BUY,0.29,4012.022,2026-07-14 09:10:00,2026-07-14 19:30:37,620.6,1446,tp 4070.462,W1
17,monthlyreset,2026-07,34,BUY,0.33,4088.684,2026-07-14 19:31:00,2026-07-14 22:42:42,191.7,-741,sl 4066.683,L1
17,monthlyreset,2026-07,35,SELL,0.26,4068.872,2026-07-14 22:53:00,2026-07-15 00:00:00,67,186,,W1
17,monthlyreset,2026-07,36,SELL,0.8,4047.455,2026-07-15 06:13:00,2026-07-15 06:35:40,22.7,-737,sl 4056.489,L1
17,monthlyreset,2026-07,37,BUY,0.71,4055.142,2026-07-15 06:45:00,2026-07-15 08:35:39,110.6,-718,sl 4045.792,L2
17,monthlyreset,2026-07,38,SELL,0.34,4035.824,2026-07-15 09:01:00,2026-07-15 19:33:14,632.2,-644,sl 4054.382,L3
17,monthlyreset,2026-07,39,BUY,0.33,4062.588,2026-07-15 19:48:00,2026-07-15 22:14:38,146.6,-606,sl 4044.623,L4
17,monthlyreset,2026-07,40,BUY,0.29,4047.939,2026-07-15 22:29:00,2026-07-15 23:35:38,66.6,-576,sl 4028.483,L5
17,monthlyreset,2026-07,41,SELL,0.29,4028.567,2026-07-15 23:38:00,2026-07-16 00:00:00,22,-157,,L6
17,monthlyreset,2026-07,42,BUY,0.58,4061.085,2026-07-16 06:08:00,2026-07-16 07:55:39,107.6,-646,sl 4051.886,L7
17,monthlyreset,2026-07,43,SELL,0.29,4036.102,2026-07-16 08:29:00,2026-07-16 19:58:05,689.1,1102,tp 3991.465,W1
17,monthlyreset,2026-07,44,SELL,0.17,3994.376,2026-07-16 19:59:00,2026-07-17 00:00:00,241,35,,W2
17,monthlyreset,2026-07,45,BUY,0.61,3979.067,2026-07-17 06:09:00,2026-07-17 10:19:40,250.7,1165,tp 4002.412,W3
17,monthlyreset,2026-07,46,SELL,0.32,3999.383,2026-07-17 10:32:00,2026-07-17 22:47:41,735.7,-76,sl 4018.472,L1
17,monthlyreset,2026-07,47,BUY,0.25,4018.480,2026-07-17 23:12:00,2026-07-18 00:00:00,48,-86,,L2
17,monthlyreset,2026-07,48,SELL,0.39,3994.967,2026-07-20 06:00:00,2026-07-20 08:00:32,120.5,-623,sl 4010.627,L3
17,monthlyreset,2026-07,49,BUY,0.27,4009.261,2026-07-20 08:01:00,2026-07-21 00:00:00,959,17,,W1
17,monthlyreset,2026-07,50,BUY,0.53,4004.576,2026-07-21 06:04:00,2026-07-21 08:19:29,135.5,1211,tp 4032.236,W2
17,monthlyreset,2026-07,51,SELL,0.32,4025.752,2026-07-21 08:39:00,2026-07-21 10:26:30,107.5,-659,sl 4045.913,L1
17,monthlyreset,2026-07,52,BUY,0.35,4047.712,2026-07-21 10:27:00,2026-07-22 00:00:00,813,1037,,W1
17,monthlyreset,2026-07,53,BUY,0.72,4081.569,2026-07-22 06:16:00,2026-07-22 08:00:32,104.5,1354,tp 4104.643,W2
17,monthlyreset,2026-07,54,BUY,0.41,4107.913,2026-07-22 08:01:00,2026-07-22 20:59:27,778.4,1588,tp 4153.531,W3
17,monthlyreset,2026-07,55,BUY,0.34,4155.818,2026-07-22 21:01:00,2026-07-23 00:00:00,179,-308,,L1
17,monthlyreset,2026-07,56,SELL,0.43,4120.095,2026-07-23 06:02:00,2026-07-23 08:00:41,118.7,-809,sl 4138.532,L2
17,monthlyreset,2026-07,57,BUY,0.49,4137.683,2026-07-23 08:01:00,2026-07-23 08:44:38,43.6,-766,sl 4122.386,L3
17,monthlyreset,2026-07,58,SELL,0.35,4118.350,2026-07-23 08:54:00,2026-07-23 19:37:29,643.5,1546,tp 4066.403,W1
17,monthlyreset,2026-07,59,SELL,0.36,4063.566,2026-07-23 19:49:00,2026-07-24 00:00:00,251,431,,W2
17,monthlyreset,2026-07,60,SELL,1.39,4049.032,2026-07-24 06:06:00,2026-07-24 09:48:27,222.4,1713,tp 4034.373,W3
17,monthlyreset,2026-07,61,BUY,0.56,4027.679,2026-07-24 10:07:00,2026-07-24 20:59:42,652.7,1936,tp 4068.522,W4
17,monthlyreset,2026-07,62,SELL,0.48,4057.176,2026-07-24 21:19:00,2026-07-24 22:15:39,56.6,-1025,sl 4078.097,L1
17,monthlyreset,2026-07,63,BUY,0.44,4077.921,2026-07-24 22:40:00,2026-07-25 00:00:00,80,-494,,L2
17,monthlyreset,2026-07,64,SELL,0.56,4087.706,2026-07-27 06:04:00,2026-07-27 07:02:16,58.3,-946,sl 4104.265,L3
17,monthlyreset,2026-07,65,BUY,0.7,4103.112,2026-07-27 07:03:00,2026-07-27 07:27:42,24.7,-880,sl 4090.795,L4
17,monthlyreset,2026-07,66,BUY,0.41,4109.569,2026-07-27 07:51:00,2026-07-27 10:10:38,139.6,-824,sl 4089.869,L5
17,monthlyreset,2026-07,67,SELL,0.58,4091.637,2026-07-27 10:12:00,2026-07-27 14:21:40,249.7,-813,sl 4105.350,L6
17,monthlyreset,2026-07,68,SELL,0.57,4102.832,2026-07-27 14:32:00,2026-07-27 21:28:30,416.5,1622,tp 4069.317,W1
17,monthlyreset,2026-07,69,BUY,0.34,4071.996,2026-07-27 21:48:00,2026-07-28 00:00:00,132,350,,W2
17,monthlyreset,2026-07,70,SELL,1.08,4072.658,2026-07-28 06:03:00,2026-07-28 08:20:40,137.7,1821,tp 4052.585,W3
17,monthlyreset,2026-07,71,SELL,0.53,4052.045,2026-07-28 08:21:00,2026-07-29 00:00:00,939,1439,,W4
17,monthlyreset,2026-07,72,BUY,0.92,4019.170,2026-07-29 06:09:00,2026-07-29 14:21:40,492.7,2099,tp 4046.885,W5
17,monthlyreset,2026-07,73,BUY,0.95,4047.229,2026-07-29 14:23:00,2026-07-29 16:14:12,111.2,-1133,sl 4035.549,L1
17,monthlyreset,2026-07,74,SELL,1.09,4036.333,2026-07-29 16:15:00,2026-07-29 19:30:04,195.1,2310,tp 4011.182,W1
17,monthlyreset,2026-07,75,SELL,0.71,4017.965,2026-07-29 20:06:00,2026-07-30 00:00:00,234,-695,,L1
17,monthlyreset,2026-07,76,BUY,0.65,4097.928,2026-07-30 06:08:00,2026-07-30 07:03:40,55.7,-1264,sl 4080.577,L2
17,monthlyreset,2026-07,77,SELL,0.62,4076.758,2026-07-30 07:21:00,2026-07-30 12:38:28,317.5,2346,tp 4032.047,W1
17,monthlyreset,2026-07,78,BUY,0.56,4037.580,2026-07-30 13:04:00,2026-07-30 20:37:39,453.6,2546,tp 4091.333,W2
17,monthlyreset,2026-07,79,BUY,0.46,4094.097,2026-07-30 20:38:00,2026-07-31 00:00:00,202,767,,W3
17,monthlyreset,2026-07,80,SELL,1.39,4109.448,2026-07-31 06:10:00,2026-07-31 08:39:28,149.5,2859,tp 4084.969,W4
17,monthlyreset,2026-07,81,BUY,0.85,4086.546,2026-07-31 08:59:00,2026-07-31 14:34:39,335.7,-1522,sl 4069.011,L1
17,monthlyreset,2026-07,82,SELL,1.05,4071.094,2026-07-31 14:57:00,2026-07-31 20:05:41,308.7,3099,tp 4036.003,W1
17,monthlyreset,2026-07,83,SELL,0.9,4036.130,2026-07-31 20:15:00,2026-08-01 00:00:00,225,-682,,L1
17,monthlyreset,2026-08,1,SELL,0.26,4063.798,2026-08-03 06:02:00,2026-08-04 00:00:00,1078,872,,W1
17,monthlyreset,2026-08,2,SELL,0.68,4051.209,2026-08-04 06:11:00,2026-08-04 07:01:28,50.5,-569,sl 4059.409,L1
17,monthlyreset,2026-08,3,SELL,0.49,4062.940,2026-08-04 07:20:00,2026-08-04 18:47:40,687.7,-39,sl 4073.554,L2
17,monthlyreset,2026-08,4,BUY,0.31,4077.159,2026-08-04 18:49:00,2026-08-05 00:00:00,311,495,,W1
17,monthlyreset,2026-08,5,SELL,0.47,4069.941,2026-08-05 06:23:00,2026-08-05 07:35:31,72.5,-553,sl 4081.473,L1
17,monthlyreset,2026-08,6,SELL,0.46,4078.391,2026-08-05 07:47:00,2026-08-05 08:38:39,51.6,-530,sl 4089.651,L2
17,monthlyreset,2026-08,7,BUY,0.3,4089.948,2026-08-05 08:40:00,2026-08-05 09:46:13,66.2,1041,tp 4130.424,W1
17,monthlyreset,2026-08,8,SELL,0.25,4128.555,2026-08-05 10:03:00,2026-08-05 12:37:16,154.3,-539,sl 4149.696,L1
17,monthlyreset,2026-08,9,BUY,0.23,4171.179,2026-08-05 13:11:00,2026-08-05 21:08:39,477.6,1083,tp 4226.235,W1
17,monthlyreset,2026-08,10,BUY,0.17,4243.652,2026-08-05 21:45:00,2026-08-06 00:00:00,135,-25,,L1
17,monthlyreset,2026-08,11,BUY,0.5,4258.808,2026-08-06 06:16:00,2026-08-06 07:35:01,79,1179,tp 4287.322,W1
17,monthlyreset,2026-08,12,BUY,0.21,4291.350,2026-08-06 07:48:00,2026-08-06 10:25:38,157.6,-623,sl 4262.261,L1
17,monthlyreset,2026-08,13,SELL,0.27,4261.493,2026-08-06 10:47:00,2026-08-06 16:02:35,315.6,-597,sl 4283.102,L2
17,monthlyreset,2026-08,14,BUY,0.3,4282.279,2026-08-06 16:17:00,2026-08-06 18:22:31,125.5,-572,sl 4263.633,L3
17,monthlyreset,2026-08,15,SELL,0.39,4263.697,2026-08-06 18:23:00,2026-08-06 23:16:30,293.5,1193,tp 4227.385,W1
17,monthlyreset,2026-08,16,BUY,0.22,4231.576,2026-08-06 23:32:00,2026-08-07 00:00:00,28,220,,W2
17,monthlyreset,2026-08,17,BUY,0.63,4245.573,2026-08-07 06:15:00,2026-08-07 07:38:40,83.7,-642,sl 4236.154,L1
17,monthlyreset,2026-08,18,SELL,0.4,4235.724,2026-08-07 07:40:00,2026-08-07 08:21:39,41.6,-581,sl 4249.933,L2
17,monthlyreset,2026-08,19,BUY,0.24,4243.027,2026-08-07 08:37:00,2026-08-07 15:13:41,396.7,1153,tp 4300.141,W1
17,monthlyreset,2026-08,20,SELL,0.37,4294.129,2026-08-07 15:24:00,2026-08-07 15:33:39,9.6,-606,sl 4310.156,L1
17,monthlyreset,2026-08,21,BUY,0.29,4309.552,2026-08-07 15:43:00,2026-08-07 19:31:39,228.6,1219,tp 4358.750,W1
17,monthlyreset,2026-08,22,BUY,0.23,4354.942,2026-08-07 19:33:00,2026-08-07 21:12:15,99.2,-632,sl 4328.036,L1
17,monthlyreset,2026-08,23,BUY,0.15,4346.000,2026-08-07 21:19:00,2026-08-08 00:00:00,161,-261,,L2
17,monthlyreset,2026-08,24,SELL,0.39,4341.637,2026-08-10 06:00:00,2026-08-10 13:46:37,466.6,-44,sl 4356.799,L3
17,monthlyreset,2026-08,25,BUY,0.31,4357.647,2026-08-10 13:56:00,2026-08-10 17:03:04,187.1,-579,sl 4339.383,L4
17,monthlyreset,2026-08,26,BUY,0.43,4344.057,2026-08-10 17:23:00,2026-08-10 18:13:29,50.5,-553,sl 4331.458,L5
17,monthlyreset,2026-08,27,SELL,0.42,4332.923,2026-08-10 18:50:00,2026-08-10 21:26:39,156.6,-547,sl 4345.687,L6
17,monthlyreset,2026-08,28,SELL,0.21,4344.574,2026-08-10 21:52:00,2026-08-11 00:00:00,128,-266,,L7
17,monthlyreset,2026-08,29,SELL,0.49,4394.994,2026-08-11 06:20:00,2026-08-11 07:04:42,44.7,-505,sl 4405.085,L8
17,monthlyreset,2026-08,30,BUY,0.39,4404.262,2026-08-11 07:08:00,2026-08-11 08:55:15,107.2,976,tp 4434.005,W1
17,monthlyreset,2026-08,31,BUY,0.2,4433.868,2026-08-11 09:15:00,2026-08-11 09:54:15,39.2,-507,sl 4409.031,L1
17,monthlyreset,2026-08,32,BUY,0.23,4417.339,2026-08-11 10:21:00,2026-08-11 12:20:29,119.5,-473,sl 4397.196,L2
17,monthlyreset,2026-08,33,SELL,0.21,4374.641,2026-08-11 12:43:00,2026-08-11 19:13:28,390.5,-469,sl 4396.496,L3
17,monthlyreset,2026-08,34,BUY,0.23,4398.421,2026-08-11 19:22:00,2026-08-11 22:34:37,192.6,-442,sl 4379.625,L4
17,monthlyreset,2026-08,35,SELL,0.19,4377.839,2026-08-11 22:37:00,2026-08-12 00:00:00,83,-109,,L5
17,monthlyreset,2026-08,36,SELL,0.41,4368.734,2026-08-12 06:01:00,2026-08-12 07:14:38,73.6,-426,sl 4378.900,L6
17,monthlyreset,2026-08,37,BUY,0.25,4380.749,2026-08-12 07:31:00,2026-08-12 16:23:31,532.5,828,tp 4419.894,W1
17,monthlyreset,2026-08,38,BUY,0.31,4419.585,2026-08-12 16:26:00,2026-08-12 19:22:38,176.6,-433,sl 4405.910,L1
17,monthlyreset,2026-08,39,BUY,0.26,4427.400,2026-08-12 19:30:00,2026-08-12 19:30:28,0.5,-404,sl 4412.250,L2
17,monthlyreset,2026-08,40,BUY,0.17,4417.613,2026-08-12 19:33:00,2026-08-13 00:00:00,267,-280,,L3
17,monthlyreset,2026-08,41,BUY,0.42,4408.043,2026-08-13 06:21:00,2026-08-13 07:20:28,59.5,722,tp 4430.192,W1
17,monthlyreset,2026-08,42,SELL,0.21,4431.223,2026-08-13 07:52:00,2026-08-13 12:59:40,307.7,906,tp 4381.279,W2
17,monthlyreset,2026-08,43,SELL,0.23,4378.094,2026-08-13 13:05:00,2026-08-13 19:30:04,385.1,-471,sl 4398.021,L1
17,monthlyreset,2026-08,44,BUY,0.27,4389.888,2026-08-13 19:31:00,2026-08-13 20:51:38,80.6,-438,sl 4374.002,L2
17,monthlyreset,2026-08,45,SELL,0.13,4372.450,2026-08-13 20:53:00,2026-08-14 00:00:00,187,67,,W1
17,monthlyreset,2026-08,46,SELL,0.38,4353.618,2026-08-14 06:02:00,2026-08-14 08:10:59,129,937,tp 4324.630,W2
17,monthlyreset,2026-08,47,BUY,0.17,4319.180,2026-08-14 08:41:00,2026-08-14 19:31:38,650.6,971,tp 4385.620,W3
17,monthlyreset,2026-08,48,SELL,0.3,4377.200,2026-08-14 19:39:00,2026-08-14 20:36:40,57.7,-514,sl 4393.994,L1
17,monthlyreset,2026-08,49,SELL,0.22,4386.686,2026-08-14 20:50:00,2026-08-15 00:00:00,190,15,,W1
17,monthlyreset,2026-08,50,SELL,0.39,4374.519,2026-08-17 06:29:00,2026-08-17 07:18:03,49.1,-498,sl 4387.019,L1
17,monthlyreset,2026-08,51,BUY,0.27,4391.449,2026-08-17 07:31:00,2026-08-18 00:00:00,989,891,,W1
17,monthlyreset,2026-08,52,BUY,0.57,4417.835,2026-08-18 06:17:00,2026-08-18 08:47:28,150.5,-85,sl 4409.075,L1
17,monthlyreset,2026-08,53,SELL,0.26,4402.704,2026-08-18 09:04:00,2026-08-18 22:20:40,796.7,1093,tp 4353.390,W1
17,monthlyreset,2026-08,54,BUY,0.17,4357.166,2026-08-18 22:33:00,2026-08-19 00:00:00,87,115,,W2
17,monthlyreset,2026-08,55,BUY,0.41,4335.932,2026-08-19 06:04:00,2026-08-19 18:01:39,717.6,1187,tp 4370.746,W3
17,monthlyreset,2026-08,56,BUY,0.58,4369.976,2026-08-19 18:02:00,2026-08-19 19:36:43,94.7,1305,tp 4396.666,W4
17,monthlyreset,2026-08,57,BUY,0.23,4437.931,2026-08-19 19:57:00,2026-08-20 00:00:00,243,1291,,W5
17,monthlyreset,2026-08,58,BUY,0.56,4523.585,2026-08-20 06:07:00,2026-08-20 07:00:14,53.2,-849,sl 4510.425,L1
17,monthlyreset,2026-08,59,BUY,0.52,4516.867,2026-08-20 07:04:00,2026-08-20 08:01:30,57.5,-720,sl 4503.326,L2
17,monthlyreset,2026-08,60,SELL,0.33,4493.249,2026-08-20 08:05:00,2026-08-20 21:57:21,832.4,645,sl 4513.334,W1
17,monthlyreset,2026-08,61,SELL,0.2,4523.948,2026-08-20 22:35:00,2026-08-21 00:00:00,85,275,,W2
17,monthlyreset,2026-08,62,BUY,0.73,4529.494,2026-08-21 06:04:00,2026-08-21 07:12:40,68.7,-769,sl 4519.731,L1
17,monthlyreset,2026-08,63,SELL,0.42,4516.046,2026-08-21 07:32:00,2026-08-21 08:31:29,59.5,-701,sl 4532.395,L2
17,monthlyreset,2026-08,64,BUY,0.32,4532.356,2026-08-21 08:32:00,2026-08-21 15:42:38,430.6,1396,tp 4583.601,W1
17,monthlyreset,2026-08,65,BUY,0.38,4584.178,2026-08-21 16:00:00,2026-08-21 19:39:32,219.5,-713,sl 4565.812,L1
17,monthlyreset,2026-08,66,BUY,0.27,4577.774,2026-08-21 19:48:00,2026-08-22 00:00:00,252,1314,,W1
17,monthlyreset,2026-08,67,BUY,0.4,4613.126,2026-08-24 06:23:00,2026-08-24 07:27:13,64.2,-742,sl 4594.948,L1
17,monthlyreset,2026-08,68,BUY,0.23,4614.250,2026-08-24 07:51:00,2026-08-25 00:00:00,969,1094,,W1
17,monthlyreset,2026-08,69,BUY,0.71,4675.922,2026-08-25 06:17:00,2026-08-25 08:26:42,129.7,-116,sl 4665.306,L1
17,monthlyreset,2026-08,70,SELL,0.25,4670.222,2026-08-25 08:48:00,2026-08-26 00:00:00,912,1174,,W1
17,monthlyreset,2026-08,71,SELL,0.85,4670.988,2026-08-26 06:04:00,2026-08-26 07:23:38,79.6,1809,tp 4645.764,W2
17,monthlyreset,2026-08,72,SELL,0.59,4642.271,2026-08-26 07:37:00,2026-08-26 08:57:37,80.6,-935,sl 4657.760,L1
17,monthlyreset,2026-08,73,SELL,0.39,4659.039,2026-08-26 09:25:00,2026-08-26 20:16:27,651.4,1882,tp 4601.645,W1
17,monthlyreset,2026-08,74,SELL,0.28,4620.487,2026-08-26 21:16:00,2026-08-27 00:00:00,164,804,,W2
17,monthlyreset,2026-08,75,BUY,0.68,4608.382,2026-08-27 06:02:00,2026-08-27 14:26:38,504.6,748,sl 4593.944,W3
17,monthlyreset,2026-08,76,BUY,0.57,4600.979,2026-08-27 14:31:00,2026-08-27 16:37:31,126.5,-1043,sl 4583.081,L1
17,monthlyreset,2026-08,77,SELL,0.59,4581.895,2026-08-27 16:51:00,2026-08-27 18:31:42,100.7,-1008,sl 4598.626,L2
17,monthlyreset,2026-08,78,SELL,0.64,4595.674,2026-08-27 18:49:00,2026-08-27 22:55:04,246.1,866,sl 4610.329,W1
17,monthlyreset,2026-08,79,BUY,0.47,4611.310,2026-08-27 23:02:00,2026-08-28 00:00:00,58,166,,W2
17,monthlyreset,2026-08,80,SELL,0.95,4603.910,2026-08-28 06:13:00,2026-08-28 08:53:31,160.5,2133,tp 4577.306,W3
17,monthlyreset,2026-08,81,SELL,0.51,4576.188,2026-08-28 08:54:00,2026-08-28 13:49:28,295.5,-1113,sl 4597.553,L1
17,monthlyreset,2026-08,82,SELL,0.54,4601.020,2026-08-28 14:10:00,2026-08-28 20:58:05,408.1,-1059,sl 4620.217,L2
17,monthlyreset,2026-08,83,SELL,0.26,4558.621,2026-08-28 21:06:00,2026-08-29 00:00:00,174,1964,,W1
17,monthlyreset,2026-08,84,BUY,0.54,4462.541,2026-08-31 06:05:00,2026-08-31 06:45:36,40.6,-1080,sl 4442.948,L1
17,monthlyreset,2026-08,85,BUY,0.53,4456.895,2026-08-31 06:58:00,2026-08-31 08:10:39,72.6,-1027,sl 4437.915,L2
17,monthlyreset,2026-08,86,BUY,0.3,4449.545,2026-08-31 08:19:00,2026-08-31 09:32:42,73.7,-958,sl 4418.250,L3
17,monthlyreset,2026-08,87,SELL,0.26,4410.981,2026-08-31 09:34:00,2026-08-31 14:25:05,291.1,-924,sl 4445.831,L4
17,monthlyreset,2026-08,88,BUY,0.48,4447.337,2026-08-31 14:46:00,2026-08-31 20:46:42,360.7,-890,sl 4429.208,L5
17,monthlyreset,2026-08,89,BUY,0.3,4427.129,2026-08-31 21:10:00,2026-09-01 00:00:00,170,181,,W1
17,monthlyreset,2026-08,90,SELL,0.92,4445.930,2026-09-01 06:09:00,2026-09-01 07:09:28,60.5,-879,sl 4455.257,L1
17,monthlyreset,2026-09,1,BUY,0.36,4459.698,2026-09-01 07:21:00,2026-09-01 08:10:31,49.5,-499,sl 4446.115,L1
17,monthlyreset,2026-09,2,SELL,0.24,4446.069,2026-09-01 08:16:00,2026-09-01 15:09:41,413.7,1032,tp 4394.921,W1
17,monthlyreset,2026-09,3,SELL,0.21,4395.324,2026-09-01 15:19:00,2026-09-01 20:09:41,290.7,1158,tp 4331.419,W2
17,monthlyreset,2026-09,4,BUY,0.18,4338.739,2026-09-01 20:26:00,2026-09-02 00:00:00,214,226,,W3
17,monthlyreset,2026-09,5,SELL,0.61,4327.625,2026-09-02 06:02:00,2026-09-02 08:51:28,169.5,1294,tp 4302.460,W4
17,monthlyreset,2026-09,6,BUY,0.2,4300.169,2026-09-02 09:07:00,2026-09-02 20:59:28,712.5,1409,tp 4382.344,W5
17,monthlyreset,2026-09,7,BUY,0.24,4389.164,2026-09-02 21:07:00,2026-09-03 00:00:00,173,-507,,L1
17,monthlyreset,2026-09,8,SELL,0.81,4384.068,2026-09-03 06:15:00,2026-09-03 07:52:27,97.4,-738,sl 4392.980,L2
17,monthlyreset,2026-09,9,BUY,0.43,4394.169,2026-09-03 07:58:00,2026-09-03 11:08:39,190.6,1405,tp 4432.871,W1
17,monthlyreset,2026-09,10,BUY,0.5,4435.947,2026-09-03 11:26:00,2026-09-03 13:23:40,117.7,-744,sl 4421.382,L1
17,monthlyreset,2026-09,11,SELL,0.33,4422.572,2026-09-03 13:24:00,2026-09-03 15:07:43,103.7,-719,sl 4443.932,L2
17,monthlyreset,2026-09,12,SELL,0.33,4434.328,2026-09-03 15:40:00,2026-09-03 19:30:27,230.4,-677,sl 4454.426,L3
17,monthlyreset,2026-09,13,BUY,0.3,4468.185,2026-09-03 19:34:00,2026-09-04 00:00:00,266,735,,W1
17,monthlyreset,2026-09,14,BUY,0.65,4476.363,2026-09-04 06:04:00,2026-09-04 11:00:31,296.5,-717,sl 4466.116,L1
17,monthlyreset,2026-09,15,BUY,0.53,4470.336,2026-09-04 11:25:00,2026-09-04 19:30:19,485.3,-642,sl 4458.504,L2
17,monthlyreset,2026-09,16,SELL,0.18,4389.638,2026-09-04 19:36:00,2026-09-04 20:43:40,67.7,-604,sl 4422.528,L3
17,monthlyreset,2026-09,17,BUY,0.08,4427.538,2026-09-04 20:47:00,2026-09-05 00:00:00,193,71,,W1
17,monthlyreset,2026-09,18,SELL,0.49,4429.836,2026-09-07 06:14:00,2026-09-07 08:13:02,119,1242,tp 4399.778,W2
17,monthlyreset,2026-09,19,BUY,0.26,4404.702,2026-09-07 08:31:00,2026-09-08 00:00:00,929,251,,W3
17,monthlyreset,2026-09,20,BUY,0.72,4412.125,2026-09-08 06:05:00,2026-09-08 08:23:37,138.6,1331,tp 4434.558,W4
17,monthlyreset,2026-09,21,BUY,0.27,4434.396,2026-09-08 08:24:00,2026-09-08 13:15:38,291.6,-712,sl 4408.542,L1
17,monthlyreset,2026-09,22,BUY,0.33,4407.239,2026-09-08 13:44:00,2026-09-08 19:15:39,331.7,-690,sl 4386.742,L2
17,monthlyreset,2026-09,23,BUY,0.33,4398.044,2026-09-08 19:29:00,2026-09-09 00:00:00,271,-144,,L3
17,monthlyreset,2026-09,24,SELL,0.59,4352.202,2026-09-09 06:16:00,2026-09-09 07:59:13,103.2,-661,sl 4363.180,L4
17,monthlyreset,2026-09,25,BUY,0.28,4367.589,2026-09-09 08:10:00,2026-09-09 20:23:37,733.6,1292,tp 4422.066,W1
17,monthlyreset,2026-09,26,SELL,0.3,4418.324,2026-09-09 20:42:00,2026-09-10 00:00:00,198,547,,W2
17,monthlyreset,2026-09,27,SELL,0.62,4398.177,2026-09-10 06:26:00,2026-09-10 08:02:37,96.6,-718,sl 4409.509,L1
17,monthlyreset,2026-09,28,BUY,0.45,4410.021,2026-09-10 08:03:00,2026-09-10 15:42:40,459.7,-664,sl 4395.565,L2
17,monthlyreset,2026-09,29,BUY,0.41,4395.380,2026-09-10 16:18:00,2026-09-10 17:36:38,78.6,-637,sl 4380.168,L3
17,monthlyreset,2026-09,30,SELL,0.34,4379.491,2026-09-10 17:52:00,2026-09-10 19:37:43,105.7,1302,tp 4334.191,W1
17,monthlyreset,2026-09,31,BUY,0.17,4349.394,2026-09-10 20:20:00,2026-09-11 00:00:00,220,248,,W2
17,monthlyreset,2026-09,32,BUY,0.54,4318.699,2026-09-11 06:05:00,2026-09-11 10:22:39,257.6,-710,sl 4306.373,L1
17,monthlyreset,2026-09,33,BUY,0.3,4312.160,2026-09-11 10:43:00,2026-09-11 19:49:14,546.2,1412,tp 4367.087,W1
17,monthlyreset,2026-09,34,BUY,0.13,4395.607,2026-09-11 20:29:00,2026-09-12 00:00:00,211,-451,,L1
17,monthlyreset,2026-09,35,BUY,0.48,4341.848,2026-09-14 06:10:00,2026-09-14 08:19:39,129.6,-687,sl 4327.837,L2
17,monthlyreset,2026-09,36,BUY,0.25,4335.534,2026-09-14 08:25:00,2026-09-14 14:56:38,391.6,-659,sl 4309.728,L3
17,monthlyreset,2026-09,37,SELL,0.34,4313.014,2026-09-14 15:15:00,2026-09-14 19:56:39,281.7,1343,tp 4266.281,W1
17,monthlyreset,2026-09,38,SELL,0.24,4260.198,2026-09-14 20:10:00,2026-09-14 22:32:38,142.6,-681,sl 4288.024,L1
17,monthlyreset,2026-09,39,SELL,0.25,4288.408,2026-09-14 22:50:00,2026-09-14 23:48:38,58.6,-654,sl 4314.030,L2
17,monthlyreset,2026-09,40,SELL,0.59,4294.543,2026-09-15 06:06:00,2026-09-15 08:19:28,133.5,-637,sl 4305.104,L3
17,monthlyreset,2026-09,41,SELL,0.35,4300.878,2026-09-15 08:29:00,2026-09-15 09:40:41,71.7,-600,sl 4317.622,L4
17,monthlyreset,2026-09,42,BUY,0.33,4316.803,2026-09-15 09:50:00,2026-09-15 12:15:37,145.6,-567,sl 4299.973,L5
17,monthlyreset,2026-09,43,SELL,0.44,4297.012,2026-09-15 12:26:00,2026-09-15 15:05:14,159.2,1140,tp 4266.436,W1
17,monthlyreset,2026-09,44,BUY,0.31,4270.989,2026-09-15 15:18:00,2026-09-16 00:00:00,522,766,,W2
17,monthlyreset,2026-09,45,SELL,0.63,4283.868,2026-09-16 06:29:00,2026-09-16 09:11:58,163,-652,sl 4293.999,L1
17,monthlyreset,2026-09,46,BUY,0.31,4294.086,2026-09-16 09:23:00,2026-09-16 17:08:37,465.6,1255,tp 4341.932,W1
17,monthlyreset,2026-09,47,BUY,0.42,4346.895,2026-09-16 17:11:00,2026-09-16 21:03:30,232.5,-660,sl 4331.504,L1
17,monthlyreset,2026-09,48,SELL,0.28,4330.597,2026-09-16 21:04:00,2026-09-16 21:50:30,46.5,-628,sl 4352.556,L2
17,monthlyreset,2026-09,49,BUY,0.27,4353.716,2026-09-16 22:02:00,2026-09-17 00:00:00,118,-204,,L3
17,monthlyreset,2026-09,50,BUY,0.35,4268.561,2026-09-17 06:19:00,2026-09-17 08:24:42,125.7,1185,tp 4310.391,W1
17,monthlyreset,2026-09,51,BUY,0.24,4314.315,2026-09-17 08:33:00,2026-09-17 09:07:02,34,-635,sl 4288.381,L1
17,monthlyreset,2026-09,52,BUY,0.23,4292.316,2026-09-17 09:22:00,2026-09-17 19:16:31,594.5,1312,tp 4359.018,W1
17,monthlyreset,2026-09,53,BUY,0.25,4379.280,2026-09-17 19:29:00,2026-09-17 21:58:39,149.6,-679,sl 4352.647,L1
17,monthlyreset,2026-09,54,BUY,0.27,4363.896,2026-09-17 22:19:00,2026-09-18 00:00:00,101,-39,,L2
17,monthlyreset,2026-09,55,BUY,0.57,4345.390,2026-09-18 06:14:00,2026-09-18 10:26:13,252.2,-111,sl 4334.379,L3
17,monthlyreset,2026-09,56,SELL,0.36,4355.468,2026-09-18 11:16:00,2026-09-18 12:39:41,83.7,-649,sl 4373.121,L4
17,monthlyreset,2026-09,57,BUY,0.32,4385.236,2026-09-18 13:02:00,2026-09-18 19:21:16,379.3,-610,sl 4366.563,L5
17,monthlyreset,2026-09,58,SELL,0.28,4366.067,2026-09-18 19:22:00,2026-09-19 00:00:00,278,-481,,L6
17,monthlyreset,2026-09,59,SELL,0.51,4373.768,2026-09-21 06:08:00,2026-09-21 14:43:27,515.4,1203,tp 4345.743,W1
17,monthlyreset,2026-09,60,SELL,0.31,4345.198,2026-09-21 14:59:00,2026-09-21 18:44:12,225.2,-624,sl 4364.913,L1
17,monthlyreset,2026-09,61,SELL,0.33,4359.017,2026-09-21 19:22:00,2026-09-22 00:00:00,278,689,,W1
17,monthlyreset,2026-09,62,BUY,0.44,4362.466,2026-09-22 06:37:00,2026-09-22 07:40:13,63.2,-633,sl 4348.929,L1
17,monthlyreset,2026-09,63,SELL,0.26,4357.061,2026-09-22 08:13:00,2026-09-22 15:00:42,407.7,1274,tp 4299.665,W1
17,monthlyreset,2026-09,64,BUY,0.32,4310.163,2026-09-22 15:09:00,2026-09-23 00:00:00,531,828,,W2
17,monthlyreset,2026-09,65,BUY,0.75,4363.287,2026-09-23 06:01:00,2026-09-23 08:01:31,120.5,-731,sl 4354.309,L1
17,monthlyreset,2026-09,66,SELL,0.44,4355.195,2026-09-23 08:02:00,2026-09-23 15:12:13,430.2,1413,tp 4317.302,W1
17,monthlyreset,2026-09,67,BUY,0.47,4320.982,2026-09-23 15:23:00,2026-09-23 18:22:40,179.7,-716,sl 4306.056,L1
17,monthlyreset,2026-09,68,SELL,0.51,4301.479,2026-09-23 18:33:00,2026-09-23 19:06:04,33.1,-704,sl 4314.973,L2
17,monthlyreset,2026-09,69,SELL,0.37,4310.013,2026-09-23 19:31:00,2026-09-24 00:00:00,269,1006,,W1
17,monthlyreset,2026-09,70,SELL,0.63,4289.292,2026-09-24 06:03:00,2026-09-24 08:12:37,129.6,-721,sl 4300.469,L1
17,monthlyreset,2026-09,71,BUY,0.38,4300.437,2026-09-24 08:13:00,2026-09-24 08:49:40,36.7,-667,sl 4283.233,L2
17,monthlyreset,2026-09,72,BUY,0.3,4281.358,2026-09-24 09:14:00,2026-09-24 15:59:15,405.2,-636,sl 4260.584,L3
17,monthlyreset,2026-09,73,SELL,0.26,4259.417,2026-09-24 16:05:00,2026-09-24 19:56:29,231.5,-601,sl 4282.035,L4
17,monthlyreset,2026-09,74,SELL,0.27,4276.976,2026-09-24 20:18:00,2026-09-25 00:00:00,222,104,,W1
17,monthlyreset,2026-09,75,BUY,0.56,4273.697,2026-09-25 06:03:00,2026-09-25 11:56:41,353.7,461,sl 4263.593,W2
17,monthlyreset,2026-09,76,BUY,0.45,4264.128,2026-09-25 12:30:00,2026-09-25 16:03:40,213.7,1258,tp 4297.350,W3
17,monthlyreset,2026-09,77,SELL,0.42,4292.466,2026-09-25 16:18:00,2026-09-25 17:14:40,56.7,-677,sl 4308.230,L1
17,monthlyreset,2026-09,78,BUY,0.35,4307.410,2026-09-25 17:15:00,2026-09-25 20:19:31,184.5,-625,sl 4289.953,L2
17,monthlyreset,2026-09,79,SELL,0.28,4290.362,2026-09-25 20:20:00,2026-09-26 00:00:00,220,101,,W1
16,cumulative,01-01,1,BUY,0.2,4328.500,2026-01-02 06:05:00,2026-01-02 09:50:15,225.2,443,tp 4356.245,W1
16,cumulative,01-01,2,BUY,0.37,4370.899,2026-01-02 10:14:00,2026-01-02 21:32:43,678.7,473,sl 4357.045,W2
16,cumulative,01-01,3,BUY,0.19,4361.368,2026-01-02 21:49:00,2026-01-02 22:23:28,34.5,-541,sl 4333.432,L1
16,cumulative,01-01,4,SELL,0.16,4330.793,2026-01-02 22:24:00,2026-01-02 23:00:00,36,-78,,L2
16,cumulative,01-04,1,SELL,0.33,4359.038,2026-01-05 06:34:00,2026-01-05 06:50:39,16.6,-524,sl 4374.595,L1
16,cumulative,01-04,2,BUY,0.22,4379.869,2026-01-05 07:13:00,2026-01-05 16:43:18,570.3,1031,tp 4435.114,W1
16,cumulative,01-04,3,BUY,0.43,4437.670,2026-01-05 16:45:00,2026-01-05 18:25:30,100.5,-546,sl 4425.236,L1
16,cumulative,01-04,4,SELL,0.4,4423.120,2026-01-05 18:26:00,2026-01-05 21:48:29,202.5,470,sl 4435.942,W1
16,cumulative,01-04,5,BUY,0.22,4450.811,2026-01-05 22:04:00,2026-01-05 23:00:00,56,-52,,L1
16,cumulative,01-04,6,SELL,0.51,4450.783,2026-01-06 06:17:00,2026-01-06 09:30:04,193.1,509,sl 4461.211,W1
16,cumulative,01-04,7,SELL,0.31,4455.791,2026-01-06 09:39:00,2026-01-06 12:31:31,172.5,-559,sl 4473.445,L1
16,cumulative,01-04,8,SELL,0.56,4469.075,2026-01-06 12:39:00,2026-01-06 17:03:20,264.3,1171,tp 4444.381,W1
16,cumulative,01-04,9,BUY,0.37,4449.995,2026-01-06 17:10:00,2026-01-06 22:00:43,290.7,1281,tp 4490.951,W2
16,cumulative,01-04,10,SELL,0.29,4481.126,2026-01-06 22:12:00,2026-01-06 23:00:00,48,77,,W3
16,cumulative,01-04,11,SELL,0.75,4496.160,2026-01-07 06:12:00,2026-01-07 08:07:39,115.6,1451,tp 4473.158,W4
16,cumulative,01-04,12,SELL,0.46,4474.897,2026-01-07 08:08:00,2026-01-07 20:08:40,720.7,1597,tp 4433.778,W5
16,cumulative,01-04,13,BUY,0.36,4445.217,2026-01-07 20:29:00,2026-01-07 23:00:00,151,30,,W6
16,cumulative,01-04,14,BUY,0.83,4462.696,2026-01-08 06:03:00,2026-01-08 07:37:40,94.7,-963,sl 4452.993,L1
16,cumulative,01-04,15,SELL,0.76,4452.660,2026-01-08 07:38:00,2026-01-08 12:13:05,275.1,1682,tp 4426.397,W1
16,cumulative,01-04,16,SELL,0.73,4425.928,2026-01-08 12:30:00,2026-01-08 13:39:15,69.2,-875,sl 4437.674,L1
16,cumulative,01-04,17,BUY,0.36,4435.810,2026-01-08 13:57:00,2026-01-08 19:05:31,308.5,-800,sl 4414.039,L2
16,cumulative,01-04,18,SELL,0.57,4410.001,2026-01-08 19:16:00,2026-01-08 19:32:28,16.5,-781,sl 4423.423,L3
16,cumulative,01-04,19,BUY,0.45,4426.349,2026-01-08 19:38:00,2026-01-08 23:00:00,202,1269,,W1
16,cumulative,01-04,20,BUY,0.63,4480.549,2026-01-09 06:03:00,2026-01-09 07:23:40,80.7,-834,sl 4468.140,L1
16,cumulative,01-04,21,SELL,0.71,4464.506,2026-01-09 07:49:00,2026-01-09 09:04:16,75.3,-772,sl 4475.159,L2
16,cumulative,01-04,22,BUY,0.45,4472.132,2026-01-09 09:46:00,2026-01-09 22:37:41,771.7,1542,tp 4512.868,W1
16,cumulative,01-04,23,BUY,0.27,4513.997,2026-01-09 22:41:00,2026-01-09 23:00:00,19,-45,,L1
16,cumulative,01-11,1,BUY,0.75,4523.966,2026-01-12 06:06:00,2026-01-12 07:09:40,63.7,1674,tp 4550.510,W1
16,cumulative,01-11,2,BUY,0.42,4567.558,2026-01-12 07:32:00,2026-01-12 20:55:05,803.1,1884,tp 4620.174,W2
16,cumulative,01-11,3,SELL,0.51,4612.321,2026-01-12 21:02:00,2026-01-12 23:00:00,118,-472,,L1
16,cumulative,01-11,4,BUY,0.54,4600.833,2026-01-13 06:01:00,2026-01-13 06:12:27,11.5,-946,sl 4583.675,L2
16,cumulative,01-11,5,SELL,0.6,4580.700,2026-01-13 06:13:00,2026-01-13 06:56:58,44,-909,sl 4595.536,L3
16,cumulative,01-11,6,SELL,0.42,4591.435,2026-01-13 07:24:00,2026-01-13 20:30:38,786.6,-852,sl 4611.258,L4
16,cumulative,01-11,7,BUY,0.42,4616.743,2026-01-13 20:43:00,2026-01-13 23:00:00,137,95,,W1
16,cumulative,01-11,8,BUY,0.62,4593.868,2026-01-14 06:09:00,2026-01-14 10:54:39,285.7,1726,tp 4627.423,W2
16,cumulative,01-11,9,SELL,0.78,4627.606,2026-01-14 11:12:00,2026-01-14 12:02:41,50.7,-923,sl 4639.204,L1
16,cumulative,01-11,10,SELL,0.78,4634.958,2026-01-14 12:12:00,2026-01-14 22:02:30,590.5,1846,tp 4606.822,W1
16,cumulative,01-11,11,SELL,0.35,4605.606,2026-01-14 22:04:00,2026-01-14 23:00:00,56,-444,,L1
16,cumulative,01-11,12,SELL,0.58,4616.482,2026-01-15 06:07:00,2026-01-15 23:00:00,1013,1223,,W1
16,cumulative,01-11,13,BUY,1,4620.535,2026-01-16 06:06:00,2026-01-16 06:26:36,20.6,-992,sl 4610.839,L1
16,cumulative,01-11,14,SELL,0.95,4610.137,2026-01-16 06:27:00,2026-01-16 20:18:01,831,2042,tp 4584.704,W1
16,cumulative,01-11,15,SELL,0.53,4587.103,2026-01-16 20:30:00,2026-01-16 21:06:13,36.2,-1045,sl 4606.432,L1
16,cumulative,01-11,16,BUY,0.4,4605.097,2026-01-16 21:07:00,2026-01-16 22:27:38,80.6,-997,sl 4580.673,L2
16,cumulative,01-11,17,BUY,0.22,4568.552,2026-01-16 22:49:00,2026-01-16 23:00:00,11,61,,W1
16,cumulative,01-18,1,BUY,0.54,4655.093,2026-01-19 06:10:00,2026-01-19 23:00:00,1010,1549,,W1
16,cumulative,01-18,2,BUY,1.01,4672.260,2026-01-20 06:19:00,2026-01-20 07:26:28,67.5,-1088,sl 4662.281,L1
16,cumulative,01-18,3,BUY,0.94,4670.018,2026-01-20 08:06:00,2026-01-20 11:59:17,233.3,2050,tp 4695.932,W1
16,cumulative,01-18,4,BUY,0.96,4695.433,2026-01-20 12:00:00,2026-01-20 15:08:32,188.5,2264,tp 4723.475,W2
16,cumulative,01-18,5,SELL,0.85,4720.638,2026-01-20 15:22:00,2026-01-20 16:30:29,68.5,-1209,sl 4734.543,L1
16,cumulative,01-18,6,SELL,0.74,4734.073,2026-01-20 16:58:00,2026-01-20 21:28:30,270.5,-1129,sl 4749.032,L2
16,cumulative,01-18,7,BUY,0.4,4750.690,2026-01-20 21:30:00,2026-01-20 22:25:37,55.6,-1055,sl 4724.823,L3
16,cumulative,01-18,8,BUY,0.28,4731.966,2026-01-20 22:32:00,2026-01-20 23:00:00,28,154,,W1
16,cumulative,01-18,9,SELL,1.08,4759.985,2026-01-21 06:10:00,2026-01-21 06:44:17,34.3,-1040,sl 4769.427,L1
16,cumulative,01-18,10,SELL,0.7,4774.178,2026-01-21 07:26:00,2026-01-21 07:59:15,33.2,-975,sl 4787.835,L2
16,cumulative,01-18,11,BUY,0.53,4792.877,2026-01-21 08:05:00,2026-01-21 08:30:42,25.7,1954,tp 4836.386,W1
16,cumulative,01-18,12,BUY,0.39,4824.023,2026-01-21 08:48:00,2026-01-21 23:00:00,852,1629,,W2
16,cumulative,01-18,13,SELL,0.45,4826.644,2026-01-22 06:02:00,2026-01-22 22:26:26,984.4,1089,sl 4850.931,W3
16,cumulative,01-18,14,BUY,0.68,4952.510,2026-01-23 06:05:00,2026-01-23 06:30:28,25.5,-1160,sl 4935.814,L1
16,cumulative,01-18,15,BUY,0.5,4945.663,2026-01-23 06:46:00,2026-01-23 15:23:31,517.5,-1121,sl 4924.248,L2
16,cumulative,01-18,16,SELL,0.42,4917.492,2026-01-23 15:51:00,2026-01-23 19:52:02,241,-1051,sl 4942.013,L3
16,cumulative,01-18,17,SELL,0.54,4935.795,2026-01-23 20:16:00,2026-01-23 21:48:31,92.5,-988,sl 4953.723,L4
16,cumulative,01-18,18,SELL,0.35,4943.231,2026-01-23 22:00:00,2026-01-23 23:00:00,60,-626,,L5
16,cumulative,01-25,1,BUY,0.4,5028.562,2026-01-26 06:18:00,2026-01-26 08:36:04,138.1,1927,tp 5085.557,W1
16,cumulative,01-25,2,SELL,0.28,5069.767,2026-01-26 09:09:00,2026-01-26 13:47:30,278.5,-990,sl 5104.419,L1
16,cumulative,01-25,3,SELL,0.3,5085.328,2026-01-26 13:58:00,2026-01-26 23:00:00,542,-173,,L2
16,cumulative,01-25,4,BUY,0.2,5035.760,2026-01-27 06:09:00,2026-01-27 23:00:00,1011,1096,,W1
16,cumulative,01-25,5,SELL,0.22,5168.556,2026-01-28 06:14:00,2026-01-28 08:44:28,150.5,-985,sl 5212.412,L1
16,cumulative,01-25,6,SELL,0.24,5209.936,2026-01-28 08:59:00,2026-01-28 11:58:29,179.5,-932,sl 5247.996,L2
16,cumulative,01-25,7,BUY,0.46,5251.661,2026-01-28 12:09:00,2026-01-28 15:30:32,201.5,1939,tp 5301.564,W1
16,cumulative,01-25,8,SELL,0.35,5297.546,2026-01-28 15:42:00,2026-01-28 23:00:00,438,1482,,W2
16,cumulative,01-25,9,BUY,0.21,5465.428,2026-01-29 06:13:00,2026-01-29 13:23:03,430,2322,tp 5594.235,W3
16,cumulative,01-25,10,BUY,0.26,5590.155,2026-01-29 13:24:00,2026-01-29 14:28:27,64.4,-1187,sl 5545.431,L1
16,cumulative,01-25,11,SELL,0.26,5527.857,2026-01-29 15:06:00,2026-01-29 22:09:29,423.5,2502,tp 5415.139,W1
16,cumulative,01-25,12,SELL,0.1,5253.577,2026-01-29 22:27:00,2026-01-29 23:00:00,33,707,,W2
16,cumulative,01-25,13,BUY,0.19,5440.263,2026-01-30 06:07:00,2026-01-30 08:06:39,119.6,-1259,sl 5375.864,L1
16,cumulative,01-25,14,SELL,0.14,5337.115,2026-01-30 08:48:00,2026-01-30 09:23:07,35.1,2677,tp 5115.884,W1
16,cumulative,01-25,15,BUY,0.1,5212.952,2026-01-30 09:41:00,2026-01-30 15:33:42,352.7,-1269,sl 5088.590,L1
16,cumulative,01-25,16,BUY,0.13,5110.709,2026-01-30 15:48:00,2026-01-30 16:14:02,26,-1220,sl 5018.713,L2
16,cumulative,01-25,17,SELL,0.11,5028.516,2026-01-30 16:30:00,2026-01-30 18:57:21,147.4,-1246,sl 5139.542,L3
16,cumulative,01-25,18,SELL,0.16,5124.791,2026-01-30 19:07:00,2026-01-30 23:00:00,233,1477,,W1
16,cumulative,02-01,1,SELL,0.22,4764.795,2026-02-02 06:13:00,2026-02-02 07:09:41,56.7,-1263,sl 4821.070,L1
16,cumulative,02-01,2,SELL,0.08,4827.638,2026-02-02 07:32:00,2026-02-02 13:24:31,352.5,2606,tp 4457.983,W1
16,cumulative,02-01,3,SELL,0.09,4456.593,2026-02-02 13:37:00,2026-02-02 14:45:35,68.6,-1264,sl 4594.218,L1
16,cumulative,02-01,4,SELL,0.1,4576.525,2026-02-02 15:03:00,2026-02-02 16:28:41,85.7,-1235,sl 4697.586,L2
16,cumulative,02-01,5,BUY,0.12,4717.249,2026-02-02 16:50:00,2026-02-02 22:57:42,367.7,-1149,sl 4623.385,L3
16,cumulative,02-01,6,SELL,0.38,4685.104,2026-02-03 06:01:00,2026-02-03 06:08:27,7.4,-1154,sl 4714.844,L4
16,cumulative,02-01,7,BUY,0.17,4718.300,2026-02-03 06:16:00,2026-02-03 13:35:41,439.7,2331,tp 4878.459,W1
16,cumulative,02-01,8,BUY,0.23,4891.944,2026-02-03 13:43:00,2026-02-03 23:00:00,557,1000,,W2
16,cumulative,02-01,9,BUY,0.31,4961.715,2026-02-04 06:02:00,2026-02-04 06:07:27,5.4,-1248,sl 4922.373,L1
16,cumulative,02-01,10,BUY,0.25,4937.401,2026-02-04 06:17:00,2026-02-04 09:02:31,165.5,2530,tp 5057.487,W1
16,cumulative,02-01,11,SELL,0.24,5056.305,2026-02-04 09:33:00,2026-02-04 22:34:32,781.5,2785,tp 4918.397,W2
16,cumulative,02-01,12,BUY,0.14,4944.526,2026-02-04 22:45:00,2026-02-04 23:00:00,15,-349,,L1
16,cumulative,02-01,13,BUY,0.41,5010.247,2026-02-05 06:16:00,2026-02-05 08:12:41,116.7,-1490,sl 4976.360,L2
16,cumulative,02-01,14,SELL,0.26,4950.528,2026-02-05 08:27:00,2026-02-05 09:51:40,84.7,2965,tp 4816.931,W1
16,cumulative,02-01,15,BUY,0.13,4881.062,2026-02-05 10:22:00,2026-02-05 23:00:00,758,-842,,L1
16,cumulative,02-01,16,BUY,0.26,4778.936,2026-02-06 06:11:00,2026-02-06 06:49:18,38.3,-1475,sl 4723.415,L2
16,cumulative,02-01,17,SELL,0.23,4657.139,2026-02-06 07:18:00,2026-02-06 07:27:27,9.5,-1394,sl 4716.513,L3
16,cumulative,02-01,18,BUY,0.19,4736.872,2026-02-06 07:37:00,2026-02-06 20:00:41,743.7,2826,tp 4911.938,W1
16,cumulative,02-01,19,BUY,0.35,4914.535,2026-02-06 20:20:00,2026-02-06 23:00:00,160,1016,,W2
16,cumulative,02-08,1,BUY,0.5,4988.714,2026-02-09 06:21:00,2026-02-09 23:00:00,999,3100,,W1
16,cumulative,02-08,2,SELL,1.42,5072.002,2026-02-10 06:02:00,2026-02-10 06:12:03,10,9017,tp 4998.872,W2
16,cumulative,02-08,3,BUY,0.41,5036.408,2026-02-10 06:44:00,2026-02-10 23:00:00,976,-732,,L1
16,cumulative,02-08,4,BUY,1.05,5039.092,2026-02-11 06:17:00,2026-02-11 17:44:27,687.4,4417,tp 5089.769,W1
16,cumulative,02-08,5,SELL,0.92,5094.108,2026-02-11 17:58:00,2026-02-11 19:00:39,62.6,-2347,sl 5119.074,L1
16,cumulative,02-08,6,SELL,0.74,5106.571,2026-02-11 19:06:00,2026-02-11 20:30:40,84.7,4719,tp 5031.140,W1
16,cumulative,02-08,7,SELL,0.49,5047.221,2026-02-11 20:36:00,2026-02-11 23:00:00,144,-661,,L1
16,cumulative,02-08,8,SELL,1.14,5084.358,2026-02-12 06:08:00,2026-02-12 23:00:00,1012,4033,,W1
16,cumulative,02-08,9,BUY,0.73,4909.065,2026-02-13 06:13:00,2026-02-13 20:30:41,857.7,5520,tp 4999.401,W2
16,cumulative,02-08,10,SELL,0.86,4973.973,2026-02-13 20:48:00,2026-02-13 21:21:37,33.6,-2913,sl 5007.153,L1
16,cumulative,02-08,11,SELL,0.65,5003.142,2026-02-13 21:31:00,2026-02-13 23:00:00,89,1675,,W1
16,cumulative,02-15,1,BUY,1.1,5029.562,2026-02-16 06:28:00,2026-02-16 07:03:38,35.6,-2843,sl 5004.264,L1
16,cumulative,02-15,2,SELL,0.84,5007.334,2026-02-16 07:04:00,2026-02-16 23:00:00,956,2304,,W1
16,cumulative,02-15,3,BUY,2.56,4998.072,2026-02-17 06:02:00,2026-02-17 06:12:39,10.6,-2816,sl 4987.316,L1
16,cumulative,02-15,4,SELL,1.95,4988.064,2026-02-17 06:18:00,2026-02-17 07:52:40,94.7,5721,tp 4953.171,W1
16,cumulative,02-15,5,BUY,1.03,4950.123,2026-02-17 08:12:00,2026-02-17 12:15:28,243.5,-2969,sl 4921.934,L1
16,cumulative,02-15,6,BUY,0.62,4894.155,2026-02-17 12:54:00,2026-02-17 21:01:32,487.5,-2783,sl 4850.162,L2
16,cumulative,02-15,7,SELL,0.5,4881.512,2026-02-17 21:40:00,2026-02-17 23:00:00,80,150,,W1
16,cumulative,02-15,8,BUY,1.28,4882.949,2026-02-18 06:15:00,2026-02-18 06:50:30,35.5,-2669,sl 4862.562,L1
16,cumulative,02-15,9,BUY,0.79,4877.112,2026-02-18 07:34:00,2026-02-18 20:07:42,753.7,5424,tp 4958.518,W1
16,cumulative,02-15,10,BUY,1.25,4965.002,2026-02-18 20:38:00,2026-02-18 23:00:00,142,4450,,W2
16,cumulative,02-15,11,BUY,1.83,4981.347,2026-02-19 06:28:00,2026-02-19 07:02:38,34.6,-3352,sl 4965.104,L1
16,cumulative,02-15,12,BUY,1.2,4968.329,2026-02-19 07:13:00,2026-02-19 23:00:00,947,5511,,W1
16,cumulative,02-15,13,BUY,2.36,5003.029,2026-02-20 06:04:00,2026-02-20 06:56:36,52.6,-3154,sl 4989.931,L1
16,cumulative,02-15,14,BUY,1.38,4996.283,2026-02-20 07:16:00,2026-02-20 21:32:39,856.6,6322,tp 5050.545,W1
16,cumulative,02-15,15,BUY,1.43,5050.117,2026-02-20 21:33:00,2026-02-20 22:03:23,30.4,-3309,sl 5027.438,L1
16,cumulative,02-15,16,SELL,0.82,4994.839,2026-02-20 22:07:00,2026-02-20 22:16:14,9.2,-3151,sl 5032.511,L2
16,cumulative,02-15,17,BUY,0.61,5044.503,2026-02-20 22:19:00,2026-02-20 23:00:00,41,-129,,L3
16,cumulative,02-22,1,BUY,1.03,5158.704,2026-02-23 06:50:00,2026-02-23 07:20:04,30.1,-2979,sl 5130.386,L1
16,cumulative,02-22,2,BUY,0.65,5153.494,2026-02-23 07:30:00,2026-02-23 23:00:00,930,2775,,W1
16,cumulative,02-22,3,BUY,1.8,5240.285,2026-02-24 06:03:00,2026-02-24 07:01:30,58.5,-3085,sl 5224.157,L1
16,cumulative,02-22,4,SELL,0.91,5225.250,2026-02-24 07:29:00,2026-02-24 08:16:41,47.7,5993,tp 5147.117,W1
16,cumulative,02-22,5,SELL,0.64,5150.942,2026-02-24 08:25:00,2026-02-24 23:00:00,875,35,,W2
16,cumulative,02-22,6,SELL,1.71,5135.751,2026-02-25 06:04:00,2026-02-25 07:38:28,94.5,-3193,sl 5154.057,L1
16,cumulative,02-22,7,BUY,1.37,5154.479,2026-02-25 07:41:00,2026-02-25 12:49:39,308.7,6248,tp 5208.541,W1
16,cumulative,02-22,8,SELL,1.89,5202.492,2026-02-25 12:58:00,2026-02-25 18:16:39,318.7,7058,tp 5158.070,W2
16,cumulative,02-22,9,SELL,1.68,5157.013,2026-02-25 18:17:00,2026-02-25 18:57:25,40.4,-3682,sl 5178.494,L1
16,cumulative,02-22,10,BUY,1.71,5179.751,2026-02-25 18:58:00,2026-02-25 21:39:40,161.7,-3449,sl 5160.001,L2
16,cumulative,02-22,11,BUY,1.21,5175.245,2026-02-25 21:45:00,2026-02-25 23:00:00,75,2380,,W1
16,cumulative,02-22,12,BUY,1.07,5173.404,2026-02-26 06:04:00,2026-02-26 21:30:42,926.7,-3568,sl 5142.422,L1
16,cumulative,02-22,13,SELL,0.88,5162.774,2026-02-26 22:02:00,2026-02-26 23:00:00,58,-2096,,L2
16,cumulative,02-22,14,SELL,1.79,5182.552,2026-02-27 06:26:00,2026-02-27 09:07:42,161.7,-3169,sl 5199.867,L3
16,cumulative,02-22,15,BUY,1.31,5199.527,2026-02-27 09:08:00,2026-02-27 09:37:29,29.5,-2932,sl 5177.614,L4
16,cumulative,02-22,16,SELL,1.36,5176.259,2026-02-27 09:51:00,2026-02-27 12:30:40,159.7,-2830,sl 5196.634,L5
16,cumulative,02-22,17,BUY,2.09,5195.223,2026-02-27 12:55:00,2026-02-27 14:14:30,79.5,-2663,sl 5182.805,L6
16,cumulative,02-22,18,SELL,1.49,5179.496,2026-02-27 14:17:00,2026-02-27 20:06:30,349.5,-2566,sl 5196.310,L7
16,cumulative,02-22,19,SELL,0.82,5208.685,2026-02-27 20:42:00,2026-02-27 22:11:39,89.6,-2395,sl 5237.316,L8
16,cumulative,02-22,20,BUY,0.59,5232.693,2026-02-27 22:32:00,2026-02-27 23:00:00,28,401,,W1
16,cumulative,03-01,1,BUY,0.51,5348.897,2026-03-02 06:09:00,2026-03-02 06:42:42,33.7,1725,tp 5392.684,W1
16,cumulative,03-01,2,SELL,0.46,5371.833,2026-03-02 07:03:00,2026-03-02 23:00:00,957,2553,,W2
16,cumulative,03-01,3,BUY,1.04,5340.315,2026-03-03 06:04:00,2026-03-03 12:54:21,410.4,-2542,sl 5316.917,L1
16,cumulative,03-01,4,SELL,0.56,5289.581,2026-03-03 13:15:00,2026-03-03 14:51:14,96.2,-2356,sl 5330.804,L2
16,cumulative,03-01,5,BUY,0.69,5329.543,2026-03-03 14:55:00,2026-03-03 15:40:38,45.6,-2238,sl 5297.805,L3
16,cumulative,03-01,6,SELL,0.7,5297.908,2026-03-03 15:41:00,2026-03-03 18:07:31,146.5,4576,tp 5220.392,W1
16,cumulative,03-01,7,SELL,0.32,5185.301,2026-03-03 18:26:00,2026-03-03 22:17:41,231.7,5107,tp 4997.815,W2
16,cumulative,03-01,8,BUY,0.25,5038.990,2026-03-03 22:23:00,2026-03-03 23:00:00,37,1406,,W3
16,cumulative,03-01,9,BUY,0.68,5102.659,2026-03-04 06:03:00,2026-03-04 19:03:39,780.6,5757,tp 5203.430,W4
16,cumulative,03-01,10,SELL,1.33,5186.895,2026-03-04 19:17:00,2026-03-04 23:00:00,223,5433,,W5
16,cumulative,03-01,11,SELL,1.51,5146.531,2026-03-05 06:14:00,2026-03-05 07:05:41,51.7,-3335,sl 5168.170,L1
16,cumulative,03-01,12,BUY,1.44,5167.114,2026-03-05 07:07:00,2026-03-05 13:00:16,353.3,-3083,sl 5146.131,L2
16,cumulative,03-01,13,SELL,1.29,5146.993,2026-03-05 13:08:00,2026-03-05 14:00:05,52.1,-2974,sl 5169.591,L3
16,cumulative,03-01,14,SELL,0.81,5161.170,2026-03-05 14:17:00,2026-03-05 22:08:31,471.5,6037,tp 5072.567,W1
16,cumulative,03-01,15,SELL,0.48,5076.755,2026-03-05 22:27:00,2026-03-05 23:00:00,33,-1269,,L1
16,cumulative,03-01,16,SELL,1.5,5090.351,2026-03-06 06:28:00,2026-03-06 08:40:27,132.4,-3084,sl 5110.472,L2
16,cumulative,03-01,17,SELL,0.87,5123.551,2026-03-06 09:42:00,2026-03-06 22:02:40,740.7,-282,sl 5156.151,L3
16,cumulative,03-01,18,BUY,0.46,5164.443,2026-03-06 22:26:00,2026-03-06 23:00:00,34,-1057,,L4
16,cumulative,03-08,1,SELL,0.43,5086.956,2026-03-09 06:37:00,2026-03-09 23:00:00,983,-572,,L1
16,cumulative,03-08,2,BUY,0.86,5149.196,2026-03-10 06:13:00,2026-03-10 22:33:12,980.2,5867,tp 5230.658,W1
16,cumulative,03-08,3,BUY,1.46,5194.778,2026-03-11 06:07:00,2026-03-11 19:36:40,809.7,-3153,sl 5174.223,L1
16,cumulative,03-08,4,SELL,1.24,5174.576,2026-03-11 19:37:00,2026-03-11 23:00:00,203,981,,W1
16,cumulative,03-08,5,BUY,1.16,5153.533,2026-03-12 06:14:00,2026-03-12 07:00:39,46.6,-3158,sl 5128.609,L1
16,cumulative,03-08,6,BUY,0.91,5139.379,2026-03-12 07:15:00,2026-03-12 23:00:00,945,-681,,L2
16,cumulative,03-08,7,BUY,1.27,5095.409,2026-03-13 06:08:00,2026-03-13 14:21:40,493.7,-2838,sl 5074.123,L3
16,cumulative,03-08,8,SELL,1.07,5083.010,2026-03-13 14:56:00,2026-03-13 18:59:30,243.5,-2662,sl 5107.383,L4
16,cumulative,03-08,9,SELL,1.19,5109.592,2026-03-13 19:13:00,2026-03-13 21:55:16,162.3,5357,tp 5056.232,W1
16,cumulative,03-08,10,BUY,0.72,5058.288,2026-03-13 22:08:00,2026-03-13 23:00:00,52,-1727,,L1
16,cumulative,03-15,1,BUY,0.88,5025.049,2026-03-16 06:00:00,2026-03-16 06:20:27,20.4,-2665,sl 4995.392,L1
16,cumulative,03-15,2,SELL,0.72,4986.442,2026-03-16 06:21:00,2026-03-16 07:02:41,41.7,-2539,sl 5020.999,L2
16,cumulative,03-15,3,BUY,0.59,5030.946,2026-03-16 07:35:00,2026-03-16 08:14:30,39.5,-2414,sl 4990.847,L3
16,cumulative,03-15,4,SELL,0.57,4995.375,2026-03-16 08:25:00,2026-03-16 13:16:37,291.6,-2269,sl 5034.369,L4
16,cumulative,03-15,5,SELL,1.15,5027.383,2026-03-16 13:27:00,2026-03-16 16:45:39,198.6,4643,tp 4979.476,W1
16,cumulative,03-15,6,SELL,1.07,4977.906,2026-03-16 16:56:00,2026-03-16 18:00:29,64.5,-2428,sl 5000.108,L1
16,cumulative,03-15,7,BUY,1.03,5012.844,2026-03-16 18:20:00,2026-03-16 21:48:30,208.5,-2285,sl 4991.119,L2
16,cumulative,03-15,8,BUY,0.63,5002.102,2026-03-16 22:17:00,2026-03-16 23:00:00,43,-974,,L3
16,cumulative,03-15,9,BUY,1.22,5005.743,2026-03-17 06:12:00,2026-03-17 22:36:27,984.4,1781,sl 4988.821,W1
16,cumulative,03-15,10,BUY,1.84,5001.773,2026-03-18 06:02:00,2026-03-18 10:04:20,242.3,-2314,sl 4990.021,L1
16,cumulative,03-15,11,BUY,1.31,4996.384,2026-03-18 10:25:00,2026-03-18 15:45:30,320.5,-2095,sl 4980.795,L2
16,cumulative,03-15,12,SELL,1.12,4983.045,2026-03-18 15:46:00,2026-03-18 18:44:30,178.5,4291,tp 4937.568,W1
16,cumulative,03-15,13,SELL,0.57,4932.194,2026-03-18 18:56:00,2026-03-18 23:00:00,244,4166,,W2
16,cumulative,03-15,14,SELL,0.7,4829.229,2026-03-19 06:19:00,2026-03-19 08:40:28,141.5,-2419,sl 4863.061,L1
16,cumulative,03-15,15,SELL,0.76,4853.359,2026-03-19 08:51:00,2026-03-19 13:46:28,295.5,4952,tp 4776.078,W1
16,cumulative,03-15,16,BUY,0.58,4771.370,2026-03-19 14:02:00,2026-03-19 14:59:40,57.7,-2509,sl 4729.017,L1
16,cumulative,03-15,17,SELL,0.46,4724.983,2026-03-19 15:06:00,2026-03-19 19:42:39,276.7,5131,tp 4592.896,W1
16,cumulative,03-15,18,SELL,0.47,4575.999,2026-03-19 19:44:00,2026-03-19 21:00:27,76.4,-2664,sl 4631.503,L1
16,cumulative,03-15,19,SELL,0.23,4614.257,2026-03-19 21:20:00,2026-03-19 23:00:00,100,399,,W1
16,cumulative,03-15,20,SELL,0.91,4644.020,2026-03-20 06:10:00,2026-03-20 08:05:41,115.7,-2593,sl 4671.954,L1
16,cumulative,03-15,21,BUY,0.84,4673.864,2026-03-20 08:07:00,2026-03-20 17:51:41,584.7,2153,sl 4645.703,W1
16,cumulative,03-15,22,BUY,0.64,4669.165,2026-03-20 18:33:00,2026-03-20 20:51:42,138.7,-2541,sl 4630.264,L1
16,cumulative,03-15,23,SELL,0.47,4627.333,2026-03-20 20:53:00,2026-03-20 23:00:00,127,3455,,W1
16,cumulative,03-22,1,SELL,0.43,4489.127,2026-03-23 06:22:00,2026-03-23 07:37:28,75.5,5659,tp 4333.501,W1
16,cumulative,03-22,2,BUY,0.32,4356.756,2026-03-23 07:58:00,2026-03-23 13:07:15,309.2,-2822,sl 4270.309,L1
16,cumulative,03-22,3,SELL,0.44,4243.755,2026-03-23 13:30:00,2026-03-23 16:29:42,179.7,2381,sl 4304.162,W1
16,cumulative,03-22,4,BUY,0.35,4304.266,2026-03-23 16:30:00,2026-03-23 16:44:42,14.7,-2808,sl 4225.621,L1
16,cumulative,03-22,5,BUY,0.35,4243.983,2026-03-23 16:53:00,2026-03-23 18:11:00,78,5871,tp 4441.157,W1
16,cumulative,03-22,6,SELL,0.3,4395.003,2026-03-23 18:20:00,2026-03-23 19:59:14,99.2,-2964,sl 4491.870,L1
16,cumulative,03-22,7,SELL,0.29,4423.391,2026-03-23 20:20:00,2026-03-23 23:00:00,160,1728,,W1
16,cumulative,03-22,8,BUY,0.64,4437.262,2026-03-24 06:08:00,2026-03-24 07:27:21,79.4,-2986,sl 4392.109,L1
16,cumulative,03-22,9,SELL,0.56,4360.248,2026-03-24 07:39:00,2026-03-24 14:00:38,381.6,-2811,sl 4409.446,L2
16,cumulative,03-22,10,BUY,0.45,4423.726,2026-03-24 14:11:00,2026-03-24 19:39:38,328.6,-2610,sl 4366.866,L3
16,cumulative,03-22,11,SELL,0.48,4365.341,2026-03-24 19:40:00,2026-03-24 21:34:39,114.6,-2492,sl 4416.243,L4
16,cumulative,03-22,12,SELL,0.37,4410.944,2026-03-24 22:01:00,2026-03-24 23:00:00,59,-44,,L5
16,cumulative,03-22,13,BUY,0.57,4485.083,2026-03-25 06:00:00,2026-03-25 08:39:14,159.2,5042,tp 4589.968,W1
16,cumulative,03-22,14,BUY,0.7,4598.356,2026-03-25 08:51:00,2026-03-25 12:21:38,210.6,-2623,sl 4561.656,L1
16,cumulative,03-22,15,BUY,1.17,4565.268,2026-03-25 12:44:00,2026-03-25 13:09:19,25.3,-2515,sl 4544.233,L2
16,cumulative,03-22,16,BUY,0.82,4550.757,2026-03-25 13:22:00,2026-03-25 19:31:42,369.7,-2373,sl 4522.383,L3
16,cumulative,03-22,17,BUY,0.63,4553.344,2026-03-25 19:38:00,2026-03-25 23:00:00,202,361,,W1
16,cumulative,03-22,18,SELL,0.58,4509.128,2026-03-26 06:04:00,2026-03-26 23:00:00,1016,4325,,W2
16,cumulative,03-22,19,SELL,0.7,4397.502,2026-03-27 06:06:00,2026-03-27 09:03:31,177.5,-2525,sl 4432.868,L1
16,cumulative,03-22,20,BUY,0.77,4436.991,2026-03-27 09:11:00,2026-03-27 18:07:29,536.5,-2373,sl 4406.800,L2
16,cumulative,03-22,21,SELL,0.95,4408.471,2026-03-27 18:09:00,2026-03-27 19:16:31,67.5,-2281,sl 4431.980,L3
16,cumulative,03-22,22,BUY,0.78,4429.733,2026-03-27 19:30:00,2026-03-27 21:52:41,142.7,4542,tp 4498.981,W1
16,cumulative,03-22,23,BUY,0.44,4530.267,2026-03-27 22:14:00,2026-03-27 23:00:00,46,-278,,L1
16,cumulative,03-29,1,SELL,0.52,4477.622,2026-03-30 06:06:00,2026-03-30 12:50:16,404.3,-2365,sl 4522.200,L1
16,cumulative,03-29,2,BUY,0.81,4529.308,2026-03-30 13:10:00,2026-03-30 23:00:00,590,2337,,W1
16,cumulative,03-29,3,SELL,1.19,4502.777,2026-03-31 06:03:00,2026-03-31 07:02:28,59.5,-2384,sl 4522.379,L1
16,cumulative,03-29,4,SELL,0.84,4518.147,2026-03-31 07:14:00,2026-03-31 07:46:41,32.7,-2238,sl 4544.267,L2
16,cumulative,03-29,5,BUY,0.51,4542.583,2026-03-31 07:55:00,2026-03-31 23:00:00,905,3831,,W1
16,cumulative,03-29,6,BUY,0.6,4680.354,2026-04-01 06:01:00,2026-04-01 22:32:35,991.6,4951,tp 4778.185,W2
16,cumulative,03-29,7,BUY,0.68,4779.857,2026-04-01 22:35:00,2026-04-01 23:00:00,25,470,,W3
16,cumulative,03-29,8,SELL,1.16,4774.490,2026-04-02 06:01:00,2026-04-02 06:19:30,18.5,-2634,sl 4796.629,L1
16,cumulative,03-29,9,SELL,1,4789.516,2026-04-02 06:38:00,2026-04-02 08:06:42,88.7,5391,tp 4725.624,W1
16,cumulative,03-29,10,SELL,0.59,4727.680,2026-04-02 08:20:00,2026-04-02 12:47:39,267.6,5933,tp 4608.898,W2
16,cumulative,03-29,11,SELL,0.69,4587.068,2026-04-02 13:02:00,2026-04-02 14:34:27,92.4,-3020,sl 4629.931,L1
16,cumulative,03-29,12,BUY,0.61,4632.003,2026-04-02 14:35:00,2026-04-02 20:00:39,325.7,-2846,sl 4586.287,L2
16,cumulative,03-29,13,SELL,0.64,4590.770,2026-04-02 20:14:00,2026-04-02 20:49:30,35.5,-2717,sl 4632.353,L3
16,cumulative,03-29,14,BUY,0.42,4656.299,2026-04-02 21:12:00,2026-04-02 23:00:00,108,194,,W1
16,cumulative,04-05,1,BUY,0.51,4645.881,2026-04-06 06:00:00,2026-04-06 23:00:00,1020,1112,,W1
16,cumulative,04-05,2,BUY,1.78,4661.086,2026-04-07 06:07:00,2026-04-07 08:00:21,113.4,-2767,sl 4646.445,L1
16,cumulative,04-05,3,SELL,0.93,4636.246,2026-04-07 08:11:00,2026-04-07 11:42:32,211.5,-2543,sl 4663.057,L2
16,cumulative,04-05,4,SELL,1.63,4660.229,2026-04-07 12:01:00,2026-04-07 15:20:41,199.7,2257,sl 4674.883,W1
16,cumulative,04-05,5,SELL,0.84,4681.890,2026-04-07 16:07:00,2026-04-07 23:00:00,413,3889,,W2
16,cumulative,04-05,6,BUY,0.39,4821.426,2026-04-08 06:21:00,2026-04-08 21:32:34,911.6,-2666,sl 4754.978,L1
16,cumulative,04-05,7,SELL,0.53,4747.346,2026-04-08 21:54:00,2026-04-08 23:00:00,66,-517,,L2
16,cumulative,04-05,8,SELL,1.07,4713.826,2026-04-09 06:02:00,2026-04-09 17:24:38,682.6,-2562,sl 4737.293,L3
16,cumulative,04-05,9,BUY,1.3,4745.425,2026-04-09 17:51:00,2026-04-09 22:34:41,283.7,5074,tp 4791.780,W1
16,cumulative,04-05,10,BUY,0.85,4793.974,2026-04-09 22:36:00,2026-04-09 23:00:00,24,-102,,L1
16,cumulative,04-05,11,BUY,1.36,4764.348,2026-04-10 06:00:00,2026-04-10 09:21:20,201.3,-2736,sl 4745.231,L2
16,cumulative,04-05,12,BUY,1.02,4749.303,2026-04-10 09:41:00,2026-04-10 23:00:00,799,2399,,W1
16,cumulative,04-12,1,BUY,0.67,4659.132,2026-04-13 06:00:00,2026-04-13 23:00:00,1020,4607,,W1
16,cumulative,04-12,2,SELL,1.84,4758.128,2026-04-14 06:22:00,2026-04-14 07:41:21,79.4,-2929,sl 4773.709,L1
16,cumulative,04-12,3,BUY,1.22,4775.941,2026-04-14 08:08:00,2026-04-14 17:39:38,571.6,-2718,sl 4754.112,L2
16,cumulative,04-12,4,BUY,1.1,4770.410,2026-04-14 17:51:00,2026-04-14 23:00:00,309,4317,,W1
16,cumulative,04-12,5,BUY,1.74,4843.001,2026-04-15 06:07:00,2026-04-15 09:32:15,205.2,-2917,sl 4827.147,L1
16,cumulative,04-12,6,SELL,1.12,4822.192,2026-04-15 09:56:00,2026-04-15 23:00:00,784,2272,,W1
16,cumulative,04-12,7,BUY,1.97,4811.726,2026-04-16 06:14:00,2026-04-16 20:52:39,878.6,-552,sl 4797.923,L1
16,cumulative,04-12,8,SELL,1.02,4788.428,2026-04-16 21:06:00,2026-04-16 23:00:00,114,-1928,,L2
16,cumulative,04-12,9,SELL,2.37,4793.713,2026-04-17 06:02:00,2026-04-17 12:00:38,358.6,2376,sl 4804.963,W1
16,cumulative,04-12,10,BUY,2.78,4804.249,2026-04-17 12:01:00,2026-04-17 12:57:25,56.4,-2777,sl 4794.469,L1
16,cumulative,04-12,11,SELL,1.91,4795.447,2026-04-17 12:59:00,2026-04-17 18:48:29,349.5,-2690,sl 4809.235,L2
16,cumulative,04-12,12,SELL,1.55,4800.772,2026-04-17 18:56:00,2026-04-17 19:25:39,29.6,-2544,sl 4816.862,L3
16,cumulative,04-12,13,BUY,1.23,4820.558,2026-04-17 19:37:00,2026-04-17 20:10:30,33.5,5168,tp 4870.424,W1
16,cumulative,04-12,14,SELL,0.67,4855.539,2026-04-17 20:22:00,2026-04-17 23:00:00,158,-840,,L1
16,cumulative,04-19,1,SELL,0.78,4771.756,2026-04-20 06:17:00,2026-04-20 08:30:39,133.6,-2596,sl 4804.386,L1
16,cumulative,04-19,2,SELL,0.96,4807.813,2026-04-20 09:00:00,2026-04-20 23:00:00,840,731,,W1
16,cumulative,04-19,3,SELL,1.58,4824.381,2026-04-21 06:09:00,2026-04-21 12:52:40,403.7,5382,tp 4783.991,W2
16,cumulative,04-19,4,BUY,1.49,4788.423,2026-04-21 13:11:00,2026-04-21 19:30:39,379.7,-2762,sl 4770.273,L1
16,cumulative,04-19,5,SELL,1.38,4776.184,2026-04-21 19:31:00,2026-04-21 21:47:40,136.7,5671,tp 4727.493,W1
16,cumulative,04-19,6,BUY,0.8,4737.332,2026-04-21 21:58:00,2026-04-21 23:00:00,62,330,,W2
16,cumulative,04-19,7,BUY,1.83,4721.699,2026-04-22 06:02:00,2026-04-22 10:29:37,267.6,6256,tp 4762.993,W3
16,cumulative,04-19,8,SELL,2.6,4759.001,2026-04-22 10:38:00,2026-04-22 12:21:41,103.7,-3331,sl 4771.534,L1
16,cumulative,04-19,9,BUY,2.18,4767.847,2026-04-22 12:39:00,2026-04-22 15:30:03,171,-3071,sl 4754.038,L2
16,cumulative,04-19,10,SELL,2.17,4752.495,2026-04-22 15:37:00,2026-04-22 23:00:00,443,5293,,W1
16,cumulative,04-19,11,SELL,2.81,4726.131,2026-04-23 06:00:00,2026-04-23 07:15:40,75.7,6911,tp 4696.919,W2
16,cumulative,04-19,12,BUY,1.67,4734.364,2026-04-23 07:26:00,2026-04-23 09:08:39,102.6,-3540,sl 4713.586,L1
16,cumulative,04-19,13,BUY,1.33,4717.986,2026-04-23 09:23:00,2026-04-23 12:30:42,187.7,-3347,sl 4693.319,L2
16,cumulative,04-19,14,SELL,2.22,4702.205,2026-04-23 12:43:00,2026-04-23 13:01:20,18.3,-3265,sl 4716.608,L3
16,cumulative,04-19,15,BUY,1.84,4716.675,2026-04-23 13:03:00,2026-04-23 16:02:27,179.5,-3023,sl 4700.599,L4
16,cumulative,04-19,16,BUY,1.51,4701.422,2026-04-23 16:24:00,2026-04-23 23:00:00,396,4549,,W1
16,cumulative,04-19,17,BUY,2.29,4695.421,2026-04-24 06:01:00,2026-04-24 09:28:39,207.6,-3232,sl 4682.158,L1
16,cumulative,04-19,18,BUY,1.4,4689.114,2026-04-24 09:35:00,2026-04-24 10:10:15,35.2,-2931,sl 4668.606,L2
16,cumulative,04-19,19,SELL,1.39,4669.800,2026-04-24 10:13:00,2026-04-24 14:46:28,273.5,-2830,sl 4689.724,L3
16,cumulative,04-19,20,BUY,1.69,4693.333,2026-04-24 15:20:00,2026-04-24 17:31:41,131.7,-2644,sl 4678.035,L4
16,cumulative,04-19,21,SELL,1.68,4677.308,2026-04-24 17:55:00,2026-04-24 18:05:02,10,-2567,sl 4692.247,L5
16,cumulative,04-19,22,BUY,1.05,4707.615,2026-04-24 18:24:00,2026-04-24 23:00:00,276,2035,,W1
16,cumulative,04-26,1,BUY,1.42,4684.052,2026-04-27 06:07:00,2026-04-27 10:43:36,276.6,5246,tp 4727.924,W1
16,cumulative,04-26,2,SELL,2.32,4726.252,2026-04-27 11:26:00,2026-04-27 20:01:32,515.5,5955,tp 4695.753,W2
16,cumulative,04-26,3,BUY,1.66,4697.748,2026-04-27 20:12:00,2026-04-27 21:55:21,103.4,-3055,sl 4679.704,L1
16,cumulative,04-26,4,SELL,1.25,4673.195,2026-04-27 22:03:00,2026-04-27 23:00:00,57,349,,W1
16,cumulative,04-26,5,BUY,3.31,4687.876,2026-04-28 06:01:00,2026-04-28 08:55:41,174.7,-3119,sl 4679.224,L1
16,cumulative,04-26,6,BUY,1.68,4679.224,2026-04-28 09:18:00,2026-04-28 12:03:37,165.6,-2774,sl 4663.113,L2
16,cumulative,04-26,7,BUY,2,4658.035,2026-04-28 12:21:00,2026-04-28 12:30:40,9.7,-2614,sl 4645.232,L3
16,cumulative,04-26,8,SELL,1.58,4644.526,2026-04-28 12:35:00,2026-04-28 17:58:35,323.6,5315,tp 4604.621,W1
16,cumulative,04-26,9,SELL,1.48,4602.824,2026-04-28 18:09:00,2026-04-28 19:01:42,52.7,5960,tp 4554.986,W2
16,cumulative,04-26,10,BUY,1.02,4575.554,2026-04-28 19:12:00,2026-04-28 23:00:00,228,1110,,W3
16,cumulative,04-26,11,SELL,3.68,4591.470,2026-04-29 06:06:00,2026-04-29 07:00:38,54.6,-3232,sl 4600.053,L1
16,cumulative,04-26,12,SELL,2.41,4601.447,2026-04-29 07:21:00,2026-04-29 14:26:42,425.7,6369,tp 4570.036,W1
16,cumulative,04-26,13,SELL,1.7,4570.740,2026-04-29 14:43:00,2026-04-29 20:40:38,357.6,7183,tp 4520.646,W2
16,cumulative,04-26,14,BUY,1.2,4521.039,2026-04-29 20:55:00,2026-04-29 23:00:00,125,3213,,W3
16,cumulative,04-26,15,BUY,3.1,4552.894,2026-04-30 06:02:00,2026-04-30 11:35:15,333.2,2986,sl 4540.875,W4
16,cumulative,04-26,16,SELL,2.66,4542.823,2026-04-30 11:59:00,2026-04-30 12:24:27,25.4,-4045,sl 4557.695,L1
16,cumulative,04-26,17,BUY,2.36,4561.148,2026-04-30 12:33:00,2026-04-30 14:56:39,143.6,7973,tp 4601.253,W1
16,cumulative,04-26,18,BUY,1.81,4627.028,2026-04-30 15:05:00,2026-04-30 23:00:00,475,-2139,,L1
16,cumulative,04-26,19,SELL,3.36,4628.962,2026-05-01 06:04:00,2026-05-01 13:19:15,435.2,8626,tp 4598.468,W1
16,cumulative,04-26,20,SELL,3.09,4594.693,2026-05-01 13:28:00,2026-05-01 20:41:15,433.2,4252,sl 4609.211,W2
16,cumulative,04-26,21,BUY,1.89,4615.118,2026-05-01 20:54:00,2026-05-01 23:00:00,126,6347,,W3
16,cumulative,05-03,1,SELL,2.74,4615.058,2026-05-04 06:11:00,2026-05-04 17:02:31,651.5,10886,tp 4567.859,W1
16,cumulative,05-03,2,BUY,2.08,4557.887,2026-05-04 17:35:00,2026-05-04 22:20:43,285.7,-5583,sl 4531.580,L1
16,cumulative,05-03,3,SELL,1.37,4527.006,2026-05-04 22:49:00,2026-05-04 23:00:00,11,733,,W1
16,cumulative,05-03,4,BUY,4.93,4518.125,2026-05-05 06:03:00,2026-05-05 09:43:30,220.5,10878,tp 4545.028,W2
16,cumulative,05-03,5,BUY,4.12,4546.457,2026-05-05 09:49:00,2026-05-05 10:58:14,69.2,-5909,sl 4532.436,L1
16,cumulative,05-03,6,SELL,5.62,4530.432,2026-05-05 11:21:00,2026-05-05 12:07:23,46.4,-5755,sl 4540.471,L2
16,cumulative,05-03,7,SELL,4.3,4539.340,2026-05-05 12:17:00,2026-05-05 12:42:38,25.6,-5434,sl 4551.685,L3
16,cumulative,05-03,8,BUY,3.08,4546.691,2026-05-05 13:04:00,2026-05-05 23:00:00,596,8683,,W1
16,cumulative,05-03,9,BUY,3.73,4572.961,2026-05-06 06:01:00,2026-05-06 07:41:36,100.6,11646,tp 4610.694,W2
16,cumulative,05-03,10,BUY,3.32,4618.290,2026-05-06 07:59:00,2026-05-06 13:00:57,302,12911,tp 4664.467,W3
16,cumulative,05-03,11,BUY,3.67,4666.596,2026-05-06 13:27:00,2026-05-06 17:41:01,254,14185,tp 4712.558,W4
16,cumulative,05-03,12,SELL,3.18,4712.325,2026-05-06 18:04:00,2026-05-06 23:00:00,296,12242,,W5
16,cumulative,05-03,13,SELL,6.52,4694.255,2026-05-07 06:14:00,2026-05-07 08:11:28,117.5,-8250,sl 4706.656,L1
16,cumulative,05-03,14,SELL,3.48,4704.757,2026-05-07 08:27:00,2026-05-07 13:31:41,304.7,-7749,sl 4726.541,L2
16,cumulative,05-03,15,SELL,3.38,4736.727,2026-05-07 13:55:00,2026-05-07 20:34:13,399.2,-7350,sl 4758.037,L3
16,cumulative,05-03,16,SELL,2.56,4743.628,2026-05-07 20:49:00,2026-05-07 23:00:00,131,3667,,W1
16,cumulative,05-03,17,BUY,2.68,4689.425,2026-05-08 06:04:00,2026-05-08 23:00:00,1016,10504,,W2
16,cumulative,05-10,1,SELL,3.49,4692.135,2026-05-11 06:11:00,2026-05-11 20:06:31,835.5,-540,sl 4713.799,L1
16,cumulative,05-10,2,BUY,2.43,4739.016,2026-05-11 20:39:00,2026-05-11 23:00:00,141,-1670,,L2
16,cumulative,05-10,3,BUY,5.35,4753.767,2026-05-12 06:09:00,2026-05-12 08:26:13,137.2,-7787,sl 4740.061,L3
16,cumulative,05-10,4,SELL,2.62,4730.308,2026-05-12 08:37:00,2026-05-12 22:18:29,821.5,15239,tp 4661.192,W1
16,cumulative,05-10,5,BUY,2.46,4663.101,2026-05-12 22:35:00,2026-05-12 23:00:00,25,701,,W2
16,cumulative,05-10,6,BUY,5.51,4720.443,2026-05-13 06:08:00,2026-05-13 08:17:37,129.6,-8235,sl 4706.404,L1
16,cumulative,05-10,7,SELL,3.65,4704.523,2026-05-13 08:30:00,2026-05-13 23:00:00,870,3228,,W1
16,cumulative,05-10,8,BUY,7.55,4701.896,2026-05-14 06:11:00,2026-05-14 07:03:30,52.5,-8989,sl 4691.976,L1
16,cumulative,05-10,9,BUY,6.15,4697.409,2026-05-14 07:13:00,2026-05-14 08:13:38,60.6,-7204,sl 4685.964,L2
16,cumulative,05-10,10,SELL,2.88,4688.953,2026-05-14 08:40:00,2026-05-14 11:36:39,176.6,-6889,sl 4712.386,L3
16,cumulative,05-10,11,SELL,3.41,4701.046,2026-05-14 12:03:00,2026-05-14 23:00:00,657,5157,,W1
16,cumulative,05-10,12,SELL,5.85,4661.203,2026-05-15 06:10:00,2026-05-15 07:25:38,75.6,14414,tp 4631.882,W2
16,cumulative,05-10,13,BUY,2.58,4626.498,2026-05-15 07:48:00,2026-05-15 12:07:27,259.4,-7456,sl 4598.169,L1
16,cumulative,05-10,14,SELL,3.55,4582.145,2026-05-15 12:21:00,2026-05-15 20:37:38,496.6,15325,tp 4530.847,W1
16,cumulative,05-10,15,BUY,2.28,4534.678,2026-05-15 20:55:00,2026-05-15 23:00:00,125,1162,,W2
16,cumulative,05-17,1,SELL,3.45,4541.927,2026-05-18 06:07:00,2026-05-18 07:44:39,97.6,17431,tp 4481.920,W1
16,cumulative,05-17,2,BUY,2.18,4516.065,2026-05-18 08:00:00,2026-05-18 23:00:00,900,6036,,W2
16,cumulative,05-17,3,BUY,7.52,4582.304,2026-05-19 06:13:00,2026-05-19 07:28:37,75.6,-9596,sl 4570.418,L1
16,cumulative,05-17,4,SELL,4.31,4574.466,2026-05-19 07:36:00,2026-05-19 20:04:39,748.6,18280,tp 4524.032,W1
16,cumulative,05-17,5,SELL,3.82,4517.307,2026-05-19 20:20:00,2026-05-19 23:00:00,160,13525,,W2
16,cumulative,05-17,6,BUY,7.83,4483.629,2026-05-20 06:05:00,2026-05-20 08:30:38,145.6,-1276,sl 4470.798,L1
16,cumulative,05-17,7,BUY,3.05,4483.098,2026-05-20 08:51:00,2026-05-20 23:00:00,849,17629,,W1
16,cumulative,05-17,8,BUY,8.88,4541.722,2026-05-21 06:07:00,2026-05-21 10:53:30,286.5,9205,sl 4529.488,W2
16,cumulative,05-17,9,BUY,7.24,4533.596,2026-05-21 11:06:00,2026-05-21 14:15:34,189.6,-11562,sl 4517.950,L1
16,cumulative,05-17,10,SELL,5.49,4518.925,2026-05-21 14:16:00,2026-05-21 16:13:27,117.4,-11133,sl 4538.771,L2
16,cumulative,05-17,11,SELL,5.41,4535.954,2026-05-21 16:27:00,2026-05-21 23:00:00,393,17719,,W1
16,cumulative,05-17,12,SELL,12.3,4540.371,2026-05-22 06:22:00,2026-05-22 12:56:37,394.6,24158,tp 4517.001,W2
16,cumulative,05-17,13,BUY,6.53,4523.071,2026-05-22 13:25:00,2026-05-22 21:01:15,456.2,-12541,sl 4504.249,L1
16,cumulative,05-17,14,SELL,5.12,4507.407,2026-05-22 21:02:00,2026-05-22 23:00:00,118,-6812,,L2
16,cumulative,05-24,1,BUY,5.56,4567.528,2026-05-25 06:01:00,2026-05-25 23:00:00,1019,1939,,W1
16,cumulative,05-24,2,BUY,11.95,4576.376,2026-05-26 06:10:00,2026-05-26 06:31:21,21.4,-11689,sl 4566.816,L1
16,cumulative,05-24,3,SELL,6.11,4544.848,2026-05-26 07:21:00,2026-05-26 23:00:00,939,21967,,W1
16,cumulative,05-24,4,SELL,6.94,4509.429,2026-05-27 06:13:00,2026-05-27 06:44:40,31.7,-12395,sl 4526.891,L1
16,cumulative,05-24,5,SELL,7.38,4518.969,2026-05-27 06:59:00,2026-05-27 13:31:40,392.7,23968,tp 4480.297,W1
16,cumulative,05-24,6,SELL,6.12,4482.706,2026-05-27 13:32:00,2026-05-27 18:57:38,325.6,27033,tp 4430.128,W2
16,cumulative,05-24,7,SELL,5.27,4430.290,2026-05-27 19:15:00,2026-05-27 19:21:41,6.7,-14291,sl 4456.848,L1
16,cumulative,05-24,8,SELL,4.19,4445.311,2026-05-27 19:48:00,2026-05-27 23:00:00,192,3630,,W1
16,cumulative,05-24,9,SELL,10.38,4451.905,2026-05-28 06:09:00,2026-05-28 08:27:03,138,28993,tp 4418.680,W2
16,cumulative,05-24,10,SELL,6.51,4419.164,2026-05-28 08:43:00,2026-05-28 21:09:42,746.7,14408,sl 4442.134,W3
16,cumulative,05-24,11,SELL,4.15,4457.822,2026-05-28 21:36:00,2026-05-28 23:00:00,84,-10541,,L1
16,cumulative,05-24,12,BUY,15.71,4496.704,2026-05-29 06:18:00,2026-05-29 13:00:42,402.7,32300,tp 4521.795,W1
16,cumulative,05-24,13,BUY,11.23,4520.339,2026-05-29 13:03:00,2026-05-29 21:52:39,529.6,35824,tp 4558.282,W2
16,cumulative,05-24,14,BUY,5.77,4575.707,2026-05-29 22:04:00,2026-05-29 23:00:00,56,-2604,,L1
16,cumulative,05-31,1,BUY,10.5,4542.614,2026-06-01 06:15:00,2026-06-01 08:56:55,161.9,-18633,sl 4525.230,L1
16,cumulative,05-31,2,SELL,8.72,4525.291,2026-06-01 08:58:00,2026-06-01 20:12:41,674.7,37323,tp 4474.362,W1
16,cumulative,05-31,3,SELL,7.11,4478.018,2026-06-01 20:21:00,2026-06-01 23:00:00,159,2558,,W2
16,cumulative,05-31,4,SELL,19.53,4485.338,2026-06-02 06:10:00,2026-06-02 07:32:27,82.4,-20303,sl 4495.507,L1
16,cumulative,05-31,5,SELL,12.31,4486.070,2026-06-02 07:44:00,2026-06-02 11:01:38,197.6,-19057,sl 4501.210,L2
16,cumulative,05-31,6,BUY,10.72,4505.174,2026-06-02 11:12:00,2026-06-02 23:00:00,708,21305,,W1
16,cumulative,05-31,7,BUY,9.06,4472.146,2026-06-03 06:48:00,2026-06-03 15:00:38,492.6,-19309,sl 4451.834,L1
16,cumulative,05-31,8,SELL,9.51,4453.886,2026-06-03 15:20:00,2026-06-03 23:00:00,460,11098,,W1
16,cumulative,05-31,9,BUY,10.31,4449.712,2026-06-04 06:25:00,2026-06-04 18:46:19,741.3,37086,tp 4494.503,W2
16,cumulative,05-31,10,BUY,10.94,4497.154,2026-06-04 18:47:00,2026-06-04 21:38:38,171.6,-20268,sl 4479.005,L1
16,cumulative,05-31,11,BUY,6.76,4470.488,2026-06-04 22:05:00,2026-06-04 23:00:00,55,4580,,W1
16,cumulative,05-31,12,SELL,14.64,4468.521,2026-06-05 06:21:00,2026-06-05 13:15:38,414.6,41994,tp 4434.399,W2
16,cumulative,05-31,13,SELL,12.75,4432.389,2026-06-05 13:17:00,2026-06-05 13:36:31,19.5,-22012,sl 4449.275,L1
16,cumulative,05-31,14,BUY,10.08,4454.844,2026-06-05 13:49:00,2026-06-05 19:50:41,361.7,-20504,sl 4434.934,L2
16,cumulative,05-31,15,SELL,8.3,4437.270,2026-06-05 19:51:00,2026-06-05 20:56:42,65.7,41712,tp 4377.515,W1
16,cumulative,05-31,16,SELL,5.11,4379.138,2026-06-05 20:57:00,2026-06-05 23:00:00,123,22149,,W2
16,cumulative,06-07,1,BUY,8.12,4326.678,2026-06-08 06:11:00,2026-06-08 12:34:18,383.3,-22699,sl 4299.316,L1
16,cumulative,06-07,2,SELL,8.56,4288.029,2026-06-08 12:46:00,2026-06-08 14:24:29,98.5,-21753,sl 4312.943,L2
16,cumulative,06-07,3,SELL,7.68,4306.458,2026-06-08 14:38:00,2026-06-08 18:32:40,234.7,-20631,sl 4332.791,L3
16,cumulative,06-07,4,BUY,7.19,4327.186,2026-06-08 18:53:00,2026-06-08 23:00:00,247,10341,,W1
16,cumulative,06-07,5,SELL,21.7,4326.407,2026-06-09 06:06:00,2026-06-09 08:28:42,142.7,-20569,sl 4335.673,L1
16,cumulative,06-07,6,BUY,8.93,4334.786,2026-06-09 08:56:00,2026-06-09 21:17:21,741.4,-18836,sl 4314.120,L2
16,cumulative,06-07,7,BUY,5.69,4322.764,2026-06-09 21:26:00,2026-06-09 21:44:32,18.5,-17884,sl 4291.953,L3
16,cumulative,06-07,8,SELL,4.49,4286.869,2026-06-09 22:24:00,2026-06-09 23:00:00,36,6416,,W1
16,cumulative,06-07,9,BUY,9.86,4245.999,2026-06-10 06:04:00,2026-06-10 06:18:02,14,-17309,sl 4228.815,L1
16,cumulative,06-07,10,SELL,7.84,4225.198,2026-06-10 06:26:00,2026-06-10 15:03:27,517.4,34809,tp 4172.374,W1
16,cumulative,06-07,11,SELL,8.19,4166.694,2026-06-10 15:04:00,2026-06-10 22:48:42,464.7,39121,tp 4109.872,W2
16,cumulative,06-07,12,SELL,4.89,4118.017,2026-06-10 22:50:00,2026-06-10 23:00:00,10,-5433,,L1
16,cumulative,06-07,13,SELL,6.71,4043.730,2026-06-11 06:09:00,2026-06-11 07:33:32,84.5,-20071,sl 4073.040,L2
16,cumulative,06-07,14,BUY,4.05,4072.927,2026-06-11 07:43:00,2026-06-11 23:00:00,917,6402,,W1
16,cumulative,06-07,15,SELL,7.12,4221.594,2026-06-12 06:23:00,2026-06-12 23:00:00,997,16111,,W2
16,cumulative,06-14,1,SELL,6.4,4285.495,2026-06-15 06:00:00,2026-06-15 08:38:13,158.2,-20202,sl 4316.419,L1
16,cumulative,06-14,2,BUY,6.74,4321.471,2026-06-15 09:03:00,2026-06-15 23:00:00,837,23506,,W1
16,cumulative,06-14,3,BUY,15.51,4315.433,2026-06-16 06:05:00,2026-06-16 16:09:40,604.7,41859,tp 4348.188,W2
16,cumulative,06-14,4,SELL,15.47,4343.455,2026-06-16 16:19:00,2026-06-16 23:00:00,401,31978,,W3
16,cumulative,06-14,5,SELL,25.65,4334.145,2026-06-17 06:03:00,2026-06-17 08:03:42,120.7,-24761,sl 4343.584,L1
16,cumulative,06-14,6,SELL,14.72,4345.699,2026-06-17 08:17:00,2026-06-17 21:24:40,787.7,-1772,sl 4361.094,L2
16,cumulative,06-14,7,SELL,10.11,4352.288,2026-06-17 21:38:00,2026-06-17 23:00:00,82,-11684,,L3
16,cumulative,06-14,8,SELL,11.97,4265.238,2026-06-18 06:01:00,2026-06-18 06:23:14,22.2,-22337,sl 4283.522,L4
16,cumulative,06-14,9,BUY,11.33,4281.536,2026-06-18 06:24:00,2026-06-18 08:03:43,99.7,42169,tp 4327.860,W1
16,cumulative,06-14,10,BUY,8.12,4326.734,2026-06-18 08:14:00,2026-06-18 13:07:38,293.6,-23042,sl 4298.935,L1
16,cumulative,06-14,11,SELL,12,4298.421,2026-06-18 13:08:00,2026-06-18 18:01:29,293.5,46793,tp 4252.039,W1
16,cumulative,06-14,12,SELL,12.98,4243.278,2026-06-18 18:11:00,2026-06-18 19:20:28,69.5,-24595,sl 4261.844,L1
16,cumulative,06-14,13,SELL,9.82,4254.715,2026-06-18 19:28:00,2026-06-18 23:00:00,212,27253,,W1
16,cumulative,06-14,14,SELL,17.37,4195.907,2026-06-19 06:17:00,2026-06-19 10:42:35,265.6,53094,tp 4159.571,W2
16,cumulative,06-14,15,SELL,16.99,4158.637,2026-06-19 10:43:00,2026-06-19 15:23:30,280.5,25768,sl 4174.521,W3
16,cumulative,06-14,16,SELL,15.64,4167.547,2026-06-19 15:41:00,2026-06-19 23:00:00,439,25607,,W4
16,cumulative,06-21,1,SELL,17.73,4155.852,2026-06-22 06:16:00,2026-06-22 07:36:13,80.2,-30163,sl 4172.529,L1
16,cumulative,06-21,2,BUY,10.67,4175.154,2026-06-22 07:44:00,2026-06-22 23:00:00,916,7984,,W1
16,cumulative,06-21,3,BUY,34.07,4192.528,2026-06-23 06:03:00,2026-06-23 07:08:26,65.4,-30572,sl 4184.308,L1
16,cumulative,06-21,4,BUY,20.41,4185.239,2026-06-23 07:33:00,2026-06-23 08:19:42,46.7,-27062,sl 4172.263,L2
16,cumulative,06-21,5,SELL,11.68,4169.365,2026-06-23 08:35:00,2026-06-23 13:10:30,275.5,55400,tp 4112.976,W1
16,cumulative,06-21,6,BUY,9.71,4122.923,2026-06-23 13:19:00,2026-06-23 15:02:41,103.7,-28462,sl 4094.205,L1
16,cumulative,06-21,7,BUY,10.91,4099.626,2026-06-23 15:23:00,2026-06-23 23:00:00,457,44488,,W1
16,cumulative,06-21,8,SELL,18.72,4102.420,2026-06-24 06:02:00,2026-06-24 09:38:39,216.6,62418,tp 4062.751,W2
16,cumulative,06-21,9,SELL,11.23,4062.820,2026-06-24 09:39:00,2026-06-24 13:08:14,209.2,-32742,sl 4091.394,L1
16,cumulative,06-21,10,SELL,13.22,4086.535,2026-06-24 13:19:00,2026-06-24 19:25:10,366.2,66134,tp 4027.056,W1
16,cumulative,06-21,11,SELL,11.21,4008.968,2026-06-24 19:26:00,2026-06-24 20:57:38,91.6,-34329,sl 4038.991,L1
16,cumulative,06-21,12,SELL,5.94,4016.824,2026-06-24 21:16:00,2026-06-24 23:00:00,104,8327,,W1
16,cumulative,06-21,13,SELL,21.73,3992.144,2026-06-25 06:09:00,2026-06-25 06:34:32,25.5,-33511,sl 4007.213,L1
16,cumulative,06-21,14,BUY,16.46,4013.933,2026-06-25 07:07:00,2026-06-25 07:27:41,20.7,-31136,sl 3995.402,L2
16,cumulative,06-21,15,SELL,12.3,3979.872,2026-06-25 07:49:00,2026-06-25 08:02:38,13.6,-29886,sl 4003.669,L3
16,cumulative,06-21,16,BUY,8.69,3999.343,2026-06-25 08:21:00,2026-06-25 09:08:29,47.5,-28009,sl 3967.762,L4
16,cumulative,06-21,17,BUY,7.12,3975.613,2026-06-25 09:19:00,2026-06-25 23:00:00,821,46600,,W1
16,cumulative,06-21,18,SELL,18.33,4022.902,2026-06-26 06:10:00,2026-06-26 09:55:43,225.7,61111,tp 3983.209,W2
16,cumulative,06-21,19,SELL,14.16,3983.990,2026-06-26 09:56:00,2026-06-26 10:55:40,59.7,-32448,sl 4006.439,L1
16,cumulative,06-21,20,SELL,14.56,3999.952,2026-06-26 11:07:00,2026-06-26 12:30:13,83.2,-30790,sl 4020.677,L2
16,cumulative,06-21,21,SELL,16.16,4007.816,2026-06-26 12:47:00,2026-06-26 13:32:29,45.5,-29254,sl 4025.554,L3
16,cumulative,06-21,22,BUY,12.07,4025.860,2026-06-26 13:49:00,2026-06-26 21:12:40,443.7,59066,tp 4084.016,W1
16,cumulative,06-21,23,SELL,9,4083.591,2026-06-26 21:33:00,2026-06-26 23:00:00,87,-6519,,L1
16,cumulative,06-28,1,SELL,11.32,4063.021,2026-06-29 06:16:00,2026-06-29 23:00:00,1004,52637,,W1
16,cumulative,06-28,2,BUY,27.96,4019.114,2026-06-30 06:06:00,2026-06-30 07:03:41,57.7,-34392,sl 4007.641,L1
16,cumulative,06-28,3,SELL,21.26,4005.803,2026-06-30 07:20:00,2026-06-30 08:06:32,46.5,66897,tp 3968.381,W1
16,cumulative,06-28,4,SELL,14.06,3945.162,2026-06-30 08:08:00,2026-06-30 08:10:17,2.3,-34737,sl 3969.378,L1
16,cumulative,06-28,5,BUY,10.16,3973.824,2026-06-30 08:21:00,2026-06-30 21:23:21,782.4,69682,tp 4055.359,W1
16,cumulative,06-28,6,SELL,11.42,4051.742,2026-06-30 21:37:00,2026-06-30 23:00:00,83,25093,,W2
16,cumulative,06-28,7,BUY,31.15,4018.288,2026-07-01 06:08:00,2026-07-01 06:46:40,38.7,-37546,sl 4006.503,L1
16,cumulative,06-28,8,SELL,30.77,4007.546,2026-07-01 06:50:00,2026-07-01 08:17:31,87.5,76876,tp 3977.840,W1
16,cumulative,06-28,9,BUY,20.19,3984.183,2026-07-01 08:23:00,2026-07-01 13:07:39,284.7,-39460,sl 3965.026,L1
16,cumulative,06-28,10,BUY,20.91,3968.288,2026-07-01 13:21:00,2026-07-01 18:10:40,289.7,79121,tp 4013.301,W1
16,cumulative,06-28,11,BUY,25.05,4022.959,2026-07-01 18:20:00,2026-07-01 20:38:39,138.6,88282,tp 4064.875,W2
16,cumulative,06-28,12,BUY,10.46,4094.460,2026-07-01 21:10:00,2026-07-01 23:00:00,110,-14104,,L1
16,cumulative,06-28,13,BUY,36.71,4045.142,2026-07-02 06:00:00,2026-07-02 07:00:38,60.6,-51741,sl 4033.056,L2
16,cumulative,06-28,14,SELL,37.97,4033.400,2026-07-02 07:02:00,2026-07-02 07:12:37,10.6,-43687,sl 4044.642,L3
16,cumulative,06-28,15,BUY,27.05,4043.591,2026-07-02 07:24:00,2026-07-02 19:30:20,726.3,85356,tp 4081.067,W1
16,cumulative,06-28,16,BUY,14.96,4133.640,2026-07-02 19:38:00,2026-07-02 23:00:00,202,-7897,,L1
16,cumulative,06-28,17,BUY,46.97,4125.402,2026-07-03 06:05:00,2026-07-03 07:51:42,106.7,86198,tp 4147.950,W1
16,cumulative,06-28,18,BUY,18.03,4179.777,2026-07-03 08:20:00,2026-07-03 23:00:00,880,-27387,,L1
16,cumulative,07-05,1,BUY,27,4188.541,2026-07-06 06:00:00,2026-07-06 07:01:41,61.7,-47380,sl 4171.353,L1
16,cumulative,07-05,2,SELL,21.52,4173.958,2026-07-06 07:02:00,2026-07-06 08:34:33,92.6,-45450,sl 4194.659,L2
16,cumulative,07-05,3,SELL,14.58,4187.607,2026-07-06 08:59:00,2026-07-06 23:00:00,841,63947,,W1
16,cumulative,07-05,4,SELL,63.13,4163.221,2026-07-07 06:09:00,2026-07-07 08:00:28,111.5,100437,tp 4144.297,W2
16,cumulative,07-05,5,SELL,31.66,4145.168,2026-07-07 08:01:00,2026-07-07 19:06:30,665.5,-51782,sl 4161.194,L1
16,cumulative,07-05,6,SELL,25.66,4166.347,2026-07-07 19:23:00,2026-07-07 23:00:00,217,69754,,W1
16,cumulative,07-05,7,BUY,33.84,4105.690,2026-07-08 06:08:00,2026-07-08 15:17:40,549.7,-4952,sl 4090.654,L1
16,cumulative,07-05,8,SELL,22.01,4087.908,2026-07-08 15:26:00,2026-07-08 22:24:40,418.7,112736,tp 4027.038,W1
16,cumulative,07-05,9,BUY,18.07,4031.127,2026-07-08 22:39:00,2026-07-08 23:00:00,21,5432,,W2
16,cumulative,07-05,10,BUY,47.98,4077.228,2026-07-09 06:15:00,2026-07-09 08:04:42,109.7,-66064,sl 4065.442,L1
16,cumulative,07-05,11,BUY,25.27,4075.497,2026-07-09 08:12:00,2026-07-09 10:18:41,126.7,-54451,sl 4054.431,L2
16,cumulative,07-05,12,SELL,31.09,4055.857,2026-07-09 10:19:00,2026-07-09 12:11:30,112.5,-52366,sl 4072.346,L3
16,cumulative,07-05,13,SELL,32.69,4067.391,2026-07-09 12:21:00,2026-07-09 12:51:38,30.6,-49672,sl 4082.285,L4
16,cumulative,07-05,14,BUY,21.49,4094.154,2026-07-09 13:16:00,2026-07-09 23:00:00,584,74788,,W1
16,cumulative,07-05,15,SELL,61.88,4121.379,2026-07-10 06:32:00,2026-07-10 08:00:32,88.5,-51712,sl 4129.564,L1
16,cumulative,07-05,16,SELL,30.93,4120.214,2026-07-10 08:07:00,2026-07-10 21:33:03,806.1,102678,tp 4080.732,W1
16,cumulative,07-05,17,SELL,19.65,4087.976,2026-07-10 21:34:00,2026-07-10 23:00:00,86,-50502,,L1
16,cumulative,07-12,1,SELL,22.98,4072.807,2026-07-13 06:01:00,2026-07-13 21:16:39,915.6,108701,tp 4016.572,W1
16,cumulative,07-12,2,SELL,20.53,4013.434,2026-07-13 21:17:00,2026-07-13 23:00:00,103,-5560,,L1
16,cumulative,07-12,3,SELL,57.67,4000.226,2026-07-14 06:15:00,2026-07-14 08:58:30,163.5,-56965,sl 4009.888,L2
16,cumulative,07-12,4,BUY,22.55,4012.022,2026-07-14 09:10:00,2026-07-14 19:30:37,620.6,111028,tp 4070.462,W1
16,cumulative,07-12,5,BUY,25.92,4088.684,2026-07-14 19:31:00,2026-07-14 22:42:42,191.7,-58220,sl 4066.683,L1
16,cumulative,07-12,6,SELL,20.37,4068.872,2026-07-14 22:53:00,2026-07-14 23:00:00,7,4447,,W1
16,cumulative,07-12,7,SELL,61.8,4047.455,2026-07-15 06:13:00,2026-07-15 06:35:40,22.7,-56966,sl 4056.489,L1
16,cumulative,07-12,8,BUY,55.09,4055.142,2026-07-15 06:45:00,2026-07-15 08:35:39,110.6,-55744,sl 4045.792,L2
16,cumulative,07-12,9,SELL,26.59,4035.824,2026-07-15 09:01:00,2026-07-15 19:33:14,632.2,-50346,sl 4054.382,L3
16,cumulative,07-12,10,BUY,25.71,4062.588,2026-07-15 19:48:00,2026-07-15 22:14:38,146.6,-47193,sl 4044.623,L4
16,cumulative,07-12,11,BUY,22.53,4047.939,2026-07-15 22:29:00,2026-07-15 23:00:00,31,-2454,,L5
16,cumulative,07-12,12,BUY,47.52,4061.085,2026-07-16 06:08:00,2026-07-16 07:55:39,107.6,-52950,sl 4051.886,L6
16,cumulative,07-12,13,SELL,23.93,4036.102,2026-07-16 08:29:00,2026-07-16 19:58:05,689.1,89818,tp 3991.465,W1
16,cumulative,07-12,14,SELL,14.49,3994.376,2026-07-16 19:59:00,2026-07-16 23:00:00,181,-18844,,L1
16,cumulative,07-12,15,BUY,48.58,3979.067,2026-07-17 06:09:00,2026-07-17 10:19:40,250.7,92565,tp 4002.412,W1
16,cumulative,07-12,16,SELL,26.12,3999.383,2026-07-17 10:32:00,2026-07-17 22:47:41,735.7,-3268,sl 4018.472,L1
16,cumulative,07-19,1,SELL,31.83,3994.967,2026-07-20 06:00:00,2026-07-20 08:00:32,120.5,-50872,sl 4010.627,L1
16,cumulative,07-19,2,BUY,22.09,4009.261,2026-07-20 08:01:00,2026-07-20 23:00:00,899,5651,,W1
16,cumulative,07-19,3,BUY,42.8,4004.576,2026-07-21 06:04:00,2026-07-21 08:19:29,135.5,97033,tp 4032.236,W2
16,cumulative,07-19,4,SELL,25.94,4025.752,2026-07-21 08:39:00,2026-07-21 10:26:30,107.5,-53449,sl 4045.913,L1
16,cumulative,07-19,5,BUY,29.01,4047.712,2026-07-21 10:27:00,2026-07-21 23:00:00,753,89257,,W1
16,cumulative,07-19,6,BUY,58.79,4081.569,2026-07-22 06:16:00,2026-07-22 08:00:32,104.5,110604,tp 4104.643,W2
16,cumulative,07-19,7,BUY,33.51,4107.913,2026-07-22 08:01:00,2026-07-22 20:59:27,778.4,128572,tp 4153.531,W3
16,cumulative,07-19,8,BUY,27.59,4155.818,2026-07-22 21:01:00,2026-07-22 23:00:00,119,9279,,W4
16,cumulative,07-19,9,SELL,36.21,4120.095,2026-07-23 06:02:00,2026-07-23 08:00:41,118.7,-68133,sl 4138.532,L1
16,cumulative,07-19,10,BUY,40.84,4137.683,2026-07-23 08:01:00,2026-07-23 08:44:38,43.6,-63818,sl 4122.386,L2
16,cumulative,07-19,11,SELL,29.74,4118.350,2026-07-23 08:54:00,2026-07-23 19:37:29,643.5,129927,tp 4066.403,W1
16,cumulative,07-19,12,SELL,30.16,4063.566,2026-07-23 19:49:00,2026-07-23 23:00:00,191,44263,,W2
16,cumulative,07-19,13,SELL,117.07,4049.032,2026-07-24 06:06:00,2026-07-24 09:48:27,222.4,144045,tp 4034.373,W3
16,cumulative,07-19,14,BUY,47.11,4027.679,2026-07-24 10:07:00,2026-07-24 20:59:42,652.7,161745,tp 4068.522,W4
16,cumulative,07-19,15,SELL,40.27,4057.176,2026-07-24 21:19:00,2026-07-24 22:15:39,56.6,-85971,sl 4078.097,L1
16,cumulative,07-19,16,BUY,37.05,4077.921,2026-07-24 22:40:00,2026-07-24 23:00:00,20,-1338,,L2
16,cumulative,07-26,1,SELL,48.42,4087.706,2026-07-27 06:04:00,2026-07-27 07:02:16,58.3,-81797,sl 4104.265,L1
16,cumulative,07-26,2,BUY,60.75,4103.112,2026-07-27 07:03:00,2026-07-27 07:27:42,24.7,-76397,sl 4090.795,L2
16,cumulative,07-26,3,BUY,36.05,4109.569,2026-07-27 07:51:00,2026-07-27 10:10:38,139.6,-72461,sl 4089.869,L3
16,cumulative,07-26,4,SELL,50.02,4091.637,2026-07-27 10:12:00,2026-07-27 14:21:40,249.7,-70076,sl 4105.350,L4
16,cumulative,07-26,5,SELL,49.41,4102.832,2026-07-27 14:32:00,2026-07-27 21:28:30,416.5,139237,tp 4069.317,W1
16,cumulative,07-26,6,BUY,29.27,4071.996,2026-07-27 21:48:00,2026-07-27 23:00:00,72,19075,,W2
16,cumulative,07-26,7,SELL,92.22,4072.658,2026-07-28 06:03:00,2026-07-28 08:20:40,137.7,155507,tp 4052.585,W3
16,cumulative,07-26,8,SELL,45.77,4052.045,2026-07-28 08:21:00,2026-07-28 23:00:00,879,113323,,W4
16,cumulative,07-26,9,BUY,78.02,4019.170,2026-07-29 06:09:00,2026-07-29 14:21:40,492.7,177198,tp 4046.885,W5
16,cumulative,07-26,10,BUY,80.57,4047.229,2026-07-29 14:23:00,2026-07-29 16:14:12,111.2,-96062,sl 4035.549,L1
16,cumulative,07-26,11,SELL,93.07,4036.333,2026-07-29 16:15:00,2026-07-29 19:30:04,195.1,196903,tp 4011.182,W1
16,cumulative,07-26,12,SELL,60.54,4017.965,2026-07-29 20:06:00,2026-07-29 23:00:00,174,48365,,W2
16,cumulative,07-26,13,BUY,58.53,4097.928,2026-07-30 06:08:00,2026-07-30 07:03:40,55.7,-113808,sl 4080.577,L1
16,cumulative,07-26,14,SELL,56.28,4076.758,2026-07-30 07:21:00,2026-07-30 12:38:28,317.5,211627,tp 4032.047,W1
16,cumulative,07-26,15,BUY,50.52,4037.580,2026-07-30 13:04:00,2026-07-30 20:37:39,453.6,228196,tp 4091.333,W2
16,cumulative,07-26,16,BUY,41.24,4094.097,2026-07-30 20:38:00,2026-07-30 23:00:00,142,57109,,W3
16,cumulative,07-26,17,SELL,123.96,4109.448,2026-07-31 06:10:00,2026-07-31 08:39:28,149.5,254586,tp 4084.969,W4
16,cumulative,07-26,18,BUY,76.1,4086.546,2026-07-31 08:59:00,2026-07-31 14:34:39,335.7,-136281,sl 4069.011,L1
16,cumulative,07-26,19,SELL,93.58,4071.094,2026-07-31 14:57:00,2026-07-31 20:05:41,308.7,276225,tp 4036.003,W1
16,cumulative,07-26,20,SELL,80.19,4036.130,2026-07-31 20:15:00,2026-07-31 23:00:00,165,-78702,,L1
16,cumulative,08-02,1,SELL,71.19,4063.798,2026-08-03 06:02:00,2026-08-03 23:00:00,1018,244896,,W1
16,cumulative,08-02,2,SELL,186.88,4051.209,2026-08-04 06:11:00,2026-08-04 07:01:28,50.5,-156402,sl 4059.409,L1
16,cumulative,08-02,3,SELL,135.85,4062.940,2026-08-04 07:20:00,2026-08-04 18:47:40,687.7,-7828,sl 4073.554,L2
16,cumulative,08-02,4,BUY,85.95,4077.159,2026-08-04 18:49:00,2026-08-04 23:00:00,251,87265,,W1
16,cumulative,08-02,5,SELL,128.32,4069.941,2026-08-05 06:23:00,2026-08-05 07:35:31,72.5,-151082,sl 4081.473,L1
16,cumulative,08-02,6,SELL,124.64,4078.391,2026-08-05 07:47:00,2026-08-05 08:38:39,51.6,-143635,sl 4089.651,L2
16,cumulative,08-02,7,BUY,83,4089.948,2026-08-05 08:40:00,2026-08-05 09:46:13,66.2,282586,tp 4130.424,W1
16,cumulative,08-02,8,SELL,69.04,4128.555,2026-08-05 10:03:00,2026-08-05 12:37:16,154.3,-148933,sl 4149.696,L1
16,cumulative,08-02,9,BUY,63.98,4171.179,2026-08-05 13:11:00,2026-08-05 21:08:39,477.6,296105,tp 4226.235,W1
16,cumulative,08-02,10,BUY,46.9,4243.652,2026-08-05 21:45:00,2026-08-05 23:00:00,75,-51081,,L1
16,cumulative,08-02,11,BUY,134.08,4258.808,2026-08-06 06:16:00,2026-08-06 07:35:01,79,314164,tp 4287.322,W1
16,cumulative,08-02,12,BUY,56.66,4291.350,2026-08-06 07:48:00,2026-08-06 10:25:38,157.6,-168184,sl 4262.261,L1
16,cumulative,08-02,13,SELL,73.19,4261.493,2026-08-06 10:47:00,2026-08-06 16:02:35,315.6,-161797,sl 4283.102,L2
16,cumulative,08-02,14,BUY,79.54,4282.279,2026-08-06 16:17:00,2026-08-06 18:22:31,125.5,-151707,sl 4263.633,L3
16,cumulative,08-02,15,SELL,103.93,4263.697,2026-08-06 18:23:00,2026-08-06 23:00:00,277,294425,,W1
16,cumulative,08-02,16,BUY,165.05,4245.573,2026-08-07 06:15:00,2026-08-07 07:38:40,83.7,-168103,sl 4236.154,L1
16,cumulative,08-02,17,SELL,105.26,4235.724,2026-08-07 07:40:00,2026-08-07 08:21:39,41.6,-152813,sl 4249.933,L2
16,cumulative,08-02,18,BUY,63.31,4243.027,2026-08-07 08:37:00,2026-08-07 15:13:41,396.7,304085,tp 4300.141,W1
16,cumulative,08-02,19,SELL,97.93,4294.129,2026-08-07 15:24:00,2026-08-07 15:33:39,9.6,-160281,sl 4310.156,L1
16,cumulative,08-02,20,BUY,77.07,4309.552,2026-08-07 15:43:00,2026-08-07 19:31:39,228.6,319864,tp 4358.750,W1
16,cumulative,08-02,21,BUY,60.43,4354.942,2026-08-07 19:33:00,2026-08-07 21:12:15,99.2,-166054,sl 4328.036,L1
16,cumulative,08-02,22,BUY,40.13,4346.000,2026-08-07 21:19:00,2026-08-07 23:00:00,101,-19803,,L2
16,cumulative,08-09,1,SELL,102.87,4341.637,2026-08-10 06:00:00,2026-08-10 13:46:37,466.6,-11751,sl 4356.799,L1
16,cumulative,08-09,2,BUY,83.61,4357.647,2026-08-10 13:56:00,2026-08-10 17:03:04,187.1,-156041,sl 4339.383,L2
16,cumulative,08-09,3,BUY,115.01,4344.057,2026-08-10 17:23:00,2026-08-10 18:13:29,50.5,-147999,sl 4331.458,L3
16,cumulative,08-09,4,SELL,109.97,4332.923,2026-08-10 18:50:00,2026-08-10 21:26:39,156.6,-143173,sl 4345.687,L4
16,cumulative,08-09,5,SELL,56.32,4344.574,2026-08-10 21:52:00,2026-08-10 23:00:00,68,-80517,,L5
16,cumulative,08-09,6,SELL,128.49,4394.994,2026-08-11 06:20:00,2026-08-11 07:04:42,44.7,-132357,sl 4405.085,L6
16,cumulative,08-09,7,BUY,102.33,4404.262,2026-08-11 07:08:00,2026-08-11 08:55:15,107.2,255904,tp 4434.005,W1
16,cumulative,08-09,8,BUY,53.34,4433.868,2026-08-11 09:15:00,2026-08-11 09:54:15,39.2,-135272,sl 4409.031,L1
16,cumulative,08-09,9,BUY,62.42,4417.339,2026-08-11 10:21:00,2026-08-11 12:20:29,119.5,-128343,sl 4397.196,L2
16,cumulative,08-09,10,SELL,55.25,4374.641,2026-08-11 12:43:00,2026-08-11 19:13:28,390.5,-123339,sl 4396.496,L3
16,cumulative,08-09,11,BUY,60.2,4398.421,2026-08-11 19:22:00,2026-08-11 22:34:37,192.6,-115556,sl 4379.625,L4
16,cumulative,08-09,12,SELL,50.23,4377.839,2026-08-11 22:37:00,2026-08-11 23:00:00,23,-31678,,L5
16,cumulative,08-09,13,SELL,106.8,4368.734,2026-08-12 06:01:00,2026-08-12 07:14:38,73.6,-111017,sl 4378.900,L6
16,cumulative,08-09,14,BUY,65.55,4380.749,2026-08-12 07:31:00,2026-08-12 16:23:31,532.5,215722,tp 4419.894,W1
16,cumulative,08-09,15,BUY,81.19,4419.585,2026-08-12 16:26:00,2026-08-12 19:22:38,176.6,-113463,sl 4405.910,L1
16,cumulative,08-09,16,BUY,69.54,4427.400,2026-08-12 19:30:00,2026-08-12 19:30:28,0.5,-108106,sl 4412.250,L2
16,cumulative,08-09,17,BUY,44.11,4417.613,2026-08-12 19:33:00,2026-08-12 23:00:00,207,14270,,W1
16,cumulative,08-09,18,BUY,114.43,4408.043,2026-08-13 06:21:00,2026-08-13 07:20:28,59.5,193587,tp 4430.192,W2
16,cumulative,08-09,19,SELL,57.95,4431.223,2026-08-13 07:52:00,2026-08-13 12:59:40,307.7,243420,tp 4381.279,W3
16,cumulative,08-09,20,SELL,62.29,4378.094,2026-08-13 13:05:00,2026-08-13 19:30:04,385.1,-127516,sl 4398.021,L1
16,cumulative,08-09,21,BUY,73.1,4389.888,2026-08-13 19:31:00,2026-08-13 20:51:38,80.6,-118643,sl 4374.002,L2
16,cumulative,08-09,22,SELL,36.36,4372.450,2026-08-13 20:53:00,2026-08-13 23:00:00,127,26096,,W1
16,cumulative,08-09,23,SELL,103.58,4353.618,2026-08-14 06:02:00,2026-08-14 08:10:59,129,252789,tp 4324.630,W2
16,cumulative,08-09,24,BUY,47.8,4319.180,2026-08-14 08:41:00,2026-08-14 19:31:38,650.6,266921,tp 4385.620,W3
16,cumulative,08-09,25,SELL,83.15,4377.200,2026-08-14 19:39:00,2026-08-14 20:36:40,57.7,-142460,sl 4393.994,L1
16,cumulative,08-09,26,SELL,60.23,4386.686,2026-08-14 20:50:00,2026-08-14 23:00:00,130,-32628,,L2
16,cumulative,08-16,1,SELL,105.18,4374.519,2026-08-17 06:29:00,2026-08-17 07:18:03,49.1,-134244,sl 4387.019,L1
16,cumulative,08-16,2,BUY,73.97,4391.449,2026-08-17 07:31:00,2026-08-17 23:00:00,929,251871,,W1
16,cumulative,08-16,3,BUY,153.68,4417.835,2026-08-18 06:17:00,2026-08-18 08:47:28,150.5,-16245,sl 4409.075,L1
16,cumulative,08-16,4,SELL,71.02,4402.704,2026-08-18 09:04:00,2026-08-18 22:20:40,796.7,294453,tp 4353.390,W1
16,cumulative,08-16,5,BUY,45.73,4357.166,2026-08-18 22:33:00,2026-08-18 23:00:00,27,35752,,W2
16,cumulative,08-16,6,BUY,110.72,4335.932,2026-08-19 06:04:00,2026-08-19 18:01:39,717.6,317777,tp 4370.746,W3
16,cumulative,08-16,7,BUY,156.8,4369.976,2026-08-19 18:02:00,2026-08-19 19:36:43,94.7,351507,tp 4396.666,W4
16,cumulative,08-16,8,BUY,63.76,4437.931,2026-08-19 19:57:00,2026-08-19 23:00:00,183,359696,,W5
16,cumulative,08-16,9,BUY,153.31,4523.585,2026-08-20 06:07:00,2026-08-20 07:00:14,53.2,-232581,sl 4510.425,L1
16,cumulative,08-16,10,BUY,140.42,4516.867,2026-08-20 07:04:00,2026-08-20 08:01:30,57.5,-194289,sl 4503.326,L2
16,cumulative,08-16,11,SELL,91.01,4493.249,2026-08-20 08:05:00,2026-08-20 21:57:21,832.4,178036,sl 4513.334,W1
16,cumulative,08-16,12,SELL,54.89,4523.948,2026-08-20 22:35:00,2026-08-20 23:00:00,25,10501,,W2
16,cumulative,08-16,13,BUY,194.46,4529.494,2026-08-21 06:04:00,2026-08-21 07:12:40,68.7,-205021,sl 4519.731,L1
16,cumulative,08-16,14,SELL,111.62,4516.046,2026-08-21 07:32:00,2026-08-21 08:31:29,59.5,-186160,sl 4532.395,L2
16,cumulative,08-16,15,BUY,87.09,4532.356,2026-08-21 08:32:00,2026-08-21 15:42:38,430.6,375700,tp 4583.601,W1
16,cumulative,08-16,16,BUY,102.95,4584.178,2026-08-21 16:00:00,2026-08-21 19:39:32,219.5,-193259,sl 4565.812,L1
16,cumulative,08-16,17,BUY,72.83,4577.774,2026-08-21 19:48:00,2026-08-21 23:00:00,192,267104,,W1
16,cumulative,08-23,1,BUY,106.04,4613.126,2026-08-24 06:23:00,2026-08-24 07:27:13,64.2,-196636,sl 4594.948,L1
16,cumulative,08-23,2,BUY,61.9,4614.250,2026-08-24 07:51:00,2026-08-24 23:00:00,909,312744,,W1
16,cumulative,08-23,3,BUY,187.06,4675.922,2026-08-25 06:17:00,2026-08-25 08:26:42,129.7,-25533,sl 4665.306,L1
16,cumulative,08-23,4,SELL,65.88,4670.222,2026-08-25 08:48:00,2026-08-25 23:00:00,852,295059,,W1
16,cumulative,08-23,5,SELL,200,4670.988,2026-08-26 06:04:00,2026-08-26 07:23:38,79.6,424488,tp 4645.764,W2
16,cumulative,08-23,6,SELL,153.18,4642.271,2026-08-26 07:37:00,2026-08-26 08:57:37,80.6,-242631,sl 4657.760,L1
16,cumulative,08-23,7,SELL,101.11,4659.039,2026-08-26 09:25:00,2026-08-26 20:16:27,651.4,488101,tp 4601.645,W1
16,cumulative,08-23,8,SELL,72.68,4620.487,2026-08-26 21:16:00,2026-08-26 23:00:00,104,174527,,W2
16,cumulative,08-23,9,BUY,176.12,4608.382,2026-08-27 06:02:00,2026-08-27 14:26:38,504.6,208283,sl 4593.944,W3
16,cumulative,08-23,10,BUY,147.89,4600.979,2026-08-27 14:31:00,2026-08-27 16:37:31,126.5,-270546,sl 4583.081,L1
16,cumulative,08-23,11,SELL,152.49,4581.895,2026-08-27 16:51:00,2026-08-27 18:31:42,100.7,-260451,sl 4598.626,L2
16,cumulative,08-23,12,SELL,165.43,4595.674,2026-08-27 18:49:00,2026-08-27 22:55:04,246.1,231285,sl 4610.329,W1
16,cumulative,08-23,13,SELL,200,4603.910,2026-08-28 06:13:00,2026-08-28 08:53:31,160.5,447328,tp 4577.306,W2
16,cumulative,08-23,14,SELL,128.91,4576.188,2026-08-28 08:54:00,2026-08-28 13:49:28,295.5,-281385,sl 4597.553,L1
16,cumulative,08-23,15,SELL,136.24,4601.020,2026-08-28 14:10:00,2026-08-28 20:58:05,408.1,-267229,sl 4620.217,L2
16,cumulative,08-23,16,SELL,66.87,4558.621,2026-08-28 21:06:00,2026-08-28 23:00:00,114,228234,,W1
16,cumulative,08-30,1,BUY,130.68,4462.541,2026-08-31 06:05:00,2026-08-31 06:45:36,40.6,-261349,sl 4442.948,L1
16,cumulative,08-30,2,BUY,128.02,4456.895,2026-08-31 06:58:00,2026-08-31 08:10:39,72.6,-248116,sl 4437.915,L2
16,cumulative,08-30,3,BUY,73.67,4449.545,2026-08-31 08:19:00,2026-08-31 09:32:42,73.7,-235304,sl 4418.250,L3
16,cumulative,08-30,4,SELL,63.25,4410.981,2026-08-31 09:34:00,2026-08-31 14:25:05,291.1,-224861,sl 4445.831,L4
16,cumulative,08-30,5,BUY,114.49,4447.337,2026-08-31 14:46:00,2026-08-31 20:46:42,360.7,-212189,sl 4429.208,L5
16,cumulative,08-30,6,BUY,73.66,4427.129,2026-08-31 21:10:00,2026-08-31 23:00:00,110,-7942,,L6
16,cumulative,08-30,7,SELL,200,4445.930,2026-09-01 06:09:00,2026-09-01 07:09:28,60.5,-191005,sl 4455.257,L7
16,cumulative,08-30,8,BUY,136.4,4460.664,2026-09-01 07:22:00,2026-09-01 08:06:04,44.1,-190842,sl 4446.953,L8
16,cumulative,08-30,9,SELL,90.6,4446.069,2026-09-01 08:16:00,2026-09-01 15:09:41,413.7,389540,tp 4394.921,W1
16,cumulative,08-30,10,SELL,80.48,4395.324,2026-09-01 15:19:00,2026-09-01 20:09:41,290.7,432407,tp 4331.419,W2
16,cumulative,08-30,11,BUY,70.69,4338.739,2026-09-01 20:26:00,2026-09-01 23:00:00,154,242877,,W3
16,cumulative,08-30,12,SELL,200,4327.625,2026-09-02 06:02:00,2026-09-02 08:51:28,169.5,422855,tp 4302.460,W4
16,cumulative,08-30,13,BUY,79.32,4300.169,2026-09-02 09:07:00,2026-09-02 20:59:28,712.5,548188,tp 4382.344,W5
16,cumulative,08-30,14,BUY,95.21,4389.164,2026-09-02 21:07:00,2026-09-02 23:00:00,113,-157995,,L1
16,cumulative,08-30,15,SELL,200,4384.068,2026-09-03 06:15:00,2026-09-03 07:52:27,97.4,-182172,sl 4392.980,L2
16,cumulative,08-30,16,BUY,171.95,4394.169,2026-09-03 07:58:00,2026-09-03 11:08:39,190.6,559286,tp 4432.871,W1
16,cumulative,08-30,17,BUY,199.26,4435.947,2026-09-03 11:26:00,2026-09-03 13:23:40,117.7,-296311,sl 4421.382,L1
16,cumulative,08-30,18,SELL,130.52,4422.572,2026-09-03 13:24:00,2026-09-03 15:07:43,103.7,-284446,sl 4443.932,L2
16,cumulative,08-30,19,SELL,131.65,4434.328,2026-09-03 15:40:00,2026-09-03 19:30:27,230.4,-270177,sl 4454.426,L3
16,cumulative,08-30,20,BUY,118.88,4468.185,2026-09-03 19:34:00,2026-09-03 23:00:00,206,353326,,W1
16,cumulative,08-30,21,BUY,200,4476.363,2026-09-04 06:04:00,2026-09-04 11:00:31,296.5,-220530,sl 4466.116,L1
16,cumulative,08-30,22,BUY,200,4470.336,2026-09-04 11:25:00,2026-09-04 19:30:19,485.3,-242107,sl 4458.504,L2
16,cumulative,08-30,23,SELL,74.22,4389.638,2026-09-04 19:36:00,2026-09-04 20:43:40,67.7,-249037,sl 4422.528,L3
16,cumulative,08-30,24,BUY,35.83,4427.538,2026-09-04 20:47:00,2026-09-04 23:00:00,133,32896,,W1
16,cumulative,09-06,1,SELL,199.87,4429.836,2026-09-07 06:14:00,2026-09-07 08:13:02,119,504823,tp 4399.778,W1
16,cumulative,09-06,2,BUY,105.6,4404.702,2026-09-07 08:31:00,2026-09-07 23:00:00,869,102105,,W2
16,cumulative,09-06,3,BUY,200,4412.125,2026-09-08 06:05:00,2026-09-08 08:23:37,138.6,369295,tp 4434.558,W3
16,cumulative,09-06,4,BUY,108.38,4434.396,2026-09-08 08:24:00,2026-09-08 13:15:38,291.6,-285832,sl 4408.542,L1
16,cumulative,09-06,5,BUY,129.73,4407.239,2026-09-08 13:44:00,2026-09-08 19:15:39,331.7,-271226,sl 4386.742,L2
16,cumulative,09-06,6,BUY,130.12,4398.044,2026-09-08 19:29:00,2026-09-08 23:00:00,211,-41834,,L3
16,cumulative,09-06,7,SELL,200,4352.202,2026-09-09 06:16:00,2026-09-09 07:59:13,103.2,-224135,sl 4363.180,L4
16,cumulative,09-06,8,BUY,113.19,4367.589,2026-09-09 08:10:00,2026-09-09 20:23:37,733.6,518486,tp 4422.066,W1
16,cumulative,09-06,9,SELL,119.77,4418.324,2026-09-09 20:42:00,2026-09-09 23:00:00,138,318354,,W2
16,cumulative,09-06,10,SELL,200,4398.177,2026-09-10 06:26:00,2026-09-10 08:02:37,96.6,-231601,sl 4409.509,L1
16,cumulative,09-06,11,BUY,186.3,4410.021,2026-09-10 08:03:00,2026-09-10 15:42:40,459.7,-274892,sl 4395.565,L2
16,cumulative,09-06,12,BUY,168.01,4395.380,2026-09-10 16:18:00,2026-09-10 17:36:38,78.6,-260877,sl 4380.168,L3
16,cumulative,09-06,13,SELL,139.08,4379.491,2026-09-10 17:52:00,2026-09-10 19:37:43,105.7,529543,tp 4334.191,W1
16,cumulative,09-06,14,BUY,69.56,4349.394,2026-09-10 20:20:00,2026-09-10 23:00:00,160,115901,,W2
16,cumulative,09-06,15,BUY,200,4318.699,2026-09-11 06:05:00,2026-09-11 10:22:39,257.6,-263168,sl 4306.373,L1
16,cumulative,09-06,16,BUY,123.63,4312.160,2026-09-11 10:43:00,2026-09-11 19:49:14,546.2,571265,tp 4367.087,W1
16,cumulative,09-06,17,BUY,56.96,4395.607,2026-09-11 20:29:00,2026-09-11 23:00:00,151,-167018,,L1
16,cumulative,09-13,1,BUY,200,4341.848,2026-09-14 06:10:00,2026-09-14 08:19:39,129.6,-286314,sl 4327.837,L1
16,cumulative,09-13,2,BUY,103.67,4335.534,2026-09-14 08:25:00,2026-09-14 14:56:38,391.6,-273103,sl 4309.728,L2
16,cumulative,09-13,3,SELL,140.7,4313.014,2026-09-14 15:15:00,2026-09-14 19:56:39,281.7,552515,tp 4266.281,W1
16,cumulative,09-13,4,SELL,102.05,4260.198,2026-09-14 20:10:00,2026-09-14 22:32:38,142.6,-289717,sl 4288.024,L1
16,cumulative,09-13,5,SELL,105.2,4288.408,2026-09-14 22:50:00,2026-09-14 23:00:00,10,-2393,,L2
16,cumulative,09-13,6,SELL,200,4294.543,2026-09-15 06:06:00,2026-09-15 08:19:28,133.5,-215954,sl 4305.104,L3
16,cumulative,09-13,7,SELL,155.37,4300.878,2026-09-15 08:29:00,2026-09-15 09:40:41,71.7,-266290,sl 4317.622,L4
16,cumulative,09-13,8,BUY,144.26,4316.803,2026-09-15 09:50:00,2026-09-15 12:15:37,145.6,-247704,sl 4299.973,L5
16,cumulative,09-13,9,SELL,195.24,4297.012,2026-09-15 12:26:00,2026-09-15 15:05:14,159.2,501709,tp 4266.436,W1
16,cumulative,09-13,10,BUY,137.5,4270.989,2026-09-15 15:18:00,2026-09-15 23:00:00,462,254183,,W2
16,cumulative,09-13,11,SELL,200,4283.868,2026-09-16 06:29:00,2026-09-16 09:11:58,163,-207162,sl 4293.999,L1
16,cumulative,09-13,12,BUY,139.12,4294.086,2026-09-16 09:23:00,2026-09-16 17:08:37,465.6,559724,tp 4341.932,W1
16,cumulative,09-13,13,BUY,185.72,4346.895,2026-09-16 17:11:00,2026-09-16 21:03:30,232.5,-291634,sl 4331.504,L1
16,cumulative,09-13,14,SELL,125.01,4330.597,2026-09-16 21:04:00,2026-09-16 21:50:30,46.5,-280357,sl 4352.556,L2
16,cumulative,09-13,15,BUY,118.96,4353.716,2026-09-16 22:02:00,2026-09-16 23:00:00,58,-11940,,L3
16,cumulative,09-13,16,BUY,158.53,4268.561,2026-09-17 06:19:00,2026-09-17 08:24:42,125.7,530768,tp 4310.391,W1
16,cumulative,09-13,17,BUY,109.19,4314.315,2026-09-17 08:33:00,2026-09-17 09:07:02,34,-288937,sl 4288.381,L1
16,cumulative,09-13,18,BUY,103.6,4292.316,2026-09-17 09:22:00,2026-09-17 19:16:31,594.5,580917,tp 4359.018,W1
16,cumulative,09-13,19,BUY,111.8,4379.280,2026-09-17 19:29:00,2026-09-17 21:58:39,149.6,-303712,sl 4352.647,L1
16,cumulative,09-13,20,BUY,120.23,4363.896,2026-09-17 22:19:00,2026-09-17 23:00:00,41,68808,,W1
16,cumulative,09-13,21,BUY,200,4345.390,2026-09-18 06:14:00,2026-09-18 10:26:13,252.2,-28395,sl 4334.379,L1
16,cumulative,09-13,22,SELL,163.64,4355.468,2026-09-18 11:16:00,2026-09-18 12:39:41,83.7,-294818,sl 4373.121,L2
16,cumulative,09-13,23,BUY,144.52,4385.236,2026-09-18 13:02:00,2026-09-18 19:21:16,379.3,-275510,sl 4366.563,L3
16,cumulative,09-13,24,SELL,126.86,4366.067,2026-09-18 19:22:00,2026-09-18 23:00:00,218,118525,,W1
16,cumulative,09-20,1,SELL,200,4373.768,2026-09-21 06:08:00,2026-09-21 14:43:27,515.4,471536,tp 4345.743,W1
16,cumulative,09-20,2,SELL,146.79,4345.198,2026-09-21 14:59:00,2026-09-21 18:44:12,225.2,-295244,sl 4364.913,L1
16,cumulative,09-20,3,SELL,159.21,4359.017,2026-09-21 19:22:00,2026-09-21 23:00:00,218,283262,,W1
16,cumulative,09-20,4,BUY,200,4362.466,2026-09-22 06:37:00,2026-09-22 07:40:13,63.2,-287564,sl 4348.929,L1
16,cumulative,09-20,5,SELL,123.81,4357.061,2026-09-22 08:13:00,2026-09-22 15:00:42,407.7,597916,tp 4299.665,W1
16,cumulative,09-20,6,BUY,151.53,4310.163,2026-09-22 15:09:00,2026-09-22 23:00:00,471,320925,,W2
16,cumulative,09-20,7,BUY,200,4363.287,2026-09-23 06:01:00,2026-09-23 08:01:31,120.5,-194846,sl 4354.309,L1
16,cumulative,09-20,8,SELL,200,4355.195,2026-09-23 08:02:00,2026-09-23 15:12:13,430.2,636993,tp 4317.302,W1
16,cumulative,09-20,9,BUY,200,4320.982,2026-09-23 15:23:00,2026-09-23 18:22:40,179.7,-304552,sl 4306.056,L1
16,cumulative,09-20,10,SELL,200,4301.479,2026-09-23 18:33:00,2026-09-23 19:06:04,33.1,-276053,sl 4314.973,L2
16,cumulative,09-20,11,SELL,179.45,4310.013,2026-09-23 19:31:00,2026-09-23 23:00:00,209,524990,,W1
16,cumulative,09-20,12,SELL,200,4289.292,2026-09-24 06:03:00,2026-09-24 08:12:37,129.6,-228827,sl 4300.469,L1
16,cumulative,09-20,13,BUY,188.59,4300.437,2026-09-24 08:13:00,2026-09-24 08:49:40,36.7,-331055,sl 4283.233,L2
16,cumulative,09-20,14,BUY,148.21,4281.358,2026-09-24 09:14:00,2026-09-24 15:59:15,405.2,-314367,sl 4260.584,L3
16,cumulative,09-20,15,SELL,130.56,4259.417,2026-09-24 16:05:00,2026-09-24 19:56:29,231.5,-301553,sl 4282.035,L4
16,cumulative,09-20,16,SELL,134.23,4276.976,2026-09-24 20:18:00,2026-09-24 23:00:00,162,270071,,W1
16,cumulative,09-20,17,BUY,200,4273.697,2026-09-25 06:03:00,2026-09-25 11:56:41,353.7,178643,sl 4263.593,W2
16,cumulative,09-20,18,BUY,200,4264.128,2026-09-25 12:30:00,2026-09-25 16:03:40,213.7,558824,tp 4297.350,W3
16,cumulative,09-20,19,SELL,200,4292.466,2026-09-25 16:18:00,2026-09-25 17:14:40,56.7,-322442,sl 4308.230,L1
16,cumulative,09-20,20,BUY,178.35,4307.410,2026-09-25 17:15:00,2026-09-25 20:19:31,184.5,-318209,sl 4289.953,L2
16,cumulative,09-20,21,SELL,141.83,4290.362,2026-09-25 20:20:00,2026-09-25 23:00:00,160,-11544,,L3
16,weeklyreset,01-01,1,BUY,0.2,4328.500,2026-01-02 06:05:00,2026-01-02 09:50:15,225.2,443,tp 4356.245,W1
16,weeklyreset,01-01,2,BUY,0.37,4370.899,2026-01-02 10:14:00,2026-01-02 21:32:43,678.7,473,sl 4357.045,W2
16,weeklyreset,01-01,3,BUY,0.19,4361.368,2026-01-02 21:49:00,2026-01-02 22:23:28,34.5,-541,sl 4333.432,L1
16,weeklyreset,01-01,4,SELL,0.16,4330.793,2026-01-02 22:24:00,2026-01-02 23:00:00,36,-78,,L2
16,weeklyreset,01-04,1,SELL,0.32,4359.038,2026-01-05 06:34:00,2026-01-05 06:50:39,16.6,-508,sl 4374.595,L1
16,weeklyreset,01-04,2,BUY,0.22,4379.869,2026-01-05 07:13:00,2026-01-05 16:43:18,570.3,1031,tp 4435.114,W1
16,weeklyreset,01-04,3,BUY,0.42,4437.670,2026-01-05 16:45:00,2026-01-05 18:25:30,100.5,-533,sl 4425.236,L1
16,weeklyreset,01-04,4,SELL,0.39,4423.120,2026-01-05 18:26:00,2026-01-05 21:48:29,202.5,483,sl 4435.942,W1
16,weeklyreset,01-04,5,BUY,0.21,4450.811,2026-01-05 22:04:00,2026-01-05 23:00:00,56,-50,,L1
16,weeklyreset,01-04,6,SELL,0.5,4450.783,2026-01-06 06:17:00,2026-01-06 09:30:04,193.1,457,sl 4461.211,W1
16,weeklyreset,01-04,7,SELL,0.31,4455.791,2026-01-06 09:39:00,2026-01-06 12:31:31,172.5,-559,sl 4473.445,L1
16,weeklyreset,01-04,8,SELL,0.54,4469.075,2026-01-06 12:39:00,2026-01-06 17:03:20,264.3,1122,tp 4444.381,W1
16,weeklyreset,01-04,9,BUY,0.35,4449.995,2026-01-06 17:10:00,2026-01-06 22:00:43,290.7,1219,tp 4490.951,W2
16,weeklyreset,01-04,10,SELL,0.29,4481.126,2026-01-06 22:12:00,2026-01-06 23:00:00,48,77,,W3
16,weeklyreset,01-04,11,SELL,0.72,4496.160,2026-01-07 06:12:00,2026-01-07 08:07:39,115.6,1393,tp 4473.158,W4
16,weeklyreset,01-04,12,SELL,0.44,4474.897,2026-01-07 08:08:00,2026-01-07 20:08:40,720.7,1535,tp 4433.778,W5
16,weeklyreset,01-04,13,BUY,0.34,4445.217,2026-01-07 20:29:00,2026-01-07 23:00:00,151,28,,W6
16,weeklyreset,01-04,14,BUY,0.8,4462.696,2026-01-08 06:03:00,2026-01-08 07:37:40,94.7,-928,sl 4452.993,L1
16,weeklyreset,01-04,15,SELL,0.73,4452.660,2026-01-08 07:38:00,2026-01-08 12:13:05,275.1,1617,tp 4426.397,W1
16,weeklyreset,01-04,16,SELL,0.7,4425.928,2026-01-08 12:30:00,2026-01-08 13:39:15,69.2,-839,sl 4437.674,L1
16,weeklyreset,01-04,17,BUY,0.35,4435.810,2026-01-08 13:57:00,2026-01-08 19:05:31,308.5,-778,sl 4414.039,L2
16,weeklyreset,01-04,18,SELL,0.55,4410.001,2026-01-08 19:16:00,2026-01-08 19:32:28,16.5,-753,sl 4423.423,L3
16,weeklyreset,01-04,19,BUY,0.44,4426.349,2026-01-08 19:38:00,2026-01-08 23:00:00,202,1240,,W1
16,weeklyreset,01-04,20,BUY,0.61,4480.549,2026-01-09 06:03:00,2026-01-09 07:23:40,80.7,-808,sl 4468.140,L1
16,weeklyreset,01-04,21,SELL,0.68,4464.506,2026-01-09 07:49:00,2026-01-09 09:04:16,75.3,-739,sl 4475.159,L2
16,weeklyreset,01-04,22,BUY,0.43,4472.132,2026-01-09 09:46:00,2026-01-09 22:37:41,771.7,1480,tp 4512.868,W1
16,weeklyreset,01-04,23,BUY,0.26,4513.997,2026-01-09 22:41:00,2026-01-09 23:00:00,19,-43,,L1
16,weeklyreset,01-11,1,BUY,0.48,4523.966,2026-01-12 06:06:00,2026-01-12 07:09:40,63.7,1072,tp 4550.510,W1
16,weeklyreset,01-11,2,BUY,0.27,4567.558,2026-01-12 07:32:00,2026-01-12 20:55:05,803.1,1195,tp 4620.174,W2
16,weeklyreset,01-11,3,SELL,0.32,4612.321,2026-01-12 21:02:00,2026-01-12 23:00:00,118,-296,,L1
16,weeklyreset,01-11,4,BUY,0.34,4600.833,2026-01-13 06:01:00,2026-01-13 06:12:27,11.5,-596,sl 4583.675,L2
16,weeklyreset,01-11,5,SELL,0.38,4580.700,2026-01-13 06:13:00,2026-01-13 06:56:58,44,-576,sl 4595.536,L3
16,weeklyreset,01-11,6,SELL,0.27,4591.435,2026-01-13 07:24:00,2026-01-13 20:30:38,786.6,-548,sl 4611.258,L4
16,weeklyreset,01-11,7,BUY,0.27,4616.743,2026-01-13 20:43:00,2026-01-13 23:00:00,137,61,,W1
16,weeklyreset,01-11,8,BUY,0.39,4593.868,2026-01-14 06:09:00,2026-01-14 10:54:39,285.7,1078,tp 4627.423,W2
16,weeklyreset,01-11,9,SELL,0.49,4627.606,2026-01-14 11:12:00,2026-01-14 12:02:41,50.7,-580,sl 4639.204,L1
16,weeklyreset,01-11,10,SELL,0.5,4634.958,2026-01-14 12:12:00,2026-01-14 22:02:30,590.5,1192,tp 4606.822,W1
16,weeklyreset,01-11,11,SELL,0.22,4605.606,2026-01-14 22:04:00,2026-01-14 23:00:00,56,-279,,L1
16,weeklyreset,01-11,12,SELL,0.37,4616.482,2026-01-15 06:07:00,2026-01-15 23:00:00,1013,773,,W1
16,weeklyreset,01-11,13,BUY,0.64,4620.535,2026-01-16 06:06:00,2026-01-16 06:26:36,20.6,-635,sl 4610.839,L1
16,weeklyreset,01-11,14,SELL,0.6,4610.137,2026-01-16 06:27:00,2026-01-16 20:18:01,831,1297,tp 4584.704,W1
16,weeklyreset,01-11,15,SELL,0.34,4587.103,2026-01-16 20:30:00,2026-01-16 21:06:13,36.2,-670,sl 4606.432,L1
16,weeklyreset,01-11,16,BUY,0.25,4605.097,2026-01-16 21:07:00,2026-01-16 22:27:38,80.6,-623,sl 4580.673,L2
16,weeklyreset,01-11,17,BUY,0.14,4568.552,2026-01-16 22:49:00,2026-01-16 23:00:00,11,39,,W1
16,weeklyreset,01-18,1,BUY,0.28,4657.941,2026-01-19 06:12:00,2026-01-19 23:00:00,1008,598,,W1
16,weeklyreset,01-18,2,BUY,0.53,4672.260,2026-01-20 06:19:00,2026-01-20 07:26:28,67.5,-571,sl 4662.281,L1
16,weeklyreset,01-18,3,BUY,0.49,4670.018,2026-01-20 08:06:00,2026-01-20 11:59:17,233.3,1071,tp 4695.932,W1
16,weeklyreset,01-18,4,BUY,0.5,4695.433,2026-01-20 12:00:00,2026-01-20 15:08:32,188.5,1188,tp 4723.475,W2
16,weeklyreset,01-18,5,SELL,0.44,4720.638,2026-01-20 15:22:00,2026-01-20 16:30:29,68.5,-626,sl 4734.543,L1
16,weeklyreset,01-18,6,SELL,0.39,4734.073,2026-01-20 16:58:00,2026-01-20 21:28:30,270.5,-595,sl 4749.032,L2
16,weeklyreset,01-18,7,BUY,0.21,4750.690,2026-01-20 21:30:00,2026-01-20 22:25:37,55.6,-554,sl 4724.823,L3
16,weeklyreset,01-18,8,BUY,0.15,4731.966,2026-01-20 22:32:00,2026-01-20 23:00:00,28,83,,W1
16,weeklyreset,01-18,9,SELL,0.57,4759.985,2026-01-21 06:10:00,2026-01-21 06:44:17,34.3,-549,sl 4769.427,L1
16,weeklyreset,01-18,10,SELL,0.37,4774.178,2026-01-21 07:26:00,2026-01-21 07:59:15,33.2,-516,sl 4787.835,L2
16,weeklyreset,01-18,11,BUY,0.28,4792.877,2026-01-21 08:05:00,2026-01-21 08:30:42,25.7,1031,tp 4836.386,W1
16,weeklyreset,01-18,12,BUY,0.2,4824.023,2026-01-21 08:48:00,2026-01-21 23:00:00,852,801,,W2
16,weeklyreset,01-18,13,SELL,0.23,4826.644,2026-01-22 06:02:00,2026-01-22 22:26:26,984.4,459,sl 4850.931,W3
16,weeklyreset,01-18,14,BUY,0.35,4952.510,2026-01-23 06:05:00,2026-01-23 06:30:28,25.5,-597,sl 4935.814,L1
16,weeklyreset,01-18,15,BUY,0.26,4945.663,2026-01-23 06:46:00,2026-01-23 15:23:31,517.5,-583,sl 4924.248,L2
16,weeklyreset,01-18,16,SELL,0.21,4917.492,2026-01-23 15:51:00,2026-01-23 19:52:02,241,-526,sl 4942.013,L3
16,weeklyreset,01-18,17,SELL,0.28,4935.795,2026-01-23 20:16:00,2026-01-23 21:48:31,92.5,-512,sl 4953.723,L4
16,weeklyreset,01-18,18,SELL,0.18,4943.231,2026-01-23 22:00:00,2026-01-23 23:00:00,60,-322,,L5
16,weeklyreset,01-25,1,BUY,0.26,5023.684,2026-01-26 06:10:00,2026-01-26 08:25:14,135.2,1089,tp 5072.735,W1
16,weeklyreset,01-25,2,SELL,0.16,5069.767,2026-01-26 09:09:00,2026-01-26 13:47:30,278.5,-566,sl 5104.419,L1
16,weeklyreset,01-25,3,SELL,0.17,5085.328,2026-01-26 13:58:00,2026-01-26 23:00:00,542,-98,,L2
16,weeklyreset,01-25,4,BUY,0.11,5035.760,2026-01-27 06:09:00,2026-01-27 23:00:00,1011,603,,W1
16,weeklyreset,01-25,5,SELL,0.12,5168.556,2026-01-28 06:14:00,2026-01-28 08:44:28,150.5,-537,sl 5212.412,L1
16,weeklyreset,01-25,6,SELL,0.13,5209.936,2026-01-28 08:59:00,2026-01-28 11:58:29,179.5,-505,sl 5247.996,L2
16,weeklyreset,01-25,7,BUY,0.25,5251.661,2026-01-28 12:09:00,2026-01-28 15:30:32,201.5,1057,tp 5301.564,W1
16,weeklyreset,01-25,8,SELL,0.19,5297.546,2026-01-28 15:42:00,2026-01-28 23:00:00,438,807,,W2
16,weeklyreset,01-25,9,BUY,0.12,5465.428,2026-01-29 06:13:00,2026-01-29 13:23:03,430,1293,tp 5594.235,W3
16,weeklyreset,01-25,10,BUY,0.14,5590.155,2026-01-29 13:24:00,2026-01-29 14:28:27,64.4,-639,sl 5545.431,L1
16,weeklyreset,01-25,11,SELL,0.14,5527.857,2026-01-29 15:06:00,2026-01-29 22:09:29,423.5,1363,tp 5415.139,W1
16,weeklyreset,01-25,12,SELL,0.05,5253.577,2026-01-29 22:27:00,2026-01-29 23:00:00,33,353,,W2
16,weeklyreset,01-25,13,BUY,0.11,5440.263,2026-01-30 06:07:00,2026-01-30 08:06:39,119.6,-729,sl 5375.864,L1
16,weeklyreset,01-25,14,SELL,0.08,5337.115,2026-01-30 08:48:00,2026-01-30 09:23:07,35.1,1559,tp 5115.884,W1
16,weeklyreset,01-25,15,BUY,0.06,5212.952,2026-01-30 09:41:00,2026-01-30 15:33:42,352.7,-761,sl 5088.590,L1
16,weeklyreset,01-25,16,BUY,0.07,5110.709,2026-01-30 15:48:00,2026-01-30 16:14:02,26,-657,sl 5018.713,L2
16,weeklyreset,01-25,17,SELL,0.06,5028.516,2026-01-30 16:30:00,2026-01-30 18:57:21,147.4,-680,sl 5139.542,L3
16,weeklyreset,01-25,18,SELL,0.09,5124.791,2026-01-30 19:07:00,2026-01-30 23:00:00,233,842,,W1
16,weeklyreset,02-01,1,SELL,0.04,4724.043,2026-02-02 06:32:00,2026-02-02 07:12:14,40.2,-457,sl 4835.990,L1
16,weeklyreset,02-01,2,SELL,0.03,4827.638,2026-02-02 07:32:00,2026-02-02 13:24:31,352.5,933,tp 4457.983,W1
16,weeklyreset,02-01,3,SELL,0.03,4456.593,2026-02-02 13:37:00,2026-02-02 14:45:35,68.6,-421,sl 4594.218,L1
16,weeklyreset,02-01,4,SELL,0.04,4576.525,2026-02-02 15:03:00,2026-02-02 16:28:41,85.7,-494,sl 4697.586,L2
16,weeklyreset,02-01,5,BUY,0.05,4717.249,2026-02-02 16:50:00,2026-02-02 22:57:42,367.7,-479,sl 4623.385,L3
16,weeklyreset,02-01,6,SELL,0.15,4685.104,2026-02-03 06:01:00,2026-02-03 06:08:27,7.4,-455,sl 4714.844,L4
16,weeklyreset,02-01,7,BUY,0.07,4718.300,2026-02-03 06:16:00,2026-02-03 13:35:41,439.7,965,tp 4878.459,W1
16,weeklyreset,02-01,8,BUY,0.09,4891.944,2026-02-03 13:43:00,2026-02-03 23:00:00,557,391,,W2
16,weeklyreset,02-01,9,BUY,0.12,4961.715,2026-02-04 06:02:00,2026-02-04 06:07:27,5.4,-483,sl 4922.373,L1
16,weeklyreset,02-01,10,BUY,0.1,4937.401,2026-02-04 06:17:00,2026-02-04 09:02:31,165.5,1023,tp 5057.487,W1
16,weeklyreset,02-01,11,SELL,0.1,5056.305,2026-02-04 09:33:00,2026-02-04 22:34:32,781.5,1182,tp 4918.397,W2
16,weeklyreset,02-01,12,BUY,0.05,4944.526,2026-02-04 22:45:00,2026-02-04 23:00:00,15,-125,,L1
16,weeklyreset,02-01,13,BUY,0.17,5010.247,2026-02-05 06:16:00,2026-02-05 08:12:41,116.7,-618,sl 4976.360,L2
16,weeklyreset,02-01,14,SELL,0.1,4950.528,2026-02-05 08:27:00,2026-02-05 09:51:40,84.7,1146,tp 4816.931,W1
16,weeklyreset,02-01,15,BUY,0.05,4881.062,2026-02-05 10:22:00,2026-02-05 23:00:00,758,-324,,L1
16,weeklyreset,02-01,16,BUY,0.1,4778.936,2026-02-06 06:11:00,2026-02-06 06:49:18,38.3,-567,sl 4723.415,L2
16,weeklyreset,02-01,17,SELL,0.09,4657.139,2026-02-06 07:18:00,2026-02-06 07:27:27,9.5,-545,sl 4716.513,L3
16,weeklyreset,02-01,18,BUY,0.07,4736.872,2026-02-06 07:37:00,2026-02-06 20:00:41,743.7,1059,tp 4911.938,W1
16,weeklyreset,02-01,19,BUY,0.14,4914.535,2026-02-06 20:20:00,2026-02-06 23:00:00,160,406,,W2
16,weeklyreset,02-08,1,BUY,0.17,4988.714,2026-02-09 06:21:00,2026-02-09 23:00:00,999,1065,,W1
16,weeklyreset,02-08,2,SELL,0.47,5072.002,2026-02-10 06:02:00,2026-02-10 06:12:03,10,3001,tp 4998.872,W2
16,weeklyreset,02-08,3,BUY,0.14,5036.408,2026-02-10 06:44:00,2026-02-10 23:00:00,976,-250,,L1
16,weeklyreset,02-08,4,BUY,0.35,5039.092,2026-02-11 06:17:00,2026-02-11 17:44:27,687.4,1488,tp 5089.769,W1
16,weeklyreset,02-08,5,SELL,0.31,5094.108,2026-02-11 17:58:00,2026-02-11 19:00:39,62.6,-791,sl 5119.074,L1
16,weeklyreset,02-08,6,SELL,0.24,5106.571,2026-02-11 19:06:00,2026-02-11 20:30:40,84.7,1522,tp 5031.140,W1
16,weeklyreset,02-08,7,SELL,0.16,5047.221,2026-02-11 20:36:00,2026-02-11 23:00:00,144,-216,,L1
16,weeklyreset,02-08,8,SELL,0.38,5084.358,2026-02-12 06:08:00,2026-02-12 23:00:00,1012,1320,,W1
16,weeklyreset,02-08,9,BUY,0.24,4909.065,2026-02-13 06:13:00,2026-02-13 20:30:41,857.7,1809,tp 4999.401,W2
16,weeklyreset,02-08,10,SELL,0.28,4973.973,2026-02-13 20:48:00,2026-02-13 21:21:37,33.6,-948,sl 5007.153,L1
16,weeklyreset,02-08,11,SELL,0.21,5003.142,2026-02-13 21:31:00,2026-02-13 23:00:00,89,541,,W1
16,weeklyreset,02-15,1,BUY,0.19,5029.562,2026-02-16 06:28:00,2026-02-16 07:03:38,35.6,-491,sl 5004.264,L1
16,weeklyreset,02-15,2,SELL,0.15,5007.334,2026-02-16 07:04:00,2026-02-16 23:00:00,956,412,,W1
16,weeklyreset,02-15,3,BUY,0.46,4998.072,2026-02-17 06:02:00,2026-02-17 06:12:39,10.6,-506,sl 4987.316,L1
16,weeklyreset,02-15,4,SELL,0.35,4988.064,2026-02-17 06:18:00,2026-02-17 07:52:40,94.7,1038,tp 4953.171,W1
16,weeklyreset,02-15,5,BUY,0.18,4950.123,2026-02-17 08:12:00,2026-02-17 12:15:28,243.5,-519,sl 4921.934,L1
16,weeklyreset,02-15,6,BUY,0.11,4894.155,2026-02-17 12:54:00,2026-02-17 21:01:32,487.5,-494,sl 4850.162,L2
16,weeklyreset,02-15,7,SELL,0.09,4881.512,2026-02-17 21:40:00,2026-02-17 23:00:00,80,27,,W1
16,weeklyreset,02-15,8,BUY,0.23,4882.949,2026-02-18 06:15:00,2026-02-18 06:50:30,35.5,-480,sl 4862.562,L1
16,weeklyreset,02-15,9,BUY,0.14,4877.112,2026-02-18 07:34:00,2026-02-18 20:07:42,753.7,986,tp 4958.518,W1
16,weeklyreset,02-15,10,BUY,0.22,4965.002,2026-02-18 20:38:00,2026-02-18 23:00:00,142,782,,W2
16,weeklyreset,02-15,11,BUY,0.33,4981.347,2026-02-19 06:28:00,2026-02-19 07:02:38,34.6,-604,sl 4965.104,L1
16,weeklyreset,02-15,12,BUY,0.21,4968.329,2026-02-19 07:13:00,2026-02-19 23:00:00,947,963,,W1
16,weeklyreset,02-15,13,BUY,0.42,5003.029,2026-02-20 06:04:00,2026-02-20 06:56:36,52.6,-561,sl 4989.931,L1
16,weeklyreset,02-15,14,BUY,0.24,4996.283,2026-02-20 07:16:00,2026-02-20 21:32:39,856.6,1095,tp 5050.545,W1
16,weeklyreset,02-15,15,BUY,0.25,5050.117,2026-02-20 21:33:00,2026-02-20 22:03:23,30.4,-578,sl 5027.438,L1
16,weeklyreset,02-15,16,SELL,0.14,4994.839,2026-02-20 22:07:00,2026-02-20 22:16:14,9.2,-538,sl 5032.511,L2
16,weeklyreset,02-15,17,BUY,0.1,5044.503,2026-02-20 22:19:00,2026-02-20 23:00:00,41,-21,,L3
16,weeklyreset,02-22,1,BUY,0.17,5158.704,2026-02-23 06:50:00,2026-02-23 07:20:04,30.1,-492,sl 5130.386,L1
16,weeklyreset,02-22,2,BUY,0.11,5153.494,2026-02-23 07:30:00,2026-02-23 23:00:00,930,470,,W1
16,weeklyreset,02-22,3,BUY,0.3,5240.285,2026-02-24 06:03:00,2026-02-24 07:01:30,58.5,-514,sl 5224.157,L1
16,weeklyreset,02-22,4,SELL,0.15,5225.250,2026-02-24 07:29:00,2026-02-24 08:16:41,47.7,1023,tp 5147.117,W1
16,weeklyreset,02-22,5,SELL,0.1,5150.942,2026-02-24 08:25:00,2026-02-24 23:00:00,875,6,,W2
16,weeklyreset,02-22,6,SELL,0.29,5135.751,2026-02-25 06:04:00,2026-02-25 07:38:28,94.5,-542,sl 5154.057,L1
16,weeklyreset,02-22,7,BUY,0.23,5154.479,2026-02-25 07:41:00,2026-02-25 12:49:39,308.7,1064,tp 5208.541,W1
16,weeklyreset,02-22,8,SELL,0.32,5202.492,2026-02-25 12:58:00,2026-02-25 18:16:39,318.7,1209,tp 5158.070,W2
16,weeklyreset,02-22,9,SELL,0.28,5157.013,2026-02-25 18:17:00,2026-02-25 18:57:25,40.4,-614,sl 5178.494,L1
16,weeklyreset,02-22,10,BUY,0.29,5179.751,2026-02-25 18:58:00,2026-02-25 21:39:40,161.7,-585,sl 5160.001,L2
16,weeklyreset,02-22,11,BUY,0.2,5175.245,2026-02-25 21:45:00,2026-02-25 23:00:00,75,393,,W1
16,weeklyreset,02-22,12,BUY,0.18,5173.404,2026-02-26 06:04:00,2026-02-26 21:30:42,926.7,-600,sl 5142.422,L1
16,weeklyreset,02-22,13,SELL,0.15,5162.774,2026-02-26 22:02:00,2026-02-26 23:00:00,58,-357,,L2
16,weeklyreset,02-22,14,SELL,0.3,5182.552,2026-02-27 06:26:00,2026-02-27 09:07:42,161.7,-531,sl 5199.867,L3
16,weeklyreset,02-22,15,BUY,0.22,5199.527,2026-02-27 09:08:00,2026-02-27 09:37:29,29.5,-492,sl 5177.614,L4
16,weeklyreset,02-22,16,SELL,0.23,5176.259,2026-02-27 09:51:00,2026-02-27 12:30:40,159.7,-478,sl 5196.634,L5
16,weeklyreset,02-22,17,BUY,0.36,5195.223,2026-02-27 12:55:00,2026-02-27 14:14:30,79.5,-459,sl 5182.805,L6
16,weeklyreset,02-22,18,SELL,0.25,5179.496,2026-02-27 14:17:00,2026-02-27 20:06:30,349.5,-431,sl 5196.310,L7
16,weeklyreset,02-22,19,SELL,0.14,5208.685,2026-02-27 20:42:00,2026-02-27 22:11:39,89.6,-409,sl 5237.316,L8
16,weeklyreset,02-22,20,BUY,0.1,5232.693,2026-02-27 22:32:00,2026-02-27 23:00:00,28,68,,W1
16,weeklyreset,03-01,1,BUY,0.18,5351.678,2026-03-02 06:10:00,2026-03-02 08:01:40,111.7,-489,sl 5325.052,L1
16,weeklyreset,03-01,2,SELL,0.09,5331.429,2026-03-02 08:02:00,2026-03-02 13:48:30,346.5,-486,sl 5384.269,L2
16,weeklyreset,03-01,3,BUY,0.18,5384.729,2026-03-02 13:49:00,2026-03-02 21:21:39,452.6,-447,sl 5360.438,L3
16,weeklyreset,03-01,4,BUY,0.07,5349.632,2026-03-02 21:41:00,2026-03-02 23:00:00,79,-240,,L4
16,weeklyreset,03-01,5,BUY,0.17,5340.315,2026-03-03 06:04:00,2026-03-03 12:54:21,410.4,-416,sl 5316.917,L5
16,weeklyreset,03-01,6,SELL,0.09,5289.581,2026-03-03 13:15:00,2026-03-03 14:51:14,96.2,-379,sl 5330.804,L6
16,weeklyreset,03-01,7,BUY,0.11,5329.543,2026-03-03 14:55:00,2026-03-03 15:40:38,45.6,-357,sl 5297.805,L7
16,weeklyreset,03-01,8,SELL,0.12,5297.908,2026-03-03 15:41:00,2026-03-03 18:07:31,146.5,782,tp 5220.392,W1
16,weeklyreset,03-01,9,SELL,0.05,5185.301,2026-03-03 18:26:00,2026-03-03 22:17:41,231.7,849,tp 4997.815,W2
16,weeklyreset,03-01,10,BUY,0.04,5038.990,2026-03-03 22:23:00,2026-03-03 23:00:00,37,225,,W3
16,weeklyreset,03-01,11,BUY,0.11,5102.659,2026-03-04 06:03:00,2026-03-04 19:03:39,780.6,959,tp 5203.430,W4
16,weeklyreset,03-01,12,SELL,0.22,5186.895,2026-03-04 19:17:00,2026-03-04 23:00:00,223,894,,W5
16,weeklyreset,03-01,13,SELL,0.25,5146.531,2026-03-05 06:14:00,2026-03-05 07:05:41,51.7,-552,sl 5168.170,L1
16,weeklyreset,03-01,14,BUY,0.24,5167.114,2026-03-05 07:07:00,2026-03-05 13:00:16,353.3,-514,sl 5146.131,L2
16,weeklyreset,03-01,15,SELL,0.22,5146.993,2026-03-05 13:08:00,2026-03-05 14:00:05,52.1,-507,sl 5169.591,L3
16,weeklyreset,03-01,16,SELL,0.13,5161.170,2026-03-05 14:17:00,2026-03-05 22:08:31,471.5,983,tp 5072.567,W1
16,weeklyreset,03-01,17,SELL,0.08,5076.755,2026-03-05 22:27:00,2026-03-05 23:00:00,33,-212,,L1
16,weeklyreset,03-01,18,SELL,0.25,5090.351,2026-03-06 06:28:00,2026-03-06 08:40:27,132.4,-514,sl 5110.472,L2
16,weeklyreset,03-01,19,SELL,0.14,5123.551,2026-03-06 09:42:00,2026-03-06 22:02:40,740.7,-92,sl 5156.151,L3
16,weeklyreset,03-01,20,BUY,0.07,5164.443,2026-03-06 22:26:00,2026-03-06 23:00:00,34,-161,,L4
16,weeklyreset,03-08,1,SELL,0.07,5086.956,2026-03-09 06:37:00,2026-03-09 23:00:00,983,-93,,L1
16,weeklyreset,03-08,2,BUY,0.15,5149.196,2026-03-10 06:13:00,2026-03-10 22:33:12,980.2,1058,tp 5230.658,W1
16,weeklyreset,03-08,3,BUY,0.26,5194.778,2026-03-11 06:07:00,2026-03-11 19:36:40,809.7,-562,sl 5174.223,L1
16,weeklyreset,03-08,4,SELL,0.22,5174.576,2026-03-11 19:37:00,2026-03-11 23:00:00,203,174,,W1
16,weeklyreset,03-08,5,BUY,0.21,5153.533,2026-03-12 06:14:00,2026-03-12 07:00:39,46.6,-571,sl 5128.609,L1
16,weeklyreset,03-08,6,BUY,0.16,5139.379,2026-03-12 07:15:00,2026-03-12 23:00:00,945,-120,,L2
16,weeklyreset,03-08,7,BUY,0.23,5095.409,2026-03-13 06:08:00,2026-03-13 14:21:40,493.7,-514,sl 5074.123,L3
16,weeklyreset,03-08,8,SELL,0.19,5083.010,2026-03-13 14:56:00,2026-03-13 18:59:30,243.5,-473,sl 5107.383,L4
16,weeklyreset,03-08,9,SELL,0.21,5109.592,2026-03-13 19:13:00,2026-03-13 21:55:16,162.3,968,tp 5056.232,W1
16,weeklyreset,03-08,10,BUY,0.13,5058.288,2026-03-13 22:08:00,2026-03-13 23:00:00,52,-312,,L1
16,weeklyreset,03-15,1,BUY,0.16,5025.049,2026-03-16 06:00:00,2026-03-16 06:20:27,20.4,-485,sl 4995.392,L1
16,weeklyreset,03-15,2,SELL,0.13,4986.442,2026-03-16 06:21:00,2026-03-16 07:02:41,41.7,-458,sl 5020.999,L2
16,weeklyreset,03-15,3,BUY,0.11,5030.946,2026-03-16 07:35:00,2026-03-16 08:14:30,39.5,-450,sl 4990.847,L3
16,weeklyreset,03-15,4,SELL,0.11,4995.375,2026-03-16 08:25:00,2026-03-16 13:16:37,291.6,-438,sl 5034.369,L4
16,weeklyreset,03-15,5,SELL,0.22,5027.383,2026-03-16 13:27:00,2026-03-16 16:45:39,198.6,894,tp 4979.476,W1
16,weeklyreset,03-15,6,SELL,0.2,4977.906,2026-03-16 16:56:00,2026-03-16 18:00:29,64.5,-454,sl 5000.108,L1
16,weeklyreset,03-15,7,BUY,0.19,5012.844,2026-03-16 18:20:00,2026-03-16 21:48:30,208.5,-421,sl 4991.119,L2
16,weeklyreset,03-15,8,BUY,0.12,5002.102,2026-03-16 22:17:00,2026-03-16 23:00:00,43,-186,,L3
16,weeklyreset,03-15,9,BUY,0.23,5005.743,2026-03-17 06:12:00,2026-03-17 22:36:27,984.4,283,sl 4988.821,W1
16,weeklyreset,03-15,10,BUY,0.35,5001.773,2026-03-18 06:02:00,2026-03-18 10:04:20,242.3,-441,sl 4990.021,L1
16,weeklyreset,03-15,11,BUY,0.25,4996.384,2026-03-18 10:25:00,2026-03-18 15:45:30,320.5,-400,sl 4980.795,L2
16,weeklyreset,03-15,12,SELL,0.21,4983.045,2026-03-18 15:46:00,2026-03-18 18:44:30,178.5,826,tp 4937.568,W1
16,weeklyreset,03-15,13,SELL,0.1,4932.194,2026-03-18 18:56:00,2026-03-18 23:00:00,244,730,,W2
16,weeklyreset,03-15,14,SELL,0.13,4829.229,2026-03-19 06:19:00,2026-03-19 08:40:28,141.5,-449,sl 4863.061,L1
16,weeklyreset,03-15,15,SELL,0.14,4853.359,2026-03-19 08:51:00,2026-03-19 13:46:28,295.5,935,tp 4776.078,W1
16,weeklyreset,03-15,16,BUY,0.11,4771.370,2026-03-19 14:02:00,2026-03-19 14:59:40,57.7,-476,sl 4729.017,L1
16,weeklyreset,03-15,17,SELL,0.08,4724.983,2026-03-19 15:06:00,2026-03-19 19:42:39,276.7,931,tp 4592.896,W1
16,weeklyreset,03-15,18,SELL,0.09,4575.999,2026-03-19 19:44:00,2026-03-19 21:00:27,76.4,-510,sl 4631.503,L1
16,weeklyreset,03-15,19,SELL,0.04,4614.257,2026-03-19 21:20:00,2026-03-19 23:00:00,100,69,,W1
16,weeklyreset,03-15,20,SELL,0.17,4644.020,2026-03-20 06:10:00,2026-03-20 08:05:41,115.7,-484,sl 4671.954,L1
16,weeklyreset,03-15,21,BUY,0.16,4673.864,2026-03-20 08:07:00,2026-03-20 17:51:41,584.7,387,sl 4645.703,W1
16,weeklyreset,03-15,22,BUY,0.12,4669.165,2026-03-20 18:33:00,2026-03-20 20:51:42,138.7,-476,sl 4630.264,L1
16,weeklyreset,03-15,23,SELL,0.08,4627.333,2026-03-20 20:53:00,2026-03-20 23:00:00,127,588,,W1
16,weeklyreset,03-22,1,SELL,0.08,4489.127,2026-03-23 06:22:00,2026-03-23 07:37:28,75.5,1098,tp 4333.501,W1
16,weeklyreset,03-22,2,BUY,0.06,4356.756,2026-03-23 07:58:00,2026-03-23 13:07:15,309.2,-529,sl 4270.309,L1
16,weeklyreset,03-22,3,SELL,0.08,4243.755,2026-03-23 13:30:00,2026-03-23 16:29:42,179.7,234,sl 4304.162,W1
16,weeklyreset,03-22,4,BUY,0.06,4304.266,2026-03-23 16:30:00,2026-03-23 16:44:42,14.7,-481,sl 4225.621,L1
16,weeklyreset,03-22,5,BUY,0.06,4243.983,2026-03-23 16:53:00,2026-03-23 18:11:00,78,996,tp 4441.157,W1
16,weeklyreset,03-22,6,SELL,0.05,4395.003,2026-03-23 18:20:00,2026-03-23 19:59:14,99.2,-494,sl 4491.870,L1
16,weeklyreset,03-22,7,SELL,0.05,4423.391,2026-03-23 20:20:00,2026-03-23 23:00:00,160,298,,W1
16,weeklyreset,03-22,8,BUY,0.12,4437.262,2026-03-24 06:08:00,2026-03-24 07:27:21,79.4,-560,sl 4392.109,L1
16,weeklyreset,03-22,9,SELL,0.1,4360.248,2026-03-24 07:39:00,2026-03-24 14:00:38,381.6,-502,sl 4409.446,L2
16,weeklyreset,03-22,10,BUY,0.08,4423.726,2026-03-24 14:11:00,2026-03-24 19:39:38,328.6,-464,sl 4366.866,L3
16,weeklyreset,03-22,11,SELL,0.09,4365.341,2026-03-24 19:40:00,2026-03-24 21:34:39,114.6,-467,sl 4416.243,L4
16,weeklyreset,03-22,12,SELL,0.07,4410.944,2026-03-24 22:01:00,2026-03-24 23:00:00,59,-8,,L5
16,weeklyreset,03-22,13,BUY,0.11,4485.083,2026-03-25 06:00:00,2026-03-25 08:39:14,159.2,997,tp 4589.968,W1
16,weeklyreset,03-22,14,BUY,0.13,4598.356,2026-03-25 08:51:00,2026-03-25 12:21:38,210.6,-487,sl 4561.656,L1
16,weeklyreset,03-22,15,BUY,0.22,4565.268,2026-03-25 12:44:00,2026-03-25 13:09:19,25.3,-473,sl 4544.233,L2
16,weeklyreset,03-22,16,BUY,0.16,4550.757,2026-03-25 13:22:00,2026-03-25 19:31:42,369.7,-463,sl 4522.383,L3
16,weeklyreset,03-22,17,BUY,0.12,4553.344,2026-03-25 19:38:00,2026-03-25 23:00:00,202,69,,W1
16,weeklyreset,03-22,18,SELL,0.11,4509.128,2026-03-26 06:04:00,2026-03-26 23:00:00,1016,813,,W2
16,weeklyreset,03-22,19,SELL,0.13,4397.502,2026-03-27 06:06:00,2026-03-27 09:03:31,177.5,-469,sl 4432.868,L1
16,weeklyreset,03-22,20,BUY,0.15,4436.991,2026-03-27 09:11:00,2026-03-27 18:07:29,536.5,-462,sl 4406.800,L2
16,weeklyreset,03-22,21,SELL,0.18,4408.471,2026-03-27 18:09:00,2026-03-27 19:16:31,67.5,-432,sl 4431.980,L3
16,weeklyreset,03-22,22,BUY,0.15,4429.733,2026-03-27 19:30:00,2026-03-27 21:52:41,142.7,907,tp 4498.981,W1
16,weeklyreset,03-22,23,BUY,0.08,4530.267,2026-03-27 22:14:00,2026-03-27 23:00:00,46,-50,,L1
16,weeklyreset,03-29,1,SELL,0.11,4484.646,2026-03-30 06:00:00,2026-03-30 12:53:38,413.6,-477,sl 4527.117,L1
16,weeklyreset,03-29,2,BUY,0.17,4529.308,2026-03-30 13:10:00,2026-03-30 23:00:00,590,471,,W1
16,weeklyreset,03-29,3,SELL,0.25,4502.777,2026-03-31 06:03:00,2026-03-31 07:02:28,59.5,-501,sl 4522.379,L1
16,weeklyreset,03-29,4,SELL,0.18,4518.147,2026-03-31 07:14:00,2026-03-31 07:46:41,32.7,-480,sl 4544.267,L2
16,weeklyreset,03-29,5,BUY,0.11,4542.583,2026-03-31 07:55:00,2026-03-31 23:00:00,905,811,,W1
16,weeklyreset,03-29,6,BUY,0.13,4680.354,2026-04-01 06:01:00,2026-04-01 22:32:35,991.6,1079,tp 4778.185,W2
16,weeklyreset,03-29,7,BUY,0.14,4779.857,2026-04-01 22:35:00,2026-04-01 23:00:00,25,97,,W3
16,weeklyreset,03-29,8,SELL,0.25,4774.490,2026-04-02 06:01:00,2026-04-02 06:19:30,18.5,-568,sl 4796.629,L1
16,weeklyreset,03-29,9,SELL,0.21,4789.516,2026-04-02 06:38:00,2026-04-02 08:06:42,88.7,1160,tp 4725.624,W1
16,weeklyreset,03-29,10,SELL,0.12,4727.680,2026-04-02 08:20:00,2026-04-02 12:47:39,267.6,1199,tp 4608.898,W2
16,weeklyreset,03-29,11,SELL,0.15,4587.068,2026-04-02 13:02:00,2026-04-02 14:34:27,92.4,-657,sl 4629.931,L1
16,weeklyreset,03-29,12,BUY,0.13,4632.003,2026-04-02 14:35:00,2026-04-02 20:00:39,325.7,-607,sl 4586.287,L2
16,weeklyreset,03-29,13,SELL,0.13,4590.770,2026-04-02 20:14:00,2026-04-02 20:49:30,35.5,-552,sl 4632.353,L3
16,weeklyreset,03-29,14,BUY,0.09,4656.299,2026-04-02 21:12:00,2026-04-02 23:00:00,108,42,,W1
16,weeklyreset,04-05,1,BUY,0.1,4645.881,2026-04-06 06:00:00,2026-04-06 23:00:00,1020,224,,W1
16,weeklyreset,04-05,2,BUY,0.34,4661.086,2026-04-07 06:07:00,2026-04-07 08:00:21,113.4,-529,sl 4646.445,L1
16,weeklyreset,04-05,3,SELL,0.18,4636.246,2026-04-07 08:11:00,2026-04-07 11:42:32,211.5,-492,sl 4663.057,L2
16,weeklyreset,04-05,4,SELL,0.32,4660.229,2026-04-07 12:01:00,2026-04-07 15:20:41,199.7,390,sl 4674.883,W1
16,weeklyreset,04-05,5,SELL,0.16,4681.890,2026-04-07 16:07:00,2026-04-07 23:00:00,413,731,,W2
16,weeklyreset,04-05,6,BUY,0.07,4821.426,2026-04-08 06:21:00,2026-04-08 21:32:34,911.6,-479,sl 4754.978,L1
16,weeklyreset,04-05,7,SELL,0.1,4747.346,2026-04-08 21:54:00,2026-04-08 23:00:00,66,-98,,L2
16,weeklyreset,04-05,8,SELL,0.21,4713.826,2026-04-09 06:02:00,2026-04-09 17:24:38,682.6,-503,sl 4737.293,L3
16,weeklyreset,04-05,9,BUY,0.25,4745.425,2026-04-09 17:51:00,2026-04-09 22:34:41,283.7,982,tp 4791.780,W1
16,weeklyreset,04-05,10,BUY,0.16,4793.974,2026-04-09 22:36:00,2026-04-09 23:00:00,24,-19,,L1
16,weeklyreset,04-05,11,BUY,0.26,4764.348,2026-04-10 06:00:00,2026-04-10 09:21:20,201.3,-523,sl 4745.231,L2
16,weeklyreset,04-05,12,BUY,0.2,4749.303,2026-04-10 09:41:00,2026-04-10 23:00:00,799,450,,W1
16,weeklyreset,04-12,1,BUY,0.13,4659.132,2026-04-13 06:00:00,2026-04-13 23:00:00,1020,884,,W1
16,weeklyreset,04-12,2,SELL,0.35,4758.128,2026-04-14 06:22:00,2026-04-14 07:41:21,79.4,-557,sl 4773.709,L1
16,weeklyreset,04-12,3,BUY,0.23,4775.941,2026-04-14 08:08:00,2026-04-14 17:39:38,571.6,-512,sl 4754.112,L2
16,weeklyreset,04-12,4,BUY,0.21,4770.410,2026-04-14 17:51:00,2026-04-14 23:00:00,309,821,,W1
16,weeklyreset,04-12,5,BUY,0.33,4843.001,2026-04-15 06:07:00,2026-04-15 09:32:15,205.2,-553,sl 4827.147,L1
16,weeklyreset,04-12,6,SELL,0.21,4822.192,2026-04-15 09:56:00,2026-04-15 23:00:00,784,426,,W1
16,weeklyreset,04-12,7,BUY,0.38,4811.726,2026-04-16 06:14:00,2026-04-16 20:52:39,878.6,-128,sl 4797.923,L1
16,weeklyreset,04-12,8,SELL,0.19,4788.428,2026-04-16 21:06:00,2026-04-16 23:00:00,114,-359,,L2
16,weeklyreset,04-12,9,SELL,0.45,4793.713,2026-04-17 06:02:00,2026-04-17 12:00:38,358.6,452,sl 4804.963,W1
16,weeklyreset,04-12,10,BUY,0.53,4804.249,2026-04-17 12:01:00,2026-04-17 12:57:25,56.4,-529,sl 4794.469,L1
16,weeklyreset,04-12,11,SELL,0.36,4795.447,2026-04-17 12:59:00,2026-04-17 18:48:29,349.5,-507,sl 4809.235,L2
16,weeklyreset,04-12,12,SELL,0.29,4800.772,2026-04-17 18:56:00,2026-04-17 19:25:39,29.6,-476,sl 4816.862,L3
16,weeklyreset,04-12,13,BUY,0.23,4820.558,2026-04-17 19:37:00,2026-04-17 20:10:30,33.5,982,tp 4870.424,W1
16,weeklyreset,04-12,14,SELL,0.13,4855.539,2026-04-17 20:22:00,2026-04-17 23:00:00,158,-163,,L1
16,weeklyreset,04-19,1,SELL,0.15,4773.306,2026-04-20 06:16:00,2026-04-20 08:31:26,135.4,-496,sl 4805.742,L1
16,weeklyreset,04-19,2,SELL,0.18,4807.813,2026-04-20 09:00:00,2026-04-20 23:00:00,840,137,,W1
16,weeklyreset,04-19,3,SELL,0.31,4824.381,2026-04-21 06:09:00,2026-04-21 12:52:40,403.7,1060,tp 4783.991,W2
16,weeklyreset,04-19,4,BUY,0.29,4788.423,2026-04-21 13:11:00,2026-04-21 19:30:39,379.7,-538,sl 4770.273,L1
16,weeklyreset,04-19,5,SELL,0.27,4776.184,2026-04-21 19:31:00,2026-04-21 21:47:40,136.7,1104,tp 4727.493,W1
16,weeklyreset,04-19,6,BUY,0.15,4737.332,2026-04-21 21:58:00,2026-04-21 23:00:00,62,62,,W2
16,weeklyreset,04-19,7,BUY,0.36,4721.699,2026-04-22 06:02:00,2026-04-22 10:29:37,267.6,1231,tp 4762.993,W3
16,weeklyreset,04-19,8,SELL,0.51,4759.001,2026-04-22 10:38:00,2026-04-22 12:21:41,103.7,-653,sl 4771.534,L1
16,weeklyreset,04-19,9,BUY,0.43,4767.847,2026-04-22 12:39:00,2026-04-22 15:30:03,171,-606,sl 4754.038,L2
16,weeklyreset,04-19,10,SELL,0.42,4752.495,2026-04-22 15:37:00,2026-04-22 23:00:00,443,1024,,W1
16,weeklyreset,04-19,11,SELL,0.55,4726.131,2026-04-23 06:00:00,2026-04-23 07:15:40,75.7,1355,tp 4696.919,W2
16,weeklyreset,04-19,12,BUY,0.32,4734.364,2026-04-23 07:26:00,2026-04-23 09:08:39,102.6,-678,sl 4713.586,L1
16,weeklyreset,04-19,13,BUY,0.26,4717.986,2026-04-23 09:23:00,2026-04-23 12:30:42,187.7,-654,sl 4693.319,L2
16,weeklyreset,04-19,14,SELL,0.43,4702.205,2026-04-23 12:43:00,2026-04-23 13:01:20,18.3,-632,sl 4716.608,L3
16,weeklyreset,04-19,15,BUY,0.36,4716.675,2026-04-23 13:03:00,2026-04-23 16:02:27,179.5,-591,sl 4700.599,L4
16,weeklyreset,04-19,16,BUY,0.29,4701.422,2026-04-23 16:24:00,2026-04-23 23:00:00,396,854,,W1
16,weeklyreset,04-19,17,BUY,0.45,4695.421,2026-04-24 06:01:00,2026-04-24 09:28:39,207.6,-635,sl 4682.158,L1
16,weeklyreset,04-19,18,BUY,0.27,4689.114,2026-04-24 09:35:00,2026-04-24 10:10:15,35.2,-565,sl 4668.606,L2
16,weeklyreset,04-19,19,SELL,0.27,4669.800,2026-04-24 10:13:00,2026-04-24 14:46:28,273.5,-550,sl 4689.724,L3
16,weeklyreset,04-19,20,BUY,0.33,4693.333,2026-04-24 15:20:00,2026-04-24 17:31:41,131.7,-516,sl 4678.035,L4
16,weeklyreset,04-19,21,SELL,0.33,4677.308,2026-04-24 17:55:00,2026-04-24 18:05:02,10,-504,sl 4692.247,L5
16,weeklyreset,04-19,22,BUY,0.2,4707.615,2026-04-24 18:24:00,2026-04-24 23:00:00,276,388,,W1
16,weeklyreset,04-26,1,BUY,0.29,4684.052,2026-04-27 06:07:00,2026-04-27 10:43:36,276.6,1083,tp 4727.924,W1
16,weeklyreset,04-26,2,SELL,0.47,4726.252,2026-04-27 11:26:00,2026-04-27 20:01:32,515.5,1215,tp 4695.753,W2
16,weeklyreset,04-26,3,BUY,0.34,4697.748,2026-04-27 20:12:00,2026-04-27 21:55:21,103.4,-626,sl 4679.704,L1
16,weeklyreset,04-26,4,SELL,0.25,4673.195,2026-04-27 22:03:00,2026-04-27 23:00:00,57,70,,W1
16,weeklyreset,04-26,5,BUY,0.67,4687.876,2026-04-28 06:01:00,2026-04-28 08:55:41,174.7,-631,sl 4679.224,L1
16,weeklyreset,04-26,6,BUY,0.34,4679.224,2026-04-28 09:18:00,2026-04-28 12:03:37,165.6,-561,sl 4663.113,L2
16,weeklyreset,04-26,7,BUY,0.41,4658.035,2026-04-28 12:21:00,2026-04-28 12:30:40,9.7,-536,sl 4645.232,L3
16,weeklyreset,04-26,8,SELL,0.32,4644.526,2026-04-28 12:35:00,2026-04-28 17:58:35,323.6,1087,tp 4604.621,W1
16,weeklyreset,04-26,9,SELL,0.3,4602.824,2026-04-28 18:09:00,2026-04-28 19:01:42,52.7,1229,tp 4554.986,W2
16,weeklyreset,04-26,10,BUY,0.21,4575.554,2026-04-28 19:12:00,2026-04-28 23:00:00,228,229,,W3
16,weeklyreset,04-26,11,SELL,0.75,4591.470,2026-04-29 06:06:00,2026-04-29 07:00:38,54.6,-659,sl 4600.053,L1
16,weeklyreset,04-26,12,SELL,0.49,4601.447,2026-04-29 07:21:00,2026-04-29 14:26:42,425.7,1299,tp 4570.036,W1
16,weeklyreset,04-26,13,SELL,0.35,4570.740,2026-04-29 14:43:00,2026-04-29 20:40:38,357.6,1492,tp 4520.646,W2
16,weeklyreset,04-26,14,BUY,0.24,4521.039,2026-04-29 20:55:00,2026-04-29 23:00:00,125,643,,W3
16,weeklyreset,04-26,15,BUY,0.63,4552.894,2026-04-30 06:02:00,2026-04-30 11:35:15,333.2,612,sl 4540.875,W4
16,weeklyreset,04-26,16,SELL,0.54,4542.823,2026-04-30 11:59:00,2026-04-30 12:24:27,25.4,-821,sl 4557.695,L1
16,weeklyreset,04-26,17,BUY,0.48,4561.148,2026-04-30 12:33:00,2026-04-30 14:56:39,143.6,1619,tp 4601.253,W1
16,weeklyreset,04-26,18,BUY,0.37,4627.028,2026-04-30 15:05:00,2026-04-30 23:00:00,475,-437,,L1
16,weeklyreset,04-26,19,SELL,0.69,4628.962,2026-05-01 06:04:00,2026-05-01 13:19:15,435.2,1784,tp 4598.468,W1
16,weeklyreset,04-26,20,SELL,0.63,4594.693,2026-05-01 13:28:00,2026-05-01 20:41:15,433.2,867,sl 4609.211,W2
16,weeklyreset,04-26,21,BUY,0.38,4615.118,2026-05-01 20:54:00,2026-05-01 23:00:00,126,1265,,W3
16,weeklyreset,05-03,1,SELL,0.27,4615.058,2026-05-04 06:11:00,2026-05-04 17:02:31,651.5,1072,tp 4567.859,W1
16,weeklyreset,05-03,2,BUY,0.21,4557.887,2026-05-04 17:35:00,2026-05-04 22:20:43,285.7,-564,sl 4531.580,L1
16,weeklyreset,05-03,3,SELL,0.13,4527.006,2026-05-04 22:49:00,2026-05-04 23:00:00,11,70,,W1
16,weeklyreset,05-03,4,BUY,0.49,4518.125,2026-05-05 06:03:00,2026-05-05 09:43:30,220.5,1085,tp 4545.028,W2
16,weeklyreset,05-03,5,BUY,0.41,4546.457,2026-05-05 09:49:00,2026-05-05 10:58:14,69.2,-588,sl 4532.436,L1
16,weeklyreset,05-03,6,SELL,0.56,4530.432,2026-05-05 11:21:00,2026-05-05 12:07:23,46.4,-573,sl 4540.471,L2
16,weeklyreset,05-03,7,SELL,0.43,4539.340,2026-05-05 12:17:00,2026-05-05 12:42:38,25.6,-543,sl 4551.685,L3
16,weeklyreset,05-03,8,BUY,0.31,4546.691,2026-05-05 13:04:00,2026-05-05 23:00:00,596,869,,W1
16,weeklyreset,05-03,9,BUY,0.37,4572.961,2026-05-06 06:01:00,2026-05-06 07:41:36,100.6,1161,tp 4610.694,W2
16,weeklyreset,05-03,10,BUY,0.33,4618.290,2026-05-06 07:59:00,2026-05-06 13:00:57,302,1282,tp 4664.467,W3
16,weeklyreset,05-03,11,BUY,0.37,4666.596,2026-05-06 13:27:00,2026-05-06 17:41:01,254,1437,tp 4712.558,W4
16,weeklyreset,05-03,12,SELL,0.32,4712.325,2026-05-06 18:04:00,2026-05-06 23:00:00,296,1204,,W5
16,weeklyreset,05-03,13,SELL,0.65,4694.255,2026-05-07 06:14:00,2026-05-07 08:11:28,117.5,-823,sl 4706.656,L1
16,weeklyreset,05-03,14,SELL,0.35,4704.757,2026-05-07 08:27:00,2026-05-07 13:31:41,304.7,-779,sl 4726.541,L2
16,weeklyreset,05-03,15,SELL,0.34,4736.727,2026-05-07 13:55:00,2026-05-07 20:34:13,399.2,-739,sl 4758.037,L3
16,weeklyreset,05-03,16,SELL,0.25,4743.628,2026-05-07 20:49:00,2026-05-07 23:00:00,131,358,,W1
16,weeklyreset,05-03,17,BUY,0.27,4689.425,2026-05-08 06:04:00,2026-05-08 23:00:00,1016,1062,,W2
16,weeklyreset,05-10,1,SELL,0.23,4692.135,2026-05-11 06:11:00,2026-05-11 20:06:31,835.5,-75,sl 4713.799,L1
16,weeklyreset,05-10,2,BUY,0.16,4739.016,2026-05-11 20:39:00,2026-05-11 23:00:00,141,-110,,L2
16,weeklyreset,05-10,3,BUY,0.35,4753.767,2026-05-12 06:09:00,2026-05-12 08:26:13,137.2,-509,sl 4740.061,L3
16,weeklyreset,05-10,4,SELL,0.17,4730.308,2026-05-12 08:37:00,2026-05-12 22:18:29,821.5,1011,tp 4661.192,W1
16,weeklyreset,05-10,5,BUY,0.16,4663.101,2026-05-12 22:35:00,2026-05-12 23:00:00,25,46,,W2
16,weeklyreset,05-10,6,BUY,0.36,4720.443,2026-05-13 06:08:00,2026-05-13 08:17:37,129.6,-538,sl 4706.404,L1
16,weeklyreset,05-10,7,SELL,0.24,4704.523,2026-05-13 08:30:00,2026-05-13 23:00:00,870,212,,W1
16,weeklyreset,05-10,8,BUY,0.5,4701.896,2026-05-14 06:11:00,2026-05-14 07:03:30,52.5,-595,sl 4691.976,L1
16,weeklyreset,05-10,9,BUY,0.41,4697.409,2026-05-14 07:13:00,2026-05-14 08:13:38,60.6,-480,sl 4685.964,L2
16,weeklyreset,05-10,10,SELL,0.19,4688.953,2026-05-14 08:40:00,2026-05-14 11:36:39,176.6,-455,sl 4712.386,L3
16,weeklyreset,05-10,11,SELL,0.22,4701.046,2026-05-14 12:03:00,2026-05-14 23:00:00,657,333,,W1
16,weeklyreset,05-10,12,SELL,0.39,4661.203,2026-05-15 06:10:00,2026-05-15 07:25:38,75.6,961,tp 4631.882,W2
16,weeklyreset,05-10,13,BUY,0.17,4626.498,2026-05-15 07:48:00,2026-05-15 12:07:27,259.4,-491,sl 4598.169,L1
16,weeklyreset,05-10,14,SELL,0.23,4582.145,2026-05-15 12:21:00,2026-05-15 20:37:38,496.6,1008,tp 4530.847,W1
16,weeklyreset,05-10,15,BUY,0.15,4534.678,2026-05-15 20:55:00,2026-05-15 23:00:00,125,76,,W2
16,weeklyreset,05-17,1,SELL,0.22,4541.927,2026-05-18 06:07:00,2026-05-18 07:44:39,97.6,1120,tp 4481.920,W1
16,weeklyreset,05-17,2,BUY,0.14,4516.065,2026-05-18 08:00:00,2026-05-18 23:00:00,900,388,,W2
16,weeklyreset,05-17,3,BUY,0.48,4582.304,2026-05-19 06:13:00,2026-05-19 07:28:37,75.6,-613,sl 4570.418,L1
16,weeklyreset,05-17,4,SELL,0.27,4574.466,2026-05-19 07:36:00,2026-05-19 20:04:39,748.6,1144,tp 4524.032,W1
16,weeklyreset,05-17,5,SELL,0.24,4517.307,2026-05-19 20:20:00,2026-05-19 23:00:00,160,853,,W2
16,weeklyreset,05-17,6,BUY,0.5,4483.629,2026-05-20 06:05:00,2026-05-20 08:30:38,145.6,-106,sl 4470.798,L1
16,weeklyreset,05-17,7,BUY,0.19,4483.098,2026-05-20 08:51:00,2026-05-20 23:00:00,849,1088,,W1
16,weeklyreset,05-17,8,BUY,0.56,4541.722,2026-05-21 06:07:00,2026-05-21 10:53:30,286.5,532,sl 4529.488,W2
16,weeklyreset,05-17,9,BUY,0.46,4533.596,2026-05-21 11:06:00,2026-05-21 14:15:34,189.6,-735,sl 4517.950,L1
16,weeklyreset,05-17,10,SELL,0.34,4518.925,2026-05-21 14:16:00,2026-05-21 16:13:27,117.4,-689,sl 4538.771,L2
16,weeklyreset,05-17,11,SELL,0.34,4535.954,2026-05-21 16:27:00,2026-05-21 23:00:00,393,1106,,W1
16,weeklyreset,05-17,12,SELL,0.78,4540.371,2026-05-22 06:22:00,2026-05-22 12:56:37,394.6,1532,tp 4517.001,W2
16,weeklyreset,05-17,13,BUY,0.41,4523.071,2026-05-22 13:25:00,2026-05-22 21:01:15,456.2,-787,sl 4504.249,L1
16,weeklyreset,05-17,14,SELL,0.32,4507.407,2026-05-22 21:02:00,2026-05-22 23:00:00,118,-426,,L2
16,weeklyreset,05-24,1,BUY,0.24,4567.528,2026-05-25 06:01:00,2026-05-25 23:00:00,1019,84,,W1
16,weeklyreset,05-24,2,BUY,0.52,4576.376,2026-05-26 06:10:00,2026-05-26 06:31:21,21.4,-509,sl 4566.816,L1
16,weeklyreset,05-24,3,SELL,0.27,4544.848,2026-05-26 07:21:00,2026-05-26 23:00:00,939,971,,W1
16,weeklyreset,05-24,4,SELL,0.3,4509.429,2026-05-27 06:13:00,2026-05-27 06:44:40,31.7,-536,sl 4526.891,L1
16,weeklyreset,05-24,5,SELL,0.32,4518.969,2026-05-27 06:59:00,2026-05-27 13:31:40,392.7,1051,tp 4480.297,W1
16,weeklyreset,05-24,6,SELL,0.27,4482.706,2026-05-27 13:32:00,2026-05-27 18:57:38,325.6,1193,tp 4430.128,W2
16,weeklyreset,05-24,7,SELL,0.23,4430.290,2026-05-27 19:15:00,2026-05-27 19:21:41,6.7,-624,sl 4456.848,L1
16,weeklyreset,05-24,8,SELL,0.18,4445.311,2026-05-27 19:48:00,2026-05-27 23:00:00,192,156,,W1
16,weeklyreset,05-24,9,SELL,0.45,4451.905,2026-05-28 06:09:00,2026-05-28 08:27:03,138,1257,tp 4418.680,W2
16,weeklyreset,05-24,10,SELL,0.28,4419.164,2026-05-28 08:43:00,2026-05-28 21:09:42,746.7,574,sl 4442.134,W3
16,weeklyreset,05-24,11,SELL,0.18,4457.822,2026-05-28 21:36:00,2026-05-28 23:00:00,84,-457,,L1
16,weeklyreset,05-24,12,BUY,0.69,4496.704,2026-05-29 06:18:00,2026-05-29 13:00:42,402.7,1430,tp 4521.795,W1
16,weeklyreset,05-24,13,BUY,0.49,4520.339,2026-05-29 13:03:00,2026-05-29 21:52:39,529.6,1569,tp 4558.282,W2
16,weeklyreset,05-24,14,BUY,0.25,4575.707,2026-05-29 22:04:00,2026-05-29 23:00:00,56,-113,,L1
16,weeklyreset,05-31,1,BUY,0.28,4542.614,2026-06-01 06:15:00,2026-06-01 08:56:55,161.9,-497,sl 4525.230,L1
16,weeklyreset,05-31,2,SELL,0.23,4525.291,2026-06-01 08:58:00,2026-06-01 20:12:41,674.7,1000,tp 4474.362,W1
16,weeklyreset,05-31,3,SELL,0.19,4478.018,2026-06-01 20:21:00,2026-06-01 23:00:00,159,68,,W2
16,weeklyreset,05-31,4,SELL,0.53,4485.338,2026-06-02 06:10:00,2026-06-02 07:32:27,82.4,-551,sl 4495.507,L1
16,weeklyreset,05-31,5,SELL,0.33,4486.070,2026-06-02 07:44:00,2026-06-02 11:01:38,197.6,-511,sl 4501.210,L2
16,weeklyreset,05-31,6,BUY,0.29,4505.174,2026-06-02 11:12:00,2026-06-02 23:00:00,708,532,,W1
16,weeklyreset,05-31,7,BUY,0.24,4472.146,2026-06-03 06:48:00,2026-06-03 15:00:38,492.6,-512,sl 4451.834,L1
16,weeklyreset,05-31,8,SELL,0.25,4453.886,2026-06-03 15:20:00,2026-06-03 23:00:00,460,292,,W1
16,weeklyreset,05-31,9,BUY,0.28,4449.712,2026-06-04 06:25:00,2026-06-04 18:46:19,741.3,1013,tp 4494.503,W2
16,weeklyreset,05-31,10,BUY,0.29,4497.154,2026-06-04 18:47:00,2026-06-04 21:38:38,171.6,-537,sl 4479.005,L1
16,weeklyreset,05-31,11,BUY,0.18,4470.488,2026-06-04 22:05:00,2026-06-04 23:00:00,55,122,,W1
16,weeklyreset,05-31,12,SELL,0.39,4468.521,2026-06-05 06:21:00,2026-06-05 13:15:38,414.6,1119,tp 4434.399,W2
16,weeklyreset,05-31,13,SELL,0.34,4432.389,2026-06-05 13:17:00,2026-06-05 13:36:31,19.5,-587,sl 4449.275,L1
16,weeklyreset,05-31,14,BUY,0.27,4454.844,2026-06-05 13:49:00,2026-06-05 19:50:41,361.7,-549,sl 4434.934,L2
16,weeklyreset,05-31,15,SELL,0.22,4437.270,2026-06-05 19:51:00,2026-06-05 20:56:42,65.7,1114,tp 4377.515,W1
16,weeklyreset,05-31,16,SELL,0.13,4379.138,2026-06-05 20:57:00,2026-06-05 23:00:00,123,564,,W2
16,weeklyreset,06-07,1,BUY,0.18,4326.678,2026-06-08 06:11:00,2026-06-08 12:34:18,383.3,-503,sl 4299.316,L1
16,weeklyreset,06-07,2,SELL,0.19,4288.029,2026-06-08 12:46:00,2026-06-08 14:24:29,98.5,-483,sl 4312.943,L2
16,weeklyreset,06-07,3,SELL,0.17,4306.458,2026-06-08 14:38:00,2026-06-08 18:32:40,234.7,-457,sl 4332.791,L3
16,weeklyreset,06-07,4,BUY,0.16,4327.186,2026-06-08 18:53:00,2026-06-08 23:00:00,247,230,,W1
16,weeklyreset,06-07,5,SELL,0.48,4326.407,2026-06-09 06:06:00,2026-06-09 08:28:42,142.7,-455,sl 4335.673,L1
16,weeklyreset,06-07,6,BUY,0.2,4334.786,2026-06-09 08:56:00,2026-06-09 21:17:21,741.4,-422,sl 4314.120,L2
16,weeklyreset,06-07,7,BUY,0.12,4322.764,2026-06-09 21:26:00,2026-06-09 21:44:32,18.5,-377,sl 4291.953,L3
16,weeklyreset,06-07,8,SELL,0.1,4286.869,2026-06-09 22:24:00,2026-06-09 23:00:00,36,143,,W1
16,weeklyreset,06-07,9,BUY,0.22,4245.999,2026-06-10 06:04:00,2026-06-10 06:18:02,14,-386,sl 4228.815,L1
16,weeklyreset,06-07,10,SELL,0.17,4225.198,2026-06-10 06:26:00,2026-06-10 15:03:27,517.4,772,tp 4172.374,W1
16,weeklyreset,06-07,11,SELL,0.18,4166.694,2026-06-10 15:04:00,2026-06-10 22:48:42,464.7,860,tp 4109.872,W2
16,weeklyreset,06-07,12,SELL,0.11,4118.017,2026-06-10 22:50:00,2026-06-10 23:00:00,10,-122,,L1
16,weeklyreset,06-07,13,SELL,0.15,4043.730,2026-06-11 06:09:00,2026-06-11 07:33:32,84.5,-449,sl 4073.040,L2
16,weeklyreset,06-07,14,BUY,0.09,4072.927,2026-06-11 07:43:00,2026-06-11 23:00:00,917,142,,W1
16,weeklyreset,06-07,15,SELL,0.16,4221.594,2026-06-12 06:23:00,2026-06-12 23:00:00,997,349,,W2
16,weeklyreset,06-14,1,SELL,0.16,4285.495,2026-06-15 06:00:00,2026-06-15 08:38:13,158.2,-505,sl 4316.419,L1
16,weeklyreset,06-14,2,BUY,0.17,4321.471,2026-06-15 09:03:00,2026-06-15 23:00:00,837,593,,W1
16,weeklyreset,06-14,3,BUY,0.39,4315.433,2026-06-16 06:05:00,2026-06-16 16:09:40,604.7,1053,tp 4348.188,W2
16,weeklyreset,06-14,4,SELL,0.39,4343.455,2026-06-16 16:19:00,2026-06-16 23:00:00,401,807,,W3
16,weeklyreset,06-14,5,SELL,0.65,4334.145,2026-06-17 06:03:00,2026-06-17 08:03:42,120.7,-628,sl 4343.584,L1
16,weeklyreset,06-14,6,SELL,0.37,4345.699,2026-06-17 08:17:00,2026-06-17 21:24:40,787.7,-58,sl 4361.094,L2
16,weeklyreset,06-14,7,SELL,0.25,4352.288,2026-06-17 21:38:00,2026-06-17 23:00:00,82,-289,,L3
16,weeklyreset,06-14,8,SELL,0.3,4265.238,2026-06-18 06:01:00,2026-06-18 06:23:14,22.2,-560,sl 4283.522,L4
16,weeklyreset,06-14,9,BUY,0.28,4281.536,2026-06-18 06:24:00,2026-06-18 08:03:43,99.7,1048,tp 4327.860,W1
16,weeklyreset,06-14,10,BUY,0.2,4326.734,2026-06-18 08:14:00,2026-06-18 13:07:38,293.6,-568,sl 4298.935,L1
16,weeklyreset,06-14,11,SELL,0.3,4298.421,2026-06-18 13:08:00,2026-06-18 18:01:29,293.5,1193,tp 4252.039,W1
16,weeklyreset,06-14,12,SELL,0.33,4243.278,2026-06-18 18:11:00,2026-06-18 19:20:28,69.5,-625,sl 4261.844,L1
16,weeklyreset,06-14,13,SELL,0.24,4254.715,2026-06-18 19:28:00,2026-06-18 23:00:00,212,666,,W1
16,weeklyreset,06-14,14,SELL,0.44,4195.907,2026-06-19 06:17:00,2026-06-19 10:42:35,265.6,1357,tp 4159.571,W2
16,weeklyreset,06-14,15,SELL,0.43,4158.637,2026-06-19 10:43:00,2026-06-19 15:23:30,280.5,622,sl 4174.521,W3
16,weeklyreset,06-14,16,SELL,0.39,4167.547,2026-06-19 15:41:00,2026-06-19 23:00:00,439,639,,W4
16,weeklyreset,06-21,1,SELL,0.3,4155.852,2026-06-22 06:16:00,2026-06-22 07:36:13,80.2,-510,sl 4172.529,L1
16,weeklyreset,06-21,2,BUY,0.18,4175.154,2026-06-22 07:44:00,2026-06-22 23:00:00,916,135,,W1
16,weeklyreset,06-21,3,BUY,0.58,4192.528,2026-06-23 06:03:00,2026-06-23 07:08:26,65.4,-521,sl 4184.308,L1
16,weeklyreset,06-21,4,BUY,0.35,4185.239,2026-06-23 07:33:00,2026-06-23 08:19:42,46.7,-464,sl 4172.263,L2
16,weeklyreset,06-21,5,SELL,0.2,4169.365,2026-06-23 08:35:00,2026-06-23 13:10:30,275.5,967,tp 4112.976,W1
16,weeklyreset,06-21,6,BUY,0.16,4122.923,2026-06-23 13:19:00,2026-06-23 15:02:41,103.7,-469,sl 4094.205,L1
16,weeklyreset,06-21,7,BUY,0.18,4099.626,2026-06-23 15:23:00,2026-06-23 23:00:00,457,735,,W1
16,weeklyreset,06-21,8,SELL,0.32,4102.420,2026-06-24 06:02:00,2026-06-24 09:38:39,216.6,1080,tp 4062.751,W2
16,weeklyreset,06-21,9,SELL,0.19,4062.820,2026-06-24 09:39:00,2026-06-24 13:08:14,209.2,-554,sl 4091.394,L1
16,weeklyreset,06-21,10,SELL,0.22,4086.535,2026-06-24 13:19:00,2026-06-24 19:25:10,366.2,1110,tp 4027.056,W1
16,weeklyreset,06-21,11,SELL,0.19,4008.968,2026-06-24 19:26:00,2026-06-24 20:57:38,91.6,-582,sl 4038.991,L1
16,weeklyreset,06-21,12,SELL,0.1,4016.824,2026-06-24 21:16:00,2026-06-24 23:00:00,104,140,,W1
16,weeklyreset,06-21,13,SELL,0.37,3992.144,2026-06-25 06:09:00,2026-06-25 06:34:32,25.5,-571,sl 4007.213,L1
16,weeklyreset,06-21,14,BUY,0.28,4013.933,2026-06-25 07:07:00,2026-06-25 07:27:41,20.7,-530,sl 3995.402,L2
16,weeklyreset,06-21,15,SELL,0.21,3979.872,2026-06-25 07:49:00,2026-06-25 08:02:38,13.6,-510,sl 4003.669,L3
16,weeklyreset,06-21,16,BUY,0.14,3999.343,2026-06-25 08:21:00,2026-06-25 09:08:29,47.5,-451,sl 3967.762,L4
16,weeklyreset,06-21,17,BUY,0.12,3975.613,2026-06-25 09:19:00,2026-06-25 23:00:00,821,785,,W1
16,weeklyreset,06-21,18,SELL,0.31,4022.902,2026-06-26 06:10:00,2026-06-26 09:55:43,225.7,1040,tp 3983.209,W2
16,weeklyreset,06-21,19,SELL,0.24,3983.990,2026-06-26 09:56:00,2026-06-26 10:55:40,59.7,-550,sl 4006.439,L1
16,weeklyreset,06-21,20,SELL,0.25,3999.952,2026-06-26 11:07:00,2026-06-26 12:30:13,83.2,-529,sl 4020.677,L2
16,weeklyreset,06-21,21,SELL,0.27,4007.816,2026-06-26 12:47:00,2026-06-26 13:32:29,45.5,-489,sl 4025.554,L3
16,weeklyreset,06-21,22,BUY,0.2,4025.860,2026-06-26 13:49:00,2026-06-26 21:12:40,443.7,996,tp 4084.016,W1
16,weeklyreset,06-21,23,SELL,0.15,4083.591,2026-06-26 21:33:00,2026-06-26 23:00:00,87,-109,,L1
16,weeklyreset,06-28,1,SELL,0.19,4063.021,2026-06-29 06:16:00,2026-06-29 23:00:00,1004,873,,W1
16,weeklyreset,06-28,2,BUY,0.47,4019.114,2026-06-30 06:06:00,2026-06-30 07:03:41,57.7,-578,sl 4007.641,L1
16,weeklyreset,06-28,3,SELL,0.36,4005.803,2026-06-30 07:20:00,2026-06-30 08:06:32,46.5,1132,tp 3968.381,W1
16,weeklyreset,06-28,4,SELL,0.23,3945.162,2026-06-30 08:08:00,2026-06-30 08:10:17,2.3,-568,sl 3969.378,L1
16,weeklyreset,06-28,5,BUY,0.17,3973.824,2026-06-30 08:21:00,2026-06-30 21:23:21,782.4,1192,tp 4055.359,W1
16,weeklyreset,06-28,6,SELL,0.19,4051.742,2026-06-30 21:37:00,2026-06-30 23:00:00,83,418,,W2
16,weeklyreset,06-28,7,BUY,0.52,4018.288,2026-07-01 06:08:00,2026-07-01 06:46:40,38.7,-627,sl 4006.503,L1
16,weeklyreset,06-28,8,SELL,0.52,4007.546,2026-07-01 06:50:00,2026-07-01 08:17:31,87.5,1304,tp 3977.840,W1
16,weeklyreset,06-28,9,BUY,0.34,3984.183,2026-07-01 08:23:00,2026-07-01 13:07:39,284.7,-665,sl 3965.026,L1
16,weeklyreset,06-28,10,BUY,0.35,3968.288,2026-07-01 13:21:00,2026-07-01 18:10:40,289.7,1338,tp 4013.301,W1
16,weeklyreset,06-28,11,BUY,0.42,4022.959,2026-07-01 18:20:00,2026-07-01 20:38:39,138.6,1501,tp 4064.875,W2
16,weeklyreset,06-28,12,BUY,0.17,4094.460,2026-07-01 21:10:00,2026-07-01 23:00:00,110,-229,,L1
16,weeklyreset,06-28,13,BUY,0.62,4045.142,2026-07-02 06:00:00,2026-07-02 07:00:38,60.6,-874,sl 4033.056,L2
16,weeklyreset,06-28,14,SELL,0.64,4033.400,2026-07-02 07:02:00,2026-07-02 07:12:37,10.6,-736,sl 4044.642,L3
16,weeklyreset,06-28,15,BUY,0.46,4043.591,2026-07-02 07:24:00,2026-07-02 19:30:20,726.3,1458,tp 4081.067,W1
16,weeklyreset,06-28,16,BUY,0.25,4133.640,2026-07-02 19:38:00,2026-07-02 23:00:00,202,-132,,L1
16,weeklyreset,06-28,17,BUY,0.79,4125.402,2026-07-03 06:05:00,2026-07-03 07:51:42,106.7,1453,tp 4147.950,W1
16,weeklyreset,06-28,18,BUY,0.3,4179.777,2026-07-03 08:20:00,2026-07-03 23:00:00,880,-456,,L1
16,weeklyreset,07-05,1,BUY,0.29,4188.541,2026-07-06 06:00:00,2026-07-06 07:01:41,61.7,-509,sl 4171.353,L1
16,weeklyreset,07-05,2,SELL,0.23,4173.958,2026-07-06 07:02:00,2026-07-06 08:34:33,92.6,-486,sl 4194.659,L2
16,weeklyreset,07-05,3,SELL,0.15,4187.607,2026-07-06 08:59:00,2026-07-06 23:00:00,841,643,,W1
16,weeklyreset,07-05,4,SELL,0.67,4163.221,2026-07-07 06:09:00,2026-07-07 08:00:28,111.5,1069,tp 4144.297,W2
16,weeklyreset,07-05,5,SELL,0.33,4145.168,2026-07-07 08:01:00,2026-07-07 19:06:30,665.5,-540,sl 4161.194,L1
16,weeklyreset,07-05,6,SELL,0.27,4166.347,2026-07-07 19:23:00,2026-07-07 23:00:00,217,734,,W1
16,weeklyreset,07-05,7,BUY,0.36,4105.690,2026-07-08 06:08:00,2026-07-08 15:17:40,549.7,-53,sl 4090.654,L1
16,weeklyreset,07-05,8,SELL,0.23,4087.908,2026-07-08 15:26:00,2026-07-08 22:24:40,418.7,1197,tp 4027.038,W1
16,weeklyreset,07-05,9,BUY,0.19,4031.127,2026-07-08 22:39:00,2026-07-08 23:00:00,21,57,,W2
16,weeklyreset,07-05,10,BUY,0.51,4077.228,2026-07-09 06:15:00,2026-07-09 08:04:42,109.7,-703,sl 4065.442,L1
16,weeklyreset,07-05,11,BUY,0.27,4075.497,2026-07-09 08:12:00,2026-07-09 10:18:41,126.7,-582,sl 4054.431,L2
16,weeklyreset,07-05,12,SELL,0.33,4055.857,2026-07-09 10:19:00,2026-07-09 12:11:30,112.5,-556,sl 4072.346,L3
16,weeklyreset,07-05,13,SELL,0.35,4067.391,2026-07-09 12:21:00,2026-07-09 12:51:38,30.6,-532,sl 4082.285,L4
16,weeklyreset,07-05,14,BUY,0.23,4094.154,2026-07-09 13:16:00,2026-07-09 23:00:00,584,796,,W1
16,weeklyreset,07-05,15,SELL,0.66,4121.379,2026-07-10 06:32:00,2026-07-10 08:00:32,88.5,-552,sl 4129.564,L1
16,weeklyreset,07-05,16,SELL,0.33,4120.214,2026-07-10 08:07:00,2026-07-10 21:33:03,806.1,1095,tp 4080.732,W1
16,weeklyreset,07-05,17,SELL,0.21,4087.976,2026-07-10 21:34:00,2026-07-10 23:00:00,86,-540,,L1
16,weeklyreset,07-12,1,SELL,0.23,4072.807,2026-07-13 06:01:00,2026-07-13 21:16:39,915.6,1106,tp 4016.572,W1
16,weeklyreset,07-12,2,SELL,0.2,4013.434,2026-07-13 21:17:00,2026-07-13 23:00:00,103,-54,,L1
16,weeklyreset,07-12,3,SELL,0.58,4000.226,2026-07-14 06:15:00,2026-07-14 08:58:30,163.5,-573,sl 4009.888,L2
16,weeklyreset,07-12,4,BUY,0.22,4012.022,2026-07-14 09:10:00,2026-07-14 19:30:37,620.6,1093,tp 4070.462,W1
16,weeklyreset,07-12,5,BUY,0.26,4088.684,2026-07-14 19:31:00,2026-07-14 22:42:42,191.7,-584,sl 4066.683,L1
16,weeklyreset,07-12,6,SELL,0.2,4068.872,2026-07-14 22:53:00,2026-07-14 23:00:00,7,44,,W1
16,weeklyreset,07-12,7,SELL,0.62,4047.455,2026-07-15 06:13:00,2026-07-15 06:35:40,22.7,-572,sl 4056.489,L1
16,weeklyreset,07-12,8,BUY,0.55,4055.142,2026-07-15 06:45:00,2026-07-15 08:35:39,110.6,-557,sl 4045.792,L2
16,weeklyreset,07-12,9,SELL,0.27,4035.824,2026-07-15 09:01:00,2026-07-15 19:33:14,632.2,-511,sl 4054.382,L3
16,weeklyreset,07-12,10,BUY,0.26,4062.588,2026-07-15 19:48:00,2026-07-15 22:14:38,146.6,-477,sl 4044.623,L4
16,weeklyreset,07-12,11,BUY,0.22,4047.939,2026-07-15 22:29:00,2026-07-15 23:00:00,31,-24,,L5
16,weeklyreset,07-12,12,BUY,0.48,4061.085,2026-07-16 06:08:00,2026-07-16 07:55:39,107.6,-535,sl 4051.886,L6
16,weeklyreset,07-12,13,SELL,0.24,4036.102,2026-07-16 08:29:00,2026-07-16 19:58:05,689.1,901,tp 3991.465,W1
16,weeklyreset,07-12,14,SELL,0.14,3994.376,2026-07-16 19:59:00,2026-07-16 23:00:00,181,-182,,L1
16,weeklyreset,07-12,15,BUY,0.49,3979.067,2026-07-17 06:09:00,2026-07-17 10:19:40,250.7,937,tp 4002.412,W1
16,weeklyreset,07-12,16,SELL,0.26,3999.383,2026-07-17 10:32:00,2026-07-17 22:47:41,735.7,-69,sl 4018.472,L1
16,weeklyreset,07-19,1,SELL,0.32,3994.967,2026-07-20 06:00:00,2026-07-20 08:00:32,120.5,-512,sl 4010.627,L1
16,weeklyreset,07-19,2,BUY,0.22,4009.261,2026-07-20 08:01:00,2026-07-20 23:00:00,899,56,,W1
16,weeklyreset,07-19,3,BUY,0.43,4004.576,2026-07-21 06:04:00,2026-07-21 08:19:29,135.5,980,tp 4032.236,W2
16,weeklyreset,07-19,4,SELL,0.26,4025.752,2026-07-21 08:39:00,2026-07-21 10:26:30,107.5,-536,sl 4045.913,L1
16,weeklyreset,07-19,5,BUY,0.29,4047.712,2026-07-21 10:27:00,2026-07-21 23:00:00,753,884,,W1
16,weeklyreset,07-19,6,BUY,0.59,4081.569,2026-07-22 06:16:00,2026-07-22 08:00:32,104.5,1118,tp 4104.643,W2
16,weeklyreset,07-19,7,BUY,0.34,4107.913,2026-07-22 08:01:00,2026-07-22 20:59:27,778.4,1312,tp 4153.531,W3
16,weeklyreset,07-19,8,BUY,0.28,4155.818,2026-07-22 21:01:00,2026-07-22 23:00:00,119,94,,W4
16,weeklyreset,07-19,9,SELL,0.36,4120.095,2026-07-23 06:02:00,2026-07-23 08:00:41,118.7,-677,sl 4138.532,L1
16,weeklyreset,07-19,10,BUY,0.41,4137.683,2026-07-23 08:01:00,2026-07-23 08:44:38,43.6,-641,sl 4122.386,L2
16,weeklyreset,07-19,11,SELL,0.3,4118.350,2026-07-23 08:54:00,2026-07-23 19:37:29,643.5,1336,tp 4066.403,W1
16,weeklyreset,07-19,12,SELL,0.3,4063.566,2026-07-23 19:49:00,2026-07-23 23:00:00,191,440,,W2
16,weeklyreset,07-19,13,SELL,1.19,4049.032,2026-07-24 06:06:00,2026-07-24 09:48:27,222.4,1469,tp 4034.373,W3
16,weeklyreset,07-19,14,BUY,0.48,4027.679,2026-07-24 10:07:00,2026-07-24 20:59:42,652.7,1648,tp 4068.522,W4
16,weeklyreset,07-19,15,SELL,0.41,4057.176,2026-07-24 21:19:00,2026-07-24 22:15:39,56.6,-875,sl 4078.097,L1
16,weeklyreset,07-19,16,BUY,0.37,4077.921,2026-07-24 22:40:00,2026-07-24 23:00:00,20,-13,,L2
16,weeklyreset,07-26,1,SELL,0.3,4087.706,2026-07-27 06:04:00,2026-07-27 07:02:16,58.3,-507,sl 4104.265,L1
16,weeklyreset,07-26,2,BUY,0.38,4103.112,2026-07-27 07:03:00,2026-07-27 07:27:42,24.7,-478,sl 4090.795,L2
16,weeklyreset,07-26,3,BUY,0.22,4109.569,2026-07-27 07:51:00,2026-07-27 10:10:38,139.6,-442,sl 4089.869,L3
16,weeklyreset,07-26,4,SELL,0.31,4091.637,2026-07-27 10:12:00,2026-07-27 14:21:40,249.7,-434,sl 4105.350,L4
16,weeklyreset,07-26,5,SELL,0.31,4102.832,2026-07-27 14:32:00,2026-07-27 21:28:30,416.5,879,tp 4069.317,W1
16,weeklyreset,07-26,6,BUY,0.18,4071.996,2026-07-27 21:48:00,2026-07-27 23:00:00,72,117,,W2
16,weeklyreset,07-26,7,SELL,0.58,4072.658,2026-07-28 06:03:00,2026-07-28 08:20:40,137.7,982,tp 4052.585,W3
16,weeklyreset,07-26,8,SELL,0.29,4052.045,2026-07-28 08:21:00,2026-07-28 23:00:00,879,680,,W4
16,weeklyreset,07-26,9,BUY,0.49,4019.170,2026-07-29 06:09:00,2026-07-29 14:21:40,492.7,1117,tp 4046.885,W5
16,weeklyreset,07-26,10,BUY,0.51,4047.229,2026-07-29 14:23:00,2026-07-29 16:14:12,111.2,-608,sl 4035.549,L1
16,weeklyreset,07-26,11,SELL,0.58,4036.333,2026-07-29 16:15:00,2026-07-29 19:30:04,195.1,1231,tp 4011.182,W1
16,weeklyreset,07-26,12,SELL,0.38,4017.965,2026-07-29 20:06:00,2026-07-29 23:00:00,174,304,,W2
16,weeklyreset,07-26,13,BUY,0.37,4097.928,2026-07-30 06:08:00,2026-07-30 07:03:40,55.7,-719,sl 4080.577,L1
16,weeklyreset,07-26,14,SELL,0.35,4076.758,2026-07-30 07:21:00,2026-07-30 12:38:28,317.5,1330,tp 4032.047,W1
16,weeklyreset,07-26,15,BUY,0.31,4037.580,2026-07-30 13:04:00,2026-07-30 20:37:39,453.6,1409,tp 4091.333,W2
16,weeklyreset,07-26,16,BUY,0.26,4094.097,2026-07-30 20:38:00,2026-07-30 23:00:00,142,360,,W3
16,weeklyreset,07-26,17,SELL,0.78,4109.448,2026-07-31 06:10:00,2026-07-31 08:39:28,149.5,1603,tp 4084.969,W4
16,weeklyreset,07-26,18,BUY,0.47,4086.546,2026-07-31 08:59:00,2026-07-31 14:34:39,335.7,-842,sl 4069.011,L1
16,weeklyreset,07-26,19,SELL,0.59,4071.094,2026-07-31 14:57:00,2026-07-31 20:05:41,308.7,1753,tp 4036.003,W1
16,weeklyreset,07-26,20,SELL,0.5,4036.130,2026-07-31 20:15:00,2026-07-31 23:00:00,165,-491,,L1
16,weeklyreset,08-02,1,SELL,0.26,4063.798,2026-08-03 06:02:00,2026-08-03 23:00:00,1018,880,,W1
16,weeklyreset,08-02,2,SELL,0.68,4051.209,2026-08-04 06:11:00,2026-08-04 07:01:28,50.5,-569,sl 4059.409,L1
16,weeklyreset,08-02,3,SELL,0.49,4062.940,2026-08-04 07:20:00,2026-08-04 18:47:40,687.7,-39,sl 4073.554,L2
16,weeklyreset,08-02,4,BUY,0.31,4077.159,2026-08-04 18:49:00,2026-08-04 23:00:00,251,315,,W1
16,weeklyreset,08-02,5,SELL,0.46,4069.941,2026-08-05 06:23:00,2026-08-05 07:35:31,72.5,-542,sl 4081.473,L1
16,weeklyreset,08-02,6,SELL,0.45,4078.391,2026-08-05 07:47:00,2026-08-05 08:38:39,51.6,-519,sl 4089.651,L2
16,weeklyreset,08-02,7,BUY,0.3,4089.948,2026-08-05 08:40:00,2026-08-05 09:46:13,66.2,1041,tp 4130.424,W1
16,weeklyreset,08-02,8,SELL,0.25,4128.555,2026-08-05 10:03:00,2026-08-05 12:37:16,154.3,-539,sl 4149.696,L1
16,weeklyreset,08-02,9,BUY,0.23,4171.179,2026-08-05 13:11:00,2026-08-05 21:08:39,477.6,1083,tp 4226.235,W1
16,weeklyreset,08-02,10,BUY,0.17,4243.652,2026-08-05 21:45:00,2026-08-05 23:00:00,75,-185,,L1
16,weeklyreset,08-02,11,BUY,0.49,4258.808,2026-08-06 06:16:00,2026-08-06 07:35:01,79,1152,tp 4287.322,W1
16,weeklyreset,08-02,12,BUY,0.2,4291.350,2026-08-06 07:48:00,2026-08-06 10:25:38,157.6,-594,sl 4262.261,L1
16,weeklyreset,08-02,13,SELL,0.26,4261.493,2026-08-06 10:47:00,2026-08-06 16:02:35,315.6,-575,sl 4283.102,L2
16,weeklyreset,08-02,14,BUY,0.29,4282.279,2026-08-06 16:17:00,2026-08-06 18:22:31,125.5,-553,sl 4263.633,L3
16,weeklyreset,08-02,15,SELL,0.38,4263.697,2026-08-06 18:23:00,2026-08-06 23:00:00,277,1080,,W1
16,weeklyreset,08-02,16,BUY,0.6,4245.573,2026-08-07 06:15:00,2026-08-07 07:38:40,83.7,-611,sl 4236.154,L1
16,weeklyreset,08-02,17,SELL,0.38,4235.724,2026-08-07 07:40:00,2026-08-07 08:21:39,41.6,-552,sl 4249.933,L2
16,weeklyreset,08-02,18,BUY,0.23,4243.027,2026-08-07 08:37:00,2026-08-07 15:13:41,396.7,1123,tp 4300.141,W1
16,weeklyreset,08-02,19,SELL,0.36,4294.129,2026-08-07 15:24:00,2026-08-07 15:33:39,9.6,-589,sl 4310.156,L1
16,weeklyreset,08-02,20,BUY,0.28,4309.552,2026-08-07 15:43:00,2026-08-07 19:31:39,228.6,1170,tp 4358.750,W1
16,weeklyreset,08-02,21,BUY,0.22,4354.942,2026-08-07 19:33:00,2026-08-07 21:12:15,99.2,-605,sl 4328.036,L1
16,weeklyreset,08-02,22,BUY,0.14,4346.000,2026-08-07 21:19:00,2026-08-07 23:00:00,101,-69,,L2
16,weeklyreset,08-09,1,SELL,0.33,4341.637,2026-08-10 06:00:00,2026-08-10 13:46:37,466.6,-37,sl 4356.799,L1
16,weeklyreset,08-09,2,BUY,0.27,4357.647,2026-08-10 13:56:00,2026-08-10 17:03:04,187.1,-504,sl 4339.383,L2
16,weeklyreset,08-09,3,BUY,0.37,4344.057,2026-08-10 17:23:00,2026-08-10 18:13:29,50.5,-476,sl 4331.458,L3
16,weeklyreset,08-09,4,SELL,0.35,4332.923,2026-08-10 18:50:00,2026-08-10 21:26:39,156.6,-456,sl 4345.687,L4
16,weeklyreset,08-09,5,SELL,0.18,4344.574,2026-08-10 21:52:00,2026-08-10 23:00:00,68,-257,,L5
16,weeklyreset,08-09,6,SELL,0.42,4394.994,2026-08-11 06:20:00,2026-08-11 07:04:42,44.7,-433,sl 4405.085,L6
16,weeklyreset,08-09,7,BUY,0.33,4404.262,2026-08-11 07:08:00,2026-08-11 08:55:15,107.2,825,tp 4434.005,W1
16,weeklyreset,08-09,8,BUY,0.17,4433.868,2026-08-11 09:15:00,2026-08-11 09:54:15,39.2,-431,sl 4409.031,L1
16,weeklyreset,08-09,9,BUY,0.2,4417.339,2026-08-11 10:21:00,2026-08-11 12:20:29,119.5,-411,sl 4397.196,L2
16,weeklyreset,08-09,10,SELL,0.18,4374.641,2026-08-11 12:43:00,2026-08-11 19:13:28,390.5,-402,sl 4396.496,L3
16,weeklyreset,08-09,11,BUY,0.19,4398.421,2026-08-11 19:22:00,2026-08-11 22:34:37,192.6,-365,sl 4379.625,L4
16,weeklyreset,08-09,12,SELL,0.16,4377.839,2026-08-11 22:37:00,2026-08-11 23:00:00,23,-101,,L5
16,weeklyreset,08-09,13,SELL,0.35,4368.734,2026-08-12 06:01:00,2026-08-12 07:14:38,73.6,-364,sl 4378.900,L6
16,weeklyreset,08-09,14,BUY,0.21,4380.749,2026-08-12 07:31:00,2026-08-12 16:23:31,532.5,709,tp 4419.894,W1
16,weeklyreset,08-09,15,BUY,0.26,4419.585,2026-08-12 16:26:00,2026-08-12 19:22:38,176.6,-363,sl 4405.910,L1
16,weeklyreset,08-09,16,BUY,0.22,4427.400,2026-08-12 19:30:00,2026-08-12 19:30:28,0.5,-342,sl 4412.250,L2
16,weeklyreset,08-09,17,BUY,0.14,4417.613,2026-08-12 19:33:00,2026-08-12 23:00:00,207,45,,W1
16,weeklyreset,08-09,18,BUY,0.37,4408.043,2026-08-13 06:21:00,2026-08-13 07:20:28,59.5,629,tp 4430.192,W2
16,weeklyreset,08-09,19,SELL,0.19,4431.223,2026-08-13 07:52:00,2026-08-13 12:59:40,307.7,806,tp 4381.279,W3
16,weeklyreset,08-09,20,SELL,0.2,4378.094,2026-08-13 13:05:00,2026-08-13 19:30:04,385.1,-409,sl 4398.021,L1
16,weeklyreset,08-09,21,BUY,0.24,4389.888,2026-08-13 19:31:00,2026-08-13 20:51:38,80.6,-390,sl 4374.002,L2
16,weeklyreset,08-09,22,SELL,0.12,4372.450,2026-08-13 20:53:00,2026-08-13 23:00:00,127,86,,W1
16,weeklyreset,08-09,23,SELL,0.34,4353.618,2026-08-14 06:02:00,2026-08-14 08:10:59,129,834,tp 4324.630,W2
16,weeklyreset,08-09,24,BUY,0.15,4319.180,2026-08-14 08:41:00,2026-08-14 19:31:38,650.6,869,tp 4385.620,W3
16,weeklyreset,08-09,25,SELL,0.27,4377.200,2026-08-14 19:39:00,2026-08-14 20:36:40,57.7,-463,sl 4393.994,L1
16,weeklyreset,08-09,26,SELL,0.19,4386.686,2026-08-14 20:50:00,2026-08-14 23:00:00,130,-103,,L2
16,weeklyreset,08-16,1,SELL,0.4,4374.519,2026-08-17 06:29:00,2026-08-17 07:18:03,49.1,-511,sl 4387.019,L1
16,weeklyreset,08-16,2,BUY,0.28,4391.449,2026-08-17 07:31:00,2026-08-17 23:00:00,929,955,,W1
16,weeklyreset,08-16,3,BUY,0.59,4417.835,2026-08-18 06:17:00,2026-08-18 08:47:28,150.5,-79,sl 4409.075,L1
16,weeklyreset,08-16,4,SELL,0.27,4402.704,2026-08-18 09:04:00,2026-08-18 22:20:40,796.7,1120,tp 4353.390,W1
16,weeklyreset,08-16,5,BUY,0.17,4357.166,2026-08-18 22:33:00,2026-08-18 23:00:00,27,133,,W2
16,weeklyreset,08-16,6,BUY,0.42,4335.932,2026-08-19 06:04:00,2026-08-19 18:01:39,717.6,1222,tp 4370.746,W3
16,weeklyreset,08-16,7,BUY,0.6,4369.976,2026-08-19 18:02:00,2026-08-19 19:36:43,94.7,1359,tp 4396.666,W4
16,weeklyreset,08-16,8,BUY,0.24,4437.931,2026-08-19 19:57:00,2026-08-19 23:00:00,183,1353,,W5
16,weeklyreset,08-16,9,BUY,0.59,4523.585,2026-08-20 06:07:00,2026-08-20 07:00:14,53.2,-895,sl 4510.425,L1
16,weeklyreset,08-16,10,BUY,0.54,4516.867,2026-08-20 07:04:00,2026-08-20 08:01:30,57.5,-747,sl 4503.326,L2
16,weeklyreset,08-16,11,SELL,0.35,4493.249,2026-08-20 08:05:00,2026-08-20 21:57:21,832.4,604,sl 4513.334,W1
16,weeklyreset,08-16,12,SELL,0.21,4523.948,2026-08-20 22:35:00,2026-08-20 23:00:00,25,40,,W2
16,weeklyreset,08-16,13,BUY,0.74,4529.494,2026-08-21 06:04:00,2026-08-21 07:12:40,68.7,-780,sl 4519.731,L1
16,weeklyreset,08-16,14,SELL,0.42,4516.046,2026-08-21 07:32:00,2026-08-21 08:31:29,59.5,-701,sl 4532.395,L2
16,weeklyreset,08-16,15,BUY,0.33,4532.356,2026-08-21 08:32:00,2026-08-21 15:42:38,430.6,1424,tp 4583.601,W1
16,weeklyreset,08-16,16,BUY,0.39,4584.178,2026-08-21 16:00:00,2026-08-21 19:39:32,219.5,-732,sl 4565.812,L1
16,weeklyreset,08-16,17,BUY,0.27,4577.774,2026-08-21 19:48:00,2026-08-21 23:00:00,192,990,,W1
16,weeklyreset,08-23,1,BUY,0.27,4613.126,2026-08-24 06:23:00,2026-08-24 07:27:13,64.2,-501,sl 4594.948,L1
16,weeklyreset,08-23,2,BUY,0.16,4614.250,2026-08-24 07:51:00,2026-08-24 23:00:00,909,793,,W1
16,weeklyreset,08-23,3,BUY,0.48,4675.922,2026-08-25 06:17:00,2026-08-25 08:26:42,129.7,-65,sl 4665.306,L1
16,weeklyreset,08-23,4,SELL,0.17,4670.222,2026-08-25 08:48:00,2026-08-25 23:00:00,852,707,,W1
16,weeklyreset,08-23,5,SELL,0.57,4670.988,2026-08-26 06:04:00,2026-08-26 07:23:38,79.6,1222,tp 4645.764,W2
16,weeklyreset,08-23,6,SELL,0.39,4642.271,2026-08-26 07:37:00,2026-08-26 08:57:37,80.6,-618,sl 4657.760,L1
16,weeklyreset,08-23,7,SELL,0.26,4659.039,2026-08-26 09:25:00,2026-08-26 20:16:27,651.4,1274,tp 4601.645,W1
16,weeklyreset,08-23,8,SELL,0.18,4620.487,2026-08-26 21:16:00,2026-08-26 23:00:00,104,432,,W2
16,weeklyreset,08-23,9,BUY,0.45,4608.382,2026-08-27 06:02:00,2026-08-27 14:26:38,504.6,533,sl 4593.944,W3
16,weeklyreset,08-23,10,BUY,0.38,4600.979,2026-08-27 14:31:00,2026-08-27 16:37:31,126.5,-695,sl 4583.081,L1
16,weeklyreset,08-23,11,SELL,0.39,4581.895,2026-08-27 16:51:00,2026-08-27 18:31:42,100.7,-666,sl 4598.626,L2
16,weeklyreset,08-23,12,SELL,0.43,4595.674,2026-08-27 18:49:00,2026-08-27 22:55:04,246.1,573,sl 4610.329,W1
16,weeklyreset,08-23,13,SELL,0.63,4603.910,2026-08-28 06:13:00,2026-08-28 08:53:31,160.5,1409,tp 4577.306,W2
16,weeklyreset,08-23,14,SELL,0.34,4576.188,2026-08-28 08:54:00,2026-08-28 13:49:28,295.5,-742,sl 4597.553,L1
16,weeklyreset,08-23,15,SELL,0.36,4601.020,2026-08-28 14:10:00,2026-08-28 20:58:05,408.1,-706,sl 4620.217,L2
16,weeklyreset,08-23,16,SELL,0.17,4558.621,2026-08-28 21:06:00,2026-08-28 23:00:00,114,580,,W1
16,weeklyreset,08-30,1,BUY,0.25,4462.541,2026-08-31 06:05:00,2026-08-31 06:45:36,40.6,-500,sl 4442.948,L1
16,weeklyreset,08-30,2,BUY,0.25,4456.895,2026-08-31 06:58:00,2026-08-31 08:10:39,72.6,-485,sl 4437.915,L2
16,weeklyreset,08-30,3,BUY,0.14,4449.545,2026-08-31 08:19:00,2026-08-31 09:32:42,73.7,-447,sl 4418.250,L3
16,weeklyreset,08-30,4,SELL,0.12,4410.981,2026-08-31 09:34:00,2026-08-31 14:25:05,291.1,-427,sl 4445.831,L4
16,weeklyreset,08-30,5,BUY,0.22,4447.337,2026-08-31 14:46:00,2026-08-31 20:46:42,360.7,-408,sl 4429.208,L5
16,weeklyreset,08-30,6,BUY,0.14,4427.129,2026-08-31 21:10:00,2026-08-31 23:00:00,110,-15,,L6
16,weeklyreset,08-30,7,SELL,0.42,4445.930,2026-09-01 06:09:00,2026-09-01 07:09:28,60.5,-401,sl 4455.257,L7
16,weeklyreset,08-30,8,BUY,0.26,4460.664,2026-09-01 07:22:00,2026-09-01 08:06:04,44.1,-364,sl 4446.953,L8
16,weeklyreset,08-30,9,SELL,0.17,4446.069,2026-09-01 08:16:00,2026-09-01 15:09:41,413.7,747,tp 4394.921,W1
16,weeklyreset,08-30,10,SELL,0.15,4395.324,2026-09-01 15:19:00,2026-09-01 20:09:41,290.7,837,tp 4331.419,W2
16,weeklyreset,08-30,11,BUY,0.13,4338.739,2026-09-01 20:26:00,2026-09-01 23:00:00,154,447,,W3
16,weeklyreset,08-30,12,SELL,0.46,4327.625,2026-09-02 06:02:00,2026-09-02 08:51:28,169.5,977,tp 4302.460,W4
16,weeklyreset,08-30,13,BUY,0.15,4300.169,2026-09-02 09:07:00,2026-09-02 20:59:28,712.5,1077,tp 4382.344,W5
16,weeklyreset,08-30,14,BUY,0.18,4389.164,2026-09-02 21:07:00,2026-09-02 23:00:00,113,-299,,L1
16,weeklyreset,08-30,15,SELL,0.62,4384.068,2026-09-03 06:15:00,2026-09-03 07:52:27,97.4,-565,sl 4392.980,L2
16,weeklyreset,08-30,16,BUY,0.33,4394.169,2026-09-03 07:58:00,2026-09-03 11:08:39,190.6,1073,tp 4432.871,W1
16,weeklyreset,08-30,17,BUY,0.38,4435.947,2026-09-03 11:26:00,2026-09-03 13:23:40,117.7,-565,sl 4421.382,L1
16,weeklyreset,08-30,18,SELL,0.25,4422.572,2026-09-03 13:24:00,2026-09-03 15:07:43,103.7,-545,sl 4443.932,L2
16,weeklyreset,08-30,19,SELL,0.25,4434.328,2026-09-03 15:40:00,2026-09-03 19:30:27,230.4,-513,sl 4454.426,L3
16,weeklyreset,08-30,20,BUY,0.23,4468.185,2026-09-03 19:34:00,2026-09-03 23:00:00,206,674,,W1
16,weeklyreset,08-30,21,BUY,0.5,4476.363,2026-09-04 06:04:00,2026-09-04 11:00:31,296.5,-551,sl 4466.116,L1
16,weeklyreset,08-30,22,BUY,0.41,4470.336,2026-09-04 11:25:00,2026-09-04 19:30:19,485.3,-496,sl 4458.504,L2
16,weeklyreset,08-30,23,SELL,0.14,4389.638,2026-09-04 19:36:00,2026-09-04 20:43:40,67.7,-470,sl 4422.528,L3
16,weeklyreset,08-30,24,BUY,0.06,4427.538,2026-09-04 20:47:00,2026-09-04 23:00:00,133,55,,W1
16,weeklyreset,09-06,1,SELL,0.43,4429.836,2026-09-07 06:14:00,2026-09-07 08:13:02,119,1091,tp 4399.778,W1
16,weeklyreset,09-06,2,BUY,0.22,4404.702,2026-09-07 08:31:00,2026-09-07 23:00:00,869,213,,W2
16,weeklyreset,09-06,3,BUY,0.63,4412.125,2026-09-08 06:05:00,2026-09-08 08:23:37,138.6,1163,tp 4434.558,W3
16,weeklyreset,09-06,4,BUY,0.24,4434.396,2026-09-08 08:24:00,2026-09-08 13:15:38,291.6,-633,sl 4408.542,L1
16,weeklyreset,09-06,5,BUY,0.28,4407.239,2026-09-08 13:44:00,2026-09-08 19:15:39,331.7,-585,sl 4386.742,L2
16,weeklyreset,09-06,6,BUY,0.29,4398.044,2026-09-08 19:29:00,2026-09-08 23:00:00,211,-93,,L3
16,weeklyreset,09-06,7,SELL,0.52,4352.202,2026-09-09 06:16:00,2026-09-09 07:59:13,103.2,-583,sl 4363.180,L4
16,weeklyreset,09-06,8,BUY,0.25,4367.589,2026-09-09 08:10:00,2026-09-09 20:23:37,733.6,1155,tp 4422.066,W1
16,weeklyreset,09-06,9,SELL,0.26,4418.324,2026-09-09 20:42:00,2026-09-09 23:00:00,138,677,,W2
16,weeklyreset,09-06,10,SELL,0.56,4398.177,2026-09-10 06:26:00,2026-09-10 08:02:37,96.6,-649,sl 4409.509,L1
16,weeklyreset,09-06,11,BUY,0.4,4410.021,2026-09-10 08:03:00,2026-09-10 15:42:40,459.7,-590,sl 4395.565,L2
16,weeklyreset,09-06,12,BUY,0.36,4395.380,2026-09-10 16:18:00,2026-09-10 17:36:38,78.6,-559,sl 4380.168,L3
16,weeklyreset,09-06,13,SELL,0.3,4379.491,2026-09-10 17:52:00,2026-09-10 19:37:43,105.7,1165,tp 4334.191,W1
16,weeklyreset,09-06,14,BUY,0.15,4349.394,2026-09-10 20:20:00,2026-09-10 23:00:00,160,250,,W2
16,weeklyreset,09-06,15,BUY,0.48,4318.699,2026-09-11 06:05:00,2026-09-11 10:22:39,257.6,-632,sl 4306.373,L1
16,weeklyreset,09-06,16,BUY,0.26,4312.160,2026-09-11 10:43:00,2026-09-11 19:49:14,546.2,1219,tp 4367.087,W1
16,weeklyreset,09-06,17,BUY,0.12,4395.607,2026-09-11 20:29:00,2026-09-11 23:00:00,151,-352,,L1
16,weeklyreset,09-13,1,BUY,0.35,4341.848,2026-09-14 06:10:00,2026-09-14 08:19:39,129.6,-501,sl 4327.837,L1
16,weeklyreset,09-13,2,BUY,0.18,4335.534,2026-09-14 08:25:00,2026-09-14 14:56:38,391.6,-474,sl 4309.728,L2
16,weeklyreset,09-13,3,SELL,0.25,4313.014,2026-09-14 15:15:00,2026-09-14 19:56:39,281.7,989,tp 4266.281,W1
16,weeklyreset,09-13,4,SELL,0.18,4260.198,2026-09-14 20:10:00,2026-09-14 22:32:38,142.6,-511,sl 4288.024,L1
16,weeklyreset,09-13,5,SELL,0.18,4288.408,2026-09-14 22:50:00,2026-09-14 23:00:00,10,-4,,L2
16,weeklyreset,09-13,6,SELL,0.46,4294.543,2026-09-15 06:06:00,2026-09-15 08:19:28,133.5,-497,sl 4305.104,L3
16,weeklyreset,09-13,7,SELL,0.27,4300.878,2026-09-15 08:29:00,2026-09-15 09:40:41,71.7,-463,sl 4317.622,L4
16,weeklyreset,09-13,8,BUY,0.25,4316.803,2026-09-15 09:50:00,2026-09-15 12:15:37,145.6,-429,sl 4299.973,L5
16,weeklyreset,09-13,9,SELL,0.34,4297.012,2026-09-15 12:26:00,2026-09-15 15:05:14,159.2,879,tp 4266.436,W1
16,weeklyreset,09-13,10,BUY,0.24,4270.989,2026-09-15 15:18:00,2026-09-15 23:00:00,462,444,,W2
16,weeklyreset,09-13,11,SELL,0.47,4283.868,2026-09-16 06:29:00,2026-09-16 09:11:58,163,-487,sl 4293.999,L1
16,weeklyreset,09-13,12,BUY,0.24,4294.086,2026-09-16 09:23:00,2026-09-16 17:08:37,465.6,966,tp 4341.932,W1
16,weeklyreset,09-13,13,BUY,0.32,4346.895,2026-09-16 17:11:00,2026-09-16 21:03:30,232.5,-502,sl 4331.504,L1
16,weeklyreset,09-13,14,SELL,0.21,4330.597,2026-09-16 21:04:00,2026-09-16 21:50:30,46.5,-471,sl 4352.556,L2
16,weeklyreset,09-13,15,BUY,0.2,4353.716,2026-09-16 22:02:00,2026-09-16 23:00:00,58,-20,,L3
16,weeklyreset,09-13,16,BUY,0.27,4268.561,2026-09-17 06:19:00,2026-09-17 08:24:42,125.7,905,tp 4310.391,W1
16,weeklyreset,09-13,17,BUY,0.18,4314.315,2026-09-17 08:33:00,2026-09-17 09:07:02,34,-476,sl 4288.381,L1
16,weeklyreset,09-13,18,BUY,0.18,4292.316,2026-09-17 09:22:00,2026-09-17 19:16:31,594.5,1009,tp 4359.018,W1
16,weeklyreset,09-13,19,BUY,0.19,4379.280,2026-09-17 19:29:00,2026-09-17 21:58:39,149.6,-516,sl 4352.647,L1
16,weeklyreset,09-13,20,BUY,0.2,4363.896,2026-09-17 22:19:00,2026-09-17 23:00:00,41,115,,W1
16,weeklyreset,09-13,21,BUY,0.45,4345.390,2026-09-18 06:14:00,2026-09-18 10:26:13,252.2,-64,sl 4334.379,L1
16,weeklyreset,09-13,22,SELL,0.28,4355.468,2026-09-18 11:16:00,2026-09-18 12:39:41,83.7,-504,sl 4373.121,L2
16,weeklyreset,09-13,23,BUY,0.25,4385.236,2026-09-18 13:02:00,2026-09-18 19:21:16,379.3,-477,sl 4366.563,L3
16,weeklyreset,09-13,24,SELL,0.22,4366.067,2026-09-18 19:22:00,2026-09-18 23:00:00,218,206,,W1
16,weeklyreset,09-20,1,SELL,0.47,4373.768,2026-09-21 06:08:00,2026-09-21 14:43:27,515.4,1117,tp 4345.743,W1
16,weeklyreset,09-20,2,SELL,0.28,4345.198,2026-09-21 14:59:00,2026-09-21 18:44:12,225.2,-563,sl 4364.913,L1
16,weeklyreset,09-20,3,SELL,0.31,4359.017,2026-09-21 19:22:00,2026-09-21 23:00:00,218,545,,W1
16,weeklyreset,09-20,4,BUY,0.4,4362.466,2026-09-22 06:37:00,2026-09-22 07:40:13,63.2,-575,sl 4348.929,L1
16,weeklyreset,09-20,5,SELL,0.24,4357.061,2026-09-22 08:13:00,2026-09-22 15:00:42,407.7,1159,tp 4299.665,W1
16,weeklyreset,09-20,6,BUY,0.29,4310.163,2026-09-22 15:09:00,2026-09-22 23:00:00,471,614,,W2
16,weeklyreset,09-20,7,BUY,0.68,4363.287,2026-09-23 06:01:00,2026-09-23 08:01:31,120.5,-663,sl 4354.309,L1
16,weeklyreset,09-20,8,SELL,0.4,4355.195,2026-09-23 08:02:00,2026-09-23 15:12:13,430.2,1280,tp 4317.302,W1
16,weeklyreset,09-20,9,BUY,0.43,4320.982,2026-09-23 15:23:00,2026-09-23 18:22:40,179.7,-655,sl 4306.056,L1
16,weeklyreset,09-20,10,SELL,0.46,4301.479,2026-09-23 18:33:00,2026-09-23 19:06:04,33.1,-635,sl 4314.973,L2
16,weeklyreset,09-20,11,SELL,0.33,4310.013,2026-09-23 19:31:00,2026-09-23 23:00:00,209,965,,W1
16,weeklyreset,09-20,12,SELL,0.57,4289.292,2026-09-24 06:03:00,2026-09-24 08:12:37,129.6,-652,sl 4300.469,L1
16,weeklyreset,09-20,13,BUY,0.34,4300.437,2026-09-24 08:13:00,2026-09-24 08:49:40,36.7,-597,sl 4283.233,L2
16,weeklyreset,09-20,14,BUY,0.27,4281.358,2026-09-24 09:14:00,2026-09-24 15:59:15,405.2,-573,sl 4260.584,L3
16,weeklyreset,09-20,15,SELL,0.24,4259.417,2026-09-24 16:05:00,2026-09-24 19:56:29,231.5,-554,sl 4282.035,L4
16,weeklyreset,09-20,16,SELL,0.24,4276.976,2026-09-24 20:18:00,2026-09-24 23:00:00,162,483,,W1
16,weeklyreset,09-20,17,BUY,0.52,4273.697,2026-09-25 06:03:00,2026-09-25 11:56:41,353.7,445,sl 4263.593,W2
16,weeklyreset,09-20,18,BUY,0.43,4264.128,2026-09-25 12:30:00,2026-09-25 16:03:40,213.7,1207,tp 4297.350,W3
16,weeklyreset,09-20,19,SELL,0.39,4292.466,2026-09-25 16:18:00,2026-09-25 17:14:40,56.7,-629,sl 4308.230,L1
16,weeklyreset,09-20,20,BUY,0.33,4307.410,2026-09-25 17:15:00,2026-09-25 20:19:31,184.5,-589,sl 4289.953,L2
16,weeklyreset,09-20,21,SELL,0.26,4290.362,2026-09-25 20:20:00,2026-09-25 23:00:00,160,-21,,L3
16,monthlyreset,2026-01,1,BUY,0.2,4328.500,2026-01-02 06:05:00,2026-01-02 09:50:15,225.2,443,tp 4356.245,W1
16,monthlyreset,2026-01,2,BUY,0.37,4370.899,2026-01-02 10:14:00,2026-01-02 21:32:43,678.7,473,sl 4357.045,W2
16,monthlyreset,2026-01,3,BUY,0.19,4361.368,2026-01-02 21:49:00,2026-01-02 22:23:28,34.5,-541,sl 4333.432,L1
16,monthlyreset,2026-01,4,SELL,0.16,4330.793,2026-01-02 22:24:00,2026-01-02 23:00:00,36,-78,,L2
16,monthlyreset,2026-01,5,SELL,0.33,4359.038,2026-01-05 06:34:00,2026-01-05 06:50:39,16.6,-524,sl 4374.595,L3
16,monthlyreset,2026-01,6,BUY,0.22,4379.869,2026-01-05 07:13:00,2026-01-05 16:43:18,570.3,1031,tp 4435.114,W1
16,monthlyreset,2026-01,7,BUY,0.43,4437.670,2026-01-05 16:45:00,2026-01-05 18:25:30,100.5,-546,sl 4425.236,L1
16,monthlyreset,2026-01,8,SELL,0.4,4423.120,2026-01-05 18:26:00,2026-01-05 21:48:29,202.5,470,sl 4435.942,W1
16,monthlyreset,2026-01,9,BUY,0.22,4450.811,2026-01-05 22:04:00,2026-01-05 23:00:00,56,-52,,L1
16,monthlyreset,2026-01,10,SELL,0.51,4450.783,2026-01-06 06:17:00,2026-01-06 09:30:04,193.1,509,sl 4461.211,W1
16,monthlyreset,2026-01,11,SELL,0.31,4455.791,2026-01-06 09:39:00,2026-01-06 12:31:31,172.5,-559,sl 4473.445,L1
16,monthlyreset,2026-01,12,SELL,0.56,4469.075,2026-01-06 12:39:00,2026-01-06 17:03:20,264.3,1171,tp 4444.381,W1
16,monthlyreset,2026-01,13,BUY,0.37,4449.995,2026-01-06 17:10:00,2026-01-06 22:00:43,290.7,1281,tp 4490.951,W2
16,monthlyreset,2026-01,14,SELL,0.29,4481.126,2026-01-06 22:12:00,2026-01-06 23:00:00,48,77,,W3
16,monthlyreset,2026-01,15,SELL,0.75,4496.160,2026-01-07 06:12:00,2026-01-07 08:07:39,115.6,1451,tp 4473.158,W4
16,monthlyreset,2026-01,16,SELL,0.46,4474.897,2026-01-07 08:08:00,2026-01-07 20:08:40,720.7,1597,tp 4433.778,W5
16,monthlyreset,2026-01,17,BUY,0.36,4445.217,2026-01-07 20:29:00,2026-01-07 23:00:00,151,30,,W6
16,monthlyreset,2026-01,18,BUY,0.83,4462.696,2026-01-08 06:03:00,2026-01-08 07:37:40,94.7,-963,sl 4452.993,L1
16,monthlyreset,2026-01,19,SELL,0.76,4452.660,2026-01-08 07:38:00,2026-01-08 12:13:05,275.1,1682,tp 4426.397,W1
16,monthlyreset,2026-01,20,SELL,0.73,4425.928,2026-01-08 12:30:00,2026-01-08 13:39:15,69.2,-875,sl 4437.674,L1
16,monthlyreset,2026-01,21,BUY,0.36,4435.810,2026-01-08 13:57:00,2026-01-08 19:05:31,308.5,-800,sl 4414.039,L2
16,monthlyreset,2026-01,22,SELL,0.57,4410.001,2026-01-08 19:16:00,2026-01-08 19:32:28,16.5,-781,sl 4423.423,L3
16,monthlyreset,2026-01,23,BUY,0.45,4426.349,2026-01-08 19:38:00,2026-01-08 23:00:00,202,1269,,W1
16,monthlyreset,2026-01,24,BUY,0.63,4480.549,2026-01-09 06:03:00,2026-01-09 07:23:40,80.7,-834,sl 4468.140,L1
16,monthlyreset,2026-01,25,SELL,0.71,4464.506,2026-01-09 07:49:00,2026-01-09 09:04:16,75.3,-772,sl 4475.159,L2
16,monthlyreset,2026-01,26,BUY,0.45,4472.132,2026-01-09 09:46:00,2026-01-09 22:37:41,771.7,1542,tp 4512.868,W1
16,monthlyreset,2026-01,27,BUY,0.27,4513.997,2026-01-09 22:41:00,2026-01-09 23:00:00,19,-45,,L1
16,monthlyreset,2026-01,28,BUY,0.75,4523.966,2026-01-12 06:06:00,2026-01-12 07:09:40,63.7,1674,tp 4550.510,W1
16,monthlyreset,2026-01,29,BUY,0.42,4567.558,2026-01-12 07:32:00,2026-01-12 20:55:05,803.1,1884,tp 4620.174,W2
16,monthlyreset,2026-01,30,SELL,0.51,4612.321,2026-01-12 21:02:00,2026-01-12 23:00:00,118,-472,,L1
16,monthlyreset,2026-01,31,BUY,0.54,4600.833,2026-01-13 06:01:00,2026-01-13 06:12:27,11.5,-946,sl 4583.675,L2
16,monthlyreset,2026-01,32,SELL,0.6,4580.700,2026-01-13 06:13:00,2026-01-13 06:56:58,44,-909,sl 4595.536,L3
16,monthlyreset,2026-01,33,SELL,0.42,4591.435,2026-01-13 07:24:00,2026-01-13 20:30:38,786.6,-852,sl 4611.258,L4
16,monthlyreset,2026-01,34,BUY,0.42,4616.743,2026-01-13 20:43:00,2026-01-13 23:00:00,137,95,,W1
16,monthlyreset,2026-01,35,BUY,0.62,4593.868,2026-01-14 06:09:00,2026-01-14 10:54:39,285.7,1726,tp 4627.423,W2
16,monthlyreset,2026-01,36,SELL,0.78,4627.606,2026-01-14 11:12:00,2026-01-14 12:02:41,50.7,-923,sl 4639.204,L1
16,monthlyreset,2026-01,37,SELL,0.78,4634.958,2026-01-14 12:12:00,2026-01-14 22:02:30,590.5,1846,tp 4606.822,W1
16,monthlyreset,2026-01,38,SELL,0.35,4605.606,2026-01-14 22:04:00,2026-01-14 23:00:00,56,-444,,L1
16,monthlyreset,2026-01,39,SELL,0.58,4616.482,2026-01-15 06:07:00,2026-01-15 23:00:00,1013,1223,,W1
16,monthlyreset,2026-01,40,BUY,1,4620.535,2026-01-16 06:06:00,2026-01-16 06:26:36,20.6,-992,sl 4610.839,L1
16,monthlyreset,2026-01,41,SELL,0.95,4610.137,2026-01-16 06:27:00,2026-01-16 20:18:01,831,2042,tp 4584.704,W1
16,monthlyreset,2026-01,42,SELL,0.53,4587.103,2026-01-16 20:30:00,2026-01-16 21:06:13,36.2,-1045,sl 4606.432,L1
16,monthlyreset,2026-01,43,BUY,0.4,4605.097,2026-01-16 21:07:00,2026-01-16 22:27:38,80.6,-997,sl 4580.673,L2
16,monthlyreset,2026-01,44,BUY,0.22,4568.552,2026-01-16 22:49:00,2026-01-16 23:00:00,11,61,,W1
16,monthlyreset,2026-01,45,BUY,0.54,4655.093,2026-01-19 06:10:00,2026-01-19 23:00:00,1010,1549,,W2
16,monthlyreset,2026-01,46,BUY,1.01,4672.260,2026-01-20 06:19:00,2026-01-20 07:26:28,67.5,-1088,sl 4662.281,L1
16,monthlyreset,2026-01,47,BUY,0.94,4670.018,2026-01-20 08:06:00,2026-01-20 11:59:17,233.3,2050,tp 4695.932,W1
16,monthlyreset,2026-01,48,BUY,0.96,4695.433,2026-01-20 12:00:00,2026-01-20 15:08:32,188.5,2264,tp 4723.475,W2
16,monthlyreset,2026-01,49,SELL,0.85,4720.638,2026-01-20 15:22:00,2026-01-20 16:30:29,68.5,-1209,sl 4734.543,L1
16,monthlyreset,2026-01,50,SELL,0.74,4734.073,2026-01-20 16:58:00,2026-01-20 21:28:30,270.5,-1129,sl 4749.032,L2
16,monthlyreset,2026-01,51,BUY,0.4,4750.690,2026-01-20 21:30:00,2026-01-20 22:25:37,55.6,-1055,sl 4724.823,L3
16,monthlyreset,2026-01,52,BUY,0.28,4731.966,2026-01-20 22:32:00,2026-01-20 23:00:00,28,154,,W1
16,monthlyreset,2026-01,53,SELL,1.08,4759.985,2026-01-21 06:10:00,2026-01-21 06:44:17,34.3,-1040,sl 4769.427,L1
16,monthlyreset,2026-01,54,SELL,0.7,4774.178,2026-01-21 07:26:00,2026-01-21 07:59:15,33.2,-975,sl 4787.835,L2
16,monthlyreset,2026-01,55,BUY,0.53,4792.877,2026-01-21 08:05:00,2026-01-21 08:30:42,25.7,1954,tp 4836.386,W1
16,monthlyreset,2026-01,56,BUY,0.39,4824.023,2026-01-21 08:48:00,2026-01-21 23:00:00,852,1629,,W2
16,monthlyreset,2026-01,57,SELL,0.45,4826.644,2026-01-22 06:02:00,2026-01-22 22:26:26,984.4,1089,sl 4850.931,W3
16,monthlyreset,2026-01,58,BUY,0.68,4952.510,2026-01-23 06:05:00,2026-01-23 06:30:28,25.5,-1160,sl 4935.814,L1
16,monthlyreset,2026-01,59,BUY,0.5,4945.663,2026-01-23 06:46:00,2026-01-23 15:23:31,517.5,-1121,sl 4924.248,L2
16,monthlyreset,2026-01,60,SELL,0.42,4917.492,2026-01-23 15:51:00,2026-01-23 19:52:02,241,-1051,sl 4942.013,L3
16,monthlyreset,2026-01,61,SELL,0.54,4935.795,2026-01-23 20:16:00,2026-01-23 21:48:31,92.5,-988,sl 4953.723,L4
16,monthlyreset,2026-01,62,SELL,0.35,4943.231,2026-01-23 22:00:00,2026-01-23 23:00:00,60,-626,,L5
16,monthlyreset,2026-01,63,BUY,0.4,5028.562,2026-01-26 06:18:00,2026-01-26 08:36:04,138.1,1927,tp 5085.557,W1
16,monthlyreset,2026-01,64,SELL,0.28,5069.767,2026-01-26 09:09:00,2026-01-26 13:47:30,278.5,-990,sl 5104.419,L1
16,monthlyreset,2026-01,65,SELL,0.3,5085.328,2026-01-26 13:58:00,2026-01-26 23:00:00,542,-173,,L2
16,monthlyreset,2026-01,66,BUY,0.2,5035.760,2026-01-27 06:09:00,2026-01-27 23:00:00,1011,1096,,W1
16,monthlyreset,2026-01,67,SELL,0.22,5168.556,2026-01-28 06:14:00,2026-01-28 08:44:28,150.5,-985,sl 5212.412,L1
16,monthlyreset,2026-01,68,SELL,0.24,5209.936,2026-01-28 08:59:00,2026-01-28 11:58:29,179.5,-932,sl 5247.996,L2
16,monthlyreset,2026-01,69,BUY,0.46,5251.661,2026-01-28 12:09:00,2026-01-28 15:30:32,201.5,1939,tp 5301.564,W1
16,monthlyreset,2026-01,70,SELL,0.35,5297.546,2026-01-28 15:42:00,2026-01-28 23:00:00,438,1482,,W2
16,monthlyreset,2026-01,71,BUY,0.21,5465.428,2026-01-29 06:13:00,2026-01-29 13:23:03,430,2322,tp 5594.235,W3
16,monthlyreset,2026-01,72,BUY,0.26,5590.155,2026-01-29 13:24:00,2026-01-29 14:28:27,64.4,-1187,sl 5545.431,L1
16,monthlyreset,2026-01,73,SELL,0.26,5527.857,2026-01-29 15:06:00,2026-01-29 22:09:29,423.5,2502,tp 5415.139,W1
16,monthlyreset,2026-01,74,SELL,0.1,5253.577,2026-01-29 22:27:00,2026-01-29 23:00:00,33,707,,W2
16,monthlyreset,2026-01,75,BUY,0.19,5440.263,2026-01-30 06:07:00,2026-01-30 08:06:39,119.6,-1259,sl 5375.864,L1
16,monthlyreset,2026-01,76,SELL,0.14,5337.115,2026-01-30 08:48:00,2026-01-30 09:23:07,35.1,2677,tp 5115.884,W1
16,monthlyreset,2026-01,77,BUY,0.1,5212.952,2026-01-30 09:41:00,2026-01-30 15:33:42,352.7,-1269,sl 5088.590,L1
16,monthlyreset,2026-01,78,BUY,0.13,5110.709,2026-01-30 15:48:00,2026-01-30 16:14:02,26,-1220,sl 5018.713,L2
16,monthlyreset,2026-01,79,SELL,0.11,5028.516,2026-01-30 16:30:00,2026-01-30 18:57:21,147.4,-1246,sl 5139.542,L3
16,monthlyreset,2026-01,80,SELL,0.16,5124.791,2026-01-30 19:07:00,2026-01-30 23:00:00,233,1477,,W1
16,monthlyreset,2026-02,1,SELL,0.04,4724.043,2026-02-02 06:32:00,2026-02-02 07:12:14,40.2,-457,sl 4835.990,L1
16,monthlyreset,2026-02,2,SELL,0.03,4827.638,2026-02-02 07:32:00,2026-02-02 13:24:31,352.5,933,tp 4457.983,W1
16,monthlyreset,2026-02,3,SELL,0.03,4456.593,2026-02-02 13:37:00,2026-02-02 14:45:35,68.6,-421,sl 4594.218,L1
16,monthlyreset,2026-02,4,SELL,0.04,4576.525,2026-02-02 15:03:00,2026-02-02 16:28:41,85.7,-494,sl 4697.586,L2
16,monthlyreset,2026-02,5,BUY,0.05,4717.249,2026-02-02 16:50:00,2026-02-02 22:57:42,367.7,-479,sl 4623.385,L3
16,monthlyreset,2026-02,6,SELL,0.15,4685.104,2026-02-03 06:01:00,2026-02-03 06:08:27,7.4,-455,sl 4714.844,L4
16,monthlyreset,2026-02,7,BUY,0.07,4718.300,2026-02-03 06:16:00,2026-02-03 13:35:41,439.7,965,tp 4878.459,W1
16,monthlyreset,2026-02,8,BUY,0.09,4891.944,2026-02-03 13:43:00,2026-02-03 23:00:00,557,391,,W2
16,monthlyreset,2026-02,9,BUY,0.12,4961.715,2026-02-04 06:02:00,2026-02-04 06:07:27,5.4,-483,sl 4922.373,L1
16,monthlyreset,2026-02,10,BUY,0.1,4937.401,2026-02-04 06:17:00,2026-02-04 09:02:31,165.5,1023,tp 5057.487,W1
16,monthlyreset,2026-02,11,SELL,0.1,5056.305,2026-02-04 09:33:00,2026-02-04 22:34:32,781.5,1182,tp 4918.397,W2
16,monthlyreset,2026-02,12,BUY,0.05,4944.526,2026-02-04 22:45:00,2026-02-04 23:00:00,15,-125,,L1
16,monthlyreset,2026-02,13,BUY,0.17,5010.247,2026-02-05 06:16:00,2026-02-05 08:12:41,116.7,-618,sl 4976.360,L2
16,monthlyreset,2026-02,14,SELL,0.1,4950.528,2026-02-05 08:27:00,2026-02-05 09:51:40,84.7,1146,tp 4816.931,W1
16,monthlyreset,2026-02,15,BUY,0.05,4881.062,2026-02-05 10:22:00,2026-02-05 23:00:00,758,-324,,L1
16,monthlyreset,2026-02,16,BUY,0.1,4778.936,2026-02-06 06:11:00,2026-02-06 06:49:18,38.3,-567,sl 4723.415,L2
16,monthlyreset,2026-02,17,SELL,0.09,4657.139,2026-02-06 07:18:00,2026-02-06 07:27:27,9.5,-545,sl 4716.513,L3
16,monthlyreset,2026-02,18,BUY,0.07,4736.872,2026-02-06 07:37:00,2026-02-06 20:00:41,743.7,1059,tp 4911.938,W1
16,monthlyreset,2026-02,19,BUY,0.14,4914.535,2026-02-06 20:20:00,2026-02-06 23:00:00,160,406,,W2
16,monthlyreset,2026-02,20,BUY,0.2,4988.714,2026-02-09 06:21:00,2026-02-09 23:00:00,999,1250,,W3
16,monthlyreset,2026-02,21,SELL,0.57,5072.002,2026-02-10 06:02:00,2026-02-10 06:12:03,10,3646,tp 4998.872,W4
16,monthlyreset,2026-02,22,BUY,0.17,5036.408,2026-02-10 06:44:00,2026-02-10 23:00:00,976,-303,,L1
16,monthlyreset,2026-02,23,BUY,0.42,5039.092,2026-02-11 06:17:00,2026-02-11 17:44:27,687.4,1792,tp 5089.769,W1
16,monthlyreset,2026-02,24,SELL,0.37,5094.108,2026-02-11 17:58:00,2026-02-11 19:00:39,62.6,-944,sl 5119.074,L1
16,monthlyreset,2026-02,25,SELL,0.3,5106.571,2026-02-11 19:06:00,2026-02-11 20:30:40,84.7,1939,tp 5031.140,W1
16,monthlyreset,2026-02,26,SELL,0.2,5047.221,2026-02-11 20:36:00,2026-02-11 23:00:00,144,-270,,L1
16,monthlyreset,2026-02,27,SELL,0.46,5084.358,2026-02-12 06:08:00,2026-02-12 23:00:00,1012,1616,,W1
16,monthlyreset,2026-02,28,BUY,0.29,4909.065,2026-02-13 06:13:00,2026-02-13 20:30:41,857.7,2217,tp 4999.401,W2
16,monthlyreset,2026-02,29,SELL,0.35,4973.973,2026-02-13 20:48:00,2026-02-13 21:21:37,33.6,-1185,sl 5007.153,L1
16,monthlyreset,2026-02,30,SELL,0.26,5003.142,2026-02-13 21:31:00,2026-02-13 23:00:00,89,670,,W1
16,monthlyreset,2026-02,31,BUY,0.44,5029.562,2026-02-16 06:28:00,2026-02-16 07:03:38,35.6,-1137,sl 5004.264,L1
16,monthlyreset,2026-02,32,SELL,0.34,5007.334,2026-02-16 07:04:00,2026-02-16 23:00:00,956,933,,W1
16,monthlyreset,2026-02,33,BUY,1.03,4998.072,2026-02-17 06:02:00,2026-02-17 06:12:39,10.6,-1133,sl 4987.316,L1
16,monthlyreset,2026-02,34,SELL,0.79,4988.064,2026-02-17 06:18:00,2026-02-17 07:52:40,94.7,2323,tp 4953.171,W1
16,monthlyreset,2026-02,35,BUY,0.41,4950.123,2026-02-17 08:12:00,2026-02-17 12:15:28,243.5,-1182,sl 4921.934,L1
16,monthlyreset,2026-02,36,BUY,0.25,4894.155,2026-02-17 12:54:00,2026-02-17 21:01:32,487.5,-1122,sl 4850.162,L2
16,monthlyreset,2026-02,37,SELL,0.2,4881.512,2026-02-17 21:40:00,2026-02-17 23:00:00,80,60,,W1
16,monthlyreset,2026-02,38,BUY,0.52,4882.949,2026-02-18 06:15:00,2026-02-18 06:50:30,35.5,-1084,sl 4862.562,L1
16,monthlyreset,2026-02,39,BUY,0.32,4877.112,2026-02-18 07:34:00,2026-02-18 20:07:42,753.7,2217,tp 4958.518,W1
16,monthlyreset,2026-02,40,BUY,0.5,4965.002,2026-02-18 20:38:00,2026-02-18 23:00:00,142,1776,,W2
16,monthlyreset,2026-02,41,BUY,0.74,4981.347,2026-02-19 06:28:00,2026-02-19 07:02:38,34.6,-1355,sl 4965.104,L1
16,monthlyreset,2026-02,42,BUY,0.48,4968.329,2026-02-19 07:13:00,2026-02-19 23:00:00,947,2205,,W1
16,monthlyreset,2026-02,43,BUY,0.95,5003.029,2026-02-20 06:04:00,2026-02-20 06:56:36,52.6,-1269,sl 4989.931,L1
16,monthlyreset,2026-02,44,BUY,0.56,4996.283,2026-02-20 07:16:00,2026-02-20 21:32:39,856.6,2573,tp 5050.545,W1
16,monthlyreset,2026-02,45,BUY,0.58,5050.117,2026-02-20 21:33:00,2026-02-20 22:03:23,30.4,-1342,sl 5027.438,L1
16,monthlyreset,2026-02,46,SELL,0.33,4994.839,2026-02-20 22:07:00,2026-02-20 22:16:14,9.2,-1268,sl 5032.511,L2
16,monthlyreset,2026-02,47,BUY,0.24,5044.503,2026-02-20 22:19:00,2026-02-20 23:00:00,41,-51,,L3
16,monthlyreset,2026-02,48,BUY,0.41,5158.704,2026-02-23 06:50:00,2026-02-23 07:20:04,30.1,-1186,sl 5130.386,L4
16,monthlyreset,2026-02,49,BUY,0.26,5153.494,2026-02-23 07:30:00,2026-02-23 23:00:00,930,1110,,W1
16,monthlyreset,2026-02,50,BUY,0.73,5240.285,2026-02-24 06:03:00,2026-02-24 07:01:30,58.5,-1251,sl 5224.157,L1
16,monthlyreset,2026-02,51,SELL,0.37,5225.250,2026-02-24 07:29:00,2026-02-24 08:16:41,47.7,2444,tp 5147.117,W1
16,monthlyreset,2026-02,52,SELL,0.25,5150.942,2026-02-24 08:25:00,2026-02-24 23:00:00,875,14,,W2
16,monthlyreset,2026-02,53,SELL,0.69,5135.751,2026-02-25 06:04:00,2026-02-25 07:38:28,94.5,-1289,sl 5154.057,L1
16,monthlyreset,2026-02,54,BUY,0.55,5154.479,2026-02-25 07:41:00,2026-02-25 12:49:39,308.7,2510,tp 5208.541,W1
16,monthlyreset,2026-02,55,SELL,0.76,5202.492,2026-02-25 12:58:00,2026-02-25 18:16:39,318.7,2845,tp 5158.070,W2
16,monthlyreset,2026-02,56,SELL,0.68,5157.013,2026-02-25 18:17:00,2026-02-25 18:57:25,40.4,-1490,sl 5178.494,L1
16,monthlyreset,2026-02,57,BUY,0.69,5179.751,2026-02-25 18:58:00,2026-02-25 21:39:40,161.7,-1392,sl 5160.001,L2
16,monthlyreset,2026-02,58,BUY,0.49,5175.245,2026-02-25 21:45:00,2026-02-25 23:00:00,75,964,,W1
16,monthlyreset,2026-02,59,BUY,0.43,5173.404,2026-02-26 06:04:00,2026-02-26 21:30:42,926.7,-1434,sl 5142.422,L1
16,monthlyreset,2026-02,60,SELL,0.35,5162.774,2026-02-26 22:02:00,2026-02-26 23:00:00,58,-834,,L2
16,monthlyreset,2026-02,61,SELL,0.72,5182.552,2026-02-27 06:26:00,2026-02-27 09:07:42,161.7,-1275,sl 5199.867,L3
16,monthlyreset,2026-02,62,BUY,0.53,5199.527,2026-02-27 09:08:00,2026-02-27 09:37:29,29.5,-1186,sl 5177.614,L4
16,monthlyreset,2026-02,63,SELL,0.55,5176.259,2026-02-27 09:51:00,2026-02-27 12:30:40,159.7,-1144,sl 5196.634,L5
16,monthlyreset,2026-02,64,BUY,0.85,5195.223,2026-02-27 12:55:00,2026-02-27 14:14:30,79.5,-1083,sl 5182.805,L6
16,monthlyreset,2026-02,65,SELL,0.6,5179.496,2026-02-27 14:17:00,2026-02-27 20:06:30,349.5,-1033,sl 5196.310,L7
16,monthlyreset,2026-02,66,SELL,0.33,5208.685,2026-02-27 20:42:00,2026-02-27 22:11:39,89.6,-964,sl 5237.316,L8
16,monthlyreset,2026-02,67,BUY,0.23,5232.693,2026-02-27 22:32:00,2026-02-27 23:00:00,28,157,,W1
16,monthlyreset,2026-03,1,BUY,0.18,5351.678,2026-03-02 06:10:00,2026-03-02 08:01:40,111.7,-489,sl 5325.052,L1
16,monthlyreset,2026-03,2,SELL,0.09,5331.429,2026-03-02 08:02:00,2026-03-02 13:48:30,346.5,-486,sl 5384.269,L2
16,monthlyreset,2026-03,3,BUY,0.18,5384.729,2026-03-02 13:49:00,2026-03-02 21:21:39,452.6,-447,sl 5360.438,L3
16,monthlyreset,2026-03,4,BUY,0.07,5349.632,2026-03-02 21:41:00,2026-03-02 23:00:00,79,-240,,L4
16,monthlyreset,2026-03,5,BUY,0.17,5340.315,2026-03-03 06:04:00,2026-03-03 12:54:21,410.4,-416,sl 5316.917,L5
16,monthlyreset,2026-03,6,SELL,0.09,5289.581,2026-03-03 13:15:00,2026-03-03 14:51:14,96.2,-379,sl 5330.804,L6
16,monthlyreset,2026-03,7,BUY,0.11,5329.543,2026-03-03 14:55:00,2026-03-03 15:40:38,45.6,-357,sl 5297.805,L7
16,monthlyreset,2026-03,8,SELL,0.12,5297.908,2026-03-03 15:41:00,2026-03-03 18:07:31,146.5,782,tp 5220.392,W1
16,monthlyreset,2026-03,9,SELL,0.05,5185.301,2026-03-03 18:26:00,2026-03-03 22:17:41,231.7,849,tp 4997.815,W2
16,monthlyreset,2026-03,10,BUY,0.04,5038.990,2026-03-03 22:23:00,2026-03-03 23:00:00,37,225,,W3
16,monthlyreset,2026-03,11,BUY,0.11,5102.659,2026-03-04 06:03:00,2026-03-04 19:03:39,780.6,959,tp 5203.430,W4
16,monthlyreset,2026-03,12,SELL,0.22,5186.895,2026-03-04 19:17:00,2026-03-04 23:00:00,223,894,,W5
16,monthlyreset,2026-03,13,SELL,0.25,5146.531,2026-03-05 06:14:00,2026-03-05 07:05:41,51.7,-552,sl 5168.170,L1
16,monthlyreset,2026-03,14,BUY,0.24,5167.114,2026-03-05 07:07:00,2026-03-05 13:00:16,353.3,-514,sl 5146.131,L2
16,monthlyreset,2026-03,15,SELL,0.22,5146.993,2026-03-05 13:08:00,2026-03-05 14:00:05,52.1,-507,sl 5169.591,L3
16,monthlyreset,2026-03,16,SELL,0.13,5161.170,2026-03-05 14:17:00,2026-03-05 22:08:31,471.5,983,tp 5072.567,W1
16,monthlyreset,2026-03,17,SELL,0.08,5076.755,2026-03-05 22:27:00,2026-03-05 23:00:00,33,-212,,L1
16,monthlyreset,2026-03,18,SELL,0.25,5090.351,2026-03-06 06:28:00,2026-03-06 08:40:27,132.4,-514,sl 5110.472,L2
16,monthlyreset,2026-03,19,SELL,0.14,5123.551,2026-03-06 09:42:00,2026-03-06 22:02:40,740.7,-92,sl 5156.151,L3
16,monthlyreset,2026-03,20,BUY,0.07,5164.443,2026-03-06 22:26:00,2026-03-06 23:00:00,34,-161,,L4
16,monthlyreset,2026-03,21,SELL,0.07,5086.956,2026-03-09 06:37:00,2026-03-09 23:00:00,983,-93,,L5
16,monthlyreset,2026-03,22,BUY,0.14,5149.196,2026-03-10 06:13:00,2026-03-10 22:33:12,980.2,977,tp 5230.658,W1
16,monthlyreset,2026-03,23,BUY,0.24,5194.778,2026-03-11 06:07:00,2026-03-11 19:36:40,809.7,-519,sl 5174.223,L1
16,monthlyreset,2026-03,24,SELL,0.21,5174.576,2026-03-11 19:37:00,2026-03-11 23:00:00,203,166,,W1
16,monthlyreset,2026-03,25,BUY,0.19,5153.533,2026-03-12 06:14:00,2026-03-12 07:00:39,46.6,-517,sl 5128.609,L1
16,monthlyreset,2026-03,26,BUY,0.15,5139.379,2026-03-12 07:15:00,2026-03-12 23:00:00,945,-112,,L2
16,monthlyreset,2026-03,27,BUY,0.21,5095.409,2026-03-13 06:08:00,2026-03-13 14:21:40,493.7,-469,sl 5074.123,L3
16,monthlyreset,2026-03,28,SELL,0.18,5083.010,2026-03-13 14:56:00,2026-03-13 18:59:30,243.5,-448,sl 5107.383,L4
16,monthlyreset,2026-03,29,SELL,0.2,5109.592,2026-03-13 19:13:00,2026-03-13 21:55:16,162.3,914,tp 5056.232,W1
16,monthlyreset,2026-03,30,BUY,0.12,5058.288,2026-03-13 22:08:00,2026-03-13 23:00:00,52,-288,,L1
16,monthlyreset,2026-03,31,BUY,0.15,5025.049,2026-03-16 06:00:00,2026-03-16 06:20:27,20.4,-454,sl 4995.392,L2
16,monthlyreset,2026-03,32,SELL,0.12,4986.442,2026-03-16 06:21:00,2026-03-16 07:02:41,41.7,-423,sl 5020.999,L3
16,monthlyreset,2026-03,33,BUY,0.1,5030.946,2026-03-16 07:35:00,2026-03-16 08:14:30,39.5,-409,sl 4990.847,L4
16,monthlyreset,2026-03,34,SELL,0.09,4995.375,2026-03-16 08:25:00,2026-03-16 13:16:37,291.6,-358,sl 5034.369,L5
16,monthlyreset,2026-03,35,SELL,0.19,5027.383,2026-03-16 13:27:00,2026-03-16 16:45:39,198.6,774,tp 4979.476,W1
16,monthlyreset,2026-03,36,SELL,0.18,4977.906,2026-03-16 16:56:00,2026-03-16 18:00:29,64.5,-408,sl 5000.108,L1
16,monthlyreset,2026-03,37,BUY,0.17,5012.844,2026-03-16 18:20:00,2026-03-16 21:48:30,208.5,-377,sl 4991.119,L2
16,monthlyreset,2026-03,38,BUY,0.1,5002.102,2026-03-16 22:17:00,2026-03-16 23:00:00,43,-155,,L3
16,monthlyreset,2026-03,39,BUY,0.21,5005.743,2026-03-17 06:12:00,2026-03-17 22:36:27,984.4,219,sl 4988.821,W1
16,monthlyreset,2026-03,40,BUY,0.31,5001.773,2026-03-18 06:02:00,2026-03-18 10:04:20,242.3,-391,sl 4990.021,L1
16,monthlyreset,2026-03,41,BUY,0.22,4996.384,2026-03-18 10:25:00,2026-03-18 15:45:30,320.5,-352,sl 4980.795,L2
16,monthlyreset,2026-03,42,SELL,0.19,4983.045,2026-03-18 15:46:00,2026-03-18 18:44:30,178.5,735,tp 4937.568,W1
16,monthlyreset,2026-03,43,SELL,0.09,4932.194,2026-03-18 18:56:00,2026-03-18 23:00:00,244,660,,W2
16,monthlyreset,2026-03,44,SELL,0.11,4829.229,2026-03-19 06:19:00,2026-03-19 08:40:28,141.5,-380,sl 4863.061,L1
16,monthlyreset,2026-03,45,SELL,0.12,4853.359,2026-03-19 08:51:00,2026-03-19 13:46:28,295.5,780,tp 4776.078,W1
16,monthlyreset,2026-03,46,BUY,0.09,4771.370,2026-03-19 14:02:00,2026-03-19 14:59:40,57.7,-389,sl 4729.017,L1
16,monthlyreset,2026-03,47,SELL,0.07,4724.983,2026-03-19 15:06:00,2026-03-19 19:42:39,276.7,799,tp 4592.896,W1
16,monthlyreset,2026-03,48,SELL,0.07,4575.999,2026-03-19 19:44:00,2026-03-19 21:00:27,76.4,-397,sl 4631.503,L1
16,monthlyreset,2026-03,49,SELL,0.03,4614.257,2026-03-19 21:20:00,2026-03-19 23:00:00,100,52,,W1
16,monthlyreset,2026-03,50,SELL,0.15,4644.020,2026-03-20 06:10:00,2026-03-20 08:05:41,115.7,-427,sl 4671.954,L1
16,monthlyreset,2026-03,51,BUY,0.14,4673.864,2026-03-20 08:07:00,2026-03-20 17:51:41,584.7,274,sl 4645.703,W1
16,monthlyreset,2026-03,52,BUY,0.1,4669.165,2026-03-20 18:33:00,2026-03-20 20:51:42,138.7,-397,sl 4630.264,L1
16,monthlyreset,2026-03,53,SELL,0.07,4627.333,2026-03-20 20:53:00,2026-03-20 23:00:00,127,515,,W1
16,monthlyreset,2026-03,54,SELL,0.07,4489.127,2026-03-23 06:22:00,2026-03-23 07:37:28,75.5,942,tp 4333.501,W2
16,monthlyreset,2026-03,55,BUY,0.05,4356.756,2026-03-23 07:58:00,2026-03-23 13:07:15,309.2,-441,sl 4270.309,L1
16,monthlyreset,2026-03,56,SELL,0.07,4243.755,2026-03-23 13:30:00,2026-03-23 16:29:42,179.7,296,sl 4304.162,W1
16,monthlyreset,2026-03,57,BUY,0.05,4304.266,2026-03-23 16:30:00,2026-03-23 16:44:42,14.7,-401,sl 4225.621,L1
16,monthlyreset,2026-03,58,BUY,0.05,4243.983,2026-03-23 16:53:00,2026-03-23 18:11:00,78,893,tp 4441.157,W1
16,monthlyreset,2026-03,59,SELL,0.05,4395.003,2026-03-23 18:20:00,2026-03-23 19:59:14,99.2,-494,sl 4491.870,L1
16,monthlyreset,2026-03,60,SELL,0.04,4423.391,2026-03-23 20:20:00,2026-03-23 23:00:00,160,238,,W1
16,monthlyreset,2026-03,61,BUY,0.1,4437.262,2026-03-24 06:08:00,2026-03-24 07:27:21,79.4,-467,sl 4392.109,L1
16,monthlyreset,2026-03,62,SELL,0.09,4360.248,2026-03-24 07:39:00,2026-03-24 14:00:38,381.6,-452,sl 4409.446,L2
16,monthlyreset,2026-03,63,BUY,0.07,4423.726,2026-03-24 14:11:00,2026-03-24 19:39:38,328.6,-406,sl 4366.866,L3
16,monthlyreset,2026-03,64,SELL,0.08,4365.341,2026-03-24 19:40:00,2026-03-24 21:34:39,114.6,-415,sl 4416.243,L4
16,monthlyreset,2026-03,65,SELL,0.06,4410.944,2026-03-24 22:01:00,2026-03-24 23:00:00,59,-7,,L5
16,monthlyreset,2026-03,66,BUY,0.09,4485.083,2026-03-25 06:00:00,2026-03-25 08:39:14,159.2,788,tp 4589.968,W1
16,monthlyreset,2026-03,67,BUY,0.11,4598.356,2026-03-25 08:51:00,2026-03-25 12:21:38,210.6,-412,sl 4561.656,L1
16,monthlyreset,2026-03,68,BUY,0.19,4565.268,2026-03-25 12:44:00,2026-03-25 13:09:19,25.3,-408,sl 4544.233,L2
16,monthlyreset,2026-03,69,BUY,0.13,4550.757,2026-03-25 13:22:00,2026-03-25 19:31:42,369.7,-376,sl 4522.383,L3
16,monthlyreset,2026-03,70,BUY,0.1,4553.344,2026-03-25 19:38:00,2026-03-25 23:00:00,202,57,,W1
16,monthlyreset,2026-03,71,SELL,0.09,4509.128,2026-03-26 06:04:00,2026-03-26 23:00:00,1016,671,,W2
16,monthlyreset,2026-03,72,SELL,0.11,4397.502,2026-03-27 06:06:00,2026-03-27 09:03:31,177.5,-397,sl 4432.868,L1
16,monthlyreset,2026-03,73,BUY,0.12,4436.991,2026-03-27 09:11:00,2026-03-27 18:07:29,536.5,-370,sl 4406.800,L2
16,monthlyreset,2026-03,74,SELL,0.15,4408.471,2026-03-27 18:09:00,2026-03-27 19:16:31,67.5,-360,sl 4431.980,L3
16,monthlyreset,2026-03,75,BUY,0.12,4429.733,2026-03-27 19:30:00,2026-03-27 21:52:41,142.7,699,tp 4498.981,W1
16,monthlyreset,2026-03,76,BUY,0.07,4530.267,2026-03-27 22:14:00,2026-03-27 23:00:00,46,-44,,L1
16,monthlyreset,2026-03,77,SELL,0.08,4477.622,2026-03-30 06:06:00,2026-03-30 12:50:16,404.3,-364,sl 4522.200,L2
16,monthlyreset,2026-03,78,BUY,0.13,4529.308,2026-03-30 13:10:00,2026-03-30 23:00:00,590,366,,W1
16,monthlyreset,2026-03,79,SELL,0.19,4502.777,2026-03-31 06:03:00,2026-03-31 07:02:28,59.5,-381,sl 4522.379,L1
16,monthlyreset,2026-03,80,SELL,0.13,4518.147,2026-03-31 07:14:00,2026-03-31 07:46:41,32.7,-346,sl 4544.267,L2
16,monthlyreset,2026-03,81,BUY,0.08,4542.583,2026-03-31 07:55:00,2026-03-31 23:00:00,905,585,,W1
16,monthlyreset,2026-03,82,BUY,0.09,4680.354,2026-04-01 06:01:00,2026-04-01 22:32:35,991.6,737,tp 4778.185,W2
16,monthlyreset,2026-04,1,BUY,0.16,4701.357,2026-04-01 07:07:00,2026-04-01 11:16:40,249.7,-501,sl 4670.660,L1
16,monthlyreset,2026-04,2,BUY,0.26,4672.897,2026-04-01 11:29:00,2026-04-01 13:47:29,138.5,1042,tp 4719.843,W1
16,monthlyreset,2026-04,3,BUY,0.19,4727.788,2026-04-01 13:56:00,2026-04-01 23:00:00,544,1060,,W2
16,monthlyreset,2026-04,4,SELL,0.26,4774.490,2026-04-02 06:01:00,2026-04-02 06:19:30,18.5,-590,sl 4796.629,L1
16,monthlyreset,2026-04,5,SELL,0.22,4789.516,2026-04-02 06:38:00,2026-04-02 08:06:42,88.7,1194,tp 4725.624,W1
16,monthlyreset,2026-04,6,SELL,0.13,4727.680,2026-04-02 08:20:00,2026-04-02 12:47:39,267.6,1318,tp 4608.898,W2
16,monthlyreset,2026-04,7,SELL,0.15,4587.068,2026-04-02 13:02:00,2026-04-02 14:34:27,92.4,-657,sl 4629.931,L1
16,monthlyreset,2026-04,8,BUY,0.14,4632.003,2026-04-02 14:35:00,2026-04-02 20:00:39,325.7,-653,sl 4586.287,L2
16,monthlyreset,2026-04,9,SELL,0.14,4590.770,2026-04-02 20:14:00,2026-04-02 20:49:30,35.5,-594,sl 4632.353,L3
16,monthlyreset,2026-04,10,BUY,0.09,4656.299,2026-04-02 21:12:00,2026-04-02 23:00:00,108,42,,W1
16,monthlyreset,2026-04,11,BUY,0.11,4645.881,2026-04-06 06:00:00,2026-04-06 23:00:00,1020,240,,W2
16,monthlyreset,2026-04,12,BUY,0.4,4661.086,2026-04-07 06:07:00,2026-04-07 08:00:21,113.4,-622,sl 4646.445,L1
16,monthlyreset,2026-04,13,SELL,0.21,4636.246,2026-04-07 08:11:00,2026-04-07 11:42:32,211.5,-574,sl 4663.057,L2
16,monthlyreset,2026-04,14,SELL,0.37,4660.229,2026-04-07 12:01:00,2026-04-07 15:20:41,199.7,491,sl 4674.883,W1
16,monthlyreset,2026-04,15,SELL,0.19,4681.890,2026-04-07 16:07:00,2026-04-07 23:00:00,413,873,,W2
16,monthlyreset,2026-04,16,BUY,0.09,4821.426,2026-04-08 06:21:00,2026-04-08 21:32:34,911.6,-615,sl 4754.978,L1
16,monthlyreset,2026-04,17,SELL,0.12,4747.346,2026-04-08 21:54:00,2026-04-08 23:00:00,66,-117,,L2
16,monthlyreset,2026-04,18,SELL,0.24,4713.826,2026-04-09 06:02:00,2026-04-09 17:24:38,682.6,-575,sl 4737.293,L3
16,monthlyreset,2026-04,19,BUY,0.29,4745.425,2026-04-09 17:51:00,2026-04-09 22:34:41,283.7,1145,tp 4791.780,W1
16,monthlyreset,2026-04,20,BUY,0.19,4793.974,2026-04-09 22:36:00,2026-04-09 23:00:00,24,-23,,L1
16,monthlyreset,2026-04,21,BUY,0.31,4764.348,2026-04-10 06:00:00,2026-04-10 09:21:20,201.3,-624,sl 4745.231,L2
16,monthlyreset,2026-04,22,BUY,0.23,4749.303,2026-04-10 09:41:00,2026-04-10 23:00:00,799,520,,W1
16,monthlyreset,2026-04,23,BUY,0.15,4659.132,2026-04-13 06:00:00,2026-04-13 23:00:00,1020,994,,W2
16,monthlyreset,2026-04,24,SELL,0.41,4758.128,2026-04-14 06:22:00,2026-04-14 07:41:21,79.4,-653,sl 4773.709,L1
16,monthlyreset,2026-04,25,BUY,0.27,4775.941,2026-04-14 08:08:00,2026-04-14 17:39:38,571.6,-601,sl 4754.112,L2
16,monthlyreset,2026-04,26,BUY,0.25,4770.410,2026-04-14 17:51:00,2026-04-14 23:00:00,309,980,,W1
16,monthlyreset,2026-04,27,BUY,0.39,4843.001,2026-04-15 06:07:00,2026-04-15 09:32:15,205.2,-654,sl 4827.147,L1
16,monthlyreset,2026-04,28,SELL,0.25,4822.192,2026-04-15 09:56:00,2026-04-15 23:00:00,784,507,,W1
16,monthlyreset,2026-04,29,BUY,0.44,4811.726,2026-04-16 06:14:00,2026-04-16 20:52:39,878.6,-144,sl 4797.923,L1
16,monthlyreset,2026-04,30,SELL,0.23,4788.428,2026-04-16 21:06:00,2026-04-16 23:00:00,114,-435,,L2
16,monthlyreset,2026-04,31,SELL,0.53,4793.713,2026-04-17 06:02:00,2026-04-17 12:00:38,358.6,489,sl 4804.963,W1
16,monthlyreset,2026-04,32,BUY,0.62,4804.249,2026-04-17 12:01:00,2026-04-17 12:57:25,56.4,-619,sl 4794.469,L1
16,monthlyreset,2026-04,33,SELL,0.43,4795.447,2026-04-17 12:59:00,2026-04-17 18:48:29,349.5,-606,sl 4809.235,L2
16,monthlyreset,2026-04,34,SELL,0.34,4800.772,2026-04-17 18:56:00,2026-04-17 19:25:39,29.6,-558,sl 4816.862,L3
16,monthlyreset,2026-04,35,BUY,0.27,4820.558,2026-04-17 19:37:00,2026-04-17 20:10:30,33.5,1134,tp 4870.424,W1
16,monthlyreset,2026-04,36,SELL,0.15,4855.539,2026-04-17 20:22:00,2026-04-17 23:00:00,158,-188,,L1
16,monthlyreset,2026-04,37,SELL,0.17,4771.756,2026-04-20 06:17:00,2026-04-20 08:30:39,133.6,-566,sl 4804.386,L2
16,monthlyreset,2026-04,38,SELL,0.21,4807.813,2026-04-20 09:00:00,2026-04-20 23:00:00,840,160,,W1
16,monthlyreset,2026-04,39,SELL,0.35,4824.381,2026-04-21 06:09:00,2026-04-21 12:52:40,403.7,1203,tp 4783.991,W2
16,monthlyreset,2026-04,40,BUY,0.33,4788.423,2026-04-21 13:11:00,2026-04-21 19:30:39,379.7,-612,sl 4770.273,L1
16,monthlyreset,2026-04,41,SELL,0.31,4776.184,2026-04-21 19:31:00,2026-04-21 21:47:40,136.7,1277,tp 4727.493,W1
16,monthlyreset,2026-04,42,BUY,0.18,4737.332,2026-04-21 21:58:00,2026-04-21 23:00:00,62,74,,W2
16,monthlyreset,2026-04,43,BUY,0.41,4721.699,2026-04-22 06:02:00,2026-04-22 10:29:37,267.6,1416,tp 4762.993,W3
16,monthlyreset,2026-04,44,SELL,0.58,4759.001,2026-04-22 10:38:00,2026-04-22 12:21:41,103.7,-743,sl 4771.534,L1
16,monthlyreset,2026-04,45,BUY,0.49,4767.847,2026-04-22 12:39:00,2026-04-22 15:30:03,171,-690,sl 4754.038,L2
16,monthlyreset,2026-04,46,SELL,0.49,4752.495,2026-04-22 15:37:00,2026-04-22 23:00:00,443,1196,,W1
16,monthlyreset,2026-04,47,SELL,0.63,4726.131,2026-04-23 06:00:00,2026-04-23 07:15:40,75.7,1547,tp 4696.919,W2
16,monthlyreset,2026-04,48,BUY,0.37,4734.364,2026-04-23 07:26:00,2026-04-23 09:08:39,102.6,-784,sl 4713.586,L1
16,monthlyreset,2026-04,49,BUY,0.3,4717.986,2026-04-23 09:23:00,2026-04-23 12:30:42,187.7,-755,sl 4693.319,L2
16,monthlyreset,2026-04,50,SELL,0.5,4702.205,2026-04-23 12:43:00,2026-04-23 13:01:20,18.3,-735,sl 4716.608,L3
16,monthlyreset,2026-04,51,BUY,0.41,4716.675,2026-04-23 13:03:00,2026-04-23 16:02:27,179.5,-674,sl 4700.599,L4
16,monthlyreset,2026-04,52,BUY,0.34,4701.422,2026-04-23 16:24:00,2026-04-23 23:00:00,396,1016,,W1
16,monthlyreset,2026-04,53,BUY,0.51,4695.421,2026-04-24 06:01:00,2026-04-24 09:28:39,207.6,-720,sl 4682.158,L1
16,monthlyreset,2026-04,54,BUY,0.31,4689.114,2026-04-24 09:35:00,2026-04-24 10:10:15,35.2,-649,sl 4668.606,L2
16,monthlyreset,2026-04,55,SELL,0.31,4669.800,2026-04-24 10:13:00,2026-04-24 14:46:28,273.5,-631,sl 4689.724,L3
16,monthlyreset,2026-04,56,BUY,0.38,4693.333,2026-04-24 15:20:00,2026-04-24 17:31:41,131.7,-595,sl 4678.035,L4
16,monthlyreset,2026-04,57,SELL,0.38,4677.308,2026-04-24 17:55:00,2026-04-24 18:05:02,10,-581,sl 4692.247,L5
16,monthlyreset,2026-04,58,BUY,0.23,4707.615,2026-04-24 18:24:00,2026-04-24 23:00:00,276,446,,W1
16,monthlyreset,2026-04,59,BUY,0.32,4684.052,2026-04-27 06:07:00,2026-04-27 10:43:36,276.6,1195,tp 4727.924,W2
16,monthlyreset,2026-04,60,SELL,0.52,4726.252,2026-04-27 11:26:00,2026-04-27 20:01:32,515.5,1339,tp 4695.753,W3
16,monthlyreset,2026-04,61,BUY,0.37,4697.748,2026-04-27 20:12:00,2026-04-27 21:55:21,103.4,-681,sl 4679.704,L1
16,monthlyreset,2026-04,62,SELL,0.28,4673.195,2026-04-27 22:03:00,2026-04-27 23:00:00,57,78,,W1
16,monthlyreset,2026-04,63,BUY,0.74,4687.876,2026-04-28 06:01:00,2026-04-28 08:55:41,174.7,-697,sl 4679.224,L1
16,monthlyreset,2026-04,64,BUY,0.38,4679.224,2026-04-28 09:18:00,2026-04-28 12:03:37,165.6,-628,sl 4663.113,L2
16,monthlyreset,2026-04,65,BUY,0.45,4658.035,2026-04-28 12:21:00,2026-04-28 12:30:40,9.7,-588,sl 4645.232,L3
16,monthlyreset,2026-04,66,SELL,0.35,4644.526,2026-04-28 12:35:00,2026-04-28 17:58:35,323.6,1187,tp 4604.621,W1
16,monthlyreset,2026-04,67,SELL,0.33,4602.824,2026-04-28 18:09:00,2026-04-28 19:01:42,52.7,1327,tp 4554.986,W2
16,monthlyreset,2026-04,68,BUY,0.23,4575.554,2026-04-28 19:12:00,2026-04-28 23:00:00,228,250,,W3
16,monthlyreset,2026-04,69,SELL,0.83,4591.470,2026-04-29 06:06:00,2026-04-29 07:00:38,54.6,-729,sl 4600.053,L1
16,monthlyreset,2026-04,70,SELL,0.54,4601.447,2026-04-29 07:21:00,2026-04-29 14:26:42,425.7,1427,tp 4570.036,W1
16,monthlyreset,2026-04,71,SELL,0.38,4570.740,2026-04-29 14:43:00,2026-04-29 20:40:38,357.6,1619,tp 4520.646,W2
16,monthlyreset,2026-04,72,BUY,0.27,4521.039,2026-04-29 20:55:00,2026-04-29 23:00:00,125,723,,W3
16,monthlyreset,2026-04,73,BUY,0.7,4552.894,2026-04-30 06:02:00,2026-04-30 11:35:15,333.2,656,sl 4540.875,W4
16,monthlyreset,2026-04,74,SELL,0.59,4542.823,2026-04-30 11:59:00,2026-04-30 12:24:27,25.4,-897,sl 4557.695,L1
16,monthlyreset,2026-04,75,BUY,0.53,4561.148,2026-04-30 12:33:00,2026-04-30 14:56:39,143.6,1801,tp 4601.253,W1
16,monthlyreset,2026-04,76,BUY,0.4,4627.028,2026-04-30 15:05:00,2026-04-30 23:00:00,475,-473,,L1
16,monthlyreset,2026-04,77,SELL,0.75,4628.962,2026-05-01 06:04:00,2026-05-01 13:19:15,435.2,1923,tp 4598.468,W1
16,monthlyreset,2026-05,1,SELL,0.45,4624.289,2026-05-01 07:13:00,2026-05-01 09:17:38,124.6,-515,sl 4635.493,L1
16,monthlyreset,2026-05,2,SELL,0.34,4624.327,2026-05-01 09:45:00,2026-05-01 14:22:27,277.4,1013,tp 4589.083,W1
16,monthlyreset,2026-05,3,SELL,0.29,4585.933,2026-05-01 14:35:00,2026-05-01 19:25:41,290.7,-536,sl 4604.033,L1
16,monthlyreset,2026-05,4,SELL,0.24,4591.705,2026-05-01 19:45:00,2026-05-01 20:53:20,68.3,-509,sl 4612.471,L2
16,monthlyreset,2026-05,5,BUY,0.19,4615.118,2026-05-01 20:54:00,2026-05-01 23:00:00,126,632,,W1
16,monthlyreset,2026-05,6,SELL,0.28,4615.058,2026-05-04 06:11:00,2026-05-04 17:02:31,651.5,1119,tp 4567.859,W2
16,monthlyreset,2026-05,7,BUY,0.21,4557.887,2026-05-04 17:35:00,2026-05-04 22:20:43,285.7,-564,sl 4531.580,L1
16,monthlyreset,2026-05,8,SELL,0.14,4527.006,2026-05-04 22:49:00,2026-05-04 23:00:00,11,75,,W1
16,monthlyreset,2026-05,9,BUY,0.5,4518.125,2026-05-05 06:03:00,2026-05-05 09:43:30,220.5,1112,tp 4545.028,W2
16,monthlyreset,2026-05,10,BUY,0.42,4546.457,2026-05-05 09:49:00,2026-05-05 10:58:14,69.2,-602,sl 4532.436,L1
16,monthlyreset,2026-05,11,SELL,0.57,4530.432,2026-05-05 11:21:00,2026-05-05 12:07:23,46.4,-584,sl 4540.471,L2
16,monthlyreset,2026-05,12,SELL,0.44,4539.340,2026-05-05 12:17:00,2026-05-05 12:42:38,25.6,-556,sl 4551.685,L3
16,monthlyreset,2026-05,13,BUY,0.31,4546.691,2026-05-05 13:04:00,2026-05-05 23:00:00,596,869,,W1
16,monthlyreset,2026-05,14,BUY,0.38,4572.961,2026-05-06 06:01:00,2026-05-06 07:41:36,100.6,1197,tp 4610.694,W2
16,monthlyreset,2026-05,15,BUY,0.33,4618.290,2026-05-06 07:59:00,2026-05-06 13:00:57,302,1282,tp 4664.467,W3
16,monthlyreset,2026-05,16,BUY,0.37,4666.596,2026-05-06 13:27:00,2026-05-06 17:41:01,254,1437,tp 4712.558,W4
16,monthlyreset,2026-05,17,SELL,0.32,4712.325,2026-05-06 18:04:00,2026-05-06 23:00:00,296,1204,,W5
16,monthlyreset,2026-05,18,SELL,0.66,4694.255,2026-05-07 06:14:00,2026-05-07 08:11:28,117.5,-835,sl 4706.656,L1
16,monthlyreset,2026-05,19,SELL,0.35,4704.757,2026-05-07 08:27:00,2026-05-07 13:31:41,304.7,-779,sl 4726.541,L2
16,monthlyreset,2026-05,20,SELL,0.34,4736.727,2026-05-07 13:55:00,2026-05-07 20:34:13,399.2,-739,sl 4758.037,L3
16,monthlyreset,2026-05,21,SELL,0.26,4743.628,2026-05-07 20:49:00,2026-05-07 23:00:00,131,372,,W1
16,monthlyreset,2026-05,22,BUY,0.27,4689.425,2026-05-08 06:04:00,2026-05-08 23:00:00,1016,1062,,W2
16,monthlyreset,2026-05,23,SELL,0.35,4692.135,2026-05-11 06:11:00,2026-05-11 20:06:31,835.5,-93,sl 4713.799,L1
16,monthlyreset,2026-05,24,BUY,0.24,4739.016,2026-05-11 20:39:00,2026-05-11 23:00:00,141,-165,,L2
16,monthlyreset,2026-05,25,BUY,0.54,4753.767,2026-05-12 06:09:00,2026-05-12 08:26:13,137.2,-786,sl 4740.061,L3
16,monthlyreset,2026-05,26,SELL,0.26,4730.308,2026-05-12 08:37:00,2026-05-12 22:18:29,821.5,1534,tp 4661.192,W1
16,monthlyreset,2026-05,27,BUY,0.25,4663.101,2026-05-12 22:35:00,2026-05-12 23:00:00,25,71,,W2
16,monthlyreset,2026-05,28,BUY,0.55,4720.443,2026-05-13 06:08:00,2026-05-13 08:17:37,129.6,-822,sl 4706.404,L1
16,monthlyreset,2026-05,29,SELL,0.37,4704.523,2026-05-13 08:30:00,2026-05-13 23:00:00,870,327,,W1
16,monthlyreset,2026-05,30,BUY,0.76,4701.896,2026-05-14 06:11:00,2026-05-14 07:03:30,52.5,-905,sl 4691.976,L1
16,monthlyreset,2026-05,31,BUY,0.62,4697.409,2026-05-14 07:13:00,2026-05-14 08:13:38,60.6,-726,sl 4685.964,L2
16,monthlyreset,2026-05,32,SELL,0.29,4688.953,2026-05-14 08:40:00,2026-05-14 11:36:39,176.6,-694,sl 4712.386,L3
16,monthlyreset,2026-05,33,SELL,0.34,4701.046,2026-05-14 12:03:00,2026-05-14 23:00:00,657,514,,W1
16,monthlyreset,2026-05,34,SELL,0.59,4661.203,2026-05-15 06:10:00,2026-05-15 07:25:38,75.6,1464,tp 4631.882,W2
16,monthlyreset,2026-05,35,BUY,0.26,4626.498,2026-05-15 07:48:00,2026-05-15 12:07:27,259.4,-751,sl 4598.169,L1
16,monthlyreset,2026-05,36,SELL,0.36,4582.145,2026-05-15 12:21:00,2026-05-15 20:37:38,496.6,1553,tp 4530.847,W1
16,monthlyreset,2026-05,37,BUY,0.23,4534.678,2026-05-15 20:55:00,2026-05-15 23:00:00,125,117,,W2
16,monthlyreset,2026-05,38,SELL,0.35,4541.927,2026-05-18 06:07:00,2026-05-18 07:44:39,97.6,1788,tp 4481.920,W3
16,monthlyreset,2026-05,39,BUY,0.22,4516.065,2026-05-18 08:00:00,2026-05-18 23:00:00,900,609,,W4
16,monthlyreset,2026-05,40,BUY,0.76,4582.304,2026-05-19 06:13:00,2026-05-19 07:28:37,75.6,-970,sl 4570.418,L1
16,monthlyreset,2026-05,41,SELL,0.43,4574.466,2026-05-19 07:36:00,2026-05-19 20:04:39,748.6,1830,tp 4524.032,W1
16,monthlyreset,2026-05,42,SELL,0.38,4517.307,2026-05-19 20:20:00,2026-05-19 23:00:00,160,1294,,W2
16,monthlyreset,2026-05,43,BUY,0.79,4483.629,2026-05-20 06:05:00,2026-05-20 08:30:38,145.6,-141,sl 4470.798,L1
16,monthlyreset,2026-05,44,BUY,0.3,4483.098,2026-05-20 08:51:00,2026-05-20 23:00:00,849,1702,,W1
16,monthlyreset,2026-05,45,BUY,0.89,4541.722,2026-05-21 06:07:00,2026-05-21 10:53:30,286.5,874,sl 4529.488,W2
16,monthlyreset,2026-05,46,BUY,0.72,4533.596,2026-05-21 11:06:00,2026-05-21 14:15:34,189.6,-1150,sl 4517.950,L1
16,monthlyreset,2026-05,47,SELL,0.55,4518.925,2026-05-21 14:16:00,2026-05-21 16:13:27,117.4,-1115,sl 4538.771,L2
16,monthlyreset,2026-05,48,SELL,0.54,4535.954,2026-05-21 16:27:00,2026-05-21 23:00:00,393,1770,,W1
16,monthlyreset,2026-05,49,SELL,1.23,4540.371,2026-05-22 06:22:00,2026-05-22 12:56:37,394.6,2415,tp 4517.001,W2
16,monthlyreset,2026-05,50,BUY,0.65,4523.071,2026-05-22 13:25:00,2026-05-22 21:01:15,456.2,-1248,sl 4504.249,L1
16,monthlyreset,2026-05,51,SELL,0.51,4507.407,2026-05-22 21:02:00,2026-05-22 23:00:00,118,-679,,L2
16,monthlyreset,2026-05,52,BUY,0.55,4567.528,2026-05-25 06:01:00,2026-05-25 23:00:00,1019,192,,W1
16,monthlyreset,2026-05,53,BUY,1.2,4576.376,2026-05-26 06:10:00,2026-05-26 06:31:21,21.4,-1174,sl 4566.816,L1
16,monthlyreset,2026-05,54,SELL,0.61,4544.848,2026-05-26 07:21:00,2026-05-26 23:00:00,939,2196,,W1
16,monthlyreset,2026-05,55,SELL,0.69,4509.429,2026-05-27 06:13:00,2026-05-27 06:44:40,31.7,-1232,sl 4526.891,L1
16,monthlyreset,2026-05,56,SELL,0.74,4518.969,2026-05-27 06:59:00,2026-05-27 13:31:40,392.7,2416,tp 4480.297,W1
16,monthlyreset,2026-05,57,SELL,0.61,4482.706,2026-05-27 13:32:00,2026-05-27 18:57:38,325.6,2703,tp 4430.128,W2
16,monthlyreset,2026-05,58,SELL,0.53,4430.290,2026-05-27 19:15:00,2026-05-27 19:21:41,6.7,-1437,sl 4456.848,L1
16,monthlyreset,2026-05,59,SELL,0.42,4445.311,2026-05-27 19:48:00,2026-05-27 23:00:00,192,364,,W1
16,monthlyreset,2026-05,60,SELL,1.04,4451.905,2026-05-28 06:09:00,2026-05-28 08:27:03,138,2916,tp 4418.680,W2
16,monthlyreset,2026-05,61,SELL,0.65,4419.164,2026-05-28 08:43:00,2026-05-28 21:09:42,746.7,1347,sl 4442.134,W3
16,monthlyreset,2026-05,62,SELL,0.41,4457.822,2026-05-28 21:36:00,2026-05-28 23:00:00,84,-1041,,L1
16,monthlyreset,2026-05,63,BUY,1.57,4496.704,2026-05-29 06:18:00,2026-05-29 13:00:42,402.7,3230,tp 4521.795,W1
16,monthlyreset,2026-05,64,BUY,1.12,4520.339,2026-05-29 13:03:00,2026-05-29 21:52:39,529.6,3578,tp 4558.282,W2
16,monthlyreset,2026-05,65,BUY,0.57,4575.707,2026-05-29 22:04:00,2026-05-29 23:00:00,56,-257,,L1
16,monthlyreset,2026-05,66,BUY,1.05,4542.614,2026-06-01 06:15:00,2026-06-01 08:56:55,161.9,-1863,sl 4525.230,L2
16,monthlyreset,2026-06,1,BUY,0.34,4540.757,2026-06-01 07:26:00,2026-06-01 08:10:41,44.7,-509,sl 4526.093,L1
16,monthlyreset,2026-06,2,BUY,0.25,4534.120,2026-06-01 08:15:00,2026-06-01 10:11:14,116.2,-474,sl 4515.526,L2
16,monthlyreset,2026-06,3,SELL,0.26,4518.305,2026-06-01 10:26:00,2026-06-01 20:12:40,586.7,961,tp 4474.965,W1
16,monthlyreset,2026-06,4,SELL,0.18,4478.018,2026-06-01 20:21:00,2026-06-01 23:00:00,159,65,,W2
16,monthlyreset,2026-06,5,SELL,0.5,4485.338,2026-06-02 06:10:00,2026-06-02 07:32:27,82.4,-520,sl 4495.507,L1
16,monthlyreset,2026-06,6,SELL,0.32,4486.070,2026-06-02 07:44:00,2026-06-02 11:01:38,197.6,-495,sl 4501.210,L2
16,monthlyreset,2026-06,7,BUY,0.27,4505.174,2026-06-02 11:12:00,2026-06-02 23:00:00,708,538,,W1
16,monthlyreset,2026-06,8,BUY,0.23,4472.146,2026-06-03 06:48:00,2026-06-03 15:00:38,492.6,-490,sl 4451.834,L1
16,monthlyreset,2026-06,9,SELL,0.24,4453.886,2026-06-03 15:20:00,2026-06-03 23:00:00,460,280,,W1
16,monthlyreset,2026-06,10,BUY,0.26,4449.712,2026-06-04 06:25:00,2026-06-04 18:46:19,741.3,950,tp 4494.503,W2
16,monthlyreset,2026-06,11,BUY,0.28,4497.154,2026-06-04 18:47:00,2026-06-04 21:38:38,171.6,-519,sl 4479.005,L1
16,monthlyreset,2026-06,12,BUY,0.17,4470.488,2026-06-04 22:05:00,2026-06-04 23:00:00,55,115,,W1
16,monthlyreset,2026-06,13,SELL,0.38,4468.521,2026-06-05 06:21:00,2026-06-05 13:15:38,414.6,1101,tp 4434.399,W2
16,monthlyreset,2026-06,14,SELL,0.33,4432.389,2026-06-05 13:17:00,2026-06-05 13:36:31,19.5,-570,sl 4449.275,L1
16,monthlyreset,2026-06,15,BUY,0.26,4454.844,2026-06-05 13:49:00,2026-06-05 19:50:41,361.7,-529,sl 4434.934,L2
16,monthlyreset,2026-06,16,SELL,0.21,4437.270,2026-06-05 19:51:00,2026-06-05 20:56:42,65.7,1084,tp 4377.515,W1
16,monthlyreset,2026-06,17,SELL,0.13,4379.138,2026-06-05 20:57:00,2026-06-05 23:00:00,123,564,,W2
16,monthlyreset,2026-06,18,BUY,0.21,4326.678,2026-06-08 06:11:00,2026-06-08 12:34:18,383.3,-587,sl 4299.316,L1
16,monthlyreset,2026-06,19,SELL,0.22,4288.029,2026-06-08 12:46:00,2026-06-08 14:24:29,98.5,-559,sl 4312.943,L2
16,monthlyreset,2026-06,20,SELL,0.19,4306.458,2026-06-08 14:38:00,2026-06-08 18:32:40,234.7,-510,sl 4332.791,L3
16,monthlyreset,2026-06,21,BUY,0.18,4327.186,2026-06-08 18:53:00,2026-06-08 23:00:00,247,259,,W1
16,monthlyreset,2026-06,22,SELL,0.56,4326.407,2026-06-09 06:06:00,2026-06-09 08:28:42,142.7,-531,sl 4335.673,L1
16,monthlyreset,2026-06,23,BUY,0.23,4334.786,2026-06-09 08:56:00,2026-06-09 21:17:21,741.4,-485,sl 4314.120,L2
16,monthlyreset,2026-06,24,BUY,0.14,4322.764,2026-06-09 21:26:00,2026-06-09 21:44:32,18.5,-440,sl 4291.953,L3
16,monthlyreset,2026-06,25,SELL,0.11,4286.869,2026-06-09 22:24:00,2026-06-09 23:00:00,36,157,,W1
16,monthlyreset,2026-06,26,BUY,0.25,4245.999,2026-06-10 06:04:00,2026-06-10 06:18:02,14,-439,sl 4228.815,L1
16,monthlyreset,2026-06,27,SELL,0.2,4225.198,2026-06-10 06:26:00,2026-06-10 15:03:27,517.4,905,tp 4172.374,W1
16,monthlyreset,2026-06,28,SELL,0.21,4166.694,2026-06-10 15:04:00,2026-06-10 22:48:42,464.7,1030,tp 4109.872,W2
16,monthlyreset,2026-06,29,SELL,0.12,4118.017,2026-06-10 22:50:00,2026-06-10 23:00:00,10,-133,,L1
16,monthlyreset,2026-06,30,SELL,0.17,4043.730,2026-06-11 06:09:00,2026-06-11 07:33:32,84.5,-509,sl 4073.040,L2
16,monthlyreset,2026-06,31,BUY,0.1,4072.927,2026-06-11 07:43:00,2026-06-11 23:00:00,917,158,,W1
16,monthlyreset,2026-06,32,SELL,0.18,4221.594,2026-06-12 06:23:00,2026-06-12 23:00:00,997,407,,W2
16,monthlyreset,2026-06,33,SELL,0.16,4285.495,2026-06-15 06:00:00,2026-06-15 08:38:13,158.2,-505,sl 4316.419,L1
16,monthlyreset,2026-06,34,BUY,0.17,4321.471,2026-06-15 09:03:00,2026-06-15 23:00:00,837,593,,W1
16,monthlyreset,2026-06,35,BUY,0.4,4315.433,2026-06-16 06:05:00,2026-06-16 16:09:40,604.7,1085,tp 4348.188,W2
16,monthlyreset,2026-06,36,SELL,0.4,4343.455,2026-06-16 16:19:00,2026-06-16 23:00:00,401,815,,W3
16,monthlyreset,2026-06,37,SELL,0.66,4334.145,2026-06-17 06:03:00,2026-06-17 08:03:42,120.7,-637,sl 4343.584,L1
16,monthlyreset,2026-06,38,SELL,0.38,4345.699,2026-06-17 08:17:00,2026-06-17 21:24:40,787.7,-74,sl 4361.094,L2
16,monthlyreset,2026-06,39,SELL,0.26,4352.288,2026-06-17 21:38:00,2026-06-17 23:00:00,82,-300,,L3
16,monthlyreset,2026-06,40,SELL,0.31,4265.238,2026-06-18 06:01:00,2026-06-18 06:23:14,22.2,-578,sl 4283.522,L4
16,monthlyreset,2026-06,41,BUY,0.29,4281.536,2026-06-18 06:24:00,2026-06-18 08:03:43,99.7,1094,tp 4327.860,W1
16,monthlyreset,2026-06,42,BUY,0.21,4326.734,2026-06-18 08:14:00,2026-06-18 13:07:38,293.6,-596,sl 4298.935,L1
16,monthlyreset,2026-06,43,SELL,0.31,4298.421,2026-06-18 13:08:00,2026-06-18 18:01:29,293.5,1217,tp 4252.039,W1
16,monthlyreset,2026-06,44,SELL,0.33,4243.278,2026-06-18 18:11:00,2026-06-18 19:20:28,69.5,-625,sl 4261.844,L1
16,monthlyreset,2026-06,45,SELL,0.25,4254.715,2026-06-18 19:28:00,2026-06-18 23:00:00,212,694,,W1
16,monthlyreset,2026-06,46,SELL,0.45,4195.907,2026-06-19 06:17:00,2026-06-19 10:42:35,265.6,1376,tp 4159.571,W2
16,monthlyreset,2026-06,47,SELL,0.44,4158.637,2026-06-19 10:43:00,2026-06-19 15:23:30,280.5,606,sl 4174.521,W3
16,monthlyreset,2026-06,48,SELL,0.4,4167.547,2026-06-19 15:41:00,2026-06-19 23:00:00,439,655,,W4
16,monthlyreset,2026-06,49,SELL,0.45,4155.852,2026-06-22 06:16:00,2026-06-22 07:36:13,80.2,-766,sl 4172.529,L1
16,monthlyreset,2026-06,50,BUY,0.27,4175.154,2026-06-22 07:44:00,2026-06-22 23:00:00,916,202,,W1
16,monthlyreset,2026-06,51,BUY,0.88,4192.528,2026-06-23 06:03:00,2026-06-23 07:08:26,65.4,-790,sl 4184.308,L1
16,monthlyreset,2026-06,52,BUY,0.52,4185.239,2026-06-23 07:33:00,2026-06-23 08:19:42,46.7,-689,sl 4172.263,L2
16,monthlyreset,2026-06,53,SELL,0.3,4169.365,2026-06-23 08:35:00,2026-06-23 13:10:30,275.5,1450,tp 4112.976,W1
16,monthlyreset,2026-06,54,BUY,0.25,4122.923,2026-06-23 13:19:00,2026-06-23 15:02:41,103.7,-733,sl 4094.205,L1
16,monthlyreset,2026-06,55,BUY,0.28,4099.626,2026-06-23 15:23:00,2026-06-23 23:00:00,457,1140,,W1
16,monthlyreset,2026-06,56,SELL,0.48,4102.420,2026-06-24 06:02:00,2026-06-24 09:38:39,216.6,1600,tp 4062.751,W2
16,monthlyreset,2026-06,57,SELL,0.29,4062.820,2026-06-24 09:39:00,2026-06-24 13:08:14,209.2,-845,sl 4091.394,L1
16,monthlyreset,2026-06,58,SELL,0.34,4086.535,2026-06-24 13:19:00,2026-06-24 19:25:10,366.2,1710,tp 4027.056,W1
16,monthlyreset,2026-06,59,SELL,0.29,4008.968,2026-06-24 19:26:00,2026-06-24 20:57:38,91.6,-888,sl 4038.991,L1
16,monthlyreset,2026-06,60,SELL,0.15,4016.824,2026-06-24 21:16:00,2026-06-24 23:00:00,104,210,,W1
16,monthlyreset,2026-06,61,SELL,0.56,3992.144,2026-06-25 06:09:00,2026-06-25 06:34:32,25.5,-864,sl 4007.213,L1
16,monthlyreset,2026-06,62,BUY,0.42,4013.933,2026-06-25 07:07:00,2026-06-25 07:27:41,20.7,-794,sl 3995.402,L2
16,monthlyreset,2026-06,63,SELL,0.31,3979.872,2026-06-25 07:49:00,2026-06-25 08:02:38,13.6,-753,sl 4003.669,L3
16,monthlyreset,2026-06,64,BUY,0.22,3999.343,2026-06-25 08:21:00,2026-06-25 09:08:29,47.5,-709,sl 3967.762,L4
16,monthlyreset,2026-06,65,BUY,0.18,3975.613,2026-06-25 09:19:00,2026-06-25 23:00:00,821,1178,,W1
16,monthlyreset,2026-06,66,SELL,0.47,4022.902,2026-06-26 06:10:00,2026-06-26 09:55:43,225.7,1579,tp 3983.209,W2
16,monthlyreset,2026-06,67,SELL,0.36,3983.990,2026-06-26 09:56:00,2026-06-26 10:55:40,59.7,-825,sl 4006.439,L1
16,monthlyreset,2026-06,68,SELL,0.37,3999.952,2026-06-26 11:07:00,2026-06-26 12:30:13,83.2,-782,sl 4020.677,L2
16,monthlyreset,2026-06,69,SELL,0.42,4007.816,2026-06-26 12:47:00,2026-06-26 13:32:29,45.5,-760,sl 4025.554,L3
16,monthlyreset,2026-06,70,BUY,0.31,4025.860,2026-06-26 13:49:00,2026-06-26 21:12:40,443.7,1527,tp 4084.016,W1
16,monthlyreset,2026-06,71,SELL,0.23,4083.591,2026-06-26 21:33:00,2026-06-26 23:00:00,87,-167,,L1
16,monthlyreset,2026-06,72,SELL,0.29,4063.021,2026-06-29 06:16:00,2026-06-29 23:00:00,1004,1328,,W1
16,monthlyreset,2026-06,73,BUY,0.72,4019.114,2026-06-30 06:06:00,2026-06-30 07:03:41,57.7,-886,sl 4007.641,L1
16,monthlyreset,2026-06,74,SELL,0.55,4005.803,2026-06-30 07:20:00,2026-06-30 08:06:32,46.5,1737,tp 3968.381,W1
16,monthlyreset,2026-06,75,SELL,0.36,3945.162,2026-06-30 08:08:00,2026-06-30 08:10:17,2.3,-889,sl 3969.378,L1
16,monthlyreset,2026-06,76,BUY,0.26,3973.824,2026-06-30 08:21:00,2026-06-30 21:23:21,782.4,1809,tp 4055.359,W1
16,monthlyreset,2026-06,77,SELL,0.29,4051.742,2026-06-30 21:37:00,2026-06-30 23:00:00,83,637,,W2
16,monthlyreset,2026-06,78,BUY,0.8,4018.288,2026-07-01 06:08:00,2026-07-01 06:46:40,38.7,-964,sl 4006.503,L1
16,monthlyreset,2026-06,79,SELL,0.79,4007.546,2026-07-01 06:50:00,2026-07-01 08:17:31,87.5,1979,tp 3977.840,W1
16,monthlyreset,2026-07,1,SELL,0.41,4006.279,2026-07-01 07:07:00,2026-07-01 08:48:41,101.7,1090,tp 3974.909,W1
16,monthlyreset,2026-07,2,SELL,0.24,3970.957,2026-07-01 09:06:00,2026-07-01 17:37:39,511.6,-558,sl 3993.763,L1
16,monthlyreset,2026-07,3,SELL,0.41,3987.487,2026-07-01 17:45:00,2026-07-01 18:00:31,15.5,-538,sl 4000.326,L2
16,monthlyreset,2026-07,4,BUY,0.3,4022.959,2026-07-01 18:20:00,2026-07-01 20:38:39,138.6,1077,tp 4064.875,W1
16,monthlyreset,2026-07,5,BUY,0.12,4094.460,2026-07-01 21:10:00,2026-07-01 23:00:00,110,-162,,L1
16,monthlyreset,2026-07,6,BUY,0.45,4045.142,2026-07-02 06:00:00,2026-07-02 07:00:38,60.6,-634,sl 4033.056,L2
16,monthlyreset,2026-07,7,SELL,0.46,4033.400,2026-07-02 07:02:00,2026-07-02 07:12:37,10.6,-529,sl 4044.642,L3
16,monthlyreset,2026-07,8,BUY,0.33,4043.591,2026-07-02 07:24:00,2026-07-02 19:30:20,726.3,1041,tp 4081.067,W1
16,monthlyreset,2026-07,9,BUY,0.18,4133.640,2026-07-02 19:38:00,2026-07-02 23:00:00,202,-95,,L1
16,monthlyreset,2026-07,10,BUY,0.57,4125.402,2026-07-03 06:05:00,2026-07-03 07:51:42,106.7,1058,tp 4147.950,W1
16,monthlyreset,2026-07,11,BUY,0.22,4179.777,2026-07-03 08:20:00,2026-07-03 23:00:00,880,-334,,L1
16,monthlyreset,2026-07,12,BUY,0.33,4188.541,2026-07-06 06:00:00,2026-07-06 07:01:41,61.7,-579,sl 4171.353,L2
16,monthlyreset,2026-07,13,SELL,0.26,4173.958,2026-07-06 07:02:00,2026-07-06 08:34:33,92.6,-549,sl 4194.659,L3
16,monthlyreset,2026-07,14,SELL,0.17,4187.607,2026-07-06 08:59:00,2026-07-06 23:00:00,841,737,,W1
16,monthlyreset,2026-07,15,SELL,0.77,4163.221,2026-07-07 06:09:00,2026-07-07 08:00:28,111.5,1231,tp 4144.297,W2
16,monthlyreset,2026-07,16,SELL,0.38,4145.168,2026-07-07 08:01:00,2026-07-07 19:06:30,665.5,-621,sl 4161.194,L1
16,monthlyreset,2026-07,17,SELL,0.31,4166.347,2026-07-07 19:23:00,2026-07-07 23:00:00,217,843,,W1
16,monthlyreset,2026-07,18,BUY,0.41,4105.690,2026-07-08 06:08:00,2026-07-08 15:17:40,549.7,-89,sl 4090.654,L1
16,monthlyreset,2026-07,19,SELL,0.26,4087.908,2026-07-08 15:26:00,2026-07-08 22:24:40,418.7,1351,tp 4027.038,W1
16,monthlyreset,2026-07,20,BUY,0.22,4031.127,2026-07-08 22:39:00,2026-07-08 23:00:00,21,66,,W2
16,monthlyreset,2026-07,21,BUY,0.58,4077.228,2026-07-09 06:15:00,2026-07-09 08:04:42,109.7,-799,sl 4065.442,L1
16,monthlyreset,2026-07,22,BUY,0.3,4075.497,2026-07-09 08:12:00,2026-07-09 10:18:41,126.7,-646,sl 4054.431,L2
16,monthlyreset,2026-07,23,SELL,0.38,4055.857,2026-07-09 10:19:00,2026-07-09 12:11:30,112.5,-640,sl 4072.346,L3
16,monthlyreset,2026-07,24,SELL,0.39,4067.391,2026-07-09 12:21:00,2026-07-09 12:51:38,30.6,-593,sl 4082.285,L4
16,monthlyreset,2026-07,25,BUY,0.26,4094.154,2026-07-09 13:16:00,2026-07-09 23:00:00,584,901,,W1
16,monthlyreset,2026-07,26,SELL,0.75,4121.379,2026-07-10 06:32:00,2026-07-10 08:00:32,88.5,-627,sl 4129.564,L1
16,monthlyreset,2026-07,27,SELL,0.37,4120.214,2026-07-10 08:07:00,2026-07-10 21:33:03,806.1,1234,tp 4080.732,W1
16,monthlyreset,2026-07,28,SELL,0.24,4087.976,2026-07-10 21:34:00,2026-07-10 23:00:00,86,-617,,L1
16,monthlyreset,2026-07,29,SELL,0.28,4072.807,2026-07-13 06:01:00,2026-07-13 21:16:39,915.6,1333,tp 4016.572,W1
16,monthlyreset,2026-07,30,SELL,0.25,4013.434,2026-07-13 21:17:00,2026-07-13 23:00:00,103,-68,,L1
16,monthlyreset,2026-07,31,SELL,0.7,4000.226,2026-07-14 06:15:00,2026-07-14 08:58:30,163.5,-691,sl 4009.888,L2
16,monthlyreset,2026-07,32,BUY,0.27,4012.022,2026-07-14 09:10:00,2026-07-14 19:30:37,620.6,1329,tp 4070.462,W1
16,monthlyreset,2026-07,33,BUY,0.31,4088.684,2026-07-14 19:31:00,2026-07-14 22:42:42,191.7,-696,sl 4066.683,L1
16,monthlyreset,2026-07,34,SELL,0.24,4068.872,2026-07-14 22:53:00,2026-07-14 23:00:00,7,52,,W1
16,monthlyreset,2026-07,35,SELL,0.75,4047.455,2026-07-15 06:13:00,2026-07-15 06:35:40,22.7,-691,sl 4056.489,L1
16,monthlyreset,2026-07,36,BUY,0.67,4055.142,2026-07-15 06:45:00,2026-07-15 08:35:39,110.6,-678,sl 4045.792,L2
16,monthlyreset,2026-07,37,SELL,0.32,4035.824,2026-07-15 09:01:00,2026-07-15 19:33:14,632.2,-606,sl 4054.382,L3
16,monthlyreset,2026-07,38,BUY,0.31,4062.588,2026-07-15 19:48:00,2026-07-15 22:14:38,146.6,-569,sl 4044.623,L4
16,monthlyreset,2026-07,39,BUY,0.27,4047.939,2026-07-15 22:29:00,2026-07-15 23:00:00,31,-29,,L5
16,monthlyreset,2026-07,40,BUY,0.58,4061.085,2026-07-16 06:08:00,2026-07-16 07:55:39,107.6,-646,sl 4051.886,L6
16,monthlyreset,2026-07,41,SELL,0.29,4036.102,2026-07-16 08:29:00,2026-07-16 19:58:05,689.1,1102,tp 3991.465,W1
16,monthlyreset,2026-07,42,SELL,0.17,3994.376,2026-07-16 19:59:00,2026-07-16 23:00:00,181,-221,,L1
16,monthlyreset,2026-07,43,BUY,0.59,3979.067,2026-07-17 06:09:00,2026-07-17 10:19:40,250.7,1132,tp 4002.412,W1
16,monthlyreset,2026-07,44,SELL,0.32,3999.383,2026-07-17 10:32:00,2026-07-17 22:47:41,735.7,-76,sl 4018.472,L1
16,monthlyreset,2026-07,45,SELL,0.38,3994.967,2026-07-20 06:00:00,2026-07-20 08:00:32,120.5,-607,sl 4010.627,L2
16,monthlyreset,2026-07,46,BUY,0.27,4009.261,2026-07-20 08:01:00,2026-07-20 23:00:00,899,69,,W1
16,monthlyreset,2026-07,47,BUY,0.52,4004.576,2026-07-21 06:04:00,2026-07-21 08:19:29,135.5,1183,tp 4032.236,W2
16,monthlyreset,2026-07,48,SELL,0.31,4025.752,2026-07-21 08:39:00,2026-07-21 10:26:30,107.5,-639,sl 4045.913,L1
16,monthlyreset,2026-07,49,BUY,0.35,4047.712,2026-07-21 10:27:00,2026-07-21 23:00:00,753,1068,,W1
16,monthlyreset,2026-07,50,BUY,0.71,4081.569,2026-07-22 06:16:00,2026-07-22 08:00:32,104.5,1343,tp 4104.643,W2
16,monthlyreset,2026-07,51,BUY,0.4,4107.913,2026-07-22 08:01:00,2026-07-22 20:59:27,778.4,1542,tp 4153.531,W3
16,monthlyreset,2026-07,52,BUY,0.33,4155.818,2026-07-22 21:01:00,2026-07-22 23:00:00,119,111,,W4
16,monthlyreset,2026-07,53,SELL,0.44,4120.095,2026-07-23 06:02:00,2026-07-23 08:00:41,118.7,-828,sl 4138.532,L1
16,monthlyreset,2026-07,54,BUY,0.49,4137.683,2026-07-23 08:01:00,2026-07-23 08:44:38,43.6,-766,sl 4122.386,L2
16,monthlyreset,2026-07,55,SELL,0.36,4118.350,2026-07-23 08:54:00,2026-07-23 19:37:29,643.5,1573,tp 4066.403,W1
16,monthlyreset,2026-07,56,SELL,0.36,4063.566,2026-07-23 19:49:00,2026-07-23 23:00:00,191,528,,W2
16,monthlyreset,2026-07,57,SELL,1.42,4049.032,2026-07-24 06:06:00,2026-07-24 09:48:27,222.4,1750,tp 4034.373,W3
16,monthlyreset,2026-07,58,BUY,0.57,4027.679,2026-07-24 10:07:00,2026-07-24 20:59:42,652.7,1977,tp 4068.522,W4
16,monthlyreset,2026-07,59,SELL,0.49,4057.176,2026-07-24 21:19:00,2026-07-24 22:15:39,56.6,-1046,sl 4078.097,L1
16,monthlyreset,2026-07,60,BUY,0.45,4077.921,2026-07-24 22:40:00,2026-07-24 23:00:00,20,-16,,L2
16,monthlyreset,2026-07,61,SELL,0.59,4087.706,2026-07-27 06:04:00,2026-07-27 07:02:16,58.3,-997,sl 4104.265,L3
16,monthlyreset,2026-07,62,BUY,0.74,4103.112,2026-07-27 07:03:00,2026-07-27 07:27:42,24.7,-931,sl 4090.795,L4
16,monthlyreset,2026-07,63,BUY,0.43,4109.569,2026-07-27 07:51:00,2026-07-27 10:10:38,139.6,-864,sl 4089.869,L5
16,monthlyreset,2026-07,64,SELL,0.61,4091.637,2026-07-27 10:12:00,2026-07-27 14:21:40,249.7,-855,sl 4105.350,L6
16,monthlyreset,2026-07,65,SELL,0.6,4102.832,2026-07-27 14:32:00,2026-07-27 21:28:30,416.5,1707,tp 4069.317,W1
16,monthlyreset,2026-07,66,BUY,0.35,4071.996,2026-07-27 21:48:00,2026-07-27 23:00:00,72,228,,W2
16,monthlyreset,2026-07,67,SELL,1.12,4072.658,2026-07-28 06:03:00,2026-07-28 08:20:40,137.7,1893,tp 4052.585,W3
16,monthlyreset,2026-07,68,SELL,0.55,4052.045,2026-07-28 08:21:00,2026-07-28 23:00:00,879,1343,,W4
16,monthlyreset,2026-07,69,BUY,0.95,4019.170,2026-07-29 06:09:00,2026-07-29 14:21:40,492.7,2166,tp 4046.885,W5
16,monthlyreset,2026-07,70,BUY,0.98,4047.229,2026-07-29 14:23:00,2026-07-29 16:14:12,111.2,-1168,sl 4035.549,L1
16,monthlyreset,2026-07,71,SELL,1.13,4036.333,2026-07-29 16:15:00,2026-07-29 19:30:04,195.1,2399,tp 4011.182,W1
16,monthlyreset,2026-07,72,SELL,0.73,4017.965,2026-07-29 20:06:00,2026-07-29 23:00:00,174,583,,W2
16,monthlyreset,2026-07,73,BUY,0.71,4097.928,2026-07-30 06:08:00,2026-07-30 07:03:40,55.7,-1380,sl 4080.577,L1
16,monthlyreset,2026-07,74,SELL,0.68,4076.758,2026-07-30 07:21:00,2026-07-30 12:38:28,317.5,2571,tp 4032.047,W1
16,monthlyreset,2026-07,75,BUY,0.61,4037.580,2026-07-30 13:04:00,2026-07-30 20:37:39,453.6,2764,tp 4091.333,W2
16,monthlyreset,2026-07,76,BUY,0.5,4094.097,2026-07-30 20:38:00,2026-07-30 23:00:00,142,692,,W3
16,monthlyreset,2026-07,77,SELL,1.5,4109.448,2026-07-31 06:10:00,2026-07-31 08:39:28,149.5,3081,tp 4084.969,W4
16,monthlyreset,2026-07,78,BUY,0.92,4086.546,2026-07-31 08:59:00,2026-07-31 14:34:39,335.7,-1648,sl 4069.011,L1
16,monthlyreset,2026-07,79,SELL,1.13,4071.094,2026-07-31 14:57:00,2026-07-31 20:05:41,308.7,3347,tp 4036.003,W1
16,monthlyreset,2026-07,80,SELL,0.97,4036.130,2026-07-31 20:15:00,2026-07-31 23:00:00,165,-952,,L1
16,monthlyreset,2026-08,1,SELL,0.26,4063.798,2026-08-03 06:02:00,2026-08-03 23:00:00,1018,880,,W1
16,monthlyreset,2026-08,2,SELL,0.68,4051.209,2026-08-04 06:11:00,2026-08-04 07:01:28,50.5,-569,sl 4059.409,L1
16,monthlyreset,2026-08,3,SELL,0.49,4062.940,2026-08-04 07:20:00,2026-08-04 18:47:40,687.7,-39,sl 4073.554,L2
16,monthlyreset,2026-08,4,BUY,0.31,4077.159,2026-08-04 18:49:00,2026-08-04 23:00:00,251,315,,W1
16,monthlyreset,2026-08,5,SELL,0.46,4069.941,2026-08-05 06:23:00,2026-08-05 07:35:31,72.5,-542,sl 4081.473,L1
16,monthlyreset,2026-08,6,SELL,0.45,4078.391,2026-08-05 07:47:00,2026-08-05 08:38:39,51.6,-519,sl 4089.651,L2
16,monthlyreset,2026-08,7,BUY,0.3,4089.948,2026-08-05 08:40:00,2026-08-05 09:46:13,66.2,1041,tp 4130.424,W1
16,monthlyreset,2026-08,8,SELL,0.25,4128.555,2026-08-05 10:03:00,2026-08-05 12:37:16,154.3,-539,sl 4149.696,L1
16,monthlyreset,2026-08,9,BUY,0.23,4171.179,2026-08-05 13:11:00,2026-08-05 21:08:39,477.6,1083,tp 4226.235,W1
16,monthlyreset,2026-08,10,BUY,0.17,4243.652,2026-08-05 21:45:00,2026-08-05 23:00:00,75,-185,,L1
16,monthlyreset,2026-08,11,BUY,0.49,4258.808,2026-08-06 06:16:00,2026-08-06 07:35:01,79,1152,tp 4287.322,W1
16,monthlyreset,2026-08,12,BUY,0.2,4291.350,2026-08-06 07:48:00,2026-08-06 10:25:38,157.6,-594,sl 4262.261,L1
16,monthlyreset,2026-08,13,SELL,0.26,4261.493,2026-08-06 10:47:00,2026-08-06 16:02:35,315.6,-575,sl 4283.102,L2
16,monthlyreset,2026-08,14,BUY,0.29,4282.279,2026-08-06 16:17:00,2026-08-06 18:22:31,125.5,-553,sl 4263.633,L3
16,monthlyreset,2026-08,15,SELL,0.38,4263.697,2026-08-06 18:23:00,2026-08-06 23:00:00,277,1080,,W1
16,monthlyreset,2026-08,16,BUY,0.6,4245.573,2026-08-07 06:15:00,2026-08-07 07:38:40,83.7,-611,sl 4236.154,L1
16,monthlyreset,2026-08,17,SELL,0.38,4235.724,2026-08-07 07:40:00,2026-08-07 08:21:39,41.6,-552,sl 4249.933,L2
16,monthlyreset,2026-08,18,BUY,0.23,4243.027,2026-08-07 08:37:00,2026-08-07 15:13:41,396.7,1123,tp 4300.141,W1
16,monthlyreset,2026-08,19,SELL,0.36,4294.129,2026-08-07 15:24:00,2026-08-07 15:33:39,9.6,-589,sl 4310.156,L1
16,monthlyreset,2026-08,20,BUY,0.28,4309.552,2026-08-07 15:43:00,2026-08-07 19:31:39,228.6,1170,tp 4358.750,W1
16,monthlyreset,2026-08,21,BUY,0.22,4354.942,2026-08-07 19:33:00,2026-08-07 21:12:15,99.2,-605,sl 4328.036,L1
16,monthlyreset,2026-08,22,BUY,0.14,4346.000,2026-08-07 21:19:00,2026-08-07 23:00:00,101,-69,,L2
16,monthlyreset,2026-08,23,SELL,0.37,4341.637,2026-08-10 06:00:00,2026-08-10 13:46:37,466.6,-57,sl 4356.799,L3
16,monthlyreset,2026-08,24,BUY,0.3,4357.647,2026-08-10 13:56:00,2026-08-10 17:03:04,187.1,-560,sl 4339.383,L4
16,monthlyreset,2026-08,25,BUY,0.42,4344.057,2026-08-10 17:23:00,2026-08-10 18:13:29,50.5,-540,sl 4331.458,L5
16,monthlyreset,2026-08,26,SELL,0.4,4332.923,2026-08-10 18:50:00,2026-08-10 21:26:39,156.6,-521,sl 4345.687,L6
16,monthlyreset,2026-08,27,SELL,0.2,4344.574,2026-08-10 21:52:00,2026-08-10 23:00:00,68,-286,,L7
16,monthlyreset,2026-08,28,SELL,0.47,4394.994,2026-08-11 06:20:00,2026-08-11 07:04:42,44.7,-484,sl 4405.085,L8
16,monthlyreset,2026-08,29,BUY,0.37,4404.262,2026-08-11 07:08:00,2026-08-11 08:55:15,107.2,930,tp 4434.005,W1
16,monthlyreset,2026-08,30,BUY,0.19,4433.868,2026-08-11 09:15:00,2026-08-11 09:54:15,39.2,-482,sl 4409.031,L1
16,monthlyreset,2026-08,31,BUY,0.23,4417.339,2026-08-11 10:21:00,2026-08-11 12:20:29,119.5,-473,sl 4397.196,L2
16,monthlyreset,2026-08,32,SELL,0.2,4374.641,2026-08-11 12:43:00,2026-08-11 19:13:28,390.5,-446,sl 4396.496,L3
16,monthlyreset,2026-08,33,BUY,0.22,4398.421,2026-08-11 19:22:00,2026-08-11 22:34:37,192.6,-422,sl 4379.625,L4
16,monthlyreset,2026-08,34,SELL,0.18,4377.839,2026-08-11 22:37:00,2026-08-11 23:00:00,23,-114,,L5
16,monthlyreset,2026-08,35,SELL,0.39,4368.734,2026-08-12 06:01:00,2026-08-12 07:14:38,73.6,-405,sl 4378.900,L6
16,monthlyreset,2026-08,36,BUY,0.24,4380.749,2026-08-12 07:31:00,2026-08-12 16:23:31,532.5,789,tp 4419.894,W1
16,monthlyreset,2026-08,37,BUY,0.3,4419.585,2026-08-12 16:26:00,2026-08-12 19:22:38,176.6,-419,sl 4405.910,L1
16,monthlyreset,2026-08,38,BUY,0.25,4427.400,2026-08-12 19:30:00,2026-08-12 19:30:28,0.5,-389,sl 4412.250,L2
16,monthlyreset,2026-08,39,BUY,0.16,4417.613,2026-08-12 19:33:00,2026-08-12 23:00:00,207,52,,W1
16,monthlyreset,2026-08,40,BUY,0.42,4408.043,2026-08-13 06:21:00,2026-08-13 07:20:28,59.5,722,tp 4430.192,W2
16,monthlyreset,2026-08,41,SELL,0.21,4431.223,2026-08-13 07:52:00,2026-08-13 12:59:40,307.7,906,tp 4381.279,W3
16,monthlyreset,2026-08,42,SELL,0.23,4378.094,2026-08-13 13:05:00,2026-08-13 19:30:04,385.1,-471,sl 4398.021,L1
16,monthlyreset,2026-08,43,BUY,0.27,4389.888,2026-08-13 19:31:00,2026-08-13 20:51:38,80.6,-438,sl 4374.002,L2
16,monthlyreset,2026-08,44,SELL,0.13,4372.450,2026-08-13 20:53:00,2026-08-13 23:00:00,127,93,,W1
16,monthlyreset,2026-08,45,SELL,0.38,4353.618,2026-08-14 06:02:00,2026-08-14 08:10:59,129,937,tp 4324.630,W2
16,monthlyreset,2026-08,46,BUY,0.17,4319.180,2026-08-14 08:41:00,2026-08-14 19:31:38,650.6,971,tp 4385.620,W3
16,monthlyreset,2026-08,47,SELL,0.3,4377.200,2026-08-14 19:39:00,2026-08-14 20:36:40,57.7,-514,sl 4393.994,L1
16,monthlyreset,2026-08,48,SELL,0.22,4386.686,2026-08-14 20:50:00,2026-08-14 23:00:00,130,-119,,L2
16,monthlyreset,2026-08,49,SELL,0.39,4374.519,2026-08-17 06:29:00,2026-08-17 07:18:03,49.1,-498,sl 4387.019,L3
16,monthlyreset,2026-08,50,BUY,0.27,4391.449,2026-08-17 07:31:00,2026-08-17 23:00:00,929,919,,W1
16,monthlyreset,2026-08,51,BUY,0.56,4417.835,2026-08-18 06:17:00,2026-08-18 08:47:28,150.5,-76,sl 4409.075,L1
16,monthlyreset,2026-08,52,SELL,0.26,4402.704,2026-08-18 09:04:00,2026-08-18 22:20:40,796.7,1093,tp 4353.390,W1
16,monthlyreset,2026-08,53,BUY,0.16,4357.166,2026-08-18 22:33:00,2026-08-18 23:00:00,27,125,,W2
16,monthlyreset,2026-08,54,BUY,0.4,4335.932,2026-08-19 06:04:00,2026-08-19 18:01:39,717.6,1154,tp 4370.746,W3
16,monthlyreset,2026-08,55,BUY,0.57,4369.976,2026-08-19 18:02:00,2026-08-19 19:36:43,94.7,1291,tp 4396.666,W4
16,monthlyreset,2026-08,56,BUY,0.23,4437.931,2026-08-19 19:57:00,2026-08-19 23:00:00,183,1296,,W5
16,monthlyreset,2026-08,57,BUY,0.56,4523.585,2026-08-20 06:07:00,2026-08-20 07:00:14,53.2,-849,sl 4510.425,L1
16,monthlyreset,2026-08,58,BUY,0.51,4516.867,2026-08-20 07:04:00,2026-08-20 08:01:30,57.5,-706,sl 4503.326,L2
16,monthlyreset,2026-08,59,SELL,0.33,4493.249,2026-08-20 08:05:00,2026-08-20 21:57:21,832.4,645,sl 4513.334,W1
16,monthlyreset,2026-08,60,SELL,0.2,4523.948,2026-08-20 22:35:00,2026-08-20 23:00:00,25,38,,W2
16,monthlyreset,2026-08,61,BUY,0.71,4529.494,2026-08-21 06:04:00,2026-08-21 07:12:40,68.7,-748,sl 4519.731,L1
16,monthlyreset,2026-08,62,SELL,0.41,4516.046,2026-08-21 07:32:00,2026-08-21 08:31:29,59.5,-684,sl 4532.395,L2
16,monthlyreset,2026-08,63,BUY,0.32,4532.356,2026-08-21 08:32:00,2026-08-21 15:42:38,430.6,1396,tp 4583.601,W1
16,monthlyreset,2026-08,64,BUY,0.38,4584.178,2026-08-21 16:00:00,2026-08-21 19:39:32,219.5,-713,sl 4565.812,L1
16,monthlyreset,2026-08,65,BUY,0.26,4577.774,2026-08-21 19:48:00,2026-08-21 23:00:00,192,954,,W1
16,monthlyreset,2026-08,66,BUY,0.39,4613.126,2026-08-24 06:23:00,2026-08-24 07:27:13,64.2,-723,sl 4594.948,L1
16,monthlyreset,2026-08,67,BUY,0.22,4614.250,2026-08-24 07:51:00,2026-08-24 23:00:00,909,1095,,W1
16,monthlyreset,2026-08,68,BUY,0.68,4675.922,2026-08-25 06:17:00,2026-08-25 08:26:42,129.7,-114,sl 4665.306,L1
16,monthlyreset,2026-08,69,SELL,0.24,4670.222,2026-08-25 08:48:00,2026-08-25 23:00:00,852,1076,,W1
16,monthlyreset,2026-08,70,SELL,0.81,4670.988,2026-08-26 06:04:00,2026-08-26 07:23:38,79.6,1719,tp 4645.764,W2
16,monthlyreset,2026-08,71,SELL,0.56,4642.271,2026-08-26 07:37:00,2026-08-26 08:57:37,80.6,-887,sl 4657.760,L1
16,monthlyreset,2026-08,72,SELL,0.37,4659.039,2026-08-26 09:25:00,2026-08-26 20:16:27,651.4,1795,tp 4601.645,W1
16,monthlyreset,2026-08,73,SELL,0.26,4620.487,2026-08-26 21:16:00,2026-08-26 23:00:00,104,624,,W2
16,monthlyreset,2026-08,74,BUY,0.65,4608.382,2026-08-27 06:02:00,2026-08-27 14:26:38,504.6,712,sl 4593.944,W3
16,monthlyreset,2026-08,75,BUY,0.54,4600.979,2026-08-27 14:31:00,2026-08-27 16:37:31,126.5,-988,sl 4583.081,L1
16,monthlyreset,2026-08,76,SELL,0.56,4581.895,2026-08-27 16:51:00,2026-08-27 18:31:42,100.7,-956,sl 4598.626,L2
16,monthlyreset,2026-08,77,SELL,0.6,4595.674,2026-08-27 18:49:00,2026-08-27 22:55:04,246.1,752,sl 4610.329,W1
16,monthlyreset,2026-08,78,SELL,0.89,4603.910,2026-08-28 06:13:00,2026-08-28 08:53:31,160.5,1999,tp 4577.306,W2
16,monthlyreset,2026-08,79,SELL,0.48,4576.188,2026-08-28 08:54:00,2026-08-28 13:49:28,295.5,-1048,sl 4597.553,L1
16,monthlyreset,2026-08,80,SELL,0.5,4601.020,2026-08-28 14:10:00,2026-08-28 20:58:05,408.1,-981,sl 4620.217,L2
16,monthlyreset,2026-08,81,SELL,0.24,4558.621,2026-08-28 21:06:00,2026-08-28 23:00:00,114,819,,W1
16,monthlyreset,2026-08,82,BUY,0.48,4462.541,2026-08-31 06:05:00,2026-08-31 06:45:36,40.6,-960,sl 4442.948,L1
16,monthlyreset,2026-08,83,BUY,0.47,4456.895,2026-08-31 06:58:00,2026-08-31 08:10:39,72.6,-911,sl 4437.915,L2
16,monthlyreset,2026-08,84,BUY,0.27,4449.545,2026-08-31 08:19:00,2026-08-31 09:32:42,73.7,-862,sl 4418.250,L3
16,monthlyreset,2026-08,85,SELL,0.23,4410.981,2026-08-31 09:34:00,2026-08-31 14:25:05,291.1,-818,sl 4445.831,L4
16,monthlyreset,2026-08,86,BUY,0.42,4447.337,2026-08-31 14:46:00,2026-08-31 20:46:42,360.7,-778,sl 4429.208,L5
16,monthlyreset,2026-08,87,BUY,0.27,4427.129,2026-08-31 21:10:00,2026-08-31 23:00:00,110,-29,,L6
16,monthlyreset,2026-08,88,SELL,0.81,4445.930,2026-09-01 06:09:00,2026-09-01 07:09:28,60.5,-774,sl 4455.257,L7
16,monthlyreset,2026-09,1,BUY,0.36,4459.698,2026-09-01 07:21:00,2026-09-01 08:10:31,49.5,-499,sl 4446.115,L1
16,monthlyreset,2026-09,2,SELL,0.24,4446.069,2026-09-01 08:16:00,2026-09-01 15:09:41,413.7,1032,tp 4394.921,W1
16,monthlyreset,2026-09,3,SELL,0.21,4395.324,2026-09-01 15:19:00,2026-09-01 20:09:41,290.7,1158,tp 4331.419,W2
16,monthlyreset,2026-09,4,BUY,0.18,4338.739,2026-09-01 20:26:00,2026-09-01 23:00:00,154,618,,W3
16,monthlyreset,2026-09,5,SELL,0.63,4327.625,2026-09-02 06:02:00,2026-09-02 08:51:28,169.5,1332,tp 4302.460,W4
16,monthlyreset,2026-09,6,BUY,0.21,4300.169,2026-09-02 09:07:00,2026-09-02 20:59:28,712.5,1491,tp 4382.344,W5
16,monthlyreset,2026-09,7,BUY,0.25,4389.164,2026-09-02 21:07:00,2026-09-02 23:00:00,113,-415,,L1
16,monthlyreset,2026-09,8,SELL,0.85,4384.068,2026-09-03 06:15:00,2026-09-03 07:52:27,97.4,-774,sl 4392.980,L2
16,monthlyreset,2026-09,9,BUY,0.45,4394.169,2026-09-03 07:58:00,2026-09-03 11:08:39,190.6,1464,tp 4432.871,W1
16,monthlyreset,2026-09,10,BUY,0.52,4435.947,2026-09-03 11:26:00,2026-09-03 13:23:40,117.7,-773,sl 4421.382,L1
16,monthlyreset,2026-09,11,SELL,0.34,4422.572,2026-09-03 13:24:00,2026-09-03 15:07:43,103.7,-741,sl 4443.932,L2
16,monthlyreset,2026-09,12,SELL,0.35,4434.328,2026-09-03 15:40:00,2026-09-03 19:30:27,230.4,-718,sl 4454.426,L3
16,monthlyreset,2026-09,13,BUY,0.31,4468.185,2026-09-03 19:34:00,2026-09-03 23:00:00,206,917,,W1
16,monthlyreset,2026-09,14,BUY,0.68,4476.363,2026-09-04 06:04:00,2026-09-04 11:00:31,296.5,-750,sl 4466.116,L1
16,monthlyreset,2026-09,15,BUY,0.56,4470.336,2026-09-04 11:25:00,2026-09-04 19:30:19,485.3,-678,sl 4458.504,L2
16,monthlyreset,2026-09,16,SELL,0.19,4389.638,2026-09-04 19:36:00,2026-09-04 20:43:40,67.7,-638,sl 4422.528,L3
16,monthlyreset,2026-09,17,BUY,0.09,4427.538,2026-09-04 20:47:00,2026-09-04 23:00:00,133,83,,W1
16,monthlyreset,2026-09,18,SELL,0.52,4429.836,2026-09-07 06:14:00,2026-09-07 08:13:02,119,1318,tp 4399.778,W2
16,monthlyreset,2026-09,19,BUY,0.27,4404.702,2026-09-07 08:31:00,2026-09-07 23:00:00,869,261,,W3
16,monthlyreset,2026-09,20,BUY,0.76,4412.125,2026-09-08 06:05:00,2026-09-08 08:23:37,138.6,1407,tp 4434.558,W4
16,monthlyreset,2026-09,21,BUY,0.29,4434.396,2026-09-08 08:24:00,2026-09-08 13:15:38,291.6,-765,sl 4408.542,L1
16,monthlyreset,2026-09,22,BUY,0.34,4407.239,2026-09-08 13:44:00,2026-09-08 19:15:39,331.7,-711,sl 4386.742,L2
16,monthlyreset,2026-09,23,BUY,0.35,4398.044,2026-09-08 19:29:00,2026-09-08 23:00:00,211,-113,,L3
16,monthlyreset,2026-09,24,SELL,0.63,4352.202,2026-09-09 06:16:00,2026-09-09 07:59:13,103.2,-706,sl 4363.180,L4
16,monthlyreset,2026-09,25,BUY,0.3,4367.589,2026-09-09 08:10:00,2026-09-09 20:23:37,733.6,1401,tp 4422.066,W1
16,monthlyreset,2026-09,26,SELL,0.32,4418.324,2026-09-09 20:42:00,2026-09-09 23:00:00,138,837,,W2
16,monthlyreset,2026-09,27,SELL,0.67,4398.177,2026-09-10 06:26:00,2026-09-10 08:02:37,96.6,-776,sl 4409.509,L1
16,monthlyreset,2026-09,28,BUY,0.49,4410.021,2026-09-10 08:03:00,2026-09-10 15:42:40,459.7,-723,sl 4395.565,L2
16,monthlyreset,2026-09,29,BUY,0.44,4395.380,2026-09-10 16:18:00,2026-09-10 17:36:38,78.6,-683,sl 4380.168,L3
16,monthlyreset,2026-09,30,SELL,0.36,4379.491,2026-09-10 17:52:00,2026-09-10 19:37:43,105.7,1371,tp 4334.191,W1
16,monthlyreset,2026-09,31,BUY,0.18,4349.394,2026-09-10 20:20:00,2026-09-10 23:00:00,160,300,,W2
16,monthlyreset,2026-09,32,BUY,0.58,4318.699,2026-09-11 06:05:00,2026-09-11 10:22:39,257.6,-764,sl 4306.373,L1
16,monthlyreset,2026-09,33,BUY,0.32,4312.160,2026-09-11 10:43:00,2026-09-11 19:49:14,546.2,1496,tp 4367.087,W1
16,monthlyreset,2026-09,34,BUY,0.14,4395.607,2026-09-11 20:29:00,2026-09-11 23:00:00,151,-411,,L1
16,monthlyreset,2026-09,35,BUY,0.52,4341.848,2026-09-14 06:10:00,2026-09-14 08:19:39,129.6,-744,sl 4327.837,L2
16,monthlyreset,2026-09,36,BUY,0.27,4335.534,2026-09-14 08:25:00,2026-09-14 14:56:38,391.6,-711,sl 4309.728,L3
16,monthlyreset,2026-09,37,SELL,0.37,4313.014,2026-09-14 15:15:00,2026-09-14 19:56:39,281.7,1461,tp 4266.281,W1
16,monthlyreset,2026-09,38,SELL,0.26,4260.198,2026-09-14 20:10:00,2026-09-14 22:32:38,142.6,-738,sl 4288.024,L1
16,monthlyreset,2026-09,39,SELL,0.27,4288.408,2026-09-14 22:50:00,2026-09-14 23:00:00,10,-6,,L2
16,monthlyreset,2026-09,40,SELL,0.68,4294.543,2026-09-15 06:06:00,2026-09-15 08:19:28,133.5,-734,sl 4305.104,L3
16,monthlyreset,2026-09,41,SELL,0.4,4300.878,2026-09-15 08:29:00,2026-09-15 09:40:41,71.7,-686,sl 4317.622,L4
16,monthlyreset,2026-09,42,BUY,0.37,4316.803,2026-09-15 09:50:00,2026-09-15 12:15:37,145.6,-635,sl 4299.973,L5
16,monthlyreset,2026-09,43,SELL,0.51,4297.012,2026-09-15 12:26:00,2026-09-15 15:05:14,159.2,1310,tp 4266.436,W1
16,monthlyreset,2026-09,44,BUY,0.35,4270.989,2026-09-15 15:18:00,2026-09-15 23:00:00,462,647,,W2
16,monthlyreset,2026-09,45,SELL,0.7,4283.868,2026-09-16 06:29:00,2026-09-16 09:11:58,163,-725,sl 4293.999,L1
16,monthlyreset,2026-09,46,BUY,0.35,4294.086,2026-09-16 09:23:00,2026-09-16 17:08:37,465.6,1424,tp 4341.932,W1
16,monthlyreset,2026-09,47,BUY,0.47,4346.895,2026-09-16 17:11:00,2026-09-16 21:03:30,232.5,-738,sl 4331.504,L1
16,monthlyreset,2026-09,48,SELL,0.32,4330.597,2026-09-16 21:04:00,2026-09-16 21:50:30,46.5,-718,sl 4352.556,L2
16,monthlyreset,2026-09,49,BUY,0.3,4353.716,2026-09-16 22:02:00,2026-09-16 23:00:00,58,-30,,L3
16,monthlyreset,2026-09,50,BUY,0.4,4268.561,2026-09-17 06:19:00,2026-09-17 08:24:42,125.7,1346,tp 4310.391,W1
16,monthlyreset,2026-09,51,BUY,0.28,4314.315,2026-09-17 08:33:00,2026-09-17 09:07:02,34,-741,sl 4288.381,L1
16,monthlyreset,2026-09,52,BUY,0.26,4292.316,2026-09-17 09:22:00,2026-09-17 19:16:31,594.5,1479,tp 4359.018,W1
16,monthlyreset,2026-09,53,BUY,0.28,4379.280,2026-09-17 19:29:00,2026-09-17 21:58:39,149.6,-761,sl 4352.647,L1
16,monthlyreset,2026-09,54,BUY,0.3,4363.896,2026-09-17 22:19:00,2026-09-17 23:00:00,41,172,,W1
16,monthlyreset,2026-09,55,BUY,0.66,4345.390,2026-09-18 06:14:00,2026-09-18 10:26:13,252.2,-93,sl 4334.379,L1
16,monthlyreset,2026-09,56,SELL,0.42,4355.468,2026-09-18 11:16:00,2026-09-18 12:39:41,83.7,-757,sl 4373.121,L2
16,monthlyreset,2026-09,57,BUY,0.37,4385.236,2026-09-18 13:02:00,2026-09-18 19:21:16,379.3,-705,sl 4366.563,L3
16,monthlyreset,2026-09,58,SELL,0.32,4366.067,2026-09-18 19:22:00,2026-09-18 23:00:00,218,299,,W1
16,monthlyreset,2026-09,59,SELL,0.63,4373.768,2026-09-21 06:08:00,2026-09-21 14:43:27,515.4,1485,tp 4345.743,W2
16,monthlyreset,2026-09,60,SELL,0.38,4345.198,2026-09-21 14:59:00,2026-09-21 18:44:12,225.2,-764,sl 4364.913,L1
16,monthlyreset,2026-09,61,SELL,0.41,4359.017,2026-09-21 19:22:00,2026-09-21 23:00:00,218,715,,W1
16,monthlyreset,2026-09,62,BUY,0.55,4362.466,2026-09-22 06:37:00,2026-09-22 07:40:13,63.2,-791,sl 4348.929,L1
16,monthlyreset,2026-09,63,SELL,0.32,4357.061,2026-09-22 08:13:00,2026-09-22 15:00:42,407.7,1564,tp 4299.665,W1
16,monthlyreset,2026-09,64,BUY,0.39,4310.163,2026-09-22 15:09:00,2026-09-22 23:00:00,471,826,,W2
16,monthlyreset,2026-09,65,BUY,0.91,4363.287,2026-09-23 06:01:00,2026-09-23 08:01:31,120.5,-887,sl 4354.309,L1
16,monthlyreset,2026-09,66,SELL,0.53,4355.195,2026-09-23 08:02:00,2026-09-23 15:12:13,430.2,1700,tp 4317.302,W1
16,monthlyreset,2026-09,67,BUY,0.57,4320.982,2026-09-23 15:23:00,2026-09-23 18:22:40,179.7,-868,sl 4306.056,L1
16,monthlyreset,2026-09,68,SELL,0.62,4301.479,2026-09-23 18:33:00,2026-09-23 19:06:04,33.1,-856,sl 4314.973,L2
16,monthlyreset,2026-09,69,SELL,0.45,4310.013,2026-09-23 19:31:00,2026-09-23 23:00:00,209,1316,,W1
16,monthlyreset,2026-09,70,SELL,0.77,4289.292,2026-09-24 06:03:00,2026-09-24 08:12:37,129.6,-881,sl 4300.469,L1
16,monthlyreset,2026-09,71,BUY,0.46,4300.437,2026-09-24 08:13:00,2026-09-24 08:49:40,36.7,-808,sl 4283.233,L2
16,monthlyreset,2026-09,72,BUY,0.36,4281.358,2026-09-24 09:14:00,2026-09-24 15:59:15,405.2,-764,sl 4260.584,L3
16,monthlyreset,2026-09,73,SELL,0.32,4259.417,2026-09-24 16:05:00,2026-09-24 19:56:29,231.5,-739,sl 4282.035,L4
16,monthlyreset,2026-09,74,SELL,0.33,4276.976,2026-09-24 20:18:00,2026-09-24 23:00:00,162,664,,W1
16,monthlyreset,2026-09,75,BUY,0.71,4273.697,2026-09-25 06:03:00,2026-09-25 11:56:41,353.7,595,sl 4263.593,W2
16,monthlyreset,2026-09,76,BUY,0.58,4264.128,2026-09-25 12:30:00,2026-09-25 16:03:40,213.7,1625,tp 4297.350,W3
16,monthlyreset,2026-09,77,SELL,0.53,4292.466,2026-09-25 16:18:00,2026-09-25 17:14:40,56.7,-854,sl 4308.230,L1
16,monthlyreset,2026-09,78,BUY,0.45,4307.410,2026-09-25 17:15:00,2026-09-25 20:19:31,184.5,-803,sl 4289.953,L2
16,monthlyreset,2026-09,79,SELL,0.35,4290.362,2026-09-25 20:20:00,2026-09-25 23:00:00,160,-28,,L3
