XAUUSDm;M15;20;2.0;1.50;1;0.50;1.00;12;0;200;0;30;70;1;0;10000;1232;-7611.82;8113.92;0.83;-6.1784;0.6226;13;2;0.1538;-1788.80;-410.90;1.0000;0.0014;0.57;6;0.0000
XAUUSDm;M15;20;2.0;1.50;1;0.50;1.00;30;0;200;0;30;70;1;0;10000;1232;-7574.00;8076.10;0.83;-6.1477;0.6242;13;2;0.1538;-1740.02;-410.90;1.0000;0.0014;0.57;6;0.0000
XAUUSDm;M15;20;2.0;1.50;1;0.50;1.00;48;0;200;0;30;70;1;0;10000;1232;-7574.00;8076.10;0.83;-6.1477;0.6242;13;2;0.1538;-1740.02;-410.90;1.0000;0.0014;0.57;6;0.0000
XAUUSDm;M15;20;2.0;1.50;1;0.50;1.50;12;0;200;0;30;70;1;0;10000;1175;-7023.05;7423.38;0.78;-5.9771;0.6970;13;1;0.0769;-1539.15;-391.74;1.0000;0.0013;0.85;5;0.0000
XAUUSDm;M15;20;2.0;1.50;1;0.50;1.50;30;0;200;0;30;70;1;0;10000;1175;-7216.20;7616.53;0.78;-6.1414;0.7013;13;1;0.0769;-1421.95;-391.74;1.0000;0.0013;0.91;6;0.0000
XAUUSDm;M15;20;2.0;1.50;1;0.50;1.50;48;0;200;0;30;70;1;0;10000;1174;-7263.10;7663.43;0.78;-6.1866;0.7010;13;1;0.0769;-1421.95;-391.74;1.0000;0.0013;0.91;6;0.0000
XAUUSDm;M15;20;2.0;1.50;1;0.50;2.00;12;0;200;0;30;70;1;0;10000;1126;-7339.51;7625.79;0.71;-6.5182;0.7274;13;0;0.0000;-1358.04;-460.45;1.0000;0.0014;0.98;4;0.0000
XAUUSDm;M15;20;2.0;1.50;1;0.50;2.00;30;0;200;0;30;70;1;0;10000;1124;-7176.78;7471.82;0.72;-6.3850;0.7438;13;1;0.0769;-1257.14;-531.62;1.0000;0.0013;1.07;6;0.0000
XAUUSDm;M15;20;2.0;1.50;1;0.50;2.00;48;0;200;0;30;70;1;0;10000;1122;-7102.93;7389.21;0.72;-6.3306;0.7460;13;1;0.0769;-1300.00;-531.62;1.0000;0.0013;1.08;6;0.0000
XAUUSDm;M15;20;2.0;1.50;1;0.50;2.50;12;0;200;0;30;70;1;0;10000;1079;-5517.11;5820.80;0.72;-5.1132;0.7553;13;2;0.1538;-908.47;-435.95;1.0000;0.0014;1.12;4;0.0000
XAUUSDm;M15;20;2.0;1.50;1;0.50;2.50;30;0;200;0;30;70;1;0;10000;1072;-5086.49;5395.64;0.74;-4.7449;0.7864;13;0;0.0000;-760.88;-405.20;1.0000;0.0014;1.34;4;0.0000
XAUUSDm;M15;20;2.0;1.50;1;0.50;2.50;48;0;200;0;30;70;1;0;10000;1070;-5097.22;5391.02;0.74;-4.7638;0.7897;13;0;0.0000;-760.88;-405.20;1.0000;0.0014;1.35;4;0.0000
XAUUSDm;M15;20;2.0;1.50;1;0.50;3.00;12;0;200;0;30;70;1;0;10000;1044;-4421.38;4690.99;0.72;-4.2350;0.7730;13;1;0.0769;-911.02;-297.96;1.0000;0.0015;1.19;3;0.0000
XAUUSDm;M15;20;2.0;1.50;1;0.50;3.00;30;0;200;0;30;70;1;0;10000;1033;-3971.71;4229.52;0.75;-3.8448;0.8180;13;2;0.1538;-729.52;-288.64;1.0000;0.0014;1.47;3;0.0000
XAUUSDm;M15;20;2.0;1.50;1;0.50;3.00;48;0;200;0;30;70;1;0;10000;1032;-4099.94;4343.00;0.74;-3.9728;0.8207;13;1;0.0769;-729.52;-308.78;1.0000;0.0014;1.50;3;0.0000
XAUUSDm;M15;20;2.0;1.50;1;0.75;1.00;12;0;200;0;30;70;1;0;10000;1186;-7951.37;8499.09;0.85;-6.7044;0.5320;13;1;0.0769;-1584.00;-653.55;1.0000;0.0017;0.88;7;0.0000
XAUUSDm;M15;20;2.0;1.50;1;0.75;1.00;30;0;200;0;30;70;1;0;10000;1186;-7518.48;8066.20;0.86;-6.3394;0.5346;13;1;0.0769;-1533.85;-658.32;1.0000;0.0017;0.89;7;0.0000
XAUUSDm;M15;20;2.0;1.50;1;0.75;1.00;48;0;200;0;30;70;1;0;10000;1186;-7513.78;8061.50;0.86;-6.3354;0.5346;13;1;0.0769;-1533.85;-658.32;1.0000;0.0017;0.89;7;0.0000
XAUUSDm;M15;20;2.0;1.50;1;0.75;1.50;12;0;200;0;30;70;1;0;10000;1123;-6912.78;7422.22;0.82;-6.1556;0.6162;13;2;0.1538;-1429.16;-589.63;1.0000;0.0016;1.27;6;0.0000
XAUUSDm;M15;20;2.0;1.50;1;0.75;1.50;30;0;200;0;30;70;1;0;10000;1122;-7195.81;7705.25;0.82;-6.4134;0.6212;13;3;0.2308;-1331.61;-709.82;1.0000;0.0016;1.36;6;0.0000
XAUUSDm;M15;20;2.0;1.50;1;0.75;1.50;48;0;200;0;30;70;1;0;10000;1121;-7049.17;7558.61;0.82;-6.2883;0.6236;13;3;0.2308;-1331.61;-706.29;1.0000;0.0016;1.37;6;0.0000
XAUUSDm;M15;20;2.0;1.50;1;0.75;2.00;12;0;200;0;30;70;1;0;10000;1069;-6543.82;6910.81;0.78;-6.1214;0.6567;13;1;0.0769;-1157.28;-512.27;1.0000;0.0016;1.45;4;0.0000
XAUUSDm;M15;20;2.0;1.50;1;0.75;2.00;30;0;200;0;30;70;1;0;10000;1065;-6646.45;7013.44;0.78;-6.2408;0.6761;13;0;0.0000;-1063.73;-500.43;1.0000;0.0016;1.64;6;0.0000
XAUUSDm;M15;20;2.0;1.50;1;0.75;2.00;48;0;200;0;30;70;1;0;10000;1061;-6331.38;6719.12;0.79;-5.9674;0.6814;13;1;0.0769;-1063.73;-500.43;1.0000;0.0016;1.67;6;0.0000
XAUUSDm;M15;20;2.0;1.50;1;0.75;2.50;12;0;200;0;30;70;1;0;10000;1020;-5184.81;5582.63;0.77;-5.0831;0.6824;13;2;0.1538;-851.09;-478.09;1.0000;0.0017;1.63;4;0.0000
XAUUSDm;M15;20;2.0;1.50;1;0.75;2.50;30;0;200;0;30;70;1;0;10000;1010;-5046.11;5440.54;0.79;-4.9961;0.7208;13;0;0.0000;-892.49;-413.29;1.0000;0.0016;1.95;4;0.0000
XAUUSDm;M15;20;2.0;1.50;1;0.75;2.50;48;0;200;0;30;70;1;0;10000;1006;-4846.34;5217.65;0.80;-4.8174;0.7296;13;0;0.0000;-892.49;-390.88;1.0000;0.0016;1.98;4;0.0000
XAUUSDm;M15;20;2.0;1.50;1;0.75;3.00;12;0;200;0;30;70;1;0;10000;980;-4118.14;4427.08;0.78;-4.2022;0.6980;13;2;0.1538;-771.30;-328.28;1.0000;0.0018;1.74;6;0.0000
XAUUSDm;M15;20;2.0;1.50;1;0.75;3.00;30;0;200;0;30;70;1;0;10000;963;-3665.51;3947.94;0.81;-3.8063;0.7580;13;2;0.1538;-608.57;-267.33;1.0000;0.0016;2.21;4;0.0000
XAUUSDm;M15;20;2.0;1.50;1;0.75;3.00;48;0;200;0;30;70;1;0;10000;961;-3572.33;3854.76;0.81;-3.7173;0.7690;13;1;0.0769;-676.51;-229.24;1.0000;0.0016;2.27;4;0.0000
XAUUSDm;M15;20;2.0;1.50;1;1.00;1.00;12;0;200;0;30;70;1;0;10000;1168;-8222.73;8871.18;0.86;-7.0400;0.4649;13;1;0.0769;-2159.89;-443.68;1.0000;0.0020;1.04;9;0.0000
XAUUSDm;M15;20;2.0;1.50;1;1.00;1.00;30;0;200;0;30;70;1;0;10000;1167;-7360.07;8008.52;0.87;-6.3068;0.4687;13;1;0.0769;-2117.59;-362.84;1.0000;0.0019;1.07;9;0.0000
XAUUSDm;M15;20;2.0;1.50;1;1.00;1.00;48;0;200;0;30;70;1;0;10000;1167;-7317.00;7965.45;0.88;-6.2699;0.4687;13;1;0.0769;-2117.59;-346.25;1.0000;0.0019;1.07;9;0.0000
XAUUSDm;M15;20;2.0;1.50;1;1.00;1.50;12;0;200;0;30;70;1;0;10000;1097;-7000.61;7597.08;0.84;-6.3816;0.5506;13;3;0.2308;-1361.74;-183.14;1.0000;0.0019;1.48;6;0.0000
XAUUSDm;M15;20;2.0;1.50;1;1.00;1.50;30;0;200;0;30;70;1;0;10000;1093;-7093.08;7583.37;0.84;-6.4896;0.5590;13;1;0.0769;-1517.49;-285.13;1.0000;0.0018;1.67;6;0.0000
XAUUSDm;M15;20;2.0;1.50;1;1.00;1.50;48;0;200;0;30;70;1;0;10000;1092;-7002.30;7492.59;0.84;-6.4124;0.5604;13;1;0.0769;-1517.49;-332.04;1.0000;0.0018;1.68;6;0.0000
XAUUSDm;M15;20;2.0;1.50;1;1.00;2.00;12;0;200;0;30;70;1;0;10000;1043;-6187.21;6596.89;0.81;-5.9321;0.5954;13;1;0.0769;-1251.42;-155.15;1.0000;0.0019;1.69;6;0.0000
XAUUSDm;M15;20;2.0;1.50;1;1.00;2.00;30;0;200;0;30;70;1;0;10000;1035;-6384.57;6725.77;0.82;-6.1687;0.6184;13;1;0.0769;-1206.96;-443.16;1.0000;0.0018;2.08;6;0.0000
XAUUSDm;M15;20;2.0;1.50;1;1.00;2.00;48;0;200;0;30;70;1;0;10000;1028;-6189.63;6530.83;0.82;-6.0210;0.6235;13;1;0.0769;-1260.04;-439.21;1.0000;0.0018;2.13;6;0.0000
XAUUSDm;M15;20;2.0;1.50;1;1.00;2.50;12;0;200;0;30;70;1;0;10000;991;-4656.07;5105.65;0.82;-4.6984;0.6246;13;3;0.2308;-956.36;-284.68;1.0000;0.0019;1.89;5;0.0000
XAUUSDm;M15;20;2.0;1.50;1;1.00;2.50;30;0;200;0;30;70;1;0;10000;972;-4067.49;4420.30;0.85;-4.1847;0.6718;13;1;0.0769;-943.39;-244.70;1.0000;0.0018;2.51;6;0.0000
XAUUSDm;M15;20;2.0;1.50;1;1.00;2.50;48;0;200;0;30;70;1;0;10000;962;-4024.95;4358.84;0.85;-4.1839;0.6798;13;2;0.1538;-984.94;-275.74;1.0000;0.0018;2.60;6;0.0000
XAUUSDm;M15;20;2.0;1.50;1;1.00;3.00;12;0;200;0;30;70;1;0;10000;951;-3848.45;4209.17;0.81;-4.0467;0.6404;13;2;0.1538;-845.37;-159.02;1.0000;0.0020;2.02;6;0.0000
XAUUSDm;M15;20;2.0;1.50;1;1.00;3.00;30;0;200;0;30;70;1;0;10000;923;-3022.57;3289.47;0.86;-3.2747;0.7086;13;4;0.3077;-588.93;-270.93;1.0000;0.0018;2.82;5;0.0000
XAUUSDm;M15;20;2.0;1.50;1;1.00;3.00;48;0;200;0;30;70;1;0;10000;912;-3062.82;3371.01;0.86;-3.3584;0.7193;13;4;0.3077;-630.91;-246.72;1.0000;0.0018;2.96;5;0.0000
XAUUSDm;M15;20;2.0;1.50;1;1.25;1.00;12;0;200;0;30;70;1;0;10000;1153;-6571.36;7388.20;0.89;-5.6994;0.4224;13;5;0.3846;-2382.41;-189.41;1.0000;0.0023;1.21;10;0.0000
XAUUSDm;M15;20;2.0;1.50;1;1.25;1.00;30;0;200;0;30;70;1;0;10000;1151;-5601.65;6418.49;0.91;-4.8668;0.4248;13;4;0.3077;-2346.50;-134.03;1.0000;0.0022;1.42;10;0.0000
XAUUSDm;M15;20;2.0;1.50;1;1.25;1.00;48;0;200;0;30;70;1;0;10000;1147;-6025.64;6842.48;0.90;-5.2534;0.4211;13;4;0.3077;-2346.50;-252.66;1.0000;0.0022;1.44;10;0.0000
XAUUSDm;M15;20;2.0;1.50;1;1.25;1.50;12;0;200;0;30;70;1;0;10000;1079;-4599.41;5230.14;0.90;-4.2627;0.5144;13;6;0.4615;-1261.90;-178.98;1.0000;0.0021;1.68;6;0.0000
XAUUSDm;M15;20;2.0;1.50;1;1.25;1.50;30;0;200;0;30;70;1;0;10000;1073;-3690.95;4345.24;0.92;-3.4398;0.5275;13;5;0.3846;-1409.23;-142.93;1.0000;0.0020;2.09;6;0.0000
XAUUSDm;M15;20;2.0;1.50;1;1.25;1.50;48;0;200;0;30;70;1;0;10000;1067;-4156.63;4787.36;0.91;-3.8956;0.5248;13;5;0.3846;-1358.62;-301.27;1.0000;0.0020;2.14;6;0.0000
XAUUSDm;M15;20;2.0;1.50;1;1.25;2.00;12;0;200;0;30;70;1;0;10000;1025;-4959.15;5423.65;0.86;-4.8382;0.5580;13;2;0.1538;-980.09;-239.70;1.0000;0.0021;1.91;9;0.0000
XAUUSDm;M15;20;2.0;1.50;1;1.25;2.00;30;0;200;0;30;70;1;0;10000;1013;-4715.50;5168.29;0.87;-4.6550;0.5805;13;2;0.1538;-1148.74;-368.16;1.0000;0.0019;2.51;9;0.0000
XAUUSDm;M15;20;2.0;1.50;1;1.25;2.00;48;0;200;0;30;70;1;0;10000;998;-4687.68;5132.69;0.87;-4.6971;0.5842;13;2;0.1538;-1173.84;-322.22;1.0000;0.0019;2.62;9;0.0000
XAUUSDm;M15;20;2.0;1.50;1;1.25;2.50;12;0;200;0;30;70;1;0;10000;975;-3960.05;4465.73;0.85;-4.0616;0.5867;13;1;0.0769;-743.05;-247.03;1.0000;0.0022;2.11;8;0.0000
XAUUSDm;M15;20;2.0;1.50;1;1.25;2.50;30;0;200;0;30;70;1;0;10000;947;-2751.90;3307.73;0.90;-2.9059;0.6357;13;3;0.2308;-902.00;-225.53;1.0000;0.0019;2.98;6;0.0000
XAUUSDm;M15;20;2.0;1.50;1;1.25;2.50;48;0;200;0;30;70;1;0;10000;928;-3018.10;3547.14;0.89;-3.2523;0.6412;13;3;0.2308;-923.17;-145.13;1.0000;0.0019;3.14;6;0.0000
XAUUSDm;M15;20;2.0;1.50;1;1.25;3.00;12;0;200;0;30;70;1;0;10000;933;-3221.94;3625.34;0.85;-3.4533;0.6013;13;3;0.2308;-759.39;-185.90;1.0000;0.0023;2.25;8;0.0000
XAUUSDm;M15;20;2.0;1.50;1;1.25;3.00;30;0;200;0;30;70;1;0;10000;896;-1829.94;2231.90;0.92;-2.0423;0.6719;13;5;0.3846;-507.47;-160.73;1.0000;0.0020;3.34;6;0.0000
XAUUSDm;M15;20;2.0;1.50;1;1.25;3.00;48;0;200;0;30;70;1;0;10000;876;-2209.37;2590.13;0.90;-2.5221;0.6815;13;5;0.3846;-568.47;-198.11;1.0000;0.0020;3.57;6;0.0000
XAUUSDm;M15;20;2.0;1.50;1;1.50;1.00;12;0;200;0;30;70;1;0;10000;1146;-5127.55;6112.80;0.92;-4.4743;0.3927;13;6;0.4615;-2377.54;-34.66;1.0000;0.0025;1.34;10;0.0000
XAUUSDm;M15;20;2.0;1.50;1;1.50;1.00;30;0;200;0;30;70;1;0;10000;1139;-3359.95;4885.72;0.95;-2.9499;0.3924;13;7;0.5385;-2433.65;31.16;1.0000;0.0024;1.66;10;0.0000
XAUUSDm;M15;20;2.0;1.50;1;1.50;1.00;48;0;200;0;30;70;1;0;10000;1135;-3949.69;5406.15;0.94;-3.4799;0.3877;13;8;0.6154;-2433.65;31.16;1.0000;0.0024;1.70;10;0.0000
XAUUSDm;M15;20;2.0;1.50;1;1.50;1.50;12;0;200;0;30;70;1;0;10000;1072;-3613.34;4583.41;0.92;-3.3707;0.4851;13;7;0.5385;-1410.69;27.30;1.0000;0.0023;1.85;7;0.0000
XAUUSDm;M15;20;2.0;1.50;1;1.50;1.50;30;0;200;0;30;70;1;0;10000;1056;-2461.30;4331.40;0.95;-2.3308;0.4924;13;7;0.5385;-1734.64;107.38;1.0000;0.0022;2.49;7;0.0000
XAUUSDm;M15;20;2.0;1.50;1;1.50;1.50;48;0;200;0;30;70;1;0;10000;1047;-2773.68;4085.80;0.94;-2.6492;0.4890;13;7;0.5385;-1762.13;107.38;1.0000;0.0021;2.56;7;0.0000
XAUUSDm;M15;20;2.0;1.50;1;1.50;2.00;12;0;200;0;30;70;1;0;10000;1016;-4108.72;5019.75;0.89;-4.0440;0.5285;13;6;0.4615;-1300.54;-2.49;1.0000;0.0023;2.09;9;0.0000
XAUUSDm;M15;20;2.0;1.50;1;1.50;2.00;30;0;200;0;30;70;1;0;10000;996;-3914.95;4978.52;0.90;-3.9307;0.5452;13;4;0.3077;-1624.04;-136.47;1.0000;0.0021;2.97;9;0.0000
XAUUSDm;M15;20;2.0;1.50;1;1.50;2.00;48;0;200;0;30;70;1;0;10000;975;-3851.37;4612.72;0.90;-3.9501;0.5477;13;4;0.3077;-1747.62;-34.67;1.0000;0.0021;3.13;9;0.0000
XAUUSDm;M15;20;2.0;1.50;1;1.50;2.50;12;0;200;0;30;70;1;0;10000;964;-2933.37;3539.28;0.89;-3.0429;0.5560;13;5;0.3846;-891.10;-139.93;1.0000;0.0024;2.31;8;0.0000
XAUUSDm;M15;20;2.0;1.50;1;1.50;2.50;30;0;200;0;30;70;1;0;10000;929;-1921.11;3293.45;0.94;-2.0679;0.6017;13;5;0.3846;-1147.72;-139.52;1.0000;0.0021;3.55;7;0.0000
XAUUSDm;M15;20;2.0;1.50;1;1.50;2.50;48;0;200;0;30;70;1;0;10000;902;-1943.18;3049.93;0.94;-2.1543;0.6086;13;5;0.3846;-1220.24;-171.75;1.0000;0.0021;3.79;7;0.0000
XAUUSDm;M15;20;2.0;1.50;1;1.50;3.00;12;0;200;0;30;70;1;0;10000;921;-2511.57;3114.69;0.89;-2.7270;0.5689;13;4;0.3077;-710.31;-73.80;1.0000;0.0025;2.46;8;0.0000
XAUUSDm;M15;20;2.0;1.50;1;1.50;3.00;30;0;200;0;30;70;1;0;10000;870;-1278.14;2032.55;0.95;-1.4691;0.6368;13;4;0.3077;-595.16;-194.61;1.0000;0.0022;4.02;6;0.0000
XAUUSDm;M15;20;2.0;1.50;1;1.50;3.00;48;0;200;0;30;70;1;0;10000;840;-1635.19;2138.13;0.93;-1.9467;0.6476;13;4;0.3077;-658.16;-198.08;1.0000;0.0022;4.36;6;0.0000
XAUUSDm;M15;20;2.0;2.00;1;0.50;1.00;12;0;200;0;30;70;1;0;10000;268;328.77;2215.58;1.04;1.2268;0.6754;13;8;0.6154;-1108.86;139.94;0.1520;0.0059;0.48;7;0.0555
XAUUSDm;M15;20;2.0;2.00;1;0.50;1.00;30;0;200;0;30;70;1;0;10000;268;285.16;2259.19;1.03;1.0640;0.6754;13;8;0.6154;-1108.86;139.94;0.1752;0.0059;0.48;7;0.0409
XAUUSDm;M15;20;2.0;2.00;1;0.50;1.00;48;0;200;0;30;70;1;0;10000;268;285.16;2259.19;1.03;1.0640;0.6754;13;8;0.6154;-1108.86;139.94;0.1752;0.0059;0.48;7;0.0409
XAUUSDm;M15;20;2.0;2.00;1;0.50;1.50;12;0;200;0;30;70;1;0;10000;267;-444.50;2210.51;0.93;-1.6648;0.7266;13;9;0.6923;-847.78;42.26;1.0000;0.0056;0.59;6;0.0000
XAUUSDm;M15;20;2.0;2.00;1;0.50;1.50;30;0;200;0;30;70;1;0;10000;267;-636.32;2403.32;0.90;-2.3832;0.7303;13;9;0.6923;-891.04;42.26;1.0000;0.0056;0.61;3;0.0000
XAUUSDm;M15;20;2.0;2.00;1;0.50;1.50;48;0;200;0;30;70;1;0;10000;267;-636.32;2403.32;0.90;-2.3832;0.7303;13;9;0.6923;-891.04;42.26;1.0000;0.0056;0.61;3;0.0000
XAUUSDm;M15;20;2.0;2.00;1;0.50;2.00;12;0;200;0;30;70;1;0;10000;261;-1117.07;2071.09;0.80;-4.2800;0.7471;13;5;0.3846;-700.65;-54.21;1.0000;0.0058;0.66;6;0.0000
XAUUSDm;M15;20;2.0;2.00;1;0.50;2.00;30;0;200;0;30;70;1;0;10000;261;-1291.86;2250.93;0.77;-4.9497;0.7548;13;5;0.3846;-755.04;-66.20;1.0000;0.0057;0.69;3;0.0000
XAUUSDm;M15;20;2.0;2.00;1;0.50;2.00;48;0;200;0;30;70;1;0;10000;261;-1291.86;2250.93;0.77;-4.9497;0.7548;13;5;0.3846;-755.04;-66.20;1.0000;0.0057;0.69;3;0.0000
XAUUSDm;M15;20;2.0;2.00;1;0.50;2.50;12;0;200;0;30;70;1;0;10000;257;-707.21;1637.02;0.83;-2.7518;0.7860;13;7;0.5385;-453.22;3.46;1.0000;0.0057;0.76;6;0.0000
XAUUSDm;M15;20;2.0;2.00;1;0.50;2.50;30;0;200;0;30;70;1;0;10000;257;-686.96;1728.10;0.84;-2.6730;0.8054;13;6;0.4615;-443.73;-8.59;1.0000;0.0056;0.83;2;0.0000
XAUUSDm;M15;20;2.0;2.00;1;0.50;2.50;48;0;200;0;30;70;1;0;10000;257;-725.16;1766.30;0.83;-2.8216;0.8054;13;6;0.4615;-443.73;-8.59;1.0000;0.0056;0.84;2;0.0000
XAUUSDm;M15;20;2.0;2.00;1;0.50;3.00;12;0;200;0;30;70;1;0;10000;253;-625.04;1258.56;0.82;-2.4705;0.8103;13;7;0.5385;-426.77;7.62;1.0000;0.0058;0.84;6;0.0000
XAUUSDm;M15;20;2.0;2.00;1;0.50;3.00;30;0;200;0;30;70;1;0;10000;253;-626.63;1318.47;0.82;-2.4768;0.8340;13;6;0.4615;-381.42;-27.12;1.0000;0.0056;0.93;2;0.0000
XAUUSDm;M15;20;2.0;2.00;1;0.50;3.00;48;0;200;0;30;70;1;0;10000;253;-562.88;1254.72;0.84;-2.2248;0.8379;13;6;0.4615;-343.33;-27.12;1.0000;0.0056;0.97;2;0.0000
XAUUSDm;M15;20;2.0;2.00;1;0.75;1.00;12;0;200;0;30;70;1;0;10000;268;-876.02;2920.49;0.92;-3.2687;0.5522;13;7;0.5385;-1230.02;70.41;1.0000;0.0073;0.83;8;0.0000
XAUUSDm;M15;20;2.0;2.00;1;0.75;1.00;30;0;200;0;30;70;1;0;10000;268;-740.45;2894.95;0.93;-2.7629;0.5560;13;7;0.5385;-1181.77;212.52;1.0000;0.0072;0.85;8;0.0000
XAUUSDm;M15;20;2.0;2.00;1;0.75;1.00;48;0;200;0;30;70;1;0;10000;268;-740.45;2894.95;0.93;-2.7629;0.5560;13;7;0.5385;-1181.77;212.52;1.0000;0.0072;0.85;8;0.0000
XAUUSDm;M15;20;2.0;2.00;1;0.75;1.50;12;0;200;0;30;70;1;0;10000;267;-1155.04;2885.85;0.87;-4.3260;0.6180;13;8;0.6154;-1061.25;86.35;1.0000;0.0067;1.01;6;0.0000
XAUUSDm;M15;20;2.0;2.00;1;0.75;1.50;30;0;200;0;30;70;1;0;10000;267;-1228.95;3070.21;0.86;-4.6028;0.6292;13;7;0.5385;-1082.36;86.35;1.0000;0.0065;1.08;4;0.0000
XAUUSDm;M15;20;2.0;2.00;1;0.75;1.50;48;0;200;0;30;70;1;0;10000;267;-1183.06;3070.21;0.87;-4.4309;0.6330;13;7;0.5385;-1082.36;86.35;1.0000;0.0065;1.09;4;0.0000
XAUUSDm;M15;20;2.0;2.00;1;0.75;2.00;12;0;200;0;30;70;1;0;10000;261;-1480.07;2537.50;0.79;-5.6708;0.6513;13;6;0.4615;-707.17;-49.90;1.0000;0.0067;1.13;6;0.0000
XAUUSDm;M15;20;2.0;2.00;1;0.75;2.00;30;0;200;0;30;70;1;0;10000;261;-1468.18;2572.59;0.80;-5.6252;0.6782;13;6;0.4615;-786.67;-96.44;1.0000;0.0063;1.24;4;0.0000
XAUUSDm;M15;20;2.0;2.00;1;0.75;2.00;48;0;200;0;30;70;1;0;10000;261;-1348.35;2572.59;0.82;-5.1661;0.6858;13;6;0.4615;-786.67;-96.44;1.0000;0.0063;1.26;4;0.0000
XAUUSDm;M15;20;2.0;2.00;1;0.75;2.50;12;0;200;0;30;70;1;0;10000;257;-984.26;2150.82;0.82;-3.8298;0.6887;13;7;0.5385;-600.44;16.21;1.0000;0.0066;1.27;6;0.0000
XAUUSDm;M15;20;2.0;2.00;1;0.75;2.50;30;0;200;0;30;70;1;0;10000;257;-832.49;2222.78;0.85;-3.2393;0.7354;13;7;0.5385;-660.33;4.28;1.0000;0.0061;1.46;3;0.0000
XAUUSDm;M15;20;2.0;2.00;1;0.75;2.50;48;0;200;0;30;70;1;0;10000;257;-773.67;2260.98;0.86;-3.0104;0.7432;13;7;0.5385;-660.33;4.28;1.0000;0.0061;1.48;3;0.0000
XAUUSDm;M15;20;2.0;2.00;1;0.75;3.00;12;0;200;0;30;70;1;0;10000;253;-988.93;1774.78;0.79;-3.9088;0.7075;13;6;0.4615;-488.01;-11.37;1.0000;0.0067;1.37;6;0.0000
XAUUSDm;M15;20;2.0;2.00;1;0.75;3.00;30;0;200;0;30;70;1;0;10000;253;-812.98;1797.49;0.83;-3.2134;0.7668;13;6;0.4615;-463.77;-58.42;1.0000;0.0061;1.61;4;0.0000
XAUUSDm;M15;20;2.0;2.00;1;0.75;3.00;48;0;200;0;30;70;1;0;10000;253;-675.03;1733.74;0.86;-2.6681;0.7787;13;6;0.4615;-425.68;-58.42;1.0000;0.0060;1.67;4;0.0000
XAUUSDm;M15;20;2.0;2.00;1;1.00;1.00;12;0;200;0;30;70;1;0;10000;268;-27.96;2727.94;1.00;-0.1043;0.5037;13;8;0.6154;-1427.75;122.60;1.0000;0.0081;1.00;8;0.0000
XAUUSDm;M15;20;2.0;2.00;1;1.00;1.00;30;0;200;0;30;70;1;0;10000;268;287.45;2625.17;1.02;1.0726;0.5075;13;8;0.6154;-1357.10;179.17;0.3476;0.0079;1.03;8;0.0179
XAUUSDm;M15;20;2.0;2.00;1;1.00;1.00;48;0;200;0;30;70;1;0;10000;268;304.04;2608.58;1.02;1.1345;0.5075;13;8;0.6154;-1357.10;179.17;0.3287;0.0078;1.03;8;0.0201
XAUUSDm;M15;20;2.0;2.00;1;1.00;1.50;12;0;200;0;30;70;1;0;10000;267;-1069.30;3088.36;0.89;-4.0049;0.5581;13;7;0.5385;-1223.20;152.38;1.0000;0.0075;1.21;7;0.0000
XAUUSDm;M15;20;2.0;2.00;1;1.00;1.50;30;0;200;0;30;70;1;0;10000;267;-1085.56;3205.05;0.90;-4.0658;0.5693;13;7;0.5385;-1215.19;112.48;1.0000;0.0072;1.31;6;0.0000
XAUUSDm;M15;20;2.0;2.00;1;1.00;1.50;48;0;200;0;30;70;1;0;10000;267;-1014.58;3195.10;0.90;-3.7999;0.5730;13;7;0.5385;-1215.19;112.48;1.0000;0.0071;1.32;6;0.0000
XAUUSDm;M15;20;2.0;2.00;1;1.00;2.00;12;0;200;0;30;70;1;0;10000;261;-1160.42;2337.16;0.85;-4.4461;0.6054;13;7;0.5385;-816.25;30.63;1.0000;0.0074;1.38;7;0.0000
XAUUSDm;M15;20;2.0;2.00;1;1.00;2.00;30;0;200;0;30;70;1;0;10000;261;-1119.40;2310.71;0.87;-4.2889;0.6284;13;6;0.4615;-944.78;-15.91;1.0000;0.0068;1.56;4;0.0000
XAUUSDm;M15;20;2.0;2.00;1;1.00;2.00;48;0;200;0;30;70;1;0;10000;261;-887.40;2220.72;0.89;-3.4000;0.6398;13;6;0.4615;-944.78;-15.91;1.0000;0.0067;1.61;4;0.0000
XAUUSDm;M15;20;2.0;2.00;1;1.00;2.50;12;0;200;0;30;70;1;0;10000;256;-787.60;2075.49;0.87;-3.0766;0.6445;13;7;0.5385;-626.18;27.56;1.0000;0.0074;1.53;7;0.0000
XAUUSDm;M15;20;2.0;2.00;1;1.00;2.50;30;0;200;0;30;70;1;0;10000;256;-551.66;2114.27;0.92;-2.1549;0.6914;13;7;0.5385;-719.90;27.10;1.0000;0.0066;2.03;5;0.0000
XAUUSDm;M15;20;2.0;2.00;1;1.00;2.50;48;0;200;0;30;70;1;0;10000;256;-396.95;2074.70;0.94;-1.5506;0.7031;13;7;0.5385;-719.90;27.10;1.0000;0.0065;2.08;5;0.0000
XAUUSDm;M15;20;2.0;2.00;1;1.00;3.00;12;0;200;0;30;70;1;0;10000;252;-724.78;1659.39;0.86;-2.8761;0.6706;13;6;0.4615;-625.98;-12.91;1.0000;0.0073;1.63;7;0.0000
XAUUSDm;M15;20;2.0;2.00;1;1.00;3.00;30;0;200;0;30;70;1;0;10000;252;-632.17;1808.55;0.89;-2.5086;0.7222;13;6;0.4615;-577.64;-0.36;1.0000;0.0065;2.19;4;0.0000
XAUUSDm;M15;20;2.0;2.00;1;1.00;3.00;48;0;200;0;30;70;1;0;10000;252;-562.21;1826.86;0.90;-2.2310;0.7341;13;6;0.4615;-550.60;-0.36;1.0000;0.0064;2.26;4;0.0000
XAUUSDm;M15;20;2.0;2.00;1;1.25;1.00;12;0;200;0;30;70;1;0;10000;268;78.82;2976.45;1.01;0.2941;0.4515;13;9;0.6923;-1494.48;237.94;1.5826;0.0092;1.13;8;0.0011
XAUUSDm;M15;20;2.0;2.00;1;1.25;1.00;30;0;200;0;30;70;1;0;10000;268;568.15;2957.60;1.04;2.1200;0.4552;13;10;0.7692;-1401.42;178.06;0.2198;0.0087;1.22;8;0.0706
XAUUSDm;M15;20;2.0;2.00;1;1.25;1.00;48;0;200;0;30;70;1;0;10000;268;607.56;2918.19;1.04;2.2670;0.4552;13;10;0.7692;-1401.42;201.57;0.2056;0.0087;1.22;8;0.0818
XAUUSDm;M15;20;2.0;2.00;1;1.25;1.50;12;0;200;0;30;70;1;0;10000;267;-941.88;3169.47;0.91;-3.5276;0.5094;13;8;0.6154;-1294.17;131.77;1.0000;0.0085;1.37;7;0.0000
XAUUSDm;M15;20;2.0;2.00;1;1.25;1.50;30;0;200;0;30;70;1;0;10000;267;-873.98;3325.75;0.92;-3.2733;0.5206;13;8;0.6154;-1257.05;61.30;1.0000;0.0079;1.55;6;0.0000
XAUUSDm;M15;20;2.0;2.00;1;1.25;1.50;48;0;200;0;30;70;1;0;10000;267;-897.50;3389.80;0.92;-3.3614;0.5243;13;7;0.5385;-1257.05;61.30;1.0000;0.0078;1.58;6;0.0000
XAUUSDm;M15;20;2.0;2.00;1;1.25;2.00;12;0;200;0;30;70;1;0;10000;261;-909.07;2248.22;0.89;-3.4830;0.5632;13;7;0.5385;-850.01;45.28;1.0000;0.0082;1.55;7;0.0000
XAUUSDm;M15;20;2.0;2.00;1;1.25;2.00;30;0;200;0;30;70;1;0;10000;261;-708.97;2128.36;0.92;-2.7164;0.5862;13;6;0.4615;-868.52;-68.69;1.0000;0.0073;1.83;4;0.0000
XAUUSDm;M15;20;2.0;2.00;1;1.25;2.00;48;0;200;0;30;70;1;0;10000;261;-561.98;2118.83;0.94;-2.1532;0.5977;13;6;0.4615;-868.52;-47.41;1.0000;0.0072;1.90;4;0.0000
XAUUSDm;M15;20;2.0;2.00;1;1.25;2.50;12;0;200;0;30;70;1;0;10000;256;-541.15;2013.80;0.92;-2.1139;0.6055;13;7;0.5385;-690.94;6.42;1.0000;0.0081;1.71;7;0.0000
XAUUSDm;M15;20;2.0;2.00;1;1.25;2.50;30;0;200;0;30;70;1;0;10000;256;-240.19;2050.40;0.97;-0.9382;0.6523;13;6;0.4615;-658.42;-26.50;1.0000;0.0070;2.35;5;0.0000
XAUUSDm;M15;20;2.0;2.00;1;1.25;2.50;48;0;200;0;30;70;1;0;10000;256;-184.37;2104.88;0.98;-0.7202;0.6641;13;6;0.4615;-687.37;-27.22;1.0000;0.0069;2.46;5;0.0000
XAUUSDm;M15;20;2.0;2.00;1;1.25;3.00;12;0;200;0;30;70;1;0;10000;252;-391.71;1435.42;0.93;-1.5544;0.6349;13;7;0.5385;-670.99;65.98;1.0000;0.0080;1.81;7;0.0000
XAUUSDm;M15;20;2.0;2.00;1;1.25;3.00;30;0;200;0;30;70;1;0;10000;252;-248.18;1569.18;0.96;-0.9848;0.6865;13;7;0.5385;-654.05;26.51;1.0000;0.0069;2.52;4;0.0000
XAUUSDm;M15;20;2.0;2.00;1;1.25;3.00;48;0;200;0;30;70;1;0;10000;252;-274.78;1679.60;0.96;-1.0904;0.6984;13;7;0.5385;-665.44;33.49;1.0000;0.0068;2.65;4;0.0000
XAUUSDm;M15;20;2.0;2.00;1;1.50;1.00;12;0;200;0;30;70;1;0;10000;268;926.47;2581.63;1.07;3.4570;0.4254;13;9;0.6923;-1375.37;358.28;0.1616;0.0100;1.26;8;0.1359
XAUUSDm;M15;20;2.0;2.00;1;1.50;1.00;30;0;200;0;30;70;1;0;10000;268;1536.45;2683.94;1.11;5.7330;0.4291;13;10;0.7692;-1259.91;360.33;0.0975;0.0094;1.68;13;0.2907
XAUUSDm;M15;20;2.0;2.00;1;1.50;1.00;48;0;200;0;30;70;1;0;10000;267;1819.01;2490.97;1.13;6.8128;0.4307;13;10;0.7692;-1259.91;360.33;0.0824;0.0093;1.70;13;0.3722
XAUUSDm;M15;20;2.0;2.00;1;1.50;1.50;12;0;200;0;30;70;1;0;10000;267;-128.79;2806.91;0.99;-0.4824;0.4906;13;9;0.6923;-1199.16;125.29;1.0000;0.0090;1.53;7;0.0000
XAUUSDm;M15;20;2.0;2.00;1;1.50;1.50;30;0;200;0;30;70;1;0;10000;267;-169.48;3294.00;0.99;-0.6348;0.4944;13;8;0.6154;-1262.25;31.33;1.0000;0.0084;2.06;6;0.0000
XAUUSDm;M15;20;2.0;2.00;1;1.50;1.50;48;0;200;0;30;70;1;0;10000;266;-50.17;3271.22;1.00;-0.1886;0.5000;13;9;0.6923;-1242.23;63.01;1.0000;0.0083;2.11;6;0.0000
XAUUSDm;M15;20;2.0;2.00;1;1.50;2.00;12;0;200;0;30;70;1;0;10000;261;-467.91;1994.41;0.95;-1.7928;0.5402;13;7;0.5385;-806.65;13.61;1.0000;0.0088;1.72;7;0.0000
XAUUSDm;M15;20;2.0;2.00;1;1.50;2.00;30;0;200;0;30;70;1;0;10000;261;-409.19;2233.58;0.96;-1.5678;0.5517;13;7;0.5385;-995.25;71.91;1.0000;0.0079;2.40;6;0.0000
XAUUSDm;M15;20;2.0;2.00;1;1.50;2.00;48;0;200;0;30;70;1;0;10000;260;-177.54;2195.01;0.98;-0.6828;0.5654;13;7;0.5385;-980.23;79.62;1.0000;0.0077;2.52;6;0.0000
XAUUSDm;M15;20;2.0;2.00;1;1.50;2.50;12;0;200;0;30;70;1;0;10000;256;-261.99;1867.73;0.96;-1.0234;0.5742;13;8;0.6154;-619.20;53.21;1.0000;0.0088;1.91;7;0.0000
XAUUSDm;M15;20;2.0;2.00;1;1.50;2.50;30;0;200;0;30;70;1;0;10000;256;-7.15;2270.00;1.00;-0.0279;0.6172;13;7;0.5385;-768.78;58.94;1.0000;0.0075;2.99;6;0.0000
XAUUSDm;M15;20;2.0;2.00;1;1.50;2.50;48;0;200;0;30;70;1;0;10000;255;28.03;2300.35;1.00;0.1099;0.6275;13;7;0.5385;-758.77;17.79;2.1406;0.0074;3.16;6;0.0002
XAUUSDm;M15;20;2.0;2.00;1;1.50;3.00;12;0;200;0;30;70;1;0;10000;252;-89.55;1266.47;0.98;-0.3554;0.6071;13;8;0.6154;-612.67;80.90;1.0000;0.0087;2.02;7;0.0000
XAUUSDm;M15;20;2.0;2.00;1;1.50;3.00;30;0;200;0;30;70;1;0;10000;252;-95.40;1793.34;0.99;-0.3786;0.6548;13;6;0.4615;-606.64;-15.83;1.0000;0.0074;3.19;4;0.0000
XAUUSDm;M15;20;2.0;2.00;1;1.50;3.00;48;0;200;0;30;70;1;0;10000;251;-171.93;1913.05;0.98;-0.6850;0.6653;13;6;0.4615;-686.53;-15.83;1.0000;0.0072;3.38;4;0.0000
XAUUSDm;M15;20;2.0;2.50;1;0.50;1.00;12;0;200;0;30;70;1;0;10000;27;-11.09;396.95;0.99;-0.4107;0.6667;13;7;0.5385;-191.35;1.66;1.0000;0.0583;0.21;2;0.0000
XAUUSDm;M15;20;2.0;2.50;1;0.50;1.00;30;0;200;0;30;70;1;0;10000;27;-11.09;396.95;0.99;-0.4107;0.6667;13;7;0.5385;-191.35;1.66;1.0000;0.0583;0.21;2;0.0000
XAUUSDm;M15;20;2.0;2.50;1;0.50;1.00;48;0;200;0;30;70;1;0;10000;27;-11.09;396.95;0.99;-0.4107;0.6667;13;7;0.5385;-191.35;1.66;1.0000;0.0583;0.21;2;0.0000
XAUUSDm;M15;20;2.0;2.50;1;0.50;1.50;12;0;200;0;30;70;1;0;10000;27;-0.45;288.40;1.00;-0.0167;0.7407;13;6;0.4615;-123.53;0.00;1.0000;0.0549;0.30;2;0.0000
XAUUSDm;M15;20;2.0;2.50;1;0.50;1.50;30;0;200;0;30;70;1;0;10000;27;-21.52;309.47;0.97;-0.7970;0.7407;13;6;0.4615;-144.60;0.00;1.0000;0.0549;0.30;2;0.0000
XAUUSDm;M15;20;2.0;2.50;1;0.50;1.50;48;0;200;0;30;70;1;0;10000;27;-21.52;309.47;0.97;-0.7970;0.7407;13;6;0.4615;-144.60;0.00;1.0000;0.0549;0.30;2;0.0000
XAUUSDm;M15;20;2.0;2.50;1;0.50;2.00;12;0;200;0;30;70;1;0;10000;27;-26.74;229.24;0.94;-0.9904;0.7778;13;5;0.3846;-84.30;0.00;1.0000;0.0538;0.38;1;0.0000
XAUUSDm;M15;20;2.0;2.50;1;0.50;2.00;30;0;200;0;30;70;1;0;10000;27;-64.36;234.78;0.88;-2.3837;0.7778;13;5;0.3846;-84.30;0.00;1.0000;0.0538;0.38;1;0.0000
XAUUSDm;M15;20;2.0;2.50;1;0.50;2.00;48;0;200;0;30;70;1;0;10000;27;-64.36;234.78;0.88;-2.3837;0.7778;13;5;0.3846;-84.30;0.00;1.0000;0.0538;0.38;1;0.0000
XAUUSDm;M15;20;2.0;2.50;1;0.50;2.50;12;0;200;0;30;70;1;0;10000;27;103.01;222.32;1.35;3.8152;0.8519;13;8;0.6154;-77.47;14.05;0.1942;0.0501;0.46;1;0.0000
XAUUSDm;M15;20;2.0;2.50;1;0.50;2.50;30;0;200;0;30;70;1;0;10000;27;63.38;231.87;1.19;2.3474;0.8519;13;7;0.5385;-77.47;14.05;0.3156;0.0501;0.48;1;0.0000
XAUUSDm;M15;20;2.0;2.50;1;0.50;2.50;48;0;200;0;30;70;1;0;10000;27;63.38;231.87;1.19;2.3474;0.8519;13;7;0.5385;-77.47;14.05;0.3156;0.0501;0.48;1;0.0000
XAUUSDm;M15;20;2.0;2.50;1;0.50;3.00;12;0;200;0;30;70;1;0;10000;27;112.89;153.58;1.54;4.1811;0.8889;13;8;0.6154;-71.54;14.05;0.1447;0.0510;0.47;1;0.0000
XAUUSDm;M15;20;2.0;2.50;1;0.50;3.00;30;0;200;0;30;70;1;0;10000;27;58.71;182.51;1.22;2.1744;0.8889;13;8;0.6154;-71.54;14.05;0.2781;0.0510;0.51;1;0.0000
XAUUSDm;M15;20;2.0;2.50;1;0.50;3.00;48;0;200;0;30;70;1;0;10000;27;58.71;182.51;1.22;2.1744;0.8889;13;8;0.6154;-71.54;14.05;0.2781;0.0510;0.51;1;0.0000
XAUUSDm;M15;20;2.0;2.50;1;0.75;1.00;12;0;200;0;30;70;1;0;10000;27;84.27;608.40;1.08;3.1211;0.5926;13;6;0.4615;-191.35;0.00;0.8722;0.0652;0.25;4;0.0000
XAUUSDm;M15;20;2.0;2.50;1;0.75;1.00;30;0;200;0;30;70;1;0;10000;27;84.27;608.40;1.08;3.1211;0.5926;13;6;0.4615;-191.35;0.00;0.8722;0.0652;0.25;4;0.0000
XAUUSDm;M15;20;2.0;2.50;1;0.75;1.00;48;0;200;0;30;70;1;0;10000;27;84.27;608.40;1.08;3.1211;0.5926;13;6;0.4615;-191.35;0.00;0.8722;0.0652;0.25;4;0.0000
XAUUSDm;M15;20;2.0;2.50;1;0.75;1.50;12;0;200;0;30;70;1;0;10000;27;-123.29;477.41;0.86;-4.5663;0.6296;13;5;0.3846;-147.24;0.00;1.0000;0.0651;0.37;4;0.0000
XAUUSDm;M15;20;2.0;2.50;1;0.75;1.50;30;0;200;0;30;70;1;0;10000;27;-144.36;498.48;0.84;-5.3467;0.6296;13;5;0.3846;-147.24;0.00;1.0000;0.0651;0.37;4;0.0000
XAUUSDm;M15;20;2.0;2.50;1;0.75;1.50;48;0;200;0;30;70;1;0;10000;27;-144.36;498.48;0.84;-5.3467;0.6296;13;5;0.3846;-147.24;0.00;1.0000;0.0651;0.37;4;0.0000
XAUUSDm;M15;20;2.0;2.50;1;0.75;2.00;12;0;200;0;30;70;1;0;10000;27;-37.21;405.24;0.94;-1.3781;0.7037;13;6;0.4615;-130.19;0.00;1.0000;0.0595;0.45;2;0.0000
XAUUSDm;M15;20;2.0;2.50;1;0.75;2.00;30;0;200;0;30;70;1;0;10000;27;-74.83;405.24;0.89;-2.7715;0.7037;13;5;0.3846;-130.19;0.00;1.0000;0.0595;0.46;2;0.0000
XAUUSDm;M15;20;2.0;2.50;1;0.75;2.00;48;0;200;0;30;70;1;0;10000;27;-74.83;405.24;0.89;-2.7715;0.7037;13;5;0.3846;-130.19;0.00;1.0000;0.0595;0.46;2;0.0000
XAUUSDm;M15;20;2.0;2.50;1;0.75;2.50;12;0;200;0;30;70;1;0;10000;27;59.48;412.11;1.12;2.2030;0.7778;13;8;0.6154;-150.05;21.08;0.5044;0.0553;0.57;2;0.0000
XAUUSDm;M15;20;2.0;2.50;1;0.75;2.50;30;0;200;0;30;70;1;0;10000;27;19.85;412.66;1.04;0.7352;0.7778;13;7;0.5385;-150.05;21.08;1.5113;0.0553;0.59;2;0.0000
XAUUSDm;M15;20;2.0;2.50;1;0.75;2.50;48;0;200;0;30;70;1;0;10000;27;19.85;412.66;1.04;0.7352;0.7778;13;7;0.5385;-150.05;21.08;1.5113;0.0553;0.59;2;0.0000
XAUUSDm;M15;20;2.0;2.50;1;0.75;3.00;12;0;200;0;30;70;1;0;10000;27;85.94;270.59;1.24;3.1830;0.8148;13;9;0.6923;-153.59;21.08;0.2851;0.0553;0.58;2;0.0000
XAUUSDm;M15;20;2.0;2.50;1;0.75;3.00;30;0;200;0;30;70;1;0;10000;27;31.76;314.78;1.08;1.1763;0.8148;13;8;0.6154;-153.59;21.08;0.7714;0.0553;0.62;2;0.0000
XAUUSDm;M15;20;2.0;2.50;1;0.75;3.00;48;0;200;0;30;70;1;0;10000;27;31.76;314.78;1.08;1.1763;0.8148;13;8;0.6154;-153.59;21.08;0.7714;0.0553;0.62;2;0.0000
XAUUSDm;M15;20;2.0;2.50;1;1.00;1.00;12;0;200;0;30;70;1;0;10000;27;260.61;730.90;1.23;9.6522;0.5556;13;6;0.4615;-195.15;0.00;0.3760;0.0701;0.42;5;0.0000
XAUUSDm;M15;20;2.0;2.50;1;1.00;1.00;30;0;200;0;30;70;1;0;10000;27;268.65;730.90;1.24;9.9500;0.5556;13;6;0.4615;-195.15;0.00;0.3648;0.0697;0.43;5;0.0000
XAUUSDm;M15;20;2.0;2.50;1;1.00;1.00;48;0;200;0;30;70;1;0;10000;27;268.65;730.90;1.24;9.9500;0.5556;13;6;0.4615;-195.15;0.00;0.3648;0.0697;0.43;5;0.0000
XAUUSDm;M15;20;2.0;2.50;1;1.00;1.50;12;0;200;0;30;70;1;0;10000;27;-191.30;735.36;0.82;-7.0852;0.5556;13;6;0.4615;-211.50;0.00;1.0000;0.0748;0.59;5;0.0000
XAUUSDm;M15;20;2.0;2.50;1;1.00;1.50;30;0;200;0;30;70;1;0;10000;27;-206.62;756.43;0.81;-7.6526;0.5556;13;6;0.4615;-211.50;0.00;1.0000;0.0744;0.60;5;0.0000
XAUUSDm;M15;20;2.0;2.50;1;1.00;1.50;48;0;200;0;30;70;1;0;10000;27;-206.62;756.43;0.81;-7.6526;0.5556;13;6;0.4615;-211.50;0.00;1.0000;0.0744;0.60;5;0.0000
XAUUSDm;M15;20;2.0;2.50;1;1.00;2.00;12;0;200;0;30;70;1;0;10000;27;24.28;505.89;1.03;0.8993;0.6667;13;7;0.5385;-191.36;2.56;2.0321;0.0634;0.72;4;0.0000
XAUUSDm;M15;20;2.0;2.50;1;1.00;2.00;30;0;200;0;30;70;1;0;10000;27;-9.89;505.89;0.99;-0.3663;0.6667;13;7;0.5385;-191.36;2.56;1.0000;0.0631;0.72;4;0.0000
XAUUSDm;M15;20;2.0;2.50;1;1.00;2.00;48;0;200;0;30;70;1;0;10000;27;-9.89;505.89;0.99;-0.3663;0.6667;13;7;0.5385;-191.36;2.56;1.0000;0.0631;0.72;4;0.0000
XAUUSDm;M15;20;2.0;2.50;1;1.00;2.50;12;0;200;0;30;70;1;0;10000;27;85.91;510.41;1.15;3.1819;0.7407;13;8;0.6154;-191.36;34.42;0.4472;0.0579;0.85;4;0.0000
XAUUSDm;M15;20;2.0;2.50;1;1.00;2.50;30;0;200;0;30;70;1;0;10000;27;67.80;510.41;1.11;2.5111;0.7407;13;7;0.5385;-191.36;28.10;0.5900;0.0584;0.91;4;0.0000
XAUUSDm;M15;20;2.0;2.50;1;1.00;2.50;48;0;200;0;30;70;1;0;10000;27;67.80;510.41;1.11;2.5111;0.7407;13;7;0.5385;-191.36;28.10;0.5900;0.0584;0.91;4;0.0000
XAUUSDm;M15;20;2.0;2.50;1;1.00;3.00;12;0;200;0;30;70;1;0;10000;27;99.26;351.52;1.22;3.6763;0.7778;13;8;0.6154;-147.27;23.53;0.3290;0.0603;0.87;3;0.0000
XAUUSDm;M15;20;2.0;2.50;1;1.00;3.00;30;0;200;0;30;70;1;0;10000;27;65.45;389.71;1.13;2.4241;0.7778;13;7;0.5385;-147.27;17.21;0.4990;0.0581;0.94;3;0.0000
XAUUSDm;M15;20;2.0;2.50;1;1.00;3.00;48;0;200;0;30;70;1;0;10000;27;65.45;389.71;1.13;2.4241;0.7778;13;7;0.5385;-147.27;17.21;0.4990;0.0581;0.94;3;0.0000
XAUUSDm;M15;20;2.0;2.50;1;1.25;1.00;12;0;200;0;30;70;1;0;10000;27;589.02;686.05;1.52;21.8156;0.5556;13;6;0.4615;-191.35;0.00;0.2080;0.0709;0.45;5;0.0000
XAUUSDm;M15;20;2.0;2.50;1;1.25;1.00;30;0;200;0;30;70;1;0;10000;27;620.39;686.05;1.55;22.9774;0.5556;13;6;0.4615;-191.35;0.00;0.1975;0.0697;0.45;5;0.0000
XAUUSDm;M15;20;2.0;2.50;1;1.25;1.00;48;0;200;0;30;70;1;0;10000;27;620.39;686.05;1.55;22.9774;0.5556;13;6;0.4615;-191.35;0.00;0.1975;0.0697;0.45;5;0.0000
XAUUSDm;M15;20;2.0;2.50;1;1.25;1.50;12;0;200;0;30;70;1;0;10000;27;16.23;706.88;1.01;0.6011;0.5556;13;6;0.4615;-195.93;0.00;5.1294;0.0758;0.62;5;0.0000
XAUUSDm;M15;20;2.0;2.50;1;1.25;1.50;30;0;200;0;30;70;1;0;10000;27;17.57;727.95;1.02;0.6507;0.5556;13;6;0.4615;-195.93;0.00;4.7427;0.0743;0.62;5;0.0000
XAUUSDm;M15;20;2.0;2.50;1;1.25;1.50;48;0;200;0;30;70;1;0;10000;27;17.57;727.95;1.02;0.6507;0.5556;13;6;0.4615;-195.93;0.00;4.7427;0.0743;0.62;5;0.0000
XAUUSDm;M15;20;2.0;2.50;1;1.25;2.00;12;0;200;0;30;70;1;0;10000;27;152.12;476.05;1.20;5.6341;0.6667;13;7;0.5385;-191.36;13.95;0.4055;0.0681;0.78;4;0.0000
XAUUSDm;M15;20;2.0;2.50;1;1.25;2.00;30;0;200;0;30;70;1;0;10000;27;185.55;476.05;1.23;6.8722;0.6667;13;7;0.5385;-191.36;23.85;0.3324;0.0631;0.82;4;0.0000
XAUUSDm;M15;20;2.0;2.50;1;1.25;2.00;48;0;200;0;30;70;1;0;10000;27;185.55;476.05;1.23;6.8722;0.6667;13;7;0.5385;-191.36;23.85;0.3324;0.0631;0.82;4;0.0000
XAUUSDm;M15;20;2.0;2.50;1;1.25;2.50;12;0;200;0;30;70;1;0;10000;27;196.34;485.33;1.34;7.2719;0.7407;13;8;0.6154;-191.36;35.13;0.2446;0.0620;0.92;4;0.0000
XAUUSDm;M15;20;2.0;2.50;1;1.25;2.50;30;0;200;0;30;70;1;0;10000;27;239.17;485.33;1.39;8.8581;0.7407;13;8;0.6154;-191.36;35.13;0.2091;0.0584;1.01;4;0.0000
XAUUSDm;M15;20;2.0;2.50;1;1.25;2.50;48;0;200;0;30;70;1;0;10000;27;239.17;485.33;1.39;8.8581;0.7407;13;8;0.6154;-191.36;35.13;0.2091;0.0584;1.01;4;0.0000
XAUUSDm;M15;20;2.0;2.50;1;1.25;3.00;12;0;200;0;30;70;1;0;10000;27;196.51;341.59;1.44;7.2781;0.7778;13;8;0.6154;-140.94;21.51;0.2078;0.0639;0.94;3;0.0000
XAUUSDm;M15;20;2.0;2.50;1;1.25;3.00;30;0;200;0;30;70;1;0;10000;27;205.90;357.88;1.41;7.6259;0.7778;13;7;0.5385;-140.94;21.51;0.1983;0.0581;1.05;3;0.0000
XAUUSDm;M15;20;2.0;2.50;1;1.25;3.00;48;0;200;0;30;70;1;0;10000;27;205.90;357.88;1.41;7.6259;0.7778;13;7;0.5385;-140.94;21.51;0.1983;0.0581;1.05;3;0.0000
XAUUSDm;M15;20;2.0;2.50;1;1.50;1.00;12;0;200;0;30;70;1;0;10000;27;436.22;928.52;1.33;16.1563;0.4815;13;6;0.4615;-281.25;0.00;0.3349;0.0828;0.76;6;0.0000
XAUUSDm;M15;20;2.0;2.50;1;1.50;1.00;30;0;200;0;30;70;1;0;10000;27;495.41;928.52;1.37;18.3485;0.4815;13;6;0.4615;-281.25;0.00;0.2949;0.0801;0.76;6;0.0000
XAUUSDm;M15;20;2.0;2.50;1;1.50;1.00;48;0;200;0;30;70;1;0;10000;27;495.41;928.52;1.37;18.3485;0.4815;13;6;0.4615;-281.25;0.00;0.2949;0.0801;0.76;6;0.0000
XAUUSDm;M15;20;2.0;2.50;1;1.50;1.50;12;0;200;0;30;70;1;0;10000;27;44.00;904.42;1.04;1.6296;0.5185;13;6;0.4615;-279.97;0.00;2.2705;0.0822;0.95;5;0.0000
XAUUSDm;M15;20;2.0;2.50;1;1.50;1.50;30;0;200;0;30;70;1;0;10000;27;64.81;925.49;1.05;2.4004;0.5185;13;6;0.4615;-279.97;0.00;1.5430;0.0796;0.95;5;0.0000
XAUUSDm;M15;20;2.0;2.50;1;1.50;1.50;48;0;200;0;30;70;1;0;10000;27;64.81;925.49;1.05;2.4004;0.5185;13;6;0.4615;-279.97;0.00;1.5430;0.0796;0.95;5;0.0000
XAUUSDm;M15;20;2.0;2.50;1;1.50;2.00;12;0;200;0;30;70;1;0;10000;27;120.28;621.03;1.14;4.4548;0.6296;13;7;0.5385;-246.06;26.19;0.6110;0.0767;1.20;5;0.0000
XAUUSDm;M15;20;2.0;2.50;1;1.50;2.00;30;0;200;0;30;70;1;0;10000;27;233.50;589.05;1.27;8.6481;0.6296;13;7;0.5385;-246.06;45.12;0.3170;0.0667;1.24;5;0.0000
XAUUSDm;M15;20;2.0;2.50;1;1.50;2.00;48;0;200;0;30;70;1;0;10000;27;233.50;589.05;1.27;8.6481;0.6296;13;7;0.5385;-246.06;45.12;0.3170;0.0667;1.24;5;0.0000
XAUUSDm;M15;20;2.0;2.50;1;1.50;2.50;12;0;200;0;30;70;1;0;10000;27;162.77;605.56;1.25;6.0285;0.7037;13;8;0.6154;-259.60;42.15;0.3541;0.0699;1.34;5;0.0000
XAUUSDm;M15;20;2.0;2.50;1;1.50;2.50;30;0;200;0;30;70;1;0;10000;27;275.68;592.99;1.39;10.2104;0.7037;13;8;0.6154;-259.60;42.15;0.2176;0.0614;1.44;5;0.0000
XAUUSDm;M15;20;2.0;2.50;1;1.50;2.50;48;0;200;0;30;70;1;0;10000;27;275.68;592.99;1.39;10.2104;0.7037;13;8;0.6154;-259.60;42.15;0.2176;0.0614;1.44;5;0.0000
XAUUSDm;M15;20;2.0;2.50;1;1.50;3.00;12;0;200;0;30;70;1;0;10000;27;166.98;448.74;1.32;6.1844;0.7407;13;8;0.6154;-248.39;25.82;0.2934;0.0715;1.37;4;0.0000
XAUUSDm;M15;20;2.0;2.50;1;1.50;3.00;30;0;200;0;30;70;1;0;10000;27;232.61;464.49;1.41;8.6152;0.7407;13;7;0.5385;-248.39;25.82;0.2107;0.0609;1.48;4;0.0000
XAUUSDm;M15;20;2.0;2.50;1;1.50;3.00;48;0;200;0;30;70;1;0;10000;27;232.61;464.49;1.41;8.6152;0.7407;13;7;0.5385;-248.39;25.82;0.2107;0.0609;1.48;4;0.0000
XAUUSDm;M15;20;2.0;3.00;1;0.50;1.00;12;0;200;0;30;70;1;0;10000;0;0.00;0.00;0.00;0.0000;0.0000;0;0;0.0000;0.00;0.00;0.0000;0.0000;0.00;0;0.0000
XAUUSDm;M15;20;2.0;3.00;1;0.50;1.00;30;0;200;0;30;70;1;0;10000;0;0.00;0.00;0.00;0.0000;0.0000;0;0;0.0000;0.00;0.00;0.0000;0.0000;0.00;0;0.0000
XAUUSDm;M15;20;2.0;3.00;1;0.50;1.00;48;0;200;0;30;70;1;0;10000;0;0.00;0.00;0.00;0.0000;0.0000;0;0;0.0000;0.00;0.00;0.0000;0.0000;0.00;0;0.0000
XAUUSDm;M15;20;2.0;3.00;1;0.50;1.50;12;0;200;0;30;70;1;0;10000;0;0.00;0.00;0.00;0.0000;0.0000;0;0;0.0000;0.00;0.00;0.0000;0.0000;0.00;0;0.0000
XAUUSDm;M15;20;2.0;3.00;1;0.50;1.50;30;0;200;0;30;70;1;0;10000;0;0.00;0.00;0.00;0.0000;0.0000;0;0;0.0000;0.00;0.00;0.0000;0.0000;0.00;0;0.0000
XAUUSDm;M15;20;2.0;3.00;1;0.50;1.50;48;0;200;0;30;70;1;0;10000;0;0.00;0.00;0.00;0.0000;0.0000;0;0;0.0000;0.00;0.00;0.0000;0.0000;0.00;0;0.0000
XAUUSDm;M15;20;2.0;3.00;1;0.50;2.00;12;0;200;0;30;70;1;0;10000;0;0.00;0.00;0.00;0.0000;0.0000;0;0;0.0000;0.00;0.00;0.0000;0.0000;0.00;0;0.0000
XAUUSDm;M15;20;2.0;3.00;1;0.50;2.00;30;0;200;0;30;70;1;0;10000;0;0.00;0.00;0.00;0.0000;0.0000;0;0;0.0000;0.00;0.00;0.0000;0.0000;0.00;0;0.0000
XAUUSDm;M15;20;2.0;3.00;1;0.50;2.00;48;0;200;0;30;70;1;0;10000;0;0.00;0.00;0.00;0.0000;0.0000;0;0;0.0000;0.00;0.00;0.0000;0.0000;0.00;0;0.0000
XAUUSDm;M15;20;2.0;3.00;1;0.50;2.50;12;0;200;0;30;70;1;0;10000;0;0.00;0.00;0.00;0.0000;0.0000;0;0;0.0000;0.00;0.00;0.0000;0.0000;0.00;0;0.0000
XAUUSDm;M15;20;2.0;3.00;1;0.50;2.50;30;0;200;0;30;70;1;0;10000;0;0.00;0.00;0.00;0.0000;0.0000;0;0;0.0000;0.00;0.00;0.0000;0.0000;0.00;0;0.0000
XAUUSDm;M15;20;2.0;3.00;1;0.50;2.50;48;0;200;0;30;70;1;0;10000;0;0.00;0.00;0.00;0.0000;0.0000;0;0;0.0000;0.00;0.00;0.0000;0.0000;0.00;0;0.0000
XAUUSDm;M15;20;2.0;3.00;1;0.50;3.00;12;0;200;0;30;70;1;0;10000;0;0.00;0.00;0.00;0.0000;0.0000;0;0;0.0000;0.00;0.00;0.0000;0.0000;0.00;0;0.0000
XAUUSDm;M15;20;2.0;3.00;1;0.50;3.00;30;0;200;0;30;70;1;0;10000;0;0.00;0.00;0.00;0.0000;0.0000;0;0;0.0000;0.00;0.00;0.0000;0.0000;0.00;0;0.0000
XAUUSDm;M15;20;2.0;3.00;1;0.50;3.00;48;0;200;0;30;70;1;0;10000;0;0.00;0.00;0.00;0.0000;0.0000;0;0;0.0000;0.00;0.00;0.0000;0.0000;0.00;0;0.0000
XAUUSDm;M15;20;2.0;3.00;1;0.75;1.00;12;0;200;0;30;70;1;0;10000;0;0.00;0.00;0.00;0.0000;0.0000;0;0;0.0000;0.00;0.00;0.0000;0.0000;0.00;0;0.0000
XAUUSDm;M15;20;2.0;3.00;1;0.75;1.00;30;0;200;0;30;70;1;0;10000;0;0.00;0.00;0.00;0.0000;0.0000;0;0;0.0000;0.00;0.00;0.0000;0.0000;0.00;0;0.0000
XAUUSDm;M15;20;2.0;3.00;1;0.75;1.00;48;0;200;0;30;70;1;0;10000;0;0.00;0.00;0.00;0.0000;0.0000;0;0;0.0000;0.00;0.00;0.0000;0.0000;0.00;0;0.0000
XAUUSDm;M15;20;2.0;3.00;1;0.75;1.50;12;0;200;0;30;70;1;0;10000;0;0.00;0.00;0.00;0.0000;0.0000;0;0;0.0000;0.00;0.00;0.0000;0.0000;0.00;0;0.0000
XAUUSDm;M15;20;2.0;3.00;1;0.75;1.50;30;0;200;0;30;70;1;0;10000;0;0.00;0.00;0.00;0.0000;0.0000;0;0;0.0000;0.00;0.00;0.0000;0.0000;0.00;0;0.0000
XAUUSDm;M15;20;2.0;3.00;1;0.75;1.50;48;0;200;0;30;70;1;0;10000;0;0.00;0.00;0.00;0.0000;0.0000;0;0;0.0000;0.00;0.00;0.0000;0.0000;0.00;0;0.0000
XAUUSDm;M15;20;2.0;3.00;1;0.75;2.00;12;0;200;0;30;70;1;0;10000;0;0.00;0.00;0.00;0.0000;0.0000;0;0;0.0000;0.00;0.00;0.0000;0.0000;0.00;0;0.0000
XAUUSDm;M15;20;2.0;3.00;1;0.75;2.00;30;0;200;0;30;70;1;0;10000;0;0.00;0.00;0.00;0.0000;0.0000;0;0;0.0000;0.00;0.00;0.0000;0.0000;0.00;0;0.0000
XAUUSDm;M15;20;2.0;3.00;1;0.75;2.00;48;0;200;0;30;70;1;0;10000;0;0.00;0.00;0.00;0.0000;0.0000;0;0;0.0000;0.00;0.00;0.0000;0.0000;0.00;0;0.0000
XAUUSDm;M15;20;2.0;3.00;1;0.75;2.50;12;0;200;0;30;70;1;0;10000;0;0.00;0.00;0.00;0.0000;0.0000;0;0;0.0000;0.00;0.00;0.0000;0.0000;0.00;0;0.0000
XAUUSDm;M15;20;2.0;3.00;1;0.75;2.50;30;0;200;0;30;70;1;0;10000;0;0.00;0.00;0.00;0.0000;0.0000;0;0;0.0000;0.00;0.00;0.0000;0.0000;0.00;0;0.0000
XAUUSDm;M15;20;2.0;3.00;1;0.75;2.50;48;0;200;0;30;70;1;0;10000;0;0.00;0.00;0.00;0.0000;0.0000;0;0;0.0000;0.00;0.00;0.0000;0.0000;0.00;0;0.0000
XAUUSDm;M15;20;2.0;3.00;1;0.75;3.00;12;0;200;0;30;70;1;0;10000;0;0.00;0.00;0.00;0.0000;0.0000;0;0;0.0000;0.00;0.00;0.0000;0.0000;0.00;0;0.0000
XAUUSDm;M15;20;2.0;3.00;1;0.75;3.00;30;0;200;0;30;70;1;0;10000;0;0.00;0.00;0.00;0.0000;0.0000;0;0;0.0000;0.00;0.00;0.0000;0.0000;0.00;0;0.0000
XAUUSDm;M15;20;2.0;3.00;1;0.75;3.00;48;0;200;0;30;70;1;0;10000;0;0.00;0.00;0.00;0.0000;0.0000;0;0;0.0000;0.00;0.00;0.0000;0.0000;0.00;0;0.0000
XAUUSDm;M15;20;2.0;3.00;1;1.00;1.00;12;0;200;0;30;70;1;0;10000;0;0.00;0.00;0.00;0.0000;0.0000;0;0;0.0000;0.00;0.00;0.0000;0.0000;0.00;0;0.0000
XAUUSDm;M15;20;2.0;3.00;1;1.00;1.00;30;0;200;0;30;70;1;0;10000;0;0.00;0.00;0.00;0.0000;0.0000;0;0;0.0000;0.00;0.00;0.0000;0.0000;0.00;0;0.0000
XAUUSDm;M15;20;2.0;3.00;1;1.00;1.00;48;0;200;0;30;70;1;0;10000;0;0.00;0.00;0.00;0.0000;0.0000;0;0;0.0000;0.00;0.00;0.0000;0.0000;0.00;0;0.0000
XAUUSDm;M15;20;2.0;3.00;1;1.00;1.50;12;0;200;0;30;70;1;0;10000;0;0.00;0.00;0.00;0.0000;0.0000;0;0;0.0000;0.00;0.00;0.0000;0.0000;0.00;0;0.0000
XAUUSDm;M15;20;2.0;3.00;1;1.00;1.50;30;0;200;0;30;70;1;0;10000;0;0.00;0.00;0.00;0.0000;0.0000;0;0;0.0000;0.00;0.00;0.0000;0.0000;0.00;0;0.0000
XAUUSDm;M15;20;2.0;3.00;1;1.00;1.50;48;0;200;0;30;70;1;0;10000;0;0.00;0.00;0.00;0.0000;0.0000;0;0;0.0000;0.00;0.00;0.0000;0.0000;0.00;0;0.0000
XAUUSDm;M15;20;2.0;3.00;1;1.00;2.00;12;0;200;0;30;70;1;0;10000;0;0.00;0.00;0.00;0.0000;0.0000;0;0;0.0000;0.00;0.00;0.0000;0.0000;0.00;0;0.0000
XAUUSDm;M15;20;2.0;3.00;1;1.00;2.00;30;0;200;0;30;70;1;0;10000;0;0.00;0.00;0.00;0.0000;0.0000;0;0;0.0000;0.00;0.00;0.0000;0.0000;0.00;0;0.0000
XAUUSDm;M15;20;2.0;3.00;1;1.00;2.00;48;0;200;0;30;70;1;0;10000;0;0.00;0.00;0.00;0.0000;0.0000;0;0;0.0000;0.00;0.00;0.0000;0.0000;0.00;0;0.0000
XAUUSDm;M15;20;2.0;3.00;1;1.00;2.50;12;0;200;0;30;70;1;0;10000;0;0.00;0.00;0.00;0.0000;0.0000;0;0;0.0000;0.00;0.00;0.0000;0.0000;0.00;0;0.0000
XAUUSDm;M15;20;2.0;3.00;1;1.00;2.50;30;0;200;0;30;70;1;0;10000;0;0.00;0.00;0.00;0.0000;0.0000;0;0;0.0000;0.00;0.00;0.0000;0.0000;0.00;0;0.0000
XAUUSDm;M15;20;2.0;3.00;1;1.00;2.50;48;0;200;0;30;70;1;0;10000;0;0.00;0.00;0.00;0.0000;0.0000;0;0;0.0000;0.00;0.00;0.0000;0.0000;0.00;0;0.0000
XAUUSDm;M15;20;2.0;3.00;1;1.00;3.00;12;0;200;0;30;70;1;0;10000;0;0.00;0.00;0.00;0.0000;0.0000;0;0;0.0000;0.00;0.00;0.0000;0.0000;0.00;0;0.0000
XAUUSDm;M15;20;2.0;3.00;1;1.00;3.00;30;0;200;0;30;70;1;0;10000;0;0.00;0.00;0.00;0.0000;0.0000;0;0;0.0000;0.00;0.00;0.0000;0.0000;0.00;0;0.0000
XAUUSDm;M15;20;2.0;3.00;1;1.00;3.00;48;0;200;0;30;70;1;0;10000;0;0.00;0.00;0.00;0.0000;0.0000;0;0;0.0000;0.00;0.00;0.0000;0.0000;0.00;0;0.0000
XAUUSDm;M15;20;2.0;3.00;1;1.25;1.00;12;0;200;0;30;70;1;0;10000;0;0.00;0.00;0.00;0.0000;0.0000;0;0;0.0000;0.00;0.00;0.0000;0.0000;0.00;0;0.0000
XAUUSDm;M15;20;2.0;3.00;1;1.25;1.00;30;0;200;0;30;70;1;0;10000;0;0.00;0.00;0.00;0.0000;0.0000;0;0;0.0000;0.00;0.00;0.0000;0.0000;0.00;0;0.0000
XAUUSDm;M15;20;2.0;3.00;1;1.25;1.00;48;0;200;0;30;70;1;0;10000;0;0.00;0.00;0.00;0.0000;0.0000;0;0;0.0000;0.00;0.00;0.0000;0.0000;0.00;0;0.0000
XAUUSDm;M15;20;2.0;3.00;1;1.25;1.50;12;0;200;0;30;70;1;0;10000;0;0.00;0.00;0.00;0.0000;0.0000;0;0;0.0000;0.00;0.00;0.0000;0.0000;0.00;0;0.0000
XAUUSDm;M15;20;2.0;3.00;1;1.25;1.50;30;0;200;0;30;70;1;0;10000;0;0.00;0.00;0.00;0.0000;0.0000;0;0;0.0000;0.00;0.00;0.0000;0.0000;0.00;0;0.0000
XAUUSDm;M15;20;2.0;3.00;1;1.25;1.50;48;0;200;0;30;70;1;0;10000;0;0.00;0.00;0.00;0.0000;0.0000;0;0;0.0000;0.00;0.00;0.0000;0.0000;0.00;0;0.0000
XAUUSDm;M15;20;2.0;3.00;1;1.25;2.00;12;0;200;0;30;70;1;0;10000;0;0.00;0.00;0.00;0.0000;0.0000;0;0;0.0000;0.00;0.00;0.0000;0.0000;0.00;0;0.0000
XAUUSDm;M15;20;2.0;3.00;1;1.25;2.00;30;0;200;0;30;70;1;0;10000;0;0.00;0.00;0.00;0.0000;0.0000;0;0;0.0000;0.00;0.00;0.0000;0.0000;0.00;0;0.0000
XAUUSDm;M15;20;2.0;3.00;1;1.25;2.00;48;0;200;0;30;70;1;0;10000;0;0.00;0.00;0.00;0.0000;0.0000;0;0;0.0000;0.00;0.00;0.0000;0.0000;0.00;0;0.0000
XAUUSDm;M15;20;2.0;3.00;1;1.25;2.50;12;0;200;0;30;70;1;0;10000;0;0.00;0.00;0.00;0.0000;0.0000;0;0;0.0000;0.00;0.00;0.0000;0.0000;0.00;0;0.0000
XAUUSDm;M15;20;2.0;3.00;1;1.25;2.50;30;0;200;0;30;70;1;0;10000;0;0.00;0.00;0.00;0.0000;0.0000;0;0;0.0000;0.00;0.00;0.0000;0.0000;0.00;0;0.0000
XAUUSDm;M15;20;2.0;3.00;1;1.25;2.50;48;0;200;0;30;70;1;0;10000;0;0.00;0.00;0.00;0.0000;0.0000;0;0;0.0000;0.00;0.00;0.0000;0.0000;0.00;0;0.0000
XAUUSDm;M15;20;2.0;3.00;1;1.25;3.00;12;0;200;0;30;70;1;0;10000;0;0.00;0.00;0.00;0.0000;0.0000;0;0;0.0000;0.00;0.00;0.0000;0.0000;0.00;0;0.0000
XAUUSDm;M15;20;2.0;3.00;1;1.25;3.00;30;0;200;0;30;70;1;0;10000;0;0.00;0.00;0.00;0.0000;0.0000;0;0;0.0000;0.00;0.00;0.0000;0.0000;0.00;0;0.0000
XAUUSDm;M15;20;2.0;3.00;1;1.25;3.00;48;0;200;0;30;70;1;0;10000;0;0.00;0.00;0.00;0.0000;0.0000;0;0;0.0000;0.00;0.00;0.0000;0.0000;0.00;0;0.0000
XAUUSDm;M15;20;2.0;3.00;1;1.50;1.00;12;0;200;0;30;70;1;0;10000;0;0.00;0.00;0.00;0.0000;0.0000;0;0;0.0000;0.00;0.00;0.0000;0.0000;0.00;0;0.0000
XAUUSDm;M15;20;2.0;3.00;1;1.50;1.00;30;0;200;0;30;70;1;0;10000;0;0.00;0.00;0.00;0.0000;0.0000;0;0;0.0000;0.00;0.00;0.0000;0.0000;0.00;0;0.0000
XAUUSDm;M15;20;2.0;3.00;1;1.50;1.00;48;0;200;0;30;70;1;0;10000;0;0.00;0.00;0.00;0.0000;0.0000;0;0;0.0000;0.00;0.00;0.0000;0.0000;0.00;0;0.0000
XAUUSDm;M15;20;2.0;3.00;1;1.50;1.50;12;0;200;0;30;70;1;0;10000;0;0.00;0.00;0.00;0.0000;0.0000;0;0;0.0000;0.00;0.00;0.0000;0.0000;0.00;0;0.0000
XAUUSDm;M15;20;2.0;3.00;1;1.50;1.50;30;0;200;0;30;70;1;0;10000;0;0.00;0.00;0.00;0.0000;0.0000;0;0;0.0000;0.00;0.00;0.0000;0.0000;0.00;0;0.0000
XAUUSDm;M15;20;2.0;3.00;1;1.50;1.50;48;0;200;0;30;70;1;0;10000;0;0.00;0.00;0.00;0.0000;0.0000;0;0;0.0000;0.00;0.00;0.0000;0.0000;0.00;0;0.0000
XAUUSDm;M15;20;2.0;3.00;1;1.50;2.00;12;0;200;0;30;70;1;0;10000;0;0.00;0.00;0.00;0.0000;0.0000;0;0;0.0000;0.00;0.00;0.0000;0.0000;0.00;0;0.0000
XAUUSDm;M15;20;2.0;3.00;1;1.50;2.00;30;0;200;0;30;70;1;0;10000;0;0.00;0.00;0.00;0.0000;0.0000;0;0;0.0000;0.00;0.00;0.0000;0.0000;0.00;0;0.0000
XAUUSDm;M15;20;2.0;3.00;1;1.50;2.00;48;0;200;0;30;70;1;0;10000;0;0.00;0.00;0.00;0.0000;0.0000;0;0;0.0000;0.00;0.00;0.0000;0.0000;0.00;0;0.0000
XAUUSDm;M15;20;2.0;3.00;1;1.50;2.50;12;0;200;0;30;70;1;0;10000;0;0.00;0.00;0.00;0.0000;0.0000;0;0;0.0000;0.00;0.00;0.0000;0.0000;0.00;0;0.0000
XAUUSDm;M15;20;2.0;3.00;1;1.50;2.50;30;0;200;0;30;70;1;0;10000;0;0.00;0.00;0.00;0.0000;0.0000;0;0;0.0000;0.00;0.00;0.0000;0.0000;0.00;0;0.0000
XAUUSDm;M15;20;2.0;3.00;1;1.50;2.50;48;0;200;0;30;70;1;0;10000;0;0.00;0.00;0.00;0.0000;0.0000;0;0;0.0000;0.00;0.00;0.0000;0.0000;0.00;0;0.0000
XAUUSDm;M15;20;2.0;3.00;1;1.50;3.00;12;0;200;0;30;70;1;0;10000;0;0.00;0.00;0.00;0.0000;0.0000;0;0;0.0000;0.00;0.00;0.0000;0.0000;0.00;0;0.0000
XAUUSDm;M15;20;2.0;3.00;1;1.50;3.00;30;0;200;0;30;70;1;0;10000;0;0.00;0.00;0.00;0.0000;0.0000;0;0;0.0000;0.00;0.00;0.0000;0.0000;0.00;0;0.0000
XAUUSDm;M15;20;2.0;3.00;1;1.50;3.00;48;0;200;0;30;70;1;0;10000;0;0.00;0.00;0.00;0.0000;0.0000;0;0;0.0000;0.00;0.00;0.0000;0.0000;0.00;0;0.0000
XAUUSDm;M15;40;2.0;1.50;1;0.50;1.00;12;0;200;0;30;70;1;0;10000;1602;-4360.11;7227.37;0.92;-2.7217;0.6479;13;6;0.4615;-1952.00;-291.27;1.0000;0.0010;0.56;8;0.0000
XAUUSDm;M15;40;2.0;1.50;1;0.50;1.00;30;0;200;0;30;70;1;0;10000;1601;-4280.33;7205.59;0.92;-2.6735;0.6483;13;6;0.4615;-1952.00;-263.31;1.0000;0.0010;0.57;8;0.0000
XAUUSDm;M15;40;2.0;1.50;1;0.50;1.00;48;0;200;0;30;70;1;0;10000;1601;-4280.33;7205.59;0.92;-2.6735;0.6483;13;6;0.4615;-1952.00;-263.31;1.0000;0.0010;0.57;8;0.0000
XAUUSDm;M15;40;2.0;1.50;1;0.50;1.50;12;0;200;0;30;70;1;0;10000;1433;-3978.37;5329.53;0.89;-2.7763;0.7216;13;5;0.3846;-1744.43;-345.26;1.0000;0.0011;0.83;7;0.0000
XAUUSDm;M15;40;2.0;1.50;1;0.50;1.50;30;0;200;0;30;70;1;0;10000;1432;-3859.22;5408.23;0.89;-2.6950;0.7291;13;4;0.3077;-1723.26;-389.08;1.0000;0.0011;0.97;7;0.0000
XAUUSDm;M15;40;2.0;1.50;1;0.50;1.50;48;0;200;0;30;70;1;0;10000;1432;-3843.73;5408.23;0.89;-2.6842;0.7297;13;4;0.3077;-1723.26;-354.08;1.0000;0.0011;0.97;7;0.0000
XAUUSDm;M15;40;2.0;1.50;1;0.50;2.00;12;0;200;0;30;70;1;0;10000;1335;-4302.68;4931.36;0.84;-3.2230;0.7551;13;4;0.3077;-1154.36;-409.40;1.0000;0.0011;0.95;7;0.0000
XAUUSDm;M15;40;2.0;1.50;1;0.50;2.00;30;0;200;0;30;70;1;0;10000;1331;-4288.47;4878.12;0.84;-3.2220;0.7693;13;4;0.3077;-1321.82;-373.67;1.0000;0.0011;1.14;5;0.0000
XAUUSDm;M15;40;2.0;1.50;1;0.50;2.00;48;0;200;0;30;70;1;0;10000;1331;-4184.90;4749.57;0.84;-3.1442;0.7731;13;4;0.3077;-1321.82;-327.92;1.0000;0.0011;1.14;5;0.0000
XAUUSDm;M15;40;2.0;1.50;1;0.50;2.50;12;0;200;0;30;70;1;0;10000;1240;-2948.06;3578.90;0.85;-2.3775;0.7806;13;4;0.3077;-932.64;-180.33;1.0000;0.0012;1.03;5;0.0000
XAUUSDm;M15;40;2.0;1.50;1;0.50;2.50;30;0;200;0;30;70;1;0;10000;1227;-2269.57;3001.56;0.88;-1.8497;0.8101;13;4;0.3077;-901.88;-250.55;1.0000;0.0012;1.30;4;0.0000
XAUUSDm;M15;40;2.0;1.50;1;0.50;2.50;48;0;200;0;30;70;1;0;10000;1227;-2372.07;3012.47;0.88;-1.9332;0.8150;13;4;0.3077;-904.38;-282.45;1.0000;0.0012;1.31;4;0.0000
XAUUSDm;M15;40;2.0;1.50;1;0.50;3.00;12;0;200;0;30;70;1;0;10000;1178;-2566.92;2968.34;0.83;-2.1790;0.7912;13;4;0.3077;-841.44;-139.32;1.0000;0.0013;1.06;5;0.0000
XAUUSDm;M15;40;2.0;1.50;1;0.50;3.00;30;0;200;0;30;70;1;0;10000;1158;-2048.02;2470.77;0.87;-1.7686;0.8325;13;3;0.2308;-824.40;-121.19;1.0000;0.0012;1.49;4;0.0000
XAUUSDm;M15;40;2.0;1.50;1;0.50;3.00;48;0;200;0;30;70;1;0;10000;1154;-2181.48;2539.49;0.86;-1.8904;0.8388;13;3;0.2308;-832.14;-95.76;1.0000;0.0012;1.53;4;0.0000
XAUUSDm;M15;40;2.0;1.50;1;0.75;1.00;12;0;200;0;30;70;1;0;10000;1442;-4470.74;6975.35;0.93;-3.1004;0.5534;13;5;0.3846;-2170.18;-503.80;1.0000;0.0014;0.89;8;0.0000
XAUUSDm;M15;40;2.0;1.50;1;0.75;1.00;30;0;200;0;30;70;1;0;10000;1441;-4904.94;7181.75;0.92;-3.4038;0.5510;13;4;0.3077;-2333.35;-553.58;1.0000;0.0013;0.93;8;0.0000
XAUUSDm;M15;40;2.0;1.50;1;0.75;1.00;48;0;200;0;30;70;1;0;10000;1441;-4967.56;7181.75;0.92;-3.4473;0.5510;13;4;0.3077;-2333.35;-553.58;1.0000;0.0013;0.93;8;0.0000
XAUUSDm;M15;40;2.0;1.50;1;0.75;1.50;12;0;200;0;30;70;1;0;10000;1267;-4652.31;6340.20;0.88;-3.6719;0.6314;13;4;0.3077;-2325.88;-414.62;1.0000;0.0014;1.16;7;0.0000
XAUUSDm;M15;40;2.0;1.50;1;0.75;1.50;30;0;200;0;30;70;1;0;10000;1265;-5037.91;6940.66;0.88;-3.9825;0.6372;13;4;0.3077;-2383.92;-415.93;1.0000;0.0014;1.42;7;0.0000
XAUUSDm;M15;40;2.0;1.50;1;0.75;1.50;48;0;200;0;30;70;1;0;10000;1265;-5164.99;6876.80;0.88;-4.0830;0.6387;13;4;0.3077;-2424.44;-430.49;1.0000;0.0014;1.43;7;0.0000
XAUUSDm;M15;40;2.0;1.50;1;0.75;2.00;12;0;200;0;30;70;1;0;10000;1171;-4932.51;5662.86;0.84;-4.2122;0.6661;13;4;0.3077;-1639.68;-441.31;1.0000;0.0015;1.32;7;0.0000
XAUUSDm;M15;40;2.0;1.50;1;0.75;2.00;30;0;200;0;30;70;1;0;10000;1162;-5312.22;6258.96;0.83;-4.5716;0.6850;13;4;0.3077;-2002.98;-530.82;1.0000;0.0014;1.68;7;0.0000
XAUUSDm;M15;40;2.0;1.50;1;0.75;2.00;48;0;200;0;30;70;1;0;10000;1156;-5365.81;6160.92;0.83;-4.6417;0.6894;13;4;0.3077;-2060.03;-492.71;1.0000;0.0014;1.72;7;0.0000
XAUUSDm;M15;40;2.0;1.50;1;0.75;2.50;12;0;200;0;30;70;1;0;10000;1082;-3416.38;4166.96;0.85;-3.1575;0.6932;13;4;0.3077;-1207.03;-422.40;1.0000;0.0016;1.48;5;0.0000
XAUUSDm;M15;40;2.0;1.50;1;0.75;2.50;30;0;200;0;30;70;1;0;10000;1065;-3155.09;4060.56;0.86;-2.9625;0.7333;13;4;0.3077;-1225.39;-363.00;1.0000;0.0015;1.94;5;0.0000
XAUUSDm;M15;40;2.0;1.50;1;0.75;2.50;48;0;200;0;30;70;1;0;10000;1058;-3403.11;4132.72;0.86;-3.2166;0.7401;13;3;0.2308;-1280.65;-297.31;1.0000;0.0015;2.00;5;0.0000
XAUUSDm;M15;40;2.0;1.50;1;0.75;3.00;12;0;200;0;30;70;1;0;10000;1017;-2936.84;3512.36;0.83;-2.8877;0.7030;13;4;0.3077;-844.76;-335.62;1.0000;0.0017;1.55;5;0.0000
XAUUSDm;M15;40;2.0;1.50;1;0.75;3.00;30;0;200;0;30;70;1;0;10000;990;-2482.46;3175.45;0.86;-2.5075;0.7626;13;3;0.2308;-772.37;-242.57;1.0000;0.0016;2.23;5;0.0000
XAUUSDm;M15;40;2.0;1.50;1;0.75;3.00;48;0;200;0;30;70;1;0;10000;982;-2529.02;3130.89;0.86;-2.5754;0.7749;13;3;0.2308;-854.30;-170.22;1.0000;0.0016;2.32;4;0.0000
XAUUSDm;M15;40;2.0;1.50;1;1.00;1.00;12;0;200;0;30;70;1;0;10000;1360;-7141.31;9213.22;0.89;-5.2510;0.4779;13;4;0.3077;-2769.39;-412.44;1.0000;0.0017;1.07;10;0.0000
XAUUSDm;M15;40;2.0;1.50;1;1.00;1.00;30;0;200;0;30;70;1;0;10000;1358;-7165.87;8997.67;0.89;-5.2768;0.4735;13;4;0.3077;-2752.07;-412.81;1.0000;0.0017;1.15;10;0.0000
XAUUSDm;M15;40;2.0;1.50;1;1.00;1.00;48;0;200;0;30;70;1;0;10000;1357;-7116.21;8948.01;0.89;-5.2441;0.4731;13;4;0.3077;-2752.07;-396.22;1.0000;0.0017;1.15;10;0.0000
XAUUSDm;M15;40;2.0;1.50;1;1.00;1.50;12;0;200;0;30;70;1;0;10000;1174;-6356.26;7609.67;0.86;-5.4142;0.5596;13;4;0.3077;-1989.07;-887.75;1.0000;0.0018;1.40;7;0.0000
XAUUSDm;M15;40;2.0;1.50;1;1.00;1.50;30;0;200;0;30;70;1;0;10000;1168;-6605.34;7848.95;0.86;-5.6553;0.5634;13;3;0.2308;-1988.26;-743.17;1.0000;0.0017;1.85;7;0.0000
XAUUSDm;M15;40;2.0;1.50;1;1.00;1.50;48;0;200;0;30;70;1;0;10000;1166;-6829.85;7961.74;0.85;-5.8575;0.5635;13;3;0.2308;-2028.78;-743.17;1.0000;0.0017;1.87;7;0.0000
XAUUSDm;M15;40;2.0;1.50;1;1.00;2.00;12;0;200;0;30;70;1;0;10000;1083;-6073.22;6673.96;0.82;-5.6078;0.5983;13;4;0.3077;-1357.14;-771.34;1.0000;0.0019;1.60;7;0.0000
XAUUSDm;M15;40;2.0;1.50;1;1.00;2.00;30;0;200;0;30;70;1;0;10000;1070;-6744.02;7179.92;0.81;-6.3028;0.6140;13;2;0.1538;-1496.71;-565.69;1.0000;0.0017;2.20;7;0.0000
XAUUSDm;M15;40;2.0;1.50;1;1.00;2.00;48;0;200;0;30;70;1;0;10000;1060;-6681.66;7028.39;0.81;-6.3035;0.6198;13;2;0.1538;-1449.20;-608.55;1.0000;0.0017;2.27;7;0.0000
XAUUSDm;M15;40;2.0;1.50;1;1.00;2.50;12;0;200;0;30;70;1;0;10000;1000;-5147.45;5666.60;0.79;-5.1475;0.6180;13;5;0.3846;-1225.26;-523.66;1.0000;0.0020;1.83;6;0.0000
XAUUSDm;M15;40;2.0;1.50;1;1.00;2.50;30;0;200;0;30;70;1;0;10000;970;-4833.17;5264.09;0.82;-4.9826;0.6629;13;3;0.2308;-1117.11;-357.05;1.0000;0.0018;2.57;5;0.0000
XAUUSDm;M15;40;2.0;1.50;1;1.00;2.50;48;0;200;0;30;70;1;0;10000;960;-5069.47;5262.40;0.81;-5.2807;0.6698;13;3;0.2308;-1191.52;-469.16;1.0000;0.0018;2.68;5;0.0000
XAUUSDm;M15;40;2.0;1.50;1;1.00;3.00;12;0;200;0;30;70;1;0;10000;941;-4599.95;4877.22;0.77;-4.8884;0.6270;13;4;0.3077;-1025.00;-187.33;1.0000;0.0022;1.98;7;0.0000
XAUUSDm;M15;40;2.0;1.50;1;1.00;3.00;30;0;200;0;30;70;1;0;10000;903;-4208.19;4487.58;0.80;-4.6602;0.6910;13;4;0.3077;-995.51;-323.45;1.0000;0.0019;2.88;5;0.0000
XAUUSDm;M15;40;2.0;1.50;1;1.00;3.00;48;0;200;0;30;70;1;0;10000;887;-3852.89;4151.46;0.82;-4.3437;0.7057;13;5;0.3846;-988.74;-288.09;1.0000;0.0019;3.06;4;0.0000
XAUUSDm;M15;40;2.0;1.50;1;1.25;1.00;12;0;200;0;30;70;1;0;10000;1306;-5976.28;8632.53;0.91;-4.5760;0.4326;13;7;0.5385;-2967.91;17.26;1.0000;0.0020;1.33;10;0.0000
XAUUSDm;M15;40;2.0;1.50;1;1.25;1.00;30;0;200;0;30;70;1;0;10000;1302;-5692.02;8802.32;0.92;-4.3718;0.4270;13;6;0.4615;-3103.28;-151.55;1.0000;0.0019;1.58;10;0.0000
XAUUSDm;M15;40;2.0;1.50;1;1.25;1.00;48;0;200;0;30;70;1;0;10000;1300;-5731.01;8639.47;0.92;-4.4085;0.4246;13;6;0.4615;-2988.60;-112.14;1.0000;0.0019;1.60;10;0.0000
XAUUSDm;M15;40;2.0;1.50;1;1.25;1.50;12;0;200;0;30;70;1;0;10000;1124;-4712.83;6309.44;0.90;-4.1929;0.5178;13;6;0.4615;-2036.95;-541.80;1.0000;0.0021;1.65;10;0.0000
XAUUSDm;M15;40;2.0;1.50;1;1.25;1.50;30;0;200;0;30;70;1;0;10000;1115;-4784.95;6291.41;0.90;-4.2914;0.5220;13;5;0.3846;-2019.40;-416.30;1.0000;0.0019;2.29;8;0.0000
XAUUSDm;M15;40;2.0;1.50;1;1.25;1.50;48;0;200;0;30;70;1;0;10000;1111;-5149.60;6294.17;0.89;-4.6351;0.5203;13;5;0.3846;-2089.71;-416.30;1.0000;0.0019;2.34;8;0.0000
XAUUSDm;M15;40;2.0;1.50;1;1.25;2.00;12;0;200;0;30;70;1;0;10000;1028;-4784.78;5485.16;0.86;-4.6545;0.5584;13;5;0.3846;-1432.02;-553.77;1.0000;0.0022;1.88;8;0.0000
XAUUSDm;M15;40;2.0;1.50;1;1.25;2.00;30;0;200;0;30;70;1;0;10000;1013;-5661.95;6164.48;0.85;-5.5893;0.5706;13;4;0.3077;-1622.37;-489.45;1.0000;0.0020;2.77;7;0.0000
XAUUSDm;M15;40;2.0;1.50;1;1.25;2.00;48;0;200;0;30;70;1;0;10000;999;-5422.10;5787.65;0.85;-5.4275;0.5786;13;4;0.3077;-1506.36;-513.67;1.0000;0.0020;2.89;7;0.0000
XAUUSDm;M15;40;2.0;1.50;1;1.25;2.50;12;0;200;0;30;70;1;0;10000;950;-4241.76;4662.70;0.84;-4.4650;0.5789;13;5;0.3846;-1297.42;-367.29;1.0000;0.0023;2.18;7;0.0000
XAUUSDm;M15;40;2.0;1.50;1;1.25;2.50;30;0;200;0;30;70;1;0;10000;916;-4205.87;4889.29;0.85;-4.5916;0.6201;13;5;0.3846;-1246.74;-343.28;1.0000;0.0021;3.25;5;0.0000
XAUUSDm;M15;40;2.0;1.50;1;1.25;2.50;48;0;200;0;30;70;1;0;10000;900;-4819.64;5411.40;0.83;-5.3552;0.6256;13;5;0.3846;-1487.01;-347.55;1.0000;0.0021;3.44;5;0.0000
XAUUSDm;M15;40;2.0;1.50;1;1.25;3.00;12;0;200;0;30;70;1;0;10000;895;-3984.02;4333.91;0.81;-4.4514;0.5855;13;5;0.3846;-1101.12;-140.29;1.0000;0.0025;2.29;7;0.0000
XAUUSDm;M15;40;2.0;1.50;1;1.25;3.00;30;0;200;0;30;70;1;0;10000;855;-3651.77;3927.98;0.84;-4.2711;0.6480;13;5;0.3846;-1125.54;-204.80;1.0000;0.0022;3.52;5;0.0000
XAUUSDm;M15;40;2.0;1.50;1;1.25;3.00;48;0;200;0;30;70;1;0;10000;831;-3902.04;4174.71;0.83;-4.6956;0.6606;13;6;0.4615;-1295.51;-164.14;1.0000;0.0022;3.83;4;0.0000
XAUUSDm;M15;40;2.0;1.50;1;1.50;1.00;12;0;200;0;30;70;1;0;10000;1276;-7670.79;9782.03;0.89;-6.0116;0.3942;13;6;0.4615;-2663.07;-258.17;1.0000;0.0024;1.48;10;0.0000
XAUUSDm;M15;40;2.0;1.50;1;1.50;1.00;30;0;200;0;30;70;1;0;10000;1273;-7231.97;10533.25;0.90;-5.6810;0.3818;13;6;0.4615;-2917.55;-682.28;1.0000;0.0022;1.97;10;0.0000
XAUUSDm;M15;40;2.0;1.50;1;1.50;1.00;48;0;200;0;30;70;1;0;10000;1268;-7224.99;10237.04;0.90;-5.6979;0.3778;13;6;0.4615;-3020.86;-620.04;1.0000;0.0022;2.01;10;0.0000
XAUUSDm;M15;40;2.0;1.50;1;1.50;1.50;12;0;200;0;30;70;1;0;10000;1098;-5285.91;6648.00;0.89;-4.8141;0.4809;13;6;0.4615;-1823.02;-651.61;1.0000;0.0024;1.82;10;0.0000
XAUUSDm;M15;40;2.0;1.50;1;1.50;1.50;30;0;200;0;30;70;1;0;10000;1087;-4789.40;7019.25;0.91;-4.4061;0.4811;13;4;0.3077;-1926.42;-273.09;1.0000;0.0022;2.88;8;0.0000
XAUUSDm;M15;40;2.0;1.50;1;1.50;1.50;48;0;200;0;30;70;1;0;10000;1081;-5259.62;6842.69;0.90;-4.8655;0.4764;13;4;0.3077;-2163.25;-349.86;1.0000;0.0021;2.97;8;0.0000
XAUUSDm;M15;40;2.0;1.50;1;1.50;2.00;12;0;200;0;30;70;1;0;10000;1001;-5066.08;5711.72;0.86;-5.0610;0.5225;13;5;0.3846;-1347.40;-605.32;1.0000;0.0025;2.06;8;0.0000
XAUUSDm;M15;40;2.0;1.50;1;1.50;2.00;30;0;200;0;30;70;1;0;10000;982;-5649.72;6705.00;0.86;-5.7533;0.5305;13;5;0.3846;-1590.52;-403.02;1.0000;0.0022;3.44;7;0.0000
XAUUSDm;M15;40;2.0;1.50;1;1.50;2.00;48;0;200;0;30;70;1;0;10000;960;-5476.01;6272.01;0.86;-5.7042;0.5354;13;4;0.3077;-1620.79;-418.06;1.0000;0.0022;3.65;7;0.0000
XAUUSDm;M15;40;2.0;1.50;1;1.50;2.50;12;0;200;0;30;70;1;0;10000;922;-3932.67;4446.47;0.85;-4.2654;0.5434;13;5;0.3846;-1254.88;-235.25;1.0000;0.0027;2.38;7;0.0000
XAUUSDm;M15;40;2.0;1.50;1;1.50;2.50;30;0;200;0;30;70;1;0;10000;885;-4163.33;5068.56;0.86;-4.7043;0.5819;13;4;0.3077;-1358.46;-331.98;1.0000;0.0023;4.05;7;0.0000
XAUUSDm;M15;40;2.0;1.50;1;1.50;2.50;48;0;200;0;30;70;1;0;10000;864;-4410.51;5385.94;0.85;-5.1048;0.5868;13;4;0.3077;-1340.90;-410.42;1.0000;0.0023;4.32;7;0.0000
XAUUSDm;M15;40;2.0;1.50;1;1.50;3.00;12;0;200;0;30;70;1;0;10000;870;-3885.43;4240.39;0.82;-4.4660;0.5494;13;4;0.3077;-1064.08;-189.91;1.0000;0.0029;2.49;7;0.0000
XAUUSDm;M15;40;2.0;1.50;1;1.50;3.00;30;0;200;0;30;70;1;0;10000;821;-3492.93;3916.36;0.85;-4.2545;0.6127;13;4;0.3077;-1047.75;-255.67;1.0000;0.0025;4.46;6;0.0000
XAUUSDm;M15;40;2.0;1.50;1;1.50;3.00;48;0;200;0;30;70;1;0;10000;793;-3265.72;3771.83;0.86;-4.1182;0.6255;13;4;0.3077;-1022.27;-253.56;1.0000;0.0024;4.85;5;0.0000
XAUUSDm;M15;40;2.0;2.00;1;0.50;1.00;12;0;200;0;30;70;1;0;10000;605;-2940.68;4141.12;0.86;-4.8606;0.6331;13;7;0.5385;-1396.01;9.96;1.0000;0.0028;0.42;6;0.0000
XAUUSDm;M15;40;2.0;2.00;1;0.50;1.00;30;0;200;0;30;70;1;0;10000;605;-2967.60;4197.53;0.86;-4.9051;0.6331;13;7;0.5385;-1396.01;9.96;1.0000;0.0028;0.42;6;0.0000
XAUUSDm;M15;40;2.0;2.00;1;0.50;1.00;48;0;200;0;30;70;1;0;10000;605;-2967.60;4197.53;0.86;-4.9051;0.6331;13;7;0.5385;-1396.01;9.96;1.0000;0.0028;0.42;6;0.0000
XAUUSDm;M15;40;2.0;2.00;1;0.50;1.50;12;0;200;0;30;70;1;0;10000;565;-1698.92;2471.18;0.88;-3.0069;0.7204;13;5;0.3846;-620.82;-280.91;1.0000;0.0027;0.61;5;0.0000
XAUUSDm;M15;40;2.0;2.00;1;0.50;1.50;30;0;200;0;30;70;1;0;10000;565;-1566.56;2356.09;0.89;-2.7727;0.7292;13;5;0.3846;-618.31;-220.56;1.0000;0.0027;0.82;5;0.0000
XAUUSDm;M15;40;2.0;2.00;1;0.50;1.50;48;0;200;0;30;70;1;0;10000;565;-1586.07;2356.09;0.89;-2.8072;0.7292;13;5;0.3846;-618.31;-220.56;1.0000;0.0027;0.82;5;0.0000
XAUUSDm;M15;40;2.0;2.00;1;0.50;2.00;12;0;200;0;30;70;1;0;10000;543;-2148.40;2551.51;0.80;-3.9565;0.7495;13;5;0.3846;-455.30;-282.47;1.0000;0.0028;0.70;5;0.0000
XAUUSDm;M15;40;2.0;2.00;1;0.50;2.00;30;0;200;0;30;70;1;0;10000;543;-1987.72;2369.66;0.82;-3.6606;0.7661;13;5;0.3846;-516.35;-270.93;1.0000;0.0027;0.96;4;0.0000
XAUUSDm;M15;40;2.0;2.00;1;0.50;2.00;48;0;200;0;30;70;1;0;10000;543;-1985.88;2342.84;0.82;-3.6572;0.7698;13;5;0.3846;-516.35;-282.47;1.0000;0.0027;0.97;4;0.0000
XAUUSDm;M15;40;2.0;2.00;1;0.50;2.50;12;0;200;0;30;70;1;0;10000;520;-1574.55;1975.47;0.81;-3.0280;0.7750;13;5;0.3846;-513.19;-177.03;1.0000;0.0030;0.83;4;0.0000
XAUUSDm;M15;40;2.0;2.00;1;0.50;2.50;30;0;200;0;30;70;1;0;10000;520;-1390.29;1778.44;0.84;-2.6736;0.8038;13;4;0.3077;-473.56;-154.70;1.0000;0.0028;1.26;3;0.0000
XAUUSDm;M15;40;2.0;2.00;1;0.50;2.50;48;0;200;0;30;70;1;0;10000;520;-1475.56;1823.50;0.83;-2.8376;0.8077;13;3;0.2308;-479.84;-192.90;1.0000;0.0028;1.28;3;0.0000
XAUUSDm;M15;40;2.0;2.00;1;0.50;3.00;12;0;200;0;30;70;1;0;10000;492;-965.91;1228.00;0.85;-1.9632;0.7988;13;4;0.3077;-436.86;-87.99;1.0000;0.0031;0.89;3;0.0000
XAUUSDm;M15;40;2.0;2.00;1;0.50;3.00;30;0;200;0;30;70;1;0;10000;492;-958.08;1218.58;0.86;-1.9473;0.8333;13;5;0.3846;-449.50;-84.71;1.0000;0.0029;1.50;3;0.0000
XAUUSDm;M15;40;2.0;2.00;1;0.50;3.00;48;0;200;0;30;70;1;0;10000;492;-930.02;1189.47;0.86;-1.8903;0.8394;13;4;0.3077;-469.64;-109.51;1.0000;0.0029;1.55;3;0.0000
XAUUSDm;M15;40;2.0;2.00;1;0.75;1.00;12;0;200;0;30;70;1;0;10000;578;-3245.86;4594.08;0.87;-5.6157;0.5398;13;5;0.3846;-1232.17;-267.04;1.0000;0.0035;0.72;9;0.0000
XAUUSDm;M15;40;2.0;2.00;1;0.75;1.00;30;0;200;0;30;70;1;0;10000;578;-2825.15;4267.41;0.89;-4.8878;0.5433;13;6;0.4615;-1105.60;-267.04;1.0000;0.0034;0.74;9;0.0000
XAUUSDm;M15;40;2.0;2.00;1;0.75;1.00;48;0;200;0;30;70;1;0;10000;578;-2820.45;4262.71;0.89;-4.8797;0.5433;13;6;0.4615;-1105.60;-267.04;1.0000;0.0034;0.74;9;0.0000
XAUUSDm;M15;40;2.0;2.00;1;0.75;1.50;12;0;200;0;30;70;1;0;10000;535;-1688.69;2696.01;0.90;-3.1564;0.6355;13;4;0.3077;-846.93;-211.42;1.0000;0.0033;0.96;8;0.0000
XAUUSDm;M15;40;2.0;2.00;1;0.75;1.50;30;0;200;0;30;70;1;0;10000;535;-1317.93;2465.86;0.92;-2.4634;0.6486;13;4;0.3077;-790.49;-220.55;1.0000;0.0032;1.35;8;0.0000
XAUUSDm;M15;40;2.0;2.00;1;0.75;1.50;48;0;200;0;30;70;1;0;10000;535;-1251.34;2379.76;0.93;-2.3390;0.6523;13;4;0.3077;-790.49;-220.55;1.0000;0.0032;1.36;8;0.0000
XAUUSDm;M15;40;2.0;2.00;1;0.75;2.00;12;0;200;0;30;70;1;0;10000;510;-1726.59;2457.72;0.86;-3.3855;0.6745;13;5;0.3846;-716.20;-134.81;1.0000;0.0034;1.12;7;0.0000
XAUUSDm;M15;40;2.0;2.00;1;0.75;2.00;30;0;200;0;30;70;1;0;10000;510;-1209.45;2299.80;0.91;-2.3715;0.7039;13;7;0.5385;-665.44;26.29;1.0000;0.0032;1.68;7;0.0000
XAUUSDm;M15;40;2.0;2.00;1;0.75;2.00;48;0;200;0;30;70;1;0;10000;509;-1103.73;2198.03;0.91;-2.1684;0.7112;13;7;0.5385;-642.97;65.93;1.0000;0.0032;1.73;7;0.0000
XAUUSDm;M15;40;2.0;2.00;1;0.75;2.50;12;0;200;0;30;70;1;0;10000;486;-1312.12;1965.72;0.87;-2.6998;0.6996;13;6;0.4615;-579.60;-103.61;1.0000;0.0036;1.26;6;0.0000
XAUUSDm;M15;40;2.0;2.00;1;0.75;2.50;30;0;200;0;30;70;1;0;10000;485;-1012.47;2075.94;0.90;-2.0876;0.7423;13;6;0.4615;-658.09;-54.46;1.0000;0.0033;1.83;5;0.0000
XAUUSDm;M15;40;2.0;2.00;1;0.75;2.50;48;0;200;0;30;70;1;0;10000;484;-1072.92;2037.61;0.90;-2.2168;0.7500;13;6;0.4615;-658.09;-35.40;1.0000;0.0033;1.89;5;0.0000
XAUUSDm;M15;40;2.0;2.00;1;0.75;3.00;12;0;200;0;30;70;1;0;10000;458;-975.58;1448.63;0.87;-2.1301;0.7140;13;5;0.3846;-511.79;-65.65;1.0000;0.0038;1.38;6;0.0000
XAUUSDm;M15;40;2.0;2.00;1;0.75;3.00;30;0;200;0;30;70;1;0;10000;457;-854.91;1463.56;0.89;-1.8707;0.7702;13;4;0.3077;-500.31;-60.99;1.0000;0.0034;2.17;4;0.0000
XAUUSDm;M15;40;2.0;2.00;1;0.75;3.00;48;0;200;0;30;70;1;0;10000;457;-771.65;1381.96;0.91;-1.6885;0.7856;13;4;0.3077;-474.65;-28.52;1.0000;0.0034;2.26;4;0.0000
XAUUSDm;M15;40;2.0;2.00;1;1.00;1.00;12;0;200;0;30;70;1;0;10000;565;-3202.20;4667.89;0.88;-5.6676;0.4761;13;5;0.3846;-1357.06;-320.44;1.0000;0.0041;0.91;9;0.0000
XAUUSDm;M15;40;2.0;2.00;1;1.00;1.00;30;0;200;0;30;70;1;0;10000;565;-2280.62;3794.92;0.92;-4.0365;0.4814;13;5;0.3846;-1183.16;-187.20;1.0000;0.0039;0.98;9;0.0000
XAUUSDm;M15;40;2.0;2.00;1;1.00;1.00;48;0;200;0;30;70;1;0;10000;565;-2237.55;3751.85;0.92;-3.9603;0.4814;13;5;0.3846;-1183.16;-187.20;1.0000;0.0039;0.98;9;0.0000
XAUUSDm;M15;40;2.0;2.00;1;1.00;1.50;12;0;200;0;30;70;1;0;10000;519;-2681.59;3630.58;0.86;-5.1668;0.5588;13;4;0.3077;-992.71;-312.66;1.0000;0.0041;1.21;8;0.0000
XAUUSDm;M15;40;2.0;2.00;1;1.00;1.50;30;0;200;0;30;70;1;0;10000;519;-2333.95;3004.93;0.88;-4.4970;0.5723;13;4;0.3077;-867.45;-173.64;1.0000;0.0037;1.79;8;0.0000
XAUUSDm;M15;40;2.0;2.00;1;1.00;1.50;48;0;200;0;30;70;1;0;10000;519;-2326.68;2868.59;0.89;-4.4830;0.5742;13;3;0.2308;-867.45;-167.23;1.0000;0.0037;1.80;8;0.0000
XAUUSDm;M15;40;2.0;2.00;1;1.00;2.00;12;0;200;0;30;70;1;0;10000;494;-1891.25;2599.99;0.87;-3.8284;0.6113;13;4;0.3077;-837.37;-182.41;1.0000;0.0040;1.40;7;0.0000
XAUUSDm;M15;40;2.0;2.00;1;1.00;2.00;30;0;200;0;30;70;1;0;10000;494;-1363.41;2071.30;0.91;-2.7599;0.6417;13;5;0.3846;-736.08;-36.04;1.0000;0.0036;2.20;7;0.0000
XAUUSDm;M15;40;2.0;2.00;1;1.00;2.00;48;0;200;0;30;70;1;0;10000;493;-1271.96;1923.73;0.92;-2.5800;0.6491;13;5;0.3846;-736.08;-100.40;1.0000;0.0036;2.27;7;0.0000
XAUUSDm;M15;40;2.0;2.00;1;1.00;2.50;12;0;200;0;30;70;1;0;10000;469;-1690.25;2276.75;0.85;-3.6039;0.6333;13;4;0.3077;-681.49;-112.11;1.0000;0.0042;1.57;6;0.0000
XAUUSDm;M15;40;2.0;2.00;1;1.00;2.50;30;0;200;0;30;70;1;0;10000;468;-1074.98;2028.16;0.91;-2.2970;0.6880;13;4;0.3077;-697.12;-48.72;1.0000;0.0037;2.63;5;0.0000
XAUUSDm;M15;40;2.0;2.00;1;1.00;2.50;48;0;200;0;30;70;1;0;10000;467;-1161.57;2008.04;0.90;-2.4873;0.6959;13;4;0.3077;-697.12;-79.90;1.0000;0.0037;2.73;5;0.0000
XAUUSDm;M15;40;2.0;2.00;1;1.00;3.00;12;0;200;0;30;70;1;0;10000;443;-1375.08;1744.03;0.84;-3.1040;0.6479;13;6;0.4615;-698.89;-40.99;1.0000;0.0045;1.70;7;0.0000
XAUUSDm;M15;40;2.0;2.00;1;1.00;3.00;30;0;200;0;30;70;1;0;10000;442;-1082.43;1369.39;0.89;-2.4489;0.7127;13;6;0.4615;-621.15;-31.76;1.0000;0.0039;3.03;4;0.0000
XAUUSDm;M15;40;2.0;2.00;1;1.00;3.00;48;0;200;0;30;70;1;0;10000;441;-861.45;1204.58;0.91;-1.9534;0.7302;13;6;0.4615;-647.98;-7.55;1.0000;0.0038;3.19;4;0.0000
XAUUSDm;M15;40;2.0;2.00;1;1.25;1.00;12;0;200;0;30;70;1;0;10000;552;-2516.13;3569.85;0.91;-4.5582;0.4312;13;5;0.3846;-1263.04;-153.03;1.0000;0.0048;1.08;11;0.0000
XAUUSDm;M15;40;2.0;2.00;1;1.25;1.00;30;0;200;0;30;70;1;0;10000;552;-1996.68;3004.53;0.93;-3.6172;0.4330;13;6;0.4615;-1125.58;-175.85;1.0000;0.0046;1.49;11;0.0000
XAUUSDm;M15;40;2.0;2.00;1;1.25;1.00;48;0;200;0;30;70;1;0;10000;552;-1783.24;2791.09;0.94;-3.2305;0.4312;13;6;0.4615;-1041.79;-146.61;1.0000;0.0045;1.50;11;0.0000
XAUUSDm;M15;40;2.0;2.00;1;1.25;1.50;12;0;200;0;30;70;1;0;10000;504;-2044.22;2758.04;0.90;-4.0560;0.5119;13;4;0.3077;-1009.62;-211.76;1.0000;0.0047;1.40;9;0.0000
XAUUSDm;M15;40;2.0;2.00;1;1.25;1.50;30;0;200;0;30;70;1;0;10000;504;-1842.15;2345.15;0.91;-3.6551;0.5278;13;4;0.3077;-918.55;-68.43;1.0000;0.0042;2.38;8;0.0000
XAUUSDm;M15;40;2.0;2.00;1;1.25;1.50;48;0;200;0;30;70;1;0;10000;503;-1864.27;2291.04;0.91;-3.7063;0.5268;13;4;0.3077;-918.55;-72.41;1.0000;0.0042;2.42;8;0.0000
XAUUSDm;M15;40;2.0;2.00;1;1.25;2.00;12;0;200;0;30;70;1;0;10000;480;-1615.30;2090.88;0.89;-3.3652;0.5625;13;5;0.3846;-851.08;-145.78;1.0000;0.0047;1.62;7;0.0000
XAUUSDm;M15;40;2.0;2.00;1;1.25;2.00;30;0;200;0;30;70;1;0;10000;480;-1407.62;1857.47;0.92;-2.9325;0.5917;13;7;0.5385;-921.49;7.00;1.0000;0.0041;2.99;7;0.0000
XAUUSDm;M15;40;2.0;2.00;1;1.25;2.00;48;0;200;0;30;70;1;0;10000;478;-1275.11;1755.55;0.92;-2.6676;0.5983;13;5;0.3846;-921.49;-34.68;1.0000;0.0040;3.11;7;0.0000
XAUUSDm;M15;40;2.0;2.00;1;1.25;2.50;12;0;200;0;30;70;1;0;10000;456;-1658.75;1941.35;0.86;-3.6376;0.5789;13;4;0.3077;-707.71;-146.19;1.0000;0.0049;1.79;7;0.0000
XAUUSDm;M15;40;2.0;2.00;1;1.25;2.50;30;0;200;0;30;70;1;0;10000;455;-1355.68;1942.74;0.90;-2.9795;0.6352;13;5;0.3846;-841.28;-55.31;1.0000;0.0042;3.49;5;0.0000
XAUUSDm;M15;40;2.0;2.00;1;1.25;2.50;48;0;200;0;30;70;1;0;10000;454;-1466.79;1962.93;0.89;-3.2308;0.6432;13;4;0.3077;-841.28;-82.42;1.0000;0.0041;3.64;5;0.0000
XAUUSDm;M15;40;2.0;2.00;1;1.25;3.00;12;0;200;0;30;70;1;0;10000;430;-1277.40;1580.79;0.86;-2.9707;0.5930;13;5;0.3846;-620.09;-35.08;1.0000;0.0052;1.93;7;0.0000
XAUUSDm;M15;40;2.0;2.00;1;1.25;3.00;30;0;200;0;30;70;1;0;10000;429;-1037.16;1342.81;0.90;-2.4176;0.6643;13;7;0.5385;-600.74;5.11;1.0000;0.0043;3.96;5;0.0000
XAUUSDm;M15;40;2.0;2.00;1;1.25;3.00;48;0;200;0;30;70;1;0;10000;428;-999.79;1362.96;0.91;-2.3360;0.6822;13;7;0.5385;-538.52;29.32;1.0000;0.0042;4.22;5;0.0000
XAUUSDm;M15;40;2.0;2.00;1;1.50;1.00;12;0;200;0;30;70;1;0;10000;545;-2738.45;3760.45;0.91;-5.0247;0.3982;13;6;0.4615;-1262.10;-257.95;1.0000;0.0056;1.24;11;0.0000
XAUUSDm;M15;40;2.0;2.00;1;1.50;1.00;30;0;200;0;30;70;1;0;10000;545;-2194.91;3500.38;0.93;-4.0274;0.3908;13;6;0.4615;-1229.11;-234.67;1.0000;0.0052;1.95;11;0.0000
XAUUSDm;M15;40;2.0;2.00;1;1.50;1.00;48;0;200;0;30;70;1;0;10000;545;-2053.20;3358.67;0.93;-3.7673;0.3872;13;6;0.4615;-1332.42;-121.44;1.0000;0.0051;1.98;11;0.0000
XAUUSDm;M15;40;2.0;2.00;1;1.50;1.50;12;0;200;0;30;70;1;0;10000;498;-1638.19;2392.32;0.92;-3.2895;0.4859;13;4;0.3077;-997.16;-273.05;1.0000;0.0053;1.60;9;0.0000
XAUUSDm;M15;40;2.0;2.00;1;1.50;1.50;30;0;200;0;30;70;1;0;10000;498;-1383.00;2273.50;0.94;-2.7771;0.4920;13;5;0.3846;-1018.41;-181.80;1.0000;0.0047;3.05;8;0.0000
XAUUSDm;M15;40;2.0;2.00;1;1.50;1.50;48;0;200;0;30;70;1;0;10000;497;-1521.85;2124.80;0.93;-3.0621;0.4889;13;3;0.2308;-998.39;-148.00;1.0000;0.0046;3.12;8;0.0000
XAUUSDm;M15;40;2.0;2.00;1;1.50;2.00;12;0;200;0;30;70;1;0;10000;473;-1295.97;1952.96;0.92;-2.7399;0.5349;13;5;0.3846;-875.10;-135.68;1.0000;0.0053;1.83;7;0.0000
XAUUSDm;M15;40;2.0;2.00;1;1.50;2.00;30;0;200;0;30;70;1;0;10000;473;-1297.53;2326.16;0.93;-2.7432;0.5497;13;5;0.3846;-1088.17;-11.75;1.0000;0.0045;3.78;7;0.0000
XAUUSDm;M15;40;2.0;2.00;1;1.50;2.00;48;0;200;0;30;70;1;0;10000;470;-1316.67;2055.89;0.93;-2.8014;0.5553;13;4;0.3077;-1073.15;-76.58;1.0000;0.0044;3.95;7;0.0000
XAUUSDm;M15;40;2.0;2.00;1;1.50;2.50;12;0;200;0;30;70;1;0;10000;448;-1437.80;1750.91;0.88;-3.2094;0.5491;13;4;0.3077;-759.26;-132.97;1.0000;0.0057;2.01;7;0.0000
XAUUSDm;M15;40;2.0;2.00;1;1.50;2.50;30;0;200;0;30;70;1;0;10000;447;-1463.75;2227.30;0.90;-3.2746;0.5906;13;5;0.3846;-1033.96;-141.09;1.0000;0.0046;4.44;7;0.0000
XAUUSDm;M15;40;2.0;2.00;1;1.50;2.50;48;0;200;0;30;70;1;0;10000;445;-1712.77;2517.10;0.89;-3.8489;0.6000;13;4;0.3077;-1023.95;-233.11;1.0000;0.0045;4.67;7;0.0000
XAUUSDm;M15;40;2.0;2.00;1;1.50;3.00;12;0;200;0;30;70;1;0;10000;422;-1059.25;1331.40;0.89;-2.5101;0.5640;13;5;0.3846;-625.90;-57.29;1.0000;0.0060;2.16;7;0.0000
XAUUSDm;M15;40;2.0;2.00;1;1.50;3.00;30;0;200;0;30;70;1;0;10000;419;-1258.11;1668.39;0.89;-3.0026;0.6181;13;5;0.3846;-587.10;-116.66;1.0000;0.0048;5.06;5;0.0000
XAUUSDm;M15;40;2.0;2.00;1;1.50;3.00;48;0;200;0;30;70;1;0;10000;415;-1413.67;1896.21;0.88;-3.4064;0.6386;13;5;0.3846;-613.93;-154.32;1.0000;0.0047;5.44;5;0.0000
XAUUSDm;M15;40;2.0;2.50;1;0.50;1.00;12;0;200;0;30;70;1;0;10000;187;-448.68;1560.28;0.93;-2.3994;0.6524;13;8;0.6154;-730.03;62.33;1.0000;0.0088;0.35;4;0.0000
XAUUSDm;M15;40;2.0;2.50;1;0.50;1.00;30;0;200;0;30;70;1;0;10000;187;-424.95;1551.13;0.93;-2.2725;0.6524;13;8;0.6154;-730.03;79.00;1.0000;0.0088;0.35;4;0.0000
XAUUSDm;M15;40;2.0;2.50;1;0.50;1.00;48;0;200;0;30;70;1;0;10000;187;-424.95;1551.13;0.93;-2.2725;0.6524;13;8;0.6154;-730.03;79.00;1.0000;0.0088;0.35;4;0.0000
XAUUSDm;M15;40;2.0;2.50;1;0.50;1.50;12;0;200;0;30;70;1;0;10000;185;-195.81;1275.27;0.95;-1.0584;0.7297;13;10;0.7692;-396.28;86.74;1.0000;0.0083;0.53;3;0.0000
XAUUSDm;M15;40;2.0;2.50;1;0.50;1.50;30;0;200;0;30;70;1;0;10000;185;-344.76;1324.22;0.92;-1.8636;0.7351;13;9;0.6923;-417.35;56.82;1.0000;0.0082;0.84;3;0.0000
XAUUSDm;M15;40;2.0;2.50;1;0.50;1.50;48;0;200;0;30;70;1;0;10000;185;-364.27;1324.22;0.92;-1.9690;0.7351;13;9;0.6923;-417.35;56.82;1.0000;0.0082;0.84;3;0.0000
XAUUSDm;M15;40;2.0;2.50;1;0.50;2.00;12;0;200;0;30;70;1;0;10000;180;-666.67;1151.30;0.81;-3.7037;0.7500;13;7;0.5385;-369.00;21.16;1.0000;0.0085;0.60;3;0.0000
XAUUSDm;M15;40;2.0;2.50;1;0.50;2.00;30;0;200;0;30;70;1;0;10000;180;-890.24;1287.62;0.77;-4.9458;0.7556;13;7;0.5385;-406.62;1.00;1.0000;0.0084;0.92;3;0.0000
XAUUSDm;M15;40;2.0;2.50;1;0.50;2.00;48;0;200;0;30;70;1;0;10000;180;-915.22;1287.62;0.76;-5.0846;0.7556;13;7;0.5385;-406.62;1.00;1.0000;0.0084;0.92;3;0.0000
XAUUSDm;M15;40;2.0;2.50;1;0.50;2.50;12;0;200;0;30;70;1;0;10000;178;-307.14;908.45;0.88;-1.7255;0.7921;13;6;0.4615;-279.42;-27.69;1.0000;0.0086;0.74;3;0.0000
XAUUSDm;M15;40;2.0;2.50;1;0.50;2.50;30;0;200;0;30;70;1;0;10000;178;-369.56;888.68;0.87;-2.0762;0.8090;13;4;0.3077;-309.85;-24.64;1.0000;0.0083;1.43;3;0.0000
XAUUSDm;M15;40;2.0;2.50;1;0.50;2.50;48;0;200;0;30;70;1;0;10000;178;-457.76;944.85;0.84;-2.5717;0.8090;13;4;0.3077;-309.85;-24.64;1.0000;0.0083;1.44;3;0.0000
XAUUSDm;M15;40;2.0;2.50;1;0.50;3.00;12;0;200;0;30;70;1;0;10000;171;-175.03;680.99;0.92;-1.0236;0.8187;13;7;0.5385;-245.09;7.11;1.0000;0.0088;0.80;4;0.0000
XAUUSDm;M15;40;2.0;2.50;1;0.50;3.00;30;0;200;0;30;70;1;0;10000;171;-323.67;748.18;0.86;-1.8928;0.8363;13;6;0.4615;-253.59;-9.74;1.0000;0.0086;1.60;2;0.0000
XAUUSDm;M15;40;2.0;2.50;1;0.50;3.00;48;0;200;0;30;70;1;0;10000;171;-268.28;727.83;0.88;-1.5689;0.8421;13;7;0.5385;-253.59;7.11;1.0000;0.0086;1.71;2;0.0000
XAUUSDm;M15;40;2.0;2.50;1;0.75;1.00;12;0;200;0;30;70;1;0;10000;185;-894.72;2034.19;0.89;-4.8363;0.5459;13;6;0.4615;-729.47;-1.31;1.0000;0.0108;0.56;4;0.0000
XAUUSDm;M15;40;2.0;2.50;1;0.75;1.00;30;0;200;0;30;70;1;0;10000;185;-663.82;1945.40;0.92;-3.5882;0.5514;13;6;0.4615;-681.22;-1.31;1.0000;0.0105;0.58;4;0.0000
XAUUSDm;M15;40;2.0;2.50;1;0.75;1.00;48;0;200;0;30;70;1;0;10000;185;-659.12;1940.70;0.92;-3.5628;0.5514;13;6;0.4615;-681.22;-1.31;1.0000;0.0105;0.58;4;0.0000
XAUUSDm;M15;40;2.0;2.50;1;0.75;1.50;12;0;200;0;30;70;1;0;10000;183;-823.77;1863.97;0.86;-4.5015;0.6120;13;6;0.4615;-483.43;-0.24;1.0000;0.0101;0.79;4;0.0000
XAUUSDm;M15;40;2.0;2.50;1;0.75;1.50;30;0;200;0;30;70;1;0;10000;183;-857.43;1895.84;0.86;-4.6854;0.6284;13;7;0.5385;-562.76;71.04;1.0000;0.0097;1.19;4;0.0000
XAUUSDm;M15;40;2.0;2.50;1;0.75;1.50;48;0;200;0;30;70;1;0;10000;183;-835.30;1857.73;0.86;-4.5645;0.6339;13;7;0.5385;-562.76;74.57;1.0000;0.0096;1.20;4;0.0000
XAUUSDm;M15;40;2.0;2.50;1;0.75;2.00;12;0;200;0;30;70;1;0;10000;177;-859.14;1460.26;0.81;-4.8539;0.6497;13;6;0.4615;-420.48;-36.27;1.0000;0.0101;0.90;3;0.0000
XAUUSDm;M15;40;2.0;2.50;1;0.75;2.00;30;0;200;0;30;70;1;0;10000;177;-928.89;1378.87;0.81;-5.2480;0.6780;13;4;0.3077;-458.10;-36.27;1.0000;0.0095;1.33;3;0.0000
XAUUSDm;M15;40;2.0;2.50;1;0.75;2.00;48;0;200;0;30;70;1;0;10000;177;-828.00;1340.76;0.83;-4.6780;0.6893;13;5;0.3846;-458.10;-36.27;1.0000;0.0093;1.35;3;0.0000
XAUUSDm;M15;40;2.0;2.50;1;0.75;2.50;12;0;200;0;30;70;1;0;10000;175;-555.18;1152.25;0.84;-3.1725;0.6857;13;4;0.3077;-335.75;-43.12;1.0000;0.0102;1.07;3;0.0000
XAUUSDm;M15;40;2.0;2.50;1;0.75;2.50;30;0;200;0;30;70;1;0;10000;175;-535.13;1079.33;0.86;-3.0579;0.7314;13;3;0.2308;-356.64;-34.27;1.0000;0.0094;1.91;3;0.0000
XAUUSDm;M15;40;2.0;2.50;1;0.75;2.50;48;0;200;0;30;70;1;0;10000;175;-534.77;1082.56;0.86;-3.0558;0.7429;13;3;0.2308;-356.64;-55.30;1.0000;0.0092;1.94;3;0.0000
XAUUSDm;M15;40;2.0;2.50;1;0.75;3.00;12;0;200;0;30;70;1;0;10000;168;-544.69;970.19;0.81;-3.2422;0.6964;13;4;0.3077;-246.32;-28.76;1.0000;0.0107;1.19;4;0.0000
XAUUSDm;M15;40;2.0;2.50;1;0.75;3.00;30;0;200;0;30;70;1;0;10000;168;-653.67;924.97;0.80;-3.8909;0.7500;13;3;0.2308;-381.41;-54.90;1.0000;0.0098;2.21;3;0.0000
XAUUSDm;M15;40;2.0;2.50;1;0.75;3.00;48;0;200;0;30;70;1;0;10000;168;-490.07;875.12;0.84;-2.9171;0.7738;13;3;0.2308;-381.41;-37.23;1.0000;0.0095;2.34;3;0.0000
XAUUSDm;M15;40;2.0;2.50;1;1.00;1.00;12;0;200;0;30;70;1;0;10000;185;-690.52;2370.02;0.92;-3.7325;0.4865;13;7;0.5385;-954.91;33.05;1.0000;0.0123;0.78;6;0.0000
XAUUSDm;M15;40;2.0;2.50;1;1.00;1.00;30;0;200;0;30;70;1;0;10000;185;-405.68;2199.91;0.95;-2.1929;0.4919;13;7;0.5385;-884.26;54.06;1.0000;0.0118;0.84;6;0.0000
XAUUSDm;M15;40;2.0;2.50;1;1.00;1.00;48;0;200;0;30;70;1;0;10000;185;-362.61;2183.32;0.96;-1.9601;0.4919;13;7;0.5385;-884.26;80.54;1.0000;0.0118;0.84;6;0.0000
XAUUSDm;M15;40;2.0;2.50;1;1.00;1.50;12;0;200;0;30;70;1;0;10000;183;-905.67;2177.98;0.86;-4.9490;0.5355;13;6;0.4615;-643.91;-42.20;1.0000;0.0117;1.08;6;0.0000
XAUUSDm;M15;40;2.0;2.50;1;1.00;1.50;30;0;200;0;30;70;1;0;10000;183;-1134.13;2392.76;0.84;-6.1974;0.5574;13;7;0.5385;-644.06;64.28;1.0000;0.0110;1.54;5;0.0000
XAUUSDm;M15;40;2.0;2.50;1;1.00;1.50;48;0;200;0;30;70;1;0;10000;183;-1073.44;2332.42;0.85;-5.8658;0.5628;13;7;0.5385;-644.06;50.23;1.0000;0.0108;1.57;5;0.0000
XAUUSDm;M15;40;2.0;2.50;1;1.00;2.00;12;0;200;0;30;70;1;0;10000;177;-817.41;1636.62;0.84;-4.6181;0.5763;13;6;0.4615;-393.12;-105.82;1.0000;0.0115;1.22;6;0.0000
XAUUSDm;M15;40;2.0;2.50;1;1.00;2.00;30;0;200;0;30;70;1;0;10000;177;-978.60;1642.73;0.83;-5.5288;0.6158;13;5;0.3846;-372.48;-48.77;1.0000;0.0105;1.77;4;0.0000
XAUUSDm;M15;40;2.0;2.50;1;1.00;2.00;48;0;200;0;30;70;1;0;10000;177;-802.62;1551.25;0.86;-4.5346;0.6271;13;5;0.3846;-372.48;-39.12;1.0000;0.0102;1.83;4;0.0000
XAUUSDm;M15;40;2.0;2.50;1;1.00;2.50;12;0;200;0;30;70;1;0;10000;174;-610.42;1378.93;0.85;-3.5082;0.6149;13;6;0.4615;-313.87;-26.39;1.0000;0.0118;1.40;6;0.0000
XAUUSDm;M15;40;2.0;2.50;1;1.00;2.50;30;0;200;0;30;70;1;0;10000;174;-481.84;1170.44;0.89;-2.7692;0.6839;13;6;0.4615;-278.62;-12.33;1.0000;0.0102;3.01;4;0.0000
XAUUSDm;M15;40;2.0;2.50;1;1.00;2.50;48;0;200;0;30;70;1;0;10000;174;-464.21;1210.11;0.90;-2.6679;0.6897;13;6;0.4615;-278.62;-45.23;1.0000;0.0100;3.10;4;0.0000
XAUUSDm;M15;40;2.0;2.50;1;1.00;3.00;12;0;200;0;30;70;1;0;10000;167;-545.83;1025.50;0.83;-3.2684;0.6287;13;6;0.4615;-278.26;-8.72;1.0000;0.0122;1.52;5;0.0000
XAUUSDm;M15;40;2.0;2.50;1;1.00;3.00;30;0;200;0;30;70;1;0;10000;167;-587.21;971.08;0.84;-3.5162;0.7006;13;4;0.3077;-321.86;-7.17;1.0000;0.0107;3.38;4;0.0000
XAUUSDm;M15;40;2.0;2.50;1;1.00;3.00;48;0;200;0;30;70;1;0;10000;167;-371.44;974.42;0.90;-2.2242;0.7246;13;6;0.4615;-321.86;-7.17;1.0000;0.0103;3.61;4;0.0000
XAUUSDm;M15;40;2.0;2.50;1;1.25;1.00;12;0;200;0;30;70;1;0;10000;182;-170.02;1939.53;0.98;-0.9342;0.4505;13;6;0.4615;-837.09;-14.13;1.0000;0.0138;0.91;8;0.0000
XAUUSDm;M15;40;2.0;2.50;1;1.25;1.00;30;0;200;0;30;70;1;0;10000;182;455.73;1846.47;1.05;2.5040;0.4615;13;9;0.6923;-744.03;15.78;0.2741;0.0129;1.01;8;0.0418
XAUUSDm;M15;40;2.0;2.50;1;1.25;1.00;48;0;200;0;30;70;1;0;10000;182;543.41;1846.47;1.06;2.9858;0.4615;13;9;0.6923;-744.03;64.05;0.2298;0.0128;1.02;8;0.0595
XAUUSDm;M15;40;2.0;2.50;1;1.25;1.50;12;0;200;0;30;70;1;0;10000;180;-687.62;1832.13;0.90;-3.8201;0.4944;13;7;0.5385;-552.95;10.53;1.0000;0.0132;1.25;8;0.0000
XAUUSDm;M15;40;2.0;2.50;1;1.25;1.50;30;0;200;0;30;70;1;0;10000;180;-730.51;2005.26;0.91;-4.0584;0.5222;13;7;0.5385;-553.81;7.21;1.0000;0.0120;1.76;8;0.0000
XAUUSDm;M15;40;2.0;2.50;1;1.25;1.50;48;0;200;0;30;70;1;0;10000;180;-627.50;1918.94;0.92;-3.4861;0.5278;13;7;0.5385;-553.81;7.21;1.0000;0.0118;1.79;8;0.0000
XAUUSDm;M15;40;2.0;2.50;1;1.25;2.00;12;0;200;0;30;70;1;0;10000;174;-790.65;1449.55;0.86;-4.5440;0.5345;13;6;0.4615;-421.15;-6.48;1.0000;0.0131;1.41;7;0.0000
XAUUSDm;M15;40;2.0;2.50;1;1.25;2.00;30;0;200;0;30;70;1;0;10000;174;-745.89;1282.20;0.88;-4.2867;0.5747;13;6;0.4615;-330.84;-28.26;1.0000;0.0114;2.06;6;0.0000
XAUUSDm;M15;40;2.0;2.50;1;1.25;2.00;48;0;200;0;30;70;1;0;10000;174;-488.97;1131.49;0.92;-2.8102;0.5920;13;6;0.4615;-330.84;-12.50;1.0000;0.0110;2.14;6;0.0000
XAUUSDm;M15;40;2.0;2.50;1;1.25;2.50;12;0;200;0;30;70;1;0;10000;171;-677.97;1286.10;0.84;-3.9647;0.5673;13;4;0.3077;-341.40;-20.98;1.0000;0.0137;1.63;7;0.0000
XAUUSDm;M15;40;2.0;2.50;1;1.25;2.50;30;0;200;0;30;70;1;0;10000;171;-437.75;957.72;0.91;-2.5599;0.6374;13;5;0.3846;-243.76;-34.96;1.0000;0.0112;3.40;6;0.0000
XAUUSDm;M15;40;2.0;2.50;1;1.25;2.50;48;0;200;0;30;70;1;0;10000;171;-393.32;1027.79;0.92;-2.3001;0.6491;13;6;0.4615;-243.76;-34.96;1.0000;0.0109;3.55;6;0.0000
XAUUSDm;M15;40;2.0;2.50;1;1.25;3.00;12;0;200;0;30;70;1;0;10000;164;-473.68;882.40;0.86;-2.8883;0.5854;13;4;0.3077;-232.14;-24.26;1.0000;0.0140;1.75;7;0.0000
XAUUSDm;M15;40;2.0;2.50;1;1.25;3.00;30;0;200;0;30;70;1;0;10000;164;-443.99;823.84;0.89;-2.7073;0.6646;13;5;0.3846;-283.52;-32.04;1.0000;0.0115;3.78;6;0.0000
XAUUSDm;M15;40;2.0;2.50;1;1.25;3.00;48;0;200;0;30;70;1;0;10000;164;-177.23;827.18;0.96;-1.0807;0.6951;13;7;0.5385;-283.52;14.34;1.0000;0.0110;4.10;6;0.0000
XAUUSDm;M15;40;2.0;2.50;1;1.50;1.00;12;0;200;0;30;70;1;0;10000;182;558.48;1689.98;1.06;3.0686;0.4341;13;7;0.5385;-719.27;37.49;0.2671;0.0148;1.07;8;0.0327
XAUUSDm;M15;40;2.0;2.50;1;1.50;1.00;30;0;200;0;30;70;1;0;10000;182;1205.60;1564.57;1.13;6.6242;0.4396;13;9;0.6923;-603.81;103.39;0.1243;0.0139;1.24;8;0.2273
XAUUSDm;M15;40;2.0;2.50;1;1.50;1.00;48;0;200;0;30;70;1;0;10000;182;1462.51;1564.57;1.15;8.0358;0.4396;13;9;0.6923;-603.81;129.99;0.1025;0.0135;1.29;8;0.2757
XAUUSDm;M15;40;2.0;2.50;1;1.50;1.50;12;0;200;0;30;70;1;0;10000;180;-229.60;1707.76;0.97;-1.2756;0.4778;13;7;0.5385;-461.97;85.16;1.0000;0.0142;1.43;8;0.0000
XAUUSDm;M15;40;2.0;2.50;1;1.50;1.50;30;0;200;0;30;70;1;0;10000;180;-74.89;1734.52;0.99;-0.4161;0.5056;13;7;0.5385;-464.71;27.84;1.0000;0.0126;2.04;8;0.0000
XAUUSDm;M15;40;2.0;2.50;1;1.50;1.50;48;0;200;0;30;70;1;0;10000;180;146.45;1621.82;1.02;0.8136;0.5111;13;7;0.5385;-464.71;65.18;0.6828;0.0123;2.10;8;0.0040
XAUUSDm;M15;40;2.0;2.50;1;1.50;2.00;12;0;200;0;30;70;1;0;10000;174;-459.65;1341.93;0.92;-2.6417;0.5172;13;7;0.5385;-369.05;39.48;1.0000;0.0140;1.59;7;0.0000
XAUUSDm;M15;40;2.0;2.50;1;1.50;2.00;30;0;200;0;30;70;1;0;10000;174;-255.86;1038.43;0.96;-1.4705;0.5575;13;7;0.5385;-361.25;69.53;1.0000;0.0121;2.43;6;0.0000
XAUUSDm;M15;40;2.0;2.50;1;1.50;2.00;48;0;200;0;30;70;1;0;10000;174;116.21;948.15;1.02;0.6679;0.5747;13;7;0.5385;-317.07;94.42;0.6403;0.0114;2.58;6;0.0056
XAUUSDm;M15;40;2.0;2.50;1;1.50;2.50;12;0;200;0;30;70;1;0;10000;171;-373.89;1130.41;0.92;-2.1865;0.5497;13;6;0.4615;-366.14;-22.99;1.0000;0.0146;1.81;7;0.0000
XAUUSDm;M15;40;2.0;2.50;1;1.50;2.50;30;0;200;0;30;70;1;0;10000;171;-13.79;783.92;1.00;-0.0806;0.6199;13;5;0.3846;-285.97;-9.94;1.0000;0.0118;4.08;6;0.0000
XAUUSDm;M15;40;2.0;2.50;1;1.50;2.50;48;0;200;0;30;70;1;0;10000;171;59.89;964.89;1.01;0.3502;0.6316;13;6;0.4615;-285.97;-2.16;1.0018;0.0113;4.32;6;0.0013
XAUUSDm;M15;40;2.0;2.50;1;1.50;3.00;12;0;200;0;30;70;1;0;10000;164;-218.15;767.05;0.94;-1.3302;0.5671;13;6;0.4615;-255.89;-4.83;1.0000;0.0150;1.93;7;0.0000
XAUUSDm;M15;40;2.0;2.50;1;1.50;3.00;30;0;200;0;30;70;1;0;10000;164;-171.89;712.02;0.96;-1.0481;0.6463;13;6;0.4615;-234.02;-7.65;1.0000;0.0122;4.49;6;0.0000
XAUUSDm;M15;40;2.0;2.50;1;1.50;3.00;48;0;200;0;30;70;1;0;10000;164;104.41;783.86;1.02;0.6366;0.6768;13;7;0.5385;-234.02;20.11;0.4784;0.0115;4.89;6;0.0076
XAUUSDm;M15;40;2.0;3.00;1;0.50;1.00;12;0;200;0;30;70;1;0;10000;35;343.20;408.56;1.41;9.8057;0.7429;13;9;0.6923;-279.05;45.23;0.1456;0.0421;0.54;2;0.0000
XAUUSDm;M15;40;2.0;3.00;1;0.50;1.00;30;0;200;0;30;70;1;0;10000;35;366.93;408.56;1.44;10.4837;0.7429;13;9;0.6923;-279.05;45.23;0.1362;0.0413;0.55;2;0.0000
XAUUSDm;M15;40;2.0;3.00;1;0.50;1.00;48;0;200;0;30;70;1;0;10000;35;366.93;408.56;1.44;10.4837;0.7429;13;9;0.6923;-279.05;45.23;0.1362;0.0413;0.55;2;0.0000
XAUUSDm;M15;40;2.0;3.00;1;0.50;1.50;12;0;200;0;30;70;1;0;10000;35;-38.85;496.52;0.95;-1.1100;0.7429;13;9;0.6923;-293.51;27.95;1.0000;0.0433;0.69;2;0.0000
XAUUSDm;M15;40;2.0;3.00;1;0.50;1.50;30;0;200;0;30;70;1;0;10000;35;-45.69;517.59;0.94;-1.3054;0.7429;13;9;0.6923;-314.58;27.95;1.0000;0.0425;0.70;2;0.0000
XAUUSDm;M15;40;2.0;3.00;1;0.50;1.50;48;0;200;0;30;70;1;0;10000;35;-45.69;517.59;0.94;-1.3054;0.7429;13;9;0.6923;-314.58;27.95;1.0000;0.0425;0.70;2;0.0000
XAUUSDm;M15;40;2.0;3.00;1;0.50;2.00;12;0;200;0;30;70;1;0;10000;34;-9.93;297.16;0.98;-0.2921;0.7941;13;8;0.6154;-173.79;20.04;1.0000;0.0427;0.81;1;0.0000
XAUUSDm;M15;40;2.0;3.00;1;0.50;2.00;30;0;200;0;30;70;1;0;10000;34;-38.06;334.78;0.94;-1.1194;0.7941;13;8;0.6154;-211.41;20.04;1.0000;0.0420;0.82;1;0.0000
XAUUSDm;M15;40;2.0;3.00;1;0.50;2.00;48;0;200;0;30;70;1;0;10000;34;-38.06;334.78;0.94;-1.1194;0.7941;13;8;0.6154;-211.41;20.04;1.0000;0.0420;0.82;1;0.0000
XAUUSDm;M15;40;2.0;3.00;1;0.50;2.50;12;0;200;0;30;70;1;0;10000;33;73.75;277.87;1.19;2.2348;0.8485;13;10;0.7692;-152.89;15.08;0.2711;0.0431;0.90;1;0.0000
XAUUSDm;M15;40;2.0;3.00;1;0.50;2.50;30;0;200;0;30;70;1;0;10000;33;43.61;317.50;1.10;1.3215;0.8485;13;10;0.7692;-192.52;16.72;0.4584;0.0422;0.92;1;0.0000
XAUUSDm;M15;40;2.0;3.00;1;0.50;2.50;48;0;200;0;30;70;1;0;10000;33;43.61;317.50;1.10;1.3215;0.8485;13;10;0.7692;-192.52;16.72;0.4584;0.0422;0.92;1;0.0000
XAUUSDm;M15;40;2.0;3.00;1;0.50;3.00;12;0;200;0;30;70;1;0;10000;33;31.95;274.14;1.09;0.9682;0.8485;13;10;0.7692;-137.65;15.03;0.5158;0.0442;0.93;1;0.0000
XAUUSDm;M15;40;2.0;3.00;1;0.50;3.00;30;0;200;0;30;70;1;0;10000;33;-61.22;372.05;0.86;-1.8552;0.8485;13;10;0.7692;-235.56;15.03;1.0000;0.0436;1.01;1;0.0000
XAUUSDm;M15;40;2.0;3.00;1;0.50;3.00;48;0;200;0;30;70;1;0;10000;33;-61.22;372.05;0.86;-1.8552;0.8485;13;10;0.7692;-235.56;15.03;1.0000;0.0436;1.01;1;0.0000
XAUUSDm;M15;40;2.0;3.00;1;0.75;1.00;12;0;200;0;30;70;1;0;10000;35;-48.49;788.07;0.96;-1.3854;0.5714;13;9;0.6923;-257.32;67.62;1.0000;0.0576;0.71;5;0.0000
XAUUSDm;M15;40;2.0;3.00;1;0.75;1.00;30;0;200;0;30;70;1;0;10000;35;154.42;739.82;1.12;4.4120;0.6000;13;9;0.6923;-231.47;62.70;0.4853;0.0512;0.82;5;0.0000
XAUUSDm;M15;40;2.0;3.00;1;0.75;1.00;48;0;200;0;30;70;1;0;10000;35;154.42;739.82;1.12;4.4120;0.6000;13;9;0.6923;-231.47;62.70;0.4853;0.0512;0.82;5;0.0000
XAUUSDm;M15;40;2.0;3.00;1;0.75;1.50;12;0;200;0;30;70;1;0;10000;35;-419.11;810.25;0.67;-11.9746;0.5714;13;9;0.6923;-264.36;37.49;1.0000;0.0594;0.88;5;0.0000
XAUUSDm;M15;40;2.0;3.00;1;0.75;1.50;30;0;200;0;30;70;1;0;10000;35;-195.54;801.16;0.84;-5.5869;0.6286;13;9;0.6923;-285.43;41.93;1.0000;0.0503;1.04;5;0.0000
XAUUSDm;M15;40;2.0;3.00;1;0.75;1.50;48;0;200;0;30;70;1;0;10000;35;-195.54;801.16;0.84;-5.5869;0.6286;13;9;0.6923;-285.43;41.93;1.0000;0.0503;1.04;5;0.0000
XAUUSDm;M15;40;2.0;3.00;1;0.75;2.00;12;0;200;0;30;70;1;0;10000;34;-307.85;534.02;0.68;-9.0544;0.6176;13;7;0.5385;-245.54;7.23;1.0000;0.0571;1.11;3;0.0000
XAUUSDm;M15;40;2.0;3.00;1;0.75;2.00;30;0;200;0;30;70;1;0;10000;34;-113.67;536.03;0.87;-3.3432;0.7059;13;7;0.5385;-245.54;25.08;1.0000;0.0471;1.29;3;0.0000
XAUUSDm;M15;40;2.0;3.00;1;0.75;2.00;48;0;200;0;30;70;1;0;10000;34;-113.67;536.03;0.87;-3.3432;0.7059;13;7;0.5385;-245.54;25.08;1.0000;0.0471;1.29;3;0.0000
XAUUSDm;M15;40;2.0;3.00;1;0.75;2.50;12;0;200;0;30;70;1;0;10000;33;-217.61;517.33;0.70;-6.5942;0.6667;13;9;0.6923;-230.28;20.96;1.0000;0.0581;1.23;3;0.0000
XAUUSDm;M15;40;2.0;3.00;1;0.75;2.50;30;0;200;0;30;70;1;0;10000;33;-64.30;499.45;0.91;-1.9485;0.7576;13;9;0.6923;-230.28;22.62;1.0000;0.0475;1.43;3;0.0000
XAUUSDm;M15;40;2.0;3.00;1;0.75;2.50;48;0;200;0;30;70;1;0;10000;33;-64.30;499.45;0.91;-1.9485;0.7576;13;9;0.6923;-230.28;22.62;1.0000;0.0475;1.43;3;0.0000
XAUUSDm;M15;40;2.0;3.00;1;0.75;3.00;12;0;200;0;30;70;1;0;10000;33;-226.11;500.59;0.65;-6.8518;0.6667;13;9;0.6923;-225.38;20.96;1.0000;0.0586;1.27;3;0.0000
XAUUSDm;M15;40;2.0;3.00;1;0.75;3.00;30;0;200;0;30;70;1;0;10000;33;-176.50;535.53;0.74;-5.3485;0.7576;13;9;0.6923;-225.38;20.96;1.0000;0.0488;1.53;3;0.0000
XAUUSDm;M15;40;2.0;3.00;1;0.75;3.00;48;0;200;0;30;70;1;0;10000;33;-176.50;535.53;0.74;-5.3485;0.7576;13;9;0.6923;-225.38;20.96;1.0000;0.0488;1.53;3;0.0000
XAUUSDm;M15;40;2.0;3.00;1;1.00;1.00;12;0;200;0;30;70;1;0;10000;35;181.82;919.34;1.13;5.1949;0.5429;13;10;0.7692;-382.39;90.17;0.5496;0.0614;0.80;6;0.0000
XAUUSDm;M15;40;2.0;3.00;1;1.00;1.00;30;0;200;0;30;70;1;0;10000;35;451.12;848.69;1.32;12.8891;0.5714;13;10;0.7692;-382.39;90.17;0.2215;0.0538;0.93;6;0.0000
XAUUSDm;M15;40;2.0;3.00;1;1.00;1.00;48;0;200;0;30;70;1;0;10000;35;451.12;848.69;1.32;12.8891;0.5714;13;10;0.7692;-382.39;90.17;0.2215;0.0538;0.93;6;0.0000
XAUUSDm;M15;40;2.0;3.00;1;1.00;1.50;12;0;200;0;30;70;1;0;10000;35;-298.16;920.38;0.78;-8.5189;0.5429;13;9;0.6923;-367.60;55.90;1.0000;0.0632;1.00;6;0.0000
XAUUSDm;M15;40;2.0;3.00;1;1.00;1.50;30;0;200;0;30;70;1;0;10000;35;-16.10;897.29;0.99;-0.4600;0.6000;13;9;0.6923;-367.60;55.90;1.0000;0.0527;1.19;6;0.0000
XAUUSDm;M15;40;2.0;3.00;1;1.00;1.50;48;0;200;0;30;70;1;0;10000;35;-16.10;897.29;0.99;-0.4600;0.6000;13;9;0.6923;-367.60;55.90;1.0000;0.0527;1.19;6;0.0000
XAUUSDm;M15;40;2.0;3.00;1;1.00;2.00;12;0;200;0;30;70;1;0;10000;34;-109.04;481.56;0.89;-3.2071;0.6176;13;9;0.6923;-234.67;9.44;1.0000;0.0581;1.25;3;0.0000
XAUUSDm;M15;40;2.0;3.00;1;1.00;2.00;30;0;200;0;30;70;1;0;10000;34;145.77;502.59;1.16;4.2874;0.7059;13;10;0.7692;-234.67;33.44;0.3351;0.0471;1.47;3;0.0000
XAUUSDm;M15;40;2.0;3.00;1;1.00;2.00;48;0;200;0;30;70;1;0;10000;34;145.77;502.59;1.16;4.2874;0.7059;13;10;0.7692;-234.67;33.44;0.3351;0.0471;1.47;3;0.0000
XAUUSDm;M15;40;2.0;3.00;1;1.00;2.50;12;0;200;0;30;70;1;0;10000;33;-77.94;461.11;0.89;-2.3618;0.6667;13;9;0.6923;-221.58;27.95;1.0000;0.0609;1.40;3;0.0000
XAUUSDm;M15;40;2.0;3.00;1;1.00;2.50;30;0;200;0;30;70;1;0;10000;33;146.00;447.28;1.21;4.4242;0.7576;13;10;0.7692;-221.58;30.16;0.2738;0.0475;1.65;3;0.0000
XAUUSDm;M15;40;2.0;3.00;1;1.00;2.50;48;0;200;0;30;70;1;0;10000;33;146.00;447.28;1.21;4.4242;0.7576;13;10;0.7692;-221.58;30.16;0.2738;0.0475;1.65;3;0.0000
XAUUSDm;M15;40;2.0;3.00;1;1.00;3.00;12;0;200;0;30;70;1;0;10000;33;-112.62;449.45;0.83;-3.4127;0.6667;13;9;0.6923;-218.85;27.95;1.0000;0.0615;1.44;3;0.0000
XAUUSDm;M15;40;2.0;3.00;1;1.00;3.00;30;0;200;0;30;70;1;0;10000;33;-7.77;500.31;0.99;-0.2355;0.7576;13;9;0.6923;-218.85;27.95;1.0000;0.0488;1.75;3;0.0000
XAUUSDm;M15;40;2.0;3.00;1;1.00;3.00;48;0;200;0;30;70;1;0;10000;33;-7.77;500.31;0.99;-0.2355;0.7576;13;9;0.6923;-218.85;27.95;1.0000;0.0488;1.75;3;0.0000
XAUUSDm;M15;40;2.0;3.00;1;1.25;1.00;12;0;200;0;30;70;1;0;10000;35;56.68;1084.03;1.03;1.6194;0.4857;13;9;0.6923;-382.39;30.72;2.1807;0.0733;0.98;8;0.0000
XAUUSDm;M15;40;2.0;3.00;1;1.25;1.00;30;0;200;0;30;70;1;0;10000;35;500.08;990.97;1.31;14.2880;0.5143;13;9;0.6923;-382.39;113.08;0.2498;0.0598;1.17;8;0.0000
XAUUSDm;M15;40;2.0;3.00;1;1.25;1.00;48;0;200;0;30;70;1;0;10000;35;500.08;990.97;1.31;14.2880;0.5143;13;9;0.6923;-382.39;113.08;0.2498;0.0598;1.17;8;0.0000
XAUUSDm;M15;40;2.0;3.00;1;1.25;1.50;12;0;200;0;30;70;1;0;10000;35;-429.74;1059.92;0.72;-12.2783;0.4857;13;8;0.6154;-367.60;10.94;1.0000;0.0759;1.20;8;0.0000
XAUUSDm;M15;40;2.0;3.00;1;1.25;1.50;30;0;200;0;30;70;1;0;10000;35;-20.67;1009.81;0.99;-0.5906;0.5429;13;8;0.6154;-382.79;67.08;1.0000;0.0580;1.45;8;0.0000
XAUUSDm;M15;40;2.0;3.00;1;1.25;1.50;48;0;200;0;30;70;1;0;10000;35;-20.67;1009.81;0.99;-0.5906;0.5429;13;8;0.6154;-382.79;67.08;1.0000;0.0580;1.45;8;0.0000
XAUUSDm;M15;40;2.0;3.00;1;1.25;2.00;12;0;200;0;30;70;1;0;10000;34;-269.73;692.54;0.76;-7.9332;0.5588;13;8;0.6154;-253.75;7.81;1.0000;0.0731;1.50;3;0.0000
XAUUSDm;M15;40;2.0;3.00;1;1.25;2.00;30;0;200;0;30;70;1;0;10000;34;152.32;621.40;1.15;4.4800;0.6471;13;9;0.6923;-233.77;41.80;0.4009;0.0509;1.80;3;0.0000
XAUUSDm;M15;40;2.0;3.00;1;1.25;2.00;48;0;200;0;30;70;1;0;10000;34;152.32;621.40;1.15;4.4800;0.6471;13;9;0.6923;-233.77;41.80;0.4009;0.0509;1.80;3;0.0000
XAUUSDm;M15;40;2.0;3.00;1;1.25;2.50;12;0;200;0;30;70;1;0;10000;33;-264.56;707.36;0.71;-8.0170;0.6061;13;8;0.6154;-255.32;7.23;1.0000;0.0782;1.66;3;0.0000
XAUUSDm;M15;40;2.0;3.00;1;1.25;2.50;30;0;200;0;30;70;1;0;10000;33;102.08;634.59;1.12;3.0933;0.6970;13;9;0.6923;-251.75;37.70;0.4895;0.0517;2.02;3;0.0000
XAUUSDm;M15;40;2.0;3.00;1;1.25;2.50;48;0;200;0;30;70;1;0;10000;33;102.08;634.59;1.12;3.0933;0.6970;13;9;0.6923;-251.75;37.70;0.4895;0.0517;2.02;3;0.0000
XAUUSDm;M15;40;2.0;3.00;1;1.25;3.00;12;0;200;0;30;70;1;0;10000;33;-127.25;535.86;0.82;-3.8561;0.6364;13;9;0.6923;-212.34;34.94;1.0000;0.0713;1.73;3;0.0000
XAUUSDm;M15;40;2.0;3.00;1;1.25;3.00;30;0;200;0;30;70;1;0;10000;33;80.71;563.79;1.11;2.4458;0.7273;13;10;0.7692;-265.59;34.94;0.5105;0.0503;2.14;3;0.0000
XAUUSDm;M15;40;2.0;3.00;1;1.25;3.00;48;0;200;0;30;70;1;0;10000;33;80.71;563.79;1.11;2.4458;0.7273;13;10;0.7692;-265.59;34.94;0.5105;0.0503;2.14;3;0.0000
XAUUSDm;M15;40;2.0;3.00;1;1.50;1.00;12;0;200;0;30;70;1;0;10000;35;87.75;1060.03;1.05;2.5071;0.4571;13;9;0.6923;-382.39;55.44;1.6903;0.0817;1.16;8;0.0000
XAUUSDm;M15;40;2.0;3.00;1;1.50;1.00;30;0;200;0;30;70;1;0;10000;35;544.18;944.57;1.32;15.5480;0.4857;13;9;0.6923;-382.39;135.69;0.2754;0.0672;1.53;8;0.0000
XAUUSDm;M15;40;2.0;3.00;1;1.50;1.00;48;0;200;0;30;70;1;0;10000;35;579.21;944.57;1.34;16.5489;0.4857;13;9;0.6923;-382.39;135.69;0.2588;0.0661;1.65;8;0.0000
XAUUSDm;M15;40;2.0;3.00;1;1.50;1.50;12;0;200;0;30;70;1;0;10000;35;-446.05;1031.90;0.73;-12.7443;0.4571;13;9;0.6923;-367.60;10.94;1.0000;0.0846;1.39;8;0.0000
XAUUSDm;M15;40;2.0;3.00;1;1.50;1.50;30;0;200;0;30;70;1;0;10000;35;-7.36;980.81;1.00;-0.2103;0.5143;13;9;0.6923;-367.79;83.86;1.0000;0.0645;1.82;8;0.0000
XAUUSDm;M15;40;2.0;3.00;1;1.50;1.50;48;0;200;0;30;70;1;0;10000;35;12.66;980.81;1.01;0.3617;0.5143;13;9;0.6923;-367.79;83.86;7.8981;0.0637;1.95;8;0.0000
XAUUSDm;M15;40;2.0;3.00;1;1.50;2.00;12;0;200;0;30;70;1;0;10000;34;-306.74;658.36;0.75;-9.0218;0.5294;13;8;0.6154;-241.75;7.23;1.0000;0.0804;1.71;3;0.0000
XAUUSDm;M15;40;2.0;3.00;1;1.50;2.00;30;0;200;0;30;70;1;0;10000;34;87.92;590.49;1.08;2.5859;0.5882;13;8;0.6154;-212.94;50.16;0.8194;0.0576;2.34;3;0.0000
XAUUSDm;M15;40;2.0;3.00;1;1.50;2.00;48;0;200;0;30;70;1;0;10000;34;40.33;604.54;1.03;1.1862;0.5882;13;8;0.6154;-212.94;50.16;1.7863;0.0569;2.60;3;0.0000
XAUUSDm;M15;40;2.0;3.00;1;1.50;2.50;12;0;200;0;30;70;1;0;10000;33;-324.19;682.13;0.68;-9.8239;0.5758;13;7;0.5385;-246.32;6.26;1.0000;0.0874;1.88;3;0.0000
XAUUSDm;M15;40;2.0;3.00;1;1.50;2.50;30;0;200;0;30;70;1;0;10000;33;46.61;598.95;1.05;1.4124;0.6364;13;8;0.6154;-233.75;45.23;1.2787;0.0583;2.58;3;0.0000
XAUUSDm;M15;40;2.0;3.00;1;1.50;2.50;48;0;200;0;30;70;1;0;10000;33;1.50;628.29;1.00;0.0455;0.6364;13;8;0.6154;-233.75;45.23;39.7333;0.0577;2.85;3;0.0000
XAUUSDm;M15;40;2.0;3.00;1;1.50;3.00;12;0;200;0;30;70;1;0;10000;33;-145.74;529.86;0.81;-4.4164;0.6061;13;8;0.6154;-205.81;4.69;1.0000;0.0794;1.97;3;0.0000
XAUUSDm;M15;40;2.0;3.00;1;1.50;3.00;30;0;200;0;30;70;1;0;10000;33;15.87;551.80;1.02;0.4809;0.6667;13;9;0.6923;-253.60;40.88;3.1153;0.0575;2.74;3;0.0000
XAUUSDm;M15;40;2.0;3.00;1;1.50;3.00;48;0;200;0;30;70;1;0;10000;33;-42.62;603.27;0.95;-1.2915;0.6667;13;9;0.6923;-253.60;40.88;1.0000;0.0568;3.02;3;0.0000
XAUUSDm;M15;60;2.0;1.50;1;0.50;1.00;12;0;200;0;30;70;1;0;10000;1689;-6262.54;7554.15;0.89;-3.7078;0.6400;13;4;0.3077;-2205.32;-294.18;1.0000;0.0010;0.61;8;0.0000
XAUUSDm;M15;60;2.0;1.50;1;0.50;1.00;30;0;200;0;30;70;1;0;10000;1686;-5956.85;7301.85;0.90;-3.5331;0.6429;13;4;0.3077;-2205.32;-333.51;1.0000;0.0010;0.62;8;0.0000
XAUUSDm;M15;60;2.0;1.50;1;0.50;1.00;48;0;200;0;30;70;1;0;10000;1686;-5999.32;7344.32;0.89;-3.5583;0.6429;13;4;0.3077;-2205.32;-333.51;1.0000;0.0010;0.62;8;0.0000
XAUUSDm;M15;60;2.0;1.50;1;0.50;1.50;12;0;200;0;30;70;1;0;10000;1479;-3964.09;4614.96;0.89;-2.6803;0.7201;13;4;0.3077;-1445.91;-314.73;1.0000;0.0010;0.89;7;0.0000
XAUUSDm;M15;60;2.0;1.50;1;0.50;1.50;30;0;200;0;30;70;1;0;10000;1470;-3277.33;4194.08;0.91;-2.2295;0.7327;13;4;0.3077;-1434.42;-360.02;1.0000;0.0010;0.97;7;0.0000
XAUUSDm;M15;60;2.0;1.50;1;0.50;1.50;48;0;200;0;30;70;1;0;10000;1470;-3322.35;4219.59;0.91;-2.2601;0.7333;13;4;0.3077;-1434.42;-360.02;1.0000;0.0010;0.97;7;0.0000
XAUUSDm;M15;60;2.0;1.50;1;0.50;2.00;12;0;200;0;30;70;1;0;10000;1364;-4229.17;4780.89;0.84;-3.1006;0.7529;13;4;0.3077;-1221.41;-386.66;1.0000;0.0011;1.02;7;0.0000
XAUUSDm;M15;60;2.0;1.50;1;0.50;2.00;30;0;200;0;30;70;1;0;10000;1345;-3970.92;4605.29;0.85;-2.9524;0.7710;13;3;0.2308;-1355.11;-307.05;1.0000;0.0011;1.19;6;0.0000
XAUUSDm;M15;60;2.0;1.50;1;0.50;2.00;48;0;200;0;30;70;1;0;10000;1345;-3945.80;4555.19;0.85;-2.9337;0.7755;13;3;0.2308;-1355.11;-310.52;1.0000;0.0011;1.20;6;0.0000
XAUUSDm;M15;60;2.0;1.50;1;0.50;2.50;12;0;200;0;30;70;1;0;10000;1251;-3158.20;3622.64;0.84;-2.5245;0.7770;13;4;0.3077;-937.85;-186.79;1.0000;0.0012;1.19;5;0.0000
XAUUSDm;M15;60;2.0;1.50;1;0.50;2.50;30;0;200;0;30;70;1;0;10000;1221;-2437.56;2977.76;0.87;-1.9964;0.8084;13;4;0.3077;-864.72;-105.53;1.0000;0.0012;1.43;4;0.0000
XAUUSDm;M15;60;2.0;1.50;1;0.50;2.50;48;0;200;0;30;70;1;0;10000;1221;-2417.87;2917.86;0.88;-1.9802;0.8149;13;3;0.2308;-925.11;-110.73;1.0000;0.0012;1.45;4;0.0000
XAUUSDm;M15;60;2.0;1.50;1;0.50;3.00;12;0;200;0;30;70;1;0;10000;1183;-2735.29;3014.77;0.82;-2.3122;0.7887;13;3;0.2308;-905.70;-182.58;1.0000;0.0013;1.28;5;0.0000
XAUUSDm;M15;60;2.0;1.50;1;0.50;3.00;30;0;200;0;30;70;1;0;10000;1142;-2284.78;2587.87;0.85;-2.0007;0.8301;13;3;0.2308;-915.07;-165.89;1.0000;0.0013;1.63;4;0.0000
XAUUSDm;M15;60;2.0;1.50;1;0.50;3.00;48;0;200;0;30;70;1;0;10000;1142;-2122.76;2424.80;0.86;-1.8588;0.8398;13;3;0.2308;-942.72;-112.28;1.0000;0.0013;1.67;4;0.0000
XAUUSDm;M15;60;2.0;1.50;1;0.75;1.00;12;0;200;0;30;70;1;0;10000;1464;-6245.56;7483.68;0.90;-4.2661;0.5458;13;3;0.2308;-1655.59;-414.15;1.0000;0.0014;0.87;8;0.0000
XAUUSDm;M15;60;2.0;1.50;1;0.75;1.00;30;0;200;0;30;70;1;0;10000;1457;-6328.28;7278.68;0.90;-4.3434;0.5456;13;3;0.2308;-1562.79;-505.90;1.0000;0.0013;0.92;8;0.0000
XAUUSDm;M15;60;2.0;1.50;1;0.75;1.00;48;0;200;0;30;70;1;0;10000;1457;-6428.43;7378.83;0.90;-4.4121;0.5456;13;2;0.1538;-1487.98;-505.90;1.0000;0.0013;0.93;8;0.0000
XAUUSDm;M15;60;2.0;1.50;1;0.75;1.50;12;0;200;0;30;70;1;0;10000;1276;-4511.07;5474.21;0.89;-3.5353;0.6301;13;5;0.3846;-1173.11;-193.62;1.0000;0.0014;1.25;8;0.0000
XAUUSDm;M15;60;2.0;1.50;1;0.75;1.50;30;0;200;0;30;70;1;0;10000;1254;-4142.47;5486.31;0.90;-3.3034;0.6419;13;4;0.3077;-1300.57;-352.55;1.0000;0.0014;1.47;7;0.0000
XAUUSDm;M15;60;2.0;1.50;1;0.75;1.50;48;0;200;0;30;70;1;0;10000;1254;-4332.99;5551.59;0.89;-3.4553;0.6435;13;4;0.3077;-1300.57;-356.09;1.0000;0.0014;1.49;7;0.0000
XAUUSDm;M15;60;2.0;1.50;1;0.75;2.00;12;0;200;0;30;70;1;0;10000;1163;-4639.36;5351.17;0.84;-3.9891;0.6664;13;3;0.2308;-1114.87;-266.76;1.0000;0.0015;1.40;7;0.0000
XAUUSDm;M15;60;2.0;1.50;1;0.75;2.00;30;0;200;0;30;70;1;0;10000;1130;-5057.79;5752.67;0.83;-4.4759;0.6832;13;4;0.3077;-1249.61;-389.99;1.0000;0.0015;1.71;7;0.0000
XAUUSDm;M15;60;2.0;1.50;1;0.75;2.00;48;0;200;0;30;70;1;0;10000;1127;-5275.04;5746.07;0.83;-4.6806;0.6894;13;3;0.2308;-1306.66;-397.93;1.0000;0.0015;1.76;7;0.0000
XAUUSDm;M15;60;2.0;1.50;1;0.75;2.50;12;0;200;0;30;70;1;0;10000;1073;-3546.22;4223.07;0.84;-3.3050;0.6925;13;6;0.4615;-967.70;-306.06;1.0000;0.0016;1.61;5;0.0000
XAUUSDm;M15;60;2.0;1.50;1;0.75;2.50;30;0;200;0;30;70;1;0;10000;1026;-3233.36;3919.98;0.86;-3.1514;0.7281;13;5;0.3846;-891.50;-341.44;1.0000;0.0016;2.08;5;0.0000
XAUUSDm;M15;60;2.0;1.50;1;0.75;2.50;48;0;200;0;30;70;1;0;10000;1021;-3524.17;3879.64;0.85;-3.4517;0.7375;13;3;0.2308;-963.32;-322.38;1.0000;0.0016;2.16;5;0.0000
XAUUSDm;M15;60;2.0;1.50;1;0.75;3.00;12;0;200;0;30;70;1;0;10000;1004;-3055.81;3455.16;0.82;-3.0436;0.7032;13;4;0.3077;-930.98;-67.08;1.0000;0.0017;1.69;5;0.0000
XAUUSDm;M15;60;2.0;1.50;1;0.75;3.00;30;0;200;0;30;70;1;0;10000;947;-3011.67;3353.35;0.83;-3.1802;0.7529;13;3;0.2308;-1042.54;-144.61;1.0000;0.0017;2.44;5;0.0000
XAUUSDm;M15;60;2.0;1.50;1;0.75;3.00;48;0;200;0;30;70;1;0;10000;941;-2825.68;3055.72;0.84;-3.0028;0.7715;13;3;0.2308;-1002.57;-191.30;1.0000;0.0017;2.55;4;0.0000
XAUUSDm;M15;60;2.0;1.50;1;1.00;1.00;12;0;200;0;30;70;1;0;10000;1308;-8389.87;9754.23;0.87;-6.4143;0.4694;13;4;0.3077;-2000.92;-640.22;1.0000;0.0018;1.17;14;0.0000
XAUUSDm;M15;60;2.0;1.50;1;1.00;1.00;30;0;200;0;30;70;1;0;10000;1269;-9885.87;9896.92;0.85;-7.7903;0.4602;12;3;0.2500;-2066.43;-972.75;1.0000;0.0018;1.30;14;0.0000
XAUUSDm;M15;60;2.0;1.50;1;1.00;1.00;48;0;200;0;30;70;1;0;10000;1260;-9936.35;9947.40;0.85;-7.8860;0.4595;12;3;0.2500;-2066.43;-871.37;1.0000;0.0018;1.31;14;0.0000
XAUUSDm;M15;60;2.0;1.50;1;1.00;1.50;12;0;200;0;30;70;1;0;10000;1150;-6486.24;7550.22;0.85;-5.6402;0.5539;13;4;0.3077;-1361.01;-433.07;1.0000;0.0018;1.60;13;0.0000
XAUUSDm;M15;60;2.0;1.50;1;1.00;1.50;30;0;200;0;30;70;1;0;10000;1125;-5871.18;6818.23;0.87;-5.2188;0.5662;13;4;0.3077;-1420.30;-361.80;1.0000;0.0017;1.99;12;0.0000
XAUUSDm;M15;60;2.0;1.50;1;1.00;1.50;48;0;200;0;30;70;1;0;10000;1125;-6048.03;6813.34;0.86;-5.3760;0.5671;13;3;0.2308;-1372.63;-393.72;1.0000;0.0017;2.02;12;0.0000
XAUUSDm;M15;60;2.0;1.50;1;1.00;2.00;12;0;200;0;30;70;1;0;10000;1053;-5409.49;6199.11;0.83;-5.1372;0.5973;13;3;0.2308;-1366.47;-258.77;1.0000;0.0019;1.76;12;0.0000
XAUUSDm;M15;60;2.0;1.50;1;1.00;2.00;30;0;200;0;30;70;1;0;10000;1015;-5627.85;6310.75;0.83;-5.5447;0.6187;13;2;0.1538;-1114.07;-459.32;1.0000;0.0018;2.28;11;0.0000
XAUUSDm;M15;60;2.0;1.50;1;1.00;2.00;48;0;200;0;30;70;1;0;10000;1012;-5597.07;6108.17;0.83;-5.5307;0.6255;13;3;0.2308;-1079.01;-555.14;1.0000;0.0018;2.36;11;0.0000
XAUUSDm;M15;60;2.0;1.50;1;1.00;2.50;12;0;200;0;30;70;1;0;10000;973;-4673.20;5371.49;0.81;-4.8029;0.6177;13;2;0.1538;-1133.28;-460.59;1.0000;0.0020;2.01;10;0.0000
XAUUSDm;M15;60;2.0;1.50;1;1.00;2.50;30;0;200;0;30;70;1;0;10000;912;-3808.01;4414.08;0.84;-4.1754;0.6645;13;3;0.2308;-901.38;-297.14;1.0000;0.0019;2.84;8;0.0000
XAUUSDm;M15;60;2.0;1.50;1;1.00;2.50;48;0;200;0;30;70;1;0;10000;907;-4074.70;4406.45;0.84;-4.4925;0.6748;13;2;0.1538;-877.54;-348.83;1.0000;0.0019;2.97;8;0.0000
XAUUSDm;M15;60;2.0;1.50;1;1.00;3.00;12;0;200;0;30;70;1;0;10000;909;-4080.83;4579.67;0.79;-4.4894;0.6293;13;3;0.2308;-985.53;-280.86;1.0000;0.0022;2.16;9;0.0000
XAUUSDm;M15;60;2.0;1.50;1;1.00;3.00;30;0;200;0;30;70;1;0;10000;842;-3822.50;4191.64;0.81;-4.5398;0.6888;13;2;0.1538;-918.46;-238.02;1.0000;0.0021;3.22;7;0.0000
XAUUSDm;M15;60;2.0;1.50;1;1.00;3.00;48;0;200;0;30;70;1;0;10000;835;-3488.39;3714.13;0.82;-4.1777;0.7102;13;3;0.2308;-891.00;-236.50;1.0000;0.0020;3.42;6;0.0000
XAUUSDm;M15;60;2.0;1.50;1;1.25;1.00;12;0;200;0;30;70;1;0;10000;1250;-7967.49;9528.00;0.88;-6.3740;0.4224;13;4;0.3077;-1974.22;-727.09;1.0000;0.0022;1.39;14;0.0000
XAUUSDm;M15;60;2.0;1.50;1;1.25;1.00;30;0;200;0;30;70;1;0;10000;1236;-7500.32;9008.50;0.89;-6.0682;0.4199;13;5;0.3846;-2068.84;-839.55;1.0000;0.0021;1.74;14;0.0000
XAUUSDm;M15;60;2.0;1.50;1;1.25;1.00;48;0;200;0;30;70;1;0;10000;1235;-7734.27;8973.41;0.89;-6.2626;0.4162;13;5;0.3846;-2068.84;-656.01;1.0000;0.0021;1.76;14;0.0000
XAUUSDm;M15;60;2.0;1.50;1;1.25;1.50;12;0;200;0;30;70;1;0;10000;1068;-5470.60;6530.92;0.87;-5.1223;0.5084;13;4;0.3077;-1278.77;-533.16;1.0000;0.0022;1.84;13;0.0000
XAUUSDm;M15;60;2.0;1.50;1;1.25;1.50;30;0;200;0;30;70;1;0;10000;1037;-4854.79;5616.81;0.89;-4.6816;0.5217;13;4;0.3077;-1306.47;-424.34;1.0000;0.0021;2.50;12;0.0000
XAUUSDm;M15;60;2.0;1.50;1;1.25;1.50;48;0;200;0;30;70;1;0;10000;1036;-5106.85;5711.55;0.89;-4.9294;0.5193;13;2;0.1538;-1247.74;-388.80;1.0000;0.0021;2.55;12;0.0000
XAUUSDm;M15;60;2.0;1.50;1;1.25;2.00;12;0;200;0;30;70;1;0;10000;974;-4821.87;5609.15;0.85;-4.9506;0.5513;13;2;0.1538;-1131.06;-285.05;1.0000;0.0023;2.02;12;0.0000
XAUUSDm;M15;60;2.0;1.50;1;1.25;2.00;30;0;200;0;30;70;1;0;10000;924;-5151.48;5807.51;0.85;-5.5752;0.5714;13;3;0.2308;-905.46;-464.45;1.0000;0.0022;2.88;11;0.0000
XAUUSDm;M15;60;2.0;1.50;1;1.25;2.00;48;0;200;0;30;70;1;0;10000;919;-4933.50;5335.59;0.86;-5.3683;0.5789;13;3;0.2308;-889.86;-419.95;1.0000;0.0021;3.00;11;0.0000
XAUUSDm;M15;60;2.0;1.50;1;1.25;2.50;12;0;200;0;30;70;1;0;10000;908;-4681.10;5307.38;0.81;-5.1554;0.5694;13;3;0.2308;-883.77;-297.55;1.0000;0.0025;2.33;10;0.0000
XAUUSDm;M15;60;2.0;1.50;1;1.25;2.50;30;0;200;0;30;70;1;0;10000;836;-3648.69;4210.35;0.86;-4.3645;0.6196;13;3;0.2308;-784.68;-330.12;1.0000;0.0023;3.53;8;0.0000
XAUUSDm;M15;60;2.0;1.50;1;1.25;2.50;48;0;200;0;30;70;1;0;10000;829;-3814.24;4138.72;0.85;-4.6010;0.6297;13;3;0.2308;-725.28;-345.32;1.0000;0.0023;3.73;8;0.0000
XAUUSDm;M15;60;2.0;1.50;1;1.25;3.00;12;0;200;0;30;70;1;0;10000;854;-4093.37;4586.17;0.79;-4.7932;0.5796;13;3;0.2308;-920.25;-235.46;1.0000;0.0026;2.43;9;0.0000
XAUUSDm;M15;60;2.0;1.50;1;1.25;3.00;30;0;200;0;30;70;1;0;10000;774;-3779.37;4130.05;0.82;-4.8829;0.6434;13;3;0.2308;-885.07;-236.48;1.0000;0.0025;3.90;8;0.0000
XAUUSDm;M15;60;2.0;1.50;1;1.25;3.00;48;0;200;0;30;70;1;0;10000;765;-3659.79;3927.68;0.83;-4.7840;0.6641;13;3;0.2308;-915.01;-288.67;1.0000;0.0024;4.18;7;0.0000
XAUUSDm;M15;60;2.0;1.50;1;1.50;1.00;12;0;200;0;30;70;1;0;10000;1152;-8384.59;9794.18;0.87;-7.2783;0.3872;13;5;0.3846;-2423.46;-429.00;1.0000;0.0027;1.57;14;0.0000
XAUUSDm;M15;60;2.0;1.50;1;1.50;1.00;30;0;200;0;30;70;1;0;10000;1176;-8091.01;10202.89;0.88;-6.8801;0.3776;13;5;0.3846;-2796.34;-620.85;1.0000;0.0025;2.06;14;0.0000
XAUUSDm;M15;60;2.0;1.50;1;1.50;1.00;48;0;200;0;30;70;1;0;10000;1173;-8141.24;9766.17;0.88;-6.9405;0.3725;13;5;0.3846;-2761.31;-620.85;1.0000;0.0024;2.11;14;0.0000
XAUUSDm;M15;60;2.0;1.50;1;1.50;1.50;12;0;200;0;30;70;1;0;10000;1024;-5891.52;7205.71;0.87;-5.7534;0.4727;13;4;0.3077;-1770.75;-581.32;1.0000;0.0026;2.02;13;0.0000
XAUUSDm;M15;60;2.0;1.50;1;1.50;1.50;30;0;200;0;30;70;1;0;10000;990;-5138.82;6200.77;0.89;-5.1907;0.4788;13;4;0.3077;-1998.59;-479.30;1.0000;0.0024;3.06;12;0.0000
XAUUSDm;M15;60;2.0;1.50;1;1.50;1.50;48;0;200;0;30;70;1;0;10000;989;-5832.18;6592.59;0.88;-5.8970;0.4712;13;3;0.2308;-1905.36;-413.04;1.0000;0.0024;3.16;12;0.0000
XAUUSDm;M15;60;2.0;1.50;1;1.50;2.00;12;0;200;0;30;70;1;0;10000;932;-5379.43;6150.77;0.84;-5.7719;0.5129;13;3;0.2308;-1185.98;-406.64;1.0000;0.0027;2.23;12;0.0000
XAUUSDm;M15;60;2.0;1.50;1;1.50;2.00;30;0;200;0;30;70;1;0;10000;876;-5586.95;6321.84;0.84;-6.3778;0.5263;13;3;0.2308;-1679.38;-452.53;1.0000;0.0025;3.58;11;0.0000
XAUUSDm;M15;60;2.0;1.50;1;1.50;2.00;48;0;200;0;30;70;1;0;10000;870;-6037.66;6531.14;0.83;-6.9398;0.5264;13;3;0.2308;-1796.49;-394.94;1.0000;0.0025;3.77;11;0.0000
XAUUSDm;M15;60;2.0;1.50;1;1.50;2.50;12;0;200;0;30;70;1;0;10000;877;-4993.10;5707.05;0.81;-5.6934;0.5314;13;2;0.1538;-1073.02;-253.77;1.0000;0.0029;2.55;10;0.0000
XAUUSDm;M15;60;2.0;1.50;1;1.50;2.50;30;0;200;0;30;70;1;0;10000;794;-3970.25;4670.16;0.85;-5.0003;0.5756;13;4;0.3077;-1406.86;-281.16;1.0000;0.0026;4.37;8;0.0000
XAUUSDm;M15;60;2.0;1.50;1;1.50;2.50;48;0;200;0;30;70;1;0;10000;788;-4637.39;5012.58;0.83;-5.8850;0.5787;13;3;0.2308;-1376.11;-327.23;1.0000;0.0026;4.65;8;0.0000
XAUUSDm;M15;60;2.0;1.50;1;1.50;3.00;12;0;200;0;30;70;1;0;10000;825;-3838.85;4342.00;0.81;-4.6532;0.5455;13;3;0.2308;-1076.63;-221.43;1.0000;0.0030;2.66;9;0.0000
XAUUSDm;M15;60;2.0;1.50;1;1.50;3.00;30;0;200;0;30;70;1;0;10000;730;-3769.51;4186.07;0.82;-5.1637;0.6014;13;2;0.1538;-1134.15;-190.71;1.0000;0.0028;4.85;10;0.0000
XAUUSDm;M15;60;2.0;1.50;1;1.50;3.00;48;0;200;0;30;70;1;0;10000;722;-4031.21;4314.49;0.82;-5.5834;0.6163;13;3;0.2308;-1111.63;-266.05;1.0000;0.0027;5.25;7;0.0000
XAUUSDm;M15;60;2.0;2.00;1;0.50;1.00;12;0;200;0;30;70;1;0;10000;712;-3065.89;4344.68;0.87;-4.3060;0.6362;13;6;0.4615;-1265.31;-410.15;1.0000;0.0024;0.53;6;0.0000
XAUUSDm;M15;60;2.0;2.00;1;0.50;1.00;30;0;200;0;30;70;1;0;10000;712;-3070.88;4368.83;0.87;-4.3130;0.6362;13;6;0.4615;-1265.31;-410.40;1.0000;0.0024;0.54;6;0.0000
XAUUSDm;M15;60;2.0;2.00;1;0.50;1.00;48;0;200;0;30;70;1;0;10000;712;-3070.88;4368.83;0.87;-4.3130;0.6362;13;6;0.4615;-1265.31;-410.40;1.0000;0.0024;0.54;6;0.0000
XAUUSDm;M15;60;2.0;2.00;1;0.50;1.50;12;0;200;0;30;70;1;0;10000;638;-3031.99;3658.47;0.82;-4.7523;0.7069;13;5;0.3846;-1133.90;-222.74;1.0000;0.0025;0.76;5;0.0000
XAUUSDm;M15;60;2.0;2.00;1;0.50;1.50;30;0;200;0;30;70;1;0;10000;638;-3044.90;3671.38;0.82;-4.7726;0.7132;13;5;0.3846;-1037.95;-222.74;1.0000;0.0024;0.96;5;0.0000
XAUUSDm;M15;60;2.0;2.00;1;0.50;1.50;48;0;200;0;30;70;1;0;10000;638;-3064.41;3690.89;0.82;-4.8032;0.7132;13;5;0.3846;-1037.95;-222.74;1.0000;0.0024;0.96;5;0.0000
XAUUSDm;M15;60;2.0;2.00;1;0.50;2.00;12;0;200;0;30;70;1;0;10000;605;-2569.78;2977.19;0.79;-4.2476;0.7455;13;5;0.3846;-804.37;-267.69;1.0000;0.0026;0.85;5;0.0000
XAUUSDm;M15;60;2.0;2.00;1;0.50;2.00;30;0;200;0;30;70;1;0;10000;605;-2435.58;3005.25;0.81;-4.0258;0.7620;13;5;0.3846;-737.20;-129.98;1.0000;0.0025;1.19;4;0.0000
XAUUSDm;M15;60;2.0;2.00;1;0.50;2.00;48;0;200;0;30;70;1;0;10000;605;-2503.97;3083.21;0.80;-4.1388;0.7636;13;5;0.3846;-780.06;-129.98;1.0000;0.0025;1.19;4;0.0000
XAUUSDm;M15;60;2.0;2.00;1;0.50;2.50;12;0;200;0;30;70;1;0;10000;564;-2005.49;2391.09;0.78;-3.5558;0.7713;13;4;0.3077;-626.90;-130.46;1.0000;0.0027;1.06;4;0.0000
XAUUSDm;M15;60;2.0;2.00;1;0.50;2.50;30;0;200;0;30;70;1;0;10000;562;-1794.58;2258.07;0.81;-3.1932;0.7989;13;3;0.2308;-595.79;-144.50;1.0000;0.0026;1.55;4;0.0000
XAUUSDm;M15;60;2.0;2.00;1;0.50;2.50;48;0;200;0;30;70;1;0;10000;562;-1920.38;2364.77;0.80;-3.4170;0.8007;13;3;0.2308;-653.03;-160.08;1.0000;0.0026;1.56;4;0.0000
XAUUSDm;M15;60;2.0;2.00;1;0.50;3.00;12;0;200;0;30;70;1;0;10000;531;-1249.87;1538.12;0.82;-2.3538;0.7947;13;4;0.3077;-543.63;-118.74;1.0000;0.0029;1.15;4;0.0000
XAUUSDm;M15;60;2.0;2.00;1;0.50;3.00;30;0;200;0;30;70;1;0;10000;526;-1487.40;1904.12;0.80;-2.8278;0.8232;13;4;0.3077;-586.01;-158.53;1.0000;0.0028;1.81;4;0.0000
XAUUSDm;M15;60;2.0;2.00;1;0.50;3.00;48;0;200;0;30;70;1;0;10000;526;-1536.58;1953.30;0.79;-2.9213;0.8270;13;4;0.3077;-646.61;-158.53;1.0000;0.0028;1.86;4;0.0000
XAUUSDm;M15;60;2.0;2.00;1;0.75;1.00;12;0;200;0;30;70;1;0;10000;657;-2811.50;3874.30;0.90;-4.2793;0.5464;13;5;0.3846;-1072.55;-178.16;1.0000;0.0030;0.98;10;0.0000
XAUUSDm;M15;60;2.0;2.00;1;0.75;1.00;30;0;200;0;30;70;1;0;10000;656;-3176.76;4302.44;0.89;-4.8426;0.5427;13;5;0.3846;-1029.53;-178.38;1.0000;0.0030;1.04;10;0.0000
XAUUSDm;M15;60;2.0;2.00;1;0.75;1.00;48;0;200;0;30;70;1;0;10000;656;-3172.06;4302.44;0.89;-4.8355;0.5427;13;5;0.3846;-1029.53;-173.68;1.0000;0.0030;1.04;10;0.0000
XAUUSDm;M15;60;2.0;2.00;1;0.75;1.50;12;0;200;0;30;70;1;0;10000;580;-2503.80;3031.81;0.86;-4.3169;0.6259;13;4;0.3077;-855.04;-207.55;1.0000;0.0031;1.21;9;0.0000
XAUUSDm;M15;60;2.0;2.00;1;0.75;1.50;30;0;200;0;30;70;1;0;10000;579;-2657.28;3510.12;0.86;-4.5894;0.6339;13;4;0.3077;-867.36;-309.20;1.0000;0.0030;1.61;9;0.0000
XAUUSDm;M15;60;2.0;2.00;1;0.75;1.50;48;0;200;0;30;70;1;0;10000;579;-2602.34;3544.82;0.86;-4.4945;0.6373;13;4;0.3077;-867.36;-271.09;1.0000;0.0030;1.61;9;0.0000
XAUUSDm;M15;60;2.0;2.00;1;0.75;2.00;12;0;200;0;30;70;1;0;10000;540;-2071.07;2432.41;0.85;-3.8353;0.6648;13;3;0.2308;-589.82;-232.04;1.0000;0.0033;1.38;8;0.0000
XAUUSDm;M15;60;2.0;2.00;1;0.75;2.00;30;0;200;0;30;70;1;0;10000;538;-2151.43;2922.92;0.85;-3.9989;0.6877;13;3;0.2308;-684.66;-222.37;1.0000;0.0031;1.98;8;0.0000
XAUUSDm;M15;60;2.0;2.00;1;0.75;2.00;48;0;200;0;30;70;1;0;10000;538;-2152.78;2847.15;0.85;-4.0014;0.6933;13;3;0.2308;-615.39;-227.08;1.0000;0.0031;2.03;8;0.0000
XAUUSDm;M15;60;2.0;2.00;1;0.75;2.50;12;0;200;0;30;70;1;0;10000;506;-1936.33;2350.32;0.82;-3.8267;0.6858;13;3;0.2308;-704.36;-179.18;1.0000;0.0035;1.52;7;0.0000
XAUUSDm;M15;60;2.0;2.00;1;0.75;2.50;30;0;200;0;30;70;1;0;10000;501;-1924.88;2633.48;0.83;-3.8421;0.7246;13;4;0.3077;-747.54;-173.00;1.0000;0.0033;2.22;6;0.0000
XAUUSDm;M15;60;2.0;2.00;1;0.75;2.50;48;0;200;0;30;70;1;0;10000;501;-1996.41;2595.72;0.82;-3.9849;0.7325;13;3;0.2308;-623.25;-185.43;1.0000;0.0032;2.29;6;0.0000
XAUUSDm;M15;60;2.0;2.00;1;0.75;3.00;12;0;200;0;30;70;1;0;10000;472;-1512.31;1810.60;0.81;-3.2040;0.6992;13;3;0.2308;-426.12;-139.21;1.0000;0.0038;1.67;6;0.0000
XAUUSDm;M15;60;2.0;2.00;1;0.75;3.00;30;0;200;0;30;70;1;0;10000;465;-1804.83;2270.64;0.80;-3.8814;0.7505;13;3;0.2308;-505.03;-116.19;1.0000;0.0035;2.61;4;0.0000
XAUUSDm;M15;60;2.0;2.00;1;0.75;3.00;48;0;200;0;30;70;1;0;10000;465;-1784.39;2242.46;0.80;-3.8374;0.7634;13;3;0.2308;-505.03;-145.02;1.0000;0.0034;2.70;4;0.0000
XAUUSDm;M15;60;2.0;2.00;1;1.00;1.00;12;0;200;0;30;70;1;0;10000;622;-5016.21;5717.16;0.84;-8.0646;0.4630;13;4;0.3077;-1381.56;-445.38;1.0000;0.0039;1.17;12;0.0000
XAUUSDm;M15;60;2.0;2.00;1;1.00;1.00;30;0;200;0;30;70;1;0;10000;621;-5049.15;5681.68;0.84;-8.1307;0.4589;13;4;0.3077;-1321.90;-310.47;1.0000;0.0038;1.26;10;0.0000
XAUUSDm;M15;60;2.0;2.00;1;1.00;1.00;48;0;200;0;30;70;1;0;10000;621;-5006.08;5638.61;0.84;-8.0613;0.4589;13;4;0.3077;-1321.90;-310.47;1.0000;0.0038;1.26;10;0.0000
XAUUSDm;M15;60;2.0;2.00;1;1.00;1.50;12;0;200;0;30;70;1;0;10000;542;-3572.06;4110.10;0.82;-6.5905;0.5498;13;4;0.3077;-754.57;-343.07;1.0000;0.0040;1.46;9;0.0000
XAUUSDm;M15;60;2.0;2.00;1;1.00;1.50;30;0;200;0;30;70;1;0;10000;541;-3479.42;3912.22;0.84;-6.4315;0.5582;13;4;0.3077;-743.56;-392.53;1.0000;0.0037;1.96;9;0.0000
XAUUSDm;M15;60;2.0;2.00;1;1.00;1.50;48;0;200;0;30;70;1;0;10000;541;-3505.87;3938.67;0.84;-6.4804;0.5601;13;4;0.3077;-784.08;-437.81;1.0000;0.0037;1.99;9;0.0000
XAUUSDm;M15;60;2.0;2.00;1;1.00;2.00;12;0;200;0;30;70;1;0;10000;500;-2406.60;2843.15;0.84;-4.8132;0.5980;13;4;0.3077;-637.60;-254.48;1.0000;0.0041;1.67;8;0.0000
XAUUSDm;M15;60;2.0;2.00;1;1.00;2.00;30;0;200;0;30;70;1;0;10000;498;-2088.57;2824.44;0.87;-4.1939;0.6265;13;4;0.3077;-578.48;-152.88;1.0000;0.0037;2.45;8;0.0000
XAUUSDm;M15;60;2.0;2.00;1;1.00;2.00;48;0;200;0;30;70;1;0;10000;498;-2054.39;2656.93;0.87;-4.1253;0.6345;13;3;0.2308;-578.48;-195.74;1.0000;0.0036;2.55;8;0.0000
XAUUSDm;M15;60;2.0;2.00;1;1.00;2.50;12;0;200;0;30;70;1;0;10000;463;-2237.65;2751.95;0.80;-4.8329;0.6177;13;4;0.3077;-648.73;-213.25;1.0000;0.0044;1.85;7;0.0000
XAUUSDm;M15;60;2.0;2.00;1;1.00;2.50;30;0;200;0;30;70;1;0;10000;456;-1523.57;2467.33;0.87;-3.3412;0.6732;13;5;0.3846;-625.09;-121.06;1.0000;0.0039;2.88;6;0.0000
XAUUSDm;M15;60;2.0;2.00;1;1.00;2.50;48;0;200;0;30;70;1;0;10000;456;-1650.71;2462.55;0.86;-3.6200;0.6820;13;4;0.3077;-625.09;-178.30;1.0000;0.0038;3.00;6;0.0000
XAUUSDm;M15;60;2.0;2.00;1;1.00;3.00;12;0;200;0;30;70;1;0;10000;438;-1798.49;2132.42;0.80;-4.1061;0.6324;13;4;0.3077;-639.33;-54.89;1.0000;0.0047;2.00;6;0.0000
XAUUSDm;M15;60;2.0;2.00;1;1.00;3.00;30;0;200;0;30;70;1;0;10000;430;-1617.15;2108.11;0.83;-3.7608;0.7000;13;3;0.2308;-666.63;-91.67;1.0000;0.0041;3.20;6;0.0000
XAUUSDm;M15;60;2.0;2.00;1;1.00;3.00;48;0;200;0;30;70;1;0;10000;430;-1491.31;1913.70;0.85;-3.4682;0.7163;13;4;0.3077;-666.63;-73.88;1.0000;0.0040;3.38;4;0.0000
XAUUSDm;M15;60;2.0;2.00;1;1.25;1.00;12;0;200;0;30;70;1;0;10000;608;-4677.81;5457.92;0.85;-7.6938;0.4178;13;4;0.3077;-1218.57;-370.66;1.0000;0.0045;1.47;11;0.0000
XAUUSDm;M15;60;2.0;2.00;1;1.25;1.00;30;0;200;0;30;70;1;0;10000;607;-5047.91;5869.26;0.85;-8.3162;0.4102;13;4;0.3077;-1322.46;-422.12;1.0000;0.0044;1.88;11;0.0000
XAUUSDm;M15;60;2.0;2.00;1;1.25;1.00;48;0;200;0;30;70;1;0;10000;607;-5059.05;5880.40;0.85;-8.3345;0.4069;13;4;0.3077;-1322.46;-330.94;1.0000;0.0043;1.89;11;0.0000
XAUUSDm;M15;60;2.0;2.00;1;1.25;1.50;12;0;200;0;30;70;1;0;10000;527;-2813.25;3566.34;0.87;-5.3382;0.5066;13;5;0.3846;-796.56;-326.93;1.0000;0.0046;1.68;11;0.0000
XAUUSDm;M15;60;2.0;2.00;1;1.25;1.50;30;0;200;0;30;70;1;0;10000;526;-2833.20;3545.52;0.88;-5.3863;0.5171;13;4;0.3077;-847.53;-380.20;1.0000;0.0042;2.58;9;0.0000
XAUUSDm;M15;60;2.0;2.00;1;1.25;1.50;48;0;200;0;30;70;1;0;10000;526;-2953.33;3665.65;0.87;-5.6147;0.5152;13;4;0.3077;-796.92;-421.55;1.0000;0.0041;2.64;9;0.0000
XAUUSDm;M15;60;2.0;2.00;1;1.25;2.00;12;0;200;0;30;70;1;0;10000;485;-2108.25;2693.65;0.86;-4.3469;0.5526;13;5;0.3846;-596.78;-193.60;1.0000;0.0048;1.92;9;0.0000
XAUUSDm;M15;60;2.0;2.00;1;1.25;2.00;30;0;200;0;30;70;1;0;10000;483;-2060.40;2654.69;0.88;-4.2658;0.5776;13;4;0.3077;-687.96;-133.25;1.0000;0.0042;3.28;8;0.0000
XAUUSDm;M15;60;2.0;2.00;1;1.25;2.00;48;0;200;0;30;70;1;0;10000;483;-1963.92;2483.14;0.89;-4.0661;0.5859;13;5;0.3846;-651.94;-143.96;1.0000;0.0041;3.42;8;0.0000
XAUUSDm;M15;60;2.0;2.00;1;1.25;2.50;12;0;200;0;30;70;1;0;10000;449;-2266.95;2840.21;0.81;-5.0489;0.5679;13;5;0.3846;-793.57;-183.91;1.0000;0.0052;2.11;7;0.0000
XAUUSDm;M15;60;2.0;2.00;1;1.25;2.50;30;0;200;0;30;70;1;0;10000;441;-1850.71;2537.29;0.86;-4.1966;0.6190;13;7;0.5385;-908.87;0.21;1.0000;0.0044;3.78;6;0.0000
XAUUSDm;M15;60;2.0;2.00;1;1.25;2.50;48;0;200;0;30;70;1;0;10000;441;-1940.08;2560.19;0.86;-4.3993;0.6304;13;6;0.4615;-901.81;-120.10;1.0000;0.0043;3.97;6;0.0000
XAUUSDm;M15;60;2.0;2.00;1;1.25;3.00;12;0;200;0;30;70;1;0;10000;423;-2041.90;2476.27;0.79;-4.8272;0.5745;13;5;0.3846;-762.03;-56.97;1.0000;0.0056;2.29;7;0.0000
XAUUSDm;M15;60;2.0;2.00;1;1.25;3.00;30;0;200;0;30;70;1;0;10000;413;-1656.29;2277.79;0.84;-4.0104;0.6513;13;5;0.3846;-923.62;-23.22;1.0000;0.0046;4.18;7;0.0000
XAUUSDm;M15;60;2.0;2.00;1;1.25;3.00;48;0;200;0;30;70;1;0;10000;413;-1645.00;2192.61;0.85;-3.9831;0.6683;13;5;0.3846;-875.23;-73.49;1.0000;0.0045;4.47;5;0.0000
XAUUSDm;M15;60;2.0;2.00;1;1.50;1.00;12;0;200;0;30;70;1;0;10000;598;-5645.81;6531.49;0.83;-9.4412;0.3813;13;3;0.2308;-1443.46;-434.29;1.0000;0.0054;1.61;13;0.0000
XAUUSDm;M15;60;2.0;2.00;1;1.50;1.00;30;0;200;0;30;70;1;0;10000;597;-5455.08;6357.90;0.85;-9.1375;0.3702;13;4;0.3077;-1574.66;-403.51;1.0000;0.0050;2.27;11;0.0000
XAUUSDm;M15;60;2.0;2.00;1;1.50;1.00;48;0;200;0;30;70;1;0;10000;597;-5353.64;6143.07;0.85;-8.9676;0.3652;13;4;0.3077;-1539.63;-341.27;1.0000;0.0050;2.31;11;0.0000
XAUUSDm;M15;60;2.0;2.00;1;1.50;1.50;12;0;200;0;30;70;1;0;10000;515;-3001.90;3947.94;0.86;-5.8289;0.4757;13;4;0.3077;-1110.36;-320.87;1.0000;0.0054;1.86;13;0.0000
XAUUSDm;M15;60;2.0;2.00;1;1.50;1.50;30;0;200;0;30;70;1;0;10000;514;-2711.66;3639.01;0.89;-5.2756;0.4805;13;4;0.3077;-1306.79;-282.18;1.0000;0.0047;3.29;9;0.0000
XAUUSDm;M15;60;2.0;2.00;1;1.50;1.50;48;0;200;0;30;70;1;0;10000;514;-3076.51;3908.92;0.88;-5.9854;0.4728;13;4;0.3077;-1390.98;-282.38;1.0000;0.0046;3.40;9;0.0000
XAUUSDm;M15;60;2.0;2.00;1;1.50;2.00;12;0;200;0;30;70;1;0;10000;470;-2101.61;2792.87;0.87;-4.4715;0.5234;13;4;0.3077;-920.12;-241.10;1.0000;0.0055;2.11;8;0.0000
XAUUSDm;M15;60;2.0;2.00;1;1.50;2.00;30;0;200;0;30;70;1;0;10000;467;-2587.15;3420.25;0.86;-5.5399;0.5289;13;4;0.3077;-1144.96;-189.28;1.0000;0.0048;4.10;8;0.0000
XAUUSDm;M15;60;2.0;2.00;1;1.50;2.00;48;0;200;0;30;70;1;0;10000;467;-2824.97;3517.71;0.85;-6.0492;0.5310;13;4;0.3077;-1240.29;-216.84;1.0000;0.0046;4.31;8;0.0000
XAUUSDm;M15;60;2.0;2.00;1;1.50;2.50;12;0;200;0;30;70;1;0;10000;435;-2144.58;2774.94;0.82;-4.9301;0.5402;13;5;0.3846;-1017.18;-221.26;1.0000;0.0061;2.32;7;0.0000
XAUUSDm;M15;60;2.0;2.00;1;1.50;2.50;30;0;200;0;30;70;1;0;10000;426;-2272.24;3263.87;0.84;-5.3339;0.5704;13;6;0.4615;-1144.50;-157.84;1.0000;0.0051;4.83;6;0.0000
XAUUSDm;M15;60;2.0;2.00;1;1.50;2.50;48;0;200;0;30;70;1;0;10000;426;-2669.19;3592.35;0.82;-6.2657;0.5751;13;6;0.4615;-1192.66;-269.02;1.0000;0.0049;5.13;6;0.0000
XAUUSDm;M15;60;2.0;2.00;1;1.50;3.00;12;0;200;0;30;70;1;0;10000;409;-1972.95;2429.67;0.79;-4.8238;0.5477;13;5;0.3846;-860.68;-48.63;1.0000;0.0066;2.51;9;0.0000
XAUUSDm;M15;60;2.0;2.00;1;1.50;3.00;30;0;200;0;30;70;1;0;10000;395;-2412.25;3092.14;0.79;-6.1070;0.5949;13;5;0.3846;-1036.03;-80.98;1.0000;0.0054;5.36;8;0.0000
XAUUSDm;M15;60;2.0;2.00;1;1.50;3.00;48;0;200;0;30;70;1;0;10000;395;-2730.52;3383.12;0.78;-6.9127;0.6076;13;4;0.3077;-993.65;-182.59;1.0000;0.0052;5.78;5;0.0000
XAUUSDm;M15;60;2.0;2.50;1;0.50;1.00;12;0;200;0;30;70;1;0;10000;247;-1826.71;2798.58;0.79;-7.3956;0.6154;13;5;0.3846;-843.04;-131.06;1.0000;0.0071;0.38;7;0.0000
XAUUSDm;M15;60;2.0;2.50;1;0.50;1.00;30;0;200;0;30;70;1;0;10000;247;-1883.12;2854.99;0.79;-7.6240;0.6154;13;5;0.3846;-843.04;-131.06;1.0000;0.0071;0.38;7;0.0000
XAUUSDm;M15;60;2.0;2.50;1;0.50;1.00;48;0;200;0;30;70;1;0;10000;247;-1883.12;2854.99;0.79;-7.6240;0.6154;13;5;0.3846;-843.04;-131.06;1.0000;0.0071;0.38;7;0.0000
XAUUSDm;M15;60;2.0;2.50;1;0.50;1.50;12;0;200;0;30;70;1;0;10000;230;-1304.61;1775.95;0.79;-5.6722;0.7000;13;6;0.4615;-536.28;-118.37;1.0000;0.0070;0.59;4;0.0000
XAUUSDm;M15;60;2.0;2.50;1;0.50;1.50;30;0;200;0;30;70;1;0;10000;230;-1351.94;1908.51;0.78;-5.8780;0.7043;13;6;0.4615;-617.75;-118.95;1.0000;0.0069;0.83;4;0.0000
XAUUSDm;M15;60;2.0;2.50;1;0.50;1.50;48;0;200;0;30;70;1;0;10000;230;-1371.45;1928.02;0.78;-5.9628;0.7043;13;6;0.4615;-617.75;-118.95;1.0000;0.0069;0.83;4;0.0000
XAUUSDm;M15;60;2.0;2.50;1;0.50;2.00;12;0;200;0;30;70;1;0;10000;224;-1420.96;1738.27;0.71;-6.3436;0.7277;13;4;0.3077;-393.54;-56.86;1.0000;0.0071;0.68;4;0.0000
XAUUSDm;M15;60;2.0;2.50;1;0.50;2.00;30;0;200;0;30;70;1;0;10000;224;-1335.48;1792.42;0.73;-5.9620;0.7455;13;4;0.3077;-476.59;-56.86;1.0000;0.0069;0.98;4;0.0000
XAUUSDm;M15;60;2.0;2.50;1;0.50;2.00;48;0;200;0;30;70;1;0;10000;224;-1237.80;1786.89;0.75;-5.5259;0.7545;13;5;0.3846;-476.59;-56.86;1.0000;0.0069;1.00;4;0.0000
XAUUSDm;M15;60;2.0;2.50;1;0.50;2.50;12;0;200;0;30;70;1;0;10000;212;-1151.06;1567.02;0.70;-5.4295;0.7453;13;3;0.2308;-302.19;-82.35;1.0000;0.0076;0.84;4;0.0000
XAUUSDm;M15;60;2.0;2.50;1;0.50;2.50;30;0;200;0;30;70;1;0;10000;212;-1052.73;1604.27;0.72;-4.9657;0.7783;13;4;0.3077;-311.25;-82.35;1.0000;0.0073;1.28;4;0.0000
XAUUSDm;M15;60;2.0;2.50;1;0.50;2.50;48;0;200;0;30;70;1;0;10000;212;-1064.69;1663.04;0.72;-5.0221;0.7877;13;5;0.3846;-311.25;-82.35;1.0000;0.0072;1.31;4;0.0000
XAUUSDm;M15;60;2.0;2.50;1;0.50;3.00;12;0;200;0;30;70;1;0;10000;202;-744.38;1064.09;0.74;-3.6850;0.7723;13;4;0.3077;-207.46;-73.92;1.0000;0.0079;0.91;3;0.0000
XAUUSDm;M15;60;2.0;2.50;1;0.50;3.00;30;0;200;0;30;70;1;0;10000;202;-847.52;1221.26;0.72;-4.1956;0.8069;13;4;0.3077;-253.82;-73.92;1.0000;0.0076;1.41;3;0.0000
XAUUSDm;M15;60;2.0;2.50;1;0.50;3.00;48;0;200;0;30;70;1;0;10000;202;-791.64;1253.51;0.74;-3.9190;0.8168;13;5;0.3846;-253.82;-73.92;1.0000;0.0075;1.50;3;0.0000
XAUUSDm;M15;60;2.0;2.50;1;0.75;1.00;12;0;200;0;30;70;1;0;10000;240;-1778.36;2325.21;0.83;-7.4098;0.5292;13;4;0.3077;-753.24;-214.40;1.0000;0.0087;0.62;7;0.0000
XAUUSDm;M15;60;2.0;2.50;1;0.75;1.00;30;0;200;0;30;70;1;0;10000;240;-1668.35;2262.29;0.84;-6.9515;0.5333;13;4;0.3077;-753.24;-179.17;1.0000;0.0085;0.66;7;0.0000
XAUUSDm;M15;60;2.0;2.50;1;0.75;1.00;48;0;200;0;30;70;1;0;10000;240;-1663.65;2262.29;0.84;-6.9319;0.5333;13;4;0.3077;-753.24;-179.17;1.0000;0.0085;0.66;7;0.0000
XAUUSDm;M15;60;2.0;2.50;1;0.75;1.50;12;0;200;0;30;70;1;0;10000;223;-1083.10;1485.26;0.85;-4.8570;0.6233;13;5;0.3846;-423.21;-59.14;1.0000;0.0083;0.88;5;0.0000
XAUUSDm;M15;60;2.0;2.50;1;0.75;1.50;30;0;200;0;30;70;1;0;10000;223;-969.43;1568.47;0.87;-4.3472;0.6368;13;6;0.4615;-508.01;-48.55;1.0000;0.0079;1.24;5;0.0000
XAUUSDm;M15;60;2.0;2.50;1;0.75;1.50;48;0;200;0;30;70;1;0;10000;223;-947.30;1574.71;0.87;-4.2480;0.6413;13;6;0.4615;-508.01;-68.06;1.0000;0.0079;1.25;5;0.0000
XAUUSDm;M15;60;2.0;2.50;1;0.75;2.00;12;0;200;0;30;70;1;0;10000;215;-973.18;1246.23;0.82;-4.5264;0.6558;13;5;0.3846;-298.13;-52.84;1.0000;0.0084;1.07;4;0.0000
XAUUSDm;M15;60;2.0;2.50;1;0.75;2.00;30;0;200;0;30;70;1;0;10000;215;-633.19;1137.70;0.88;-2.9451;0.6977;13;5;0.3846;-286.48;-50.34;1.0000;0.0077;1.74;4;0.0000
XAUUSDm;M15;60;2.0;2.50;1;0.75;2.00;48;0;200;0;30;70;1;0;10000;215;-518.36;1124.61;0.90;-2.4110;0.7070;13;5;0.3846;-286.48;-18.02;1.0000;0.0076;1.82;4;0.0000
XAUUSDm;M15;60;2.0;2.50;1;0.75;2.50;12;0;200;0;30;70;1;0;10000;204;-941.30;1316.54;0.78;-4.6142;0.6716;13;3;0.2308;-216.26;-96.69;1.0000;0.0089;1.21;4;0.0000
XAUUSDm;M15;60;2.0;2.50;1;0.75;2.50;30;0;200;0;30;70;1;0;10000;204;-757.61;1296.63;0.83;-3.7138;0.7255;13;4;0.3077;-236.41;-96.69;1.0000;0.0082;2.05;4;0.0000
XAUUSDm;M15;60;2.0;2.50;1;0.75;2.50;48;0;200;0;30;70;1;0;10000;204;-773.11;1338.85;0.83;-3.7898;0.7353;13;4;0.3077;-269.20;-96.69;1.0000;0.0081;2.15;4;0.0000
XAUUSDm;M15;60;2.0;2.50;1;0.75;3.00;12;0;200;0;30;70;1;0;10000;194;-774.71;1034.76;0.77;-3.9934;0.6804;13;4;0.3077;-181.69;-77.91;1.0000;0.0095;1.34;4;0.0000
XAUUSDm;M15;60;2.0;2.50;1;0.75;3.00;30;0;200;0;30;70;1;0;10000;194;-802.75;1200.07;0.78;-4.1379;0.7423;13;4;0.3077;-231.80;-56.91;1.0000;0.0087;2.32;4;0.0000
XAUUSDm;M15;60;2.0;2.50;1;0.75;3.00;48;0;200;0;30;70;1;0;10000;194;-713.37;1146.04;0.81;-3.6772;0.7629;13;5;0.3846;-248.51;-47.89;1.0000;0.0085;2.47;4;0.0000
XAUUSDm;M15;60;2.0;2.50;1;1.00;1.00;12;0;200;0;30;70;1;0;10000;236;-1905.22;2343.36;0.84;-8.0730;0.4661;13;4;0.3077;-494.06;-272.19;1.0000;0.0103;0.84;7;0.0000
XAUUSDm;M15;60;2.0;2.50;1;1.00;1.00;30;0;200;0;30;70;1;0;10000;236;-1794.61;2256.25;0.85;-7.6043;0.4661;13;5;0.3846;-494.06;-208.74;1.0000;0.0099;0.92;7;0.0000
XAUUSDm;M15;60;2.0;2.50;1;1.00;1.00;48;0;200;0;30;70;1;0;10000;236;-1751.54;2239.66;0.85;-7.4218;0.4661;13;5;0.3846;-494.06;-208.74;1.0000;0.0099;0.93;7;0.0000
XAUUSDm;M15;60;2.0;2.50;1;1.00;1.50;12;0;200;0;30;70;1;0;10000;219;-1719.11;2062.60;0.79;-7.8498;0.5388;13;3;0.2308;-462.11;-79.69;1.0000;0.0102;1.17;5;0.0000
XAUUSDm;M15;60;2.0;2.50;1;1.00;1.50;30;0;200;0;30;70;1;0;10000;219;-1742.84;1993.22;0.80;-7.9582;0.5525;13;3;0.2308;-500.44;-158.52;1.0000;0.0094;1.63;5;0.0000
XAUUSDm;M15;60;2.0;2.50;1;1.00;1.50;48;0;200;0;30;70;1;0;10000;219;-1682.15;1932.53;0.81;-7.6811;0.5571;13;4;0.3077;-500.44;-158.52;1.0000;0.0093;1.65;5;0.0000
XAUUSDm;M15;60;2.0;2.50;1;1.00;2.00;12;0;200;0;30;70;1;0;10000;211;-1002.63;1254.89;0.84;-4.7518;0.5877;13;4;0.3077;-407.65;-38.01;1.0000;0.0098;1.38;4;0.0000
XAUUSDm;M15;60;2.0;2.50;1;1.00;2.00;30;0;200;0;30;70;1;0;10000;211;-687.60;1189.33;0.89;-3.2588;0.6351;13;4;0.3077;-310.34;-48.84;1.0000;0.0087;2.20;4;0.0000
XAUUSDm;M15;60;2.0;2.50;1;1.00;2.00;48;0;200;0;30;70;1;0;10000;211;-570.80;1172.61;0.91;-2.7052;0.6445;13;4;0.3077;-310.34;-48.84;1.0000;0.0086;2.31;4;0.0000
XAUUSDm;M15;60;2.0;2.50;1;1.00;2.50;12;0;200;0;30;70;1;0;10000;199;-1211.33;1486.95;0.76;-6.0871;0.5980;13;2;0.1538;-270.93;-85.35;1.0000;0.0107;1.56;4;0.0000
XAUUSDm;M15;60;2.0;2.50;1;1.00;2.50;30;0;200;0;30;70;1;0;10000;199;-832.47;1388.42;0.84;-4.1833;0.6734;13;5;0.3846;-259.04;-45.05;1.0000;0.0091;3.09;4;0.0000
XAUUSDm;M15;60;2.0;2.50;1;1.00;2.50;48;0;200;0;30;70;1;0;10000;199;-891.65;1477.40;0.83;-4.4807;0.6784;13;6;0.4615;-321.21;-33.17;1.0000;0.0090;3.23;4;0.0000
XAUUSDm;M15;60;2.0;2.50;1;1.00;3.00;12;0;200;0;30;70;1;0;10000;189;-952.33;1116.48;0.75;-5.0388;0.6085;13;3;0.2308;-287.76;-75.34;1.0000;0.0114;1.69;4;0.0000
XAUUSDm;M15;60;2.0;2.50;1;1.00;3.00;30;0;200;0;30;70;1;0;10000;189;-937.10;1257.12;0.78;-4.9582;0.6878;13;6;0.4615;-311.15;-47.84;1.0000;0.0098;3.71;4;0.0000
XAUUSDm;M15;60;2.0;2.50;1;1.00;3.00;48;0;200;0;30;70;1;0;10000;189;-855.62;1168.95;0.80;-4.5271;0.7090;13;6;0.4615;-305.13;-12.82;1.0000;0.0095;3.94;4;0.0000
XAUUSDm;M15;60;2.0;2.50;1;1.25;1.00;12;0;200;0;30;70;1;0;10000;229;-1757.63;2319.53;0.85;-7.6752;0.4236;13;4;0.3077;-511.15;-192.24;1.0000;0.0121;1.00;7;0.0000
XAUUSDm;M15;60;2.0;2.50;1;1.25;1.00;30;0;200;0;30;70;1;0;10000;229;-1669.17;2224.60;0.87;-7.2890;0.4192;13;4;0.3077;-618.05;-192.24;1.0000;0.0115;1.16;12;0.0000
XAUUSDm;M15;60;2.0;2.50;1;1.25;1.00;48;0;200;0;30;70;1;0;10000;229;-1661.59;2217.02;0.87;-7.2559;0.4148;13;4;0.3077;-618.05;-189.59;1.0000;0.0115;1.18;12;0.0000
XAUUSDm;M15;60;2.0;2.50;1;1.25;1.50;12;0;200;0;30;70;1;0;10000;211;-1535.30;1948.06;0.82;-7.2763;0.4976;13;4;0.3077;-436.88;-134.63;1.0000;0.0118;1.37;8;0.0000
XAUUSDm;M15;60;2.0;2.50;1;1.25;1.50;30;0;200;0;30;70;1;0;10000;211;-1597.05;1920.57;0.83;-7.5690;0.5071;13;3;0.2308;-549.63;-187.10;1.0000;0.0107;1.90;8;0.0000
XAUUSDm;M15;60;2.0;2.50;1;1.25;1.50;48;0;200;0;30;70;1;0;10000;211;-1544.10;1867.62;0.84;-7.3180;0.5071;13;4;0.3077;-549.63;-181.15;1.0000;0.0106;1.95;8;0.0000
XAUUSDm;M15;60;2.0;2.50;1;1.25;2.00;12;0;200;0;30;70;1;0;10000;204;-1133.13;1475.52;0.83;-5.5546;0.5441;13;3;0.2308;-329.54;-88.86;1.0000;0.0116;1.61;4;0.0000
XAUUSDm;M15;60;2.0;2.50;1;1.25;2.00;30;0;200;0;30;70;1;0;10000;204;-858.80;1447.69;0.88;-4.2098;0.5784;13;5;0.3846;-330.91;-101.26;1.0000;0.0099;2.58;6;0.0000
XAUUSDm;M15;60;2.0;2.50;1;1.25;2.00;48;0;200;0;30;70;1;0;10000;204;-711.94;1321.96;0.90;-3.4899;0.5882;13;5;0.3846;-330.91;-76.17;1.0000;0.0097;2.72;6;0.0000
XAUUSDm;M15;60;2.0;2.50;1;1.25;2.50;12;0;200;0;30;70;1;0;10000;192;-1446.49;1746.84;0.73;-7.5338;0.5469;13;3;0.2308;-363.87;-113.50;1.0000;0.0128;1.80;4;0.0000
XAUUSDm;M15;60;2.0;2.50;1;1.25;2.50;30;0;200;0;30;70;1;0;10000;192;-1102.29;1731.38;0.81;-5.7411;0.6094;13;5;0.3846;-413.68;-100.99;1.0000;0.0105;3.53;6;0.0000
XAUUSDm;M15;60;2.0;2.50;1;1.25;2.50;48;0;200;0;30;70;1;0;10000;192;-1129.37;1793.01;0.81;-5.8821;0.6198;13;5;0.3846;-493.41;-53.33;1.0000;0.0103;3.75;6;0.0000
XAUUSDm;M15;60;2.0;2.50;1;1.25;3.00;12;0;200;0;30;70;1;0;10000;183;-1151.73;1363.18;0.73;-6.2936;0.5574;13;4;0.3077;-359.15;-127.74;1.0000;0.0135;1.94;7;0.0000
XAUUSDm;M15;60;2.0;2.50;1;1.25;3.00;30;0;200;0;30;70;1;0;10000;183;-1051.67;1337.82;0.78;-5.7468;0.6339;13;4;0.3077;-433.55;-78.98;1.0000;0.0110;4.17;5;0.0000
XAUUSDm;M15;60;2.0;2.50;1;1.25;3.00;48;0;200;0;30;70;1;0;10000;183;-967.34;1284.64;0.80;-5.2860;0.6612;13;5;0.3846;-444.94;-58.12;1.0000;0.0106;4.51;5;0.0000
XAUUSDm;M15;60;2.0;2.50;1;1.50;1.00;12;0;200;0;30;70;1;0;10000;225;-1765.11;2467.98;0.86;-7.8449;0.3911;13;5;0.3846;-562.32;-264.10;1.0000;0.0139;1.16;7;0.0000
XAUUSDm;M15;60;2.0;2.50;1;1.50;1.00;30;0;200;0;30;70;1;0;10000;225;-1470.77;2104.11;0.89;-6.5368;0.3867;13;4;0.3077;-485.94;-176.97;1.0000;0.0131;1.37;12;0.0000
XAUUSDm;M15;60;2.0;2.50;1;1.50;1.00;48;0;200;0;30;70;1;0;10000;225;-1346.15;1979.49;0.90;-5.9829;0.3822;13;4;0.3077;-485.94;-132.13;1.0000;0.0129;1.45;12;0.0000
XAUUSDm;M15;60;2.0;2.50;1;1.50;1.50;12;0;200;0;30;70;1;0;10000;208;-1415.04;2004.43;0.84;-6.8031;0.4712;13;5;0.3846;-522.35;-56.59;1.0000;0.0134;1.58;8;0.0000
XAUUSDm;M15;60;2.0;2.50;1;1.50;1.50;30;0;200;0;30;70;1;0;10000;208;-1285.13;1622.64;0.87;-6.1785;0.4808;13;3;0.2308;-432.81;-108.08;1.0000;0.0118;2.22;8;0.0000
XAUUSDm;M15;60;2.0;2.50;1;1.50;1.50;48;0;200;0;30;70;1;0;10000;208;-1272.77;1610.28;0.87;-6.1191;0.4760;13;2;0.1538;-432.81;-106.30;1.0000;0.0116;2.32;8;0.0000
XAUUSDm;M15;60;2.0;2.50;1;1.50;2.00;12;0;200;0;30;70;1;0;10000;201;-1017.57;1509.04;0.85;-5.0625;0.5174;13;4;0.3077;-333.46;-44.88;1.0000;0.0132;1.81;6;0.0000
XAUUSDm;M15;60;2.0;2.50;1;1.50;2.00;30;0;200;0;30;70;1;0;10000;201;-658.80;1299.15;0.91;-3.2776;0.5423;13;6;0.4615;-350.59;-81.66;1.0000;0.0110;3.00;6;0.0000
XAUUSDm;M15;60;2.0;2.50;1;1.50;2.00;48;0;200;0;30;70;1;0;10000;201;-526.76;1118.91;0.93;-2.6207;0.5522;13;6;0.4615;-372.43;-29.13;1.0000;0.0105;3.23;6;0.0000
XAUUSDm;M15;60;2.0;2.50;1;1.50;2.50;12;0;200;0;30;70;1;0;10000;189;-1386.77;1660.87;0.74;-7.3374;0.5185;13;4;0.3077;-386.35;-88.44;1.0000;0.0148;2.02;6;0.0000
XAUUSDm;M15;60;2.0;2.50;1;1.50;2.50;30;0;200;0;30;70;1;0;10000;189;-1059.28;1676.42;0.83;-5.6047;0.5714;13;5;0.3846;-454.77;-53.51;1.0000;0.0117;4.27;6;0.0000
XAUUSDm;M15;60;2.0;2.50;1;1.50;2.50;48;0;200;0;30;70;1;0;10000;189;-1079.35;1786.96;0.83;-5.7108;0.5873;13;5;0.3846;-532.25;-20.05;1.0000;0.0113;4.62;6;0.0000
XAUUSDm;M15;60;2.0;2.50;1;1.50;3.00;12;0;200;0;30;70;1;0;10000;180;-1012.82;1215.58;0.76;-5.6268;0.5333;13;5;0.3846;-327.19;-102.87;1.0000;0.0153;2.14;7;0.0000
XAUUSDm;M15;60;2.0;2.50;1;1.50;3.00;30;0;200;0;30;70;1;0;10000;180;-917.69;1208.44;0.82;-5.0983;0.6000;13;5;0.3846;-432.12;-32.28;1.0000;0.0122;4.92;5;0.0000
XAUUSDm;M15;60;2.0;2.50;1;1.50;3.00;48;0;200;0;30;70;1;0;10000;180;-870.37;1214.41;0.83;-4.8354;0.6333;13;7;0.5385;-512.01;2.05;1.0000;0.0116;5.41;5;0.0000
XAUUSDm;M15;60;2.0;3.00;1;0.50;1.00;12;0;200;0;30;70;1;0;10000;76;-116.86;1114.26;0.95;-1.5376;0.6579;13;8;0.6154;-427.74;16.57;1.0000;0.0217;0.41;4;0.0000
XAUUSDm;M15;60;2.0;3.00;1;0.50;1.00;30;0;200;0;30;70;1;0;10000;76;-116.86;1114.26;0.95;-1.5376;0.6579;13;8;0.6154;-427.74;16.57;1.0000;0.0217;0.41;4;0.0000
XAUUSDm;M15;60;2.0;3.00;1;0.50;1.00;48;0;200;0;30;70;1;0;10000;76;-116.86;1114.26;0.95;-1.5376;0.6579;13;8;0.6154;-427.74;16.57;1.0000;0.0217;0.41;4;0.0000
XAUUSDm;M15;60;2.0;3.00;1;0.50;1.50;12;0;200;0;30;70;1;0;10000;76;-440.81;1039.02;0.78;-5.8001;0.6974;13;7;0.5385;-353.26;4.07;1.0000;0.0215;0.55;3;0.0000
XAUUSDm;M15;60;2.0;3.00;1;0.50;1.50;30;0;200;0;30;70;1;0;10000;76;-491.90;1090.11;0.76;-6.4724;0.6974;13;7;0.5385;-374.33;4.07;1.0000;0.0215;1.25;3;0.0000
XAUUSDm;M15;60;2.0;3.00;1;0.50;1.50;48;0;200;0;30;70;1;0;10000;76;-511.41;1109.62;0.75;-6.7291;0.6974;13;7;0.5385;-374.33;4.07;1.0000;0.0215;1.26;3;0.0000
XAUUSDm;M15;60;2.0;3.00;1;0.50;2.00;12;0;200;0;30;70;1;0;10000;74;-497.69;790.66;0.69;-6.7255;0.7297;13;6;0.4615;-337.42;-15.24;1.0000;0.0223;0.62;3;0.0000
XAUUSDm;M15;60;2.0;3.00;1;0.50;2.00;30;0;200;0;30;70;1;0;10000;74;-507.59;800.56;0.69;-6.8593;0.7432;13;6;0.4615;-332.31;-15.24;1.0000;0.0219;1.35;3;0.0000
XAUUSDm;M15;60;2.0;3.00;1;0.50;2.00;48;0;200;0;30;70;1;0;10000;74;-532.57;825.54;0.68;-7.1969;0.7432;13;6;0.4615;-332.31;-15.24;1.0000;0.0219;1.36;3;0.0000
XAUUSDm;M15;60;2.0;3.00;1;0.50;2.50;12;0;200;0;30;70;1;0;10000;72;-417.69;738.67;0.68;-5.8012;0.7500;13;7;0.5385;-296.26;6.40;1.0000;0.0227;0.78;3;0.0000
XAUUSDm;M15;60;2.0;3.00;1;0.50;2.50;30;0;200;0;30;70;1;0;10000;72;-385.67;710.88;0.70;-5.3565;0.7778;13;8;0.6154;-314.52;12.49;1.0000;0.0219;1.69;3;0.0000
XAUUSDm;M15;60;2.0;3.00;1;0.50;2.50;48;0;200;0;30;70;1;0;10000;72;-464.08;789.29;0.66;-6.4456;0.7778;13;7;0.5385;-314.52;6.40;1.0000;0.0219;1.71;3;0.0000
XAUUSDm;M15;60;2.0;3.00;1;0.50;3.00;12;0;200;0;30;70;1;0;10000;69;-86.05;392.16;0.89;-1.2471;0.7971;13;9;0.6923;-166.43;10.48;1.0000;0.0228;0.86;3;0.0000
XAUUSDm;M15;60;2.0;3.00;1;0.50;3.00;30;0;200;0;30;70;1;0;10000;69;-160.13;502.45;0.82;-2.3207;0.8261;13;9;0.6923;-242.97;15.39;1.0000;0.0220;1.94;2;0.0000
XAUUSDm;M15;60;2.0;3.00;1;0.50;3.00;48;0;200;0;30;70;1;0;10000;69;-104.39;480.21;0.88;-1.5129;0.8406;13;9;0.6923;-242.97;29.69;1.0000;0.0220;2.13;2;0.0000
XAUUSDm;M15;60;2.0;3.00;1;0.75;1.00;12;0;200;0;30;70;1;0;10000;75;55.60;1088.17;1.02;0.7413;0.5733;13;6;0.4615;-378.94;-25.20;1.3478;0.0252;0.55;4;0.0000
XAUUSDm;M15;60;2.0;3.00;1;0.75;1.00;30;0;200;0;30;70;1;0;10000;75;165.63;1088.17;1.06;2.2084;0.5867;13;7;0.5385;-378.94;69.25;0.4525;0.0247;0.58;4;0.0000
XAUUSDm;M15;60;2.0;3.00;1;0.75;1.00;48;0;200;0;30;70;1;0;10000;75;165.63;1088.17;1.06;2.2084;0.5867;13;7;0.5385;-378.94;69.25;0.4525;0.0247;0.58;4;0.0000
XAUUSDm;M15;60;2.0;3.00;1;0.75;1.50;12;0;200;0;30;70;1;0;10000;75;-408.41;1041.48;0.83;-5.4455;0.6000;13;7;0.5385;-371.16;42.00;1.0000;0.0253;0.74;4;0.0000
XAUUSDm;M15;60;2.0;3.00;1;0.75;1.50;30;0;200;0;30;70;1;0;10000;75;-408.84;1156.30;0.84;-5.4512;0.6267;13;8;0.6154;-455.96;43.98;1.0000;0.0242;1.56;4;0.0000
XAUUSDm;M15;60;2.0;3.00;1;0.75;1.50;48;0;200;0;30;70;1;0;10000;75;-428.35;1175.81;0.83;-5.7113;0.6267;13;8;0.6154;-455.96;43.98;1.0000;0.0242;1.56;4;0.0000
XAUUSDm;M15;60;2.0;3.00;1;0.75;2.00;12;0;200;0;30;70;1;0;10000;73;-380.98;696.02;0.79;-5.2189;0.6438;13;5;0.3846;-311.66;-12.53;1.0000;0.0254;0.84;3;0.0000
XAUUSDm;M15;60;2.0;3.00;1;0.75;2.00;30;0;200;0;30;70;1;0;10000;73;-292.88;632.76;0.84;-4.0121;0.6986;13;7;0.5385;-296.38;7.30;1.0000;0.0234;1.67;3;0.0000
XAUUSDm;M15;60;2.0;3.00;1;0.75;2.00;48;0;200;0;30;70;1;0;10000;73;-317.86;657.74;0.83;-4.3542;0.6986;13;7;0.5385;-296.38;7.30;1.0000;0.0234;1.68;3;0.0000
XAUUSDm;M15;60;2.0;3.00;1;0.75;2.50;12;0;200;0;30;70;1;0;10000;71;-379.18;639.02;0.75;-5.3406;0.6620;13;5;0.3846;-277.43;-14.59;1.0000;0.0264;1.02;3;0.0000
XAUUSDm;M15;60;2.0;3.00;1;0.75;2.50;30;0;200;0;30;70;1;0;10000;71;-291.52;601.39;0.81;-4.1059;0.7324;13;7;0.5385;-290.61;16.87;1.0000;0.0237;2.06;3;0.0000
XAUUSDm;M15;60;2.0;3.00;1;0.75;2.50;48;0;200;0;30;70;1;0;10000;71;-369.93;679.80;0.77;-5.2103;0.7324;13;7;0.5385;-290.61;7.94;1.0000;0.0237;2.09;3;0.0000
XAUUSDm;M15;60;2.0;3.00;1;0.75;3.00;12;0;200;0;30;70;1;0;10000;68;-99.41;380.29;0.90;-1.4619;0.6765;13;7;0.5385;-171.25;11.54;1.0000;0.0270;1.15;3;0.0000
XAUUSDm;M15;60;2.0;3.00;1;0.75;3.00;30;0;200;0;30;70;1;0;10000;68;-157.80;491.70;0.87;-2.3206;0.7647;13;9;0.6923;-292.38;41.19;1.0000;0.0240;2.44;3;0.0000
XAUUSDm;M15;60;2.0;3.00;1;0.75;3.00;48;0;200;0;30;70;1;0;10000;68;-102.06;477.28;0.91;-1.5009;0.7794;13;9;0.6923;-292.38;44.53;1.0000;0.0239;2.63;3;0.0000
XAUUSDm;M15;60;2.0;3.00;1;1.00;1.00;12;0;200;0;30;70;1;0;10000;75;304.24;878.17;1.09;4.0565;0.5200;13;7;0.5385;-289.21;2.04;0.3285;0.0279;0.83;4;0.0000
XAUUSDm;M15;60;2.0;3.00;1;1.00;1.00;30;0;200;0;30;70;1;0;10000;75;458.77;878.17;1.14;6.1169;0.5333;13;9;0.6923;-289.21;21.79;0.2178;0.0271;0.86;4;0.0000
XAUUSDm;M15;60;2.0;3.00;1;1.00;1.00;48;0;200;0;30;70;1;0;10000;75;458.77;878.17;1.14;6.1169;0.5333;13;9;0.6923;-289.21;21.79;0.2178;0.0271;0.86;4;0.0000
XAUUSDm;M15;60;2.0;3.00;1;1.00;1.50;12;0;200;0;30;70;1;0;10000;75;-318.49;959.90;0.88;-4.2465;0.5333;13;6;0.4615;-312.50;-30.52;1.0000;0.0287;1.09;4;0.0000
XAUUSDm;M15;60;2.0;3.00;1;1.00;1.50;30;0;200;0;30;70;1;0;10000;75;-455.65;1210.59;0.84;-6.0753;0.5600;13;6;0.4615;-397.05;-30.52;1.0000;0.0271;1.98;4;0.0000
XAUUSDm;M15;60;2.0;3.00;1;1.00;1.50;48;0;200;0;30;70;1;0;10000;75;-475.16;1230.10;0.84;-6.3355;0.5600;13;6;0.4615;-397.05;-30.52;1.0000;0.0271;1.99;4;0.0000
XAUUSDm;M15;60;2.0;3.00;1;1.00;2.00;12;0;200;0;30;70;1;0;10000;73;-149.78;628.13;0.92;-2.0518;0.5890;13;7;0.5385;-271.42;11.79;1.0000;0.0275;1.24;3;0.0000
XAUUSDm;M15;60;2.0;3.00;1;1.00;2.00;30;0;200;0;30;70;1;0;10000;73;-150.48;606.67;0.93;-2.0614;0.6438;13;8;0.6154;-245.97;29.53;1.0000;0.0250;2.19;3;0.0000
XAUUSDm;M15;60;2.0;3.00;1;1.00;2.00;48;0;200;0;30;70;1;0;10000;73;-141.00;631.65;0.93;-1.9315;0.6438;13;8;0.6154;-245.97;29.53;1.0000;0.0250;2.26;3;0.0000
XAUUSDm;M15;60;2.0;3.00;1;1.00;2.50;12;0;200;0;30;70;1;0;10000;71;-232.88;562.99;0.85;-3.2800;0.6056;13;7;0.5385;-244.11;2.50;1.0000;0.0289;1.43;3;0.0000
XAUUSDm;M15;60;2.0;3.00;1;1.00;2.50;30;0;200;0;30;70;1;0;10000;71;-87.71;585.38;0.95;-1.2354;0.7042;13;6;0.4615;-252.20;-11.77;1.0000;0.0249;3.39;3;0.0000
XAUUSDm;M15;60;2.0;3.00;1;1.00;2.50;48;0;200;0;30;70;1;0;10000;71;-111.72;663.79;0.94;-1.5735;0.7042;13;7;0.5385;-252.20;2.50;1.0000;0.0246;3.49;3;0.0000
XAUUSDm;M15;60;2.0;3.00;1;1.00;3.00;12;0;200;0;30;70;1;0;10000;68;2.02;329.61;1.00;0.0297;0.6176;13;8;0.6154;-145.65;21.76;16.3713;0.0300;1.59;3;0.0000
XAUUSDm;M15;60;2.0;3.00;1;1.00;3.00;30;0;200;0;30;70;1;0;10000;68;-76.62;483.19;0.94;-1.1268;0.7206;13;7;0.5385;-261.69;30.78;1.0000;0.0257;3.86;3;0.0000
XAUUSDm;M15;60;2.0;3.00;1;1.00;3.00;48;0;200;0;30;70;1;0;10000;68;33.52;446.15;1.03;0.4929;0.7353;13;7;0.5385;-261.69;30.78;0.9866;0.0253;4.13;3;0.0000
XAUUSDm;M15;60;2.0;3.00;1;1.25;1.00;12;0;200;0;30;70;1;0;10000;74;499.99;848.72;1.14;6.7566;0.4865;13;7;0.5385;-308.39;50.21;0.2472;0.0312;0.97;7;0.0000
XAUUSDm;M15;60;2.0;3.00;1;1.25;1.00;30;0;200;0;30;70;1;0;10000;74;829.27;848.72;1.24;11.2064;0.5000;13;9;0.6923;-308.39;80.26;0.1506;0.0294;1.03;7;0.0000
XAUUSDm;M15;60;2.0;3.00;1;1.25;1.00;48;0;200;0;30;70;1;0;10000;74;829.27;848.72;1.24;11.2064;0.5000;13;9;0.6923;-308.39;80.26;0.1506;0.0294;1.03;7;0.0000
XAUUSDm;M15;60;2.0;3.00;1;1.25;1.50;12;0;200;0;30;70;1;0;10000;74;-257.10;918.25;0.91;-3.4743;0.5000;13;7;0.5385;-320.46;15.41;1.0000;0.0324;1.25;7;0.0000
XAUUSDm;M15;60;2.0;3.00;1;1.25;1.50;30;0;200;0;30;70;1;0;10000;74;-264.23;1046.27;0.92;-3.5707;0.5270;13;7;0.5385;-405.26;31.94;1.0000;0.0293;2.18;7;0.0000
XAUUSDm;M15;60;2.0;3.00;1;1.25;1.50;48;0;200;0;30;70;1;0;10000;74;-283.74;1065.78;0.91;-3.8343;0.5270;13;7;0.5385;-405.26;31.94;1.0000;0.0293;2.19;7;0.0000
XAUUSDm;M15;60;2.0;3.00;1;1.25;2.00;12;0;200;0;30;70;1;0;10000;72;-148.41;595.00;0.93;-2.0613;0.5556;13;6;0.4615;-275.12;-2.16;1.0000;0.0307;1.44;6;0.0000
XAUUSDm;M15;60;2.0;3.00;1;1.25;2.00;30;0;200;0;30;70;1;0;10000;72;-28.73;552.70;0.99;-0.3990;0.5972;13;8;0.6154;-239.50;21.57;1.0000;0.0270;2.50;4;0.0000
XAUUSDm;M15;60;2.0;3.00;1;1.25;2.00;48;0;200;0;30;70;1;0;10000;72;18.57;552.70;1.01;0.2579;0.6111;13;8;0.6154;-239.50;40.08;3.3393;0.0266;2.61;4;0.0000
XAUUSDm;M15;60;2.0;3.00;1;1.25;2.50;12;0;200;0;30;70;1;0;10000;70;-301.95;576.01;0.83;-4.3136;0.5714;13;7;0.5385;-253.94;6.15;1.0000;0.0335;1.64;6;0.0000
XAUUSDm;M15;60;2.0;3.00;1;1.25;2.50;30;0;200;0;30;70;1;0;10000;70;-56.41;525.62;0.97;-0.8059;0.6571;13;9;0.6923;-256.94;18.33;1.0000;0.0276;3.74;4;0.0000
XAUUSDm;M15;60;2.0;3.00;1;1.25;2.50;48;0;200;0;30;70;1;0;10000;70;-35.32;604.03;0.98;-0.5046;0.6714;13;9;0.6923;-256.94;27.07;1.0000;0.0267;3.97;4;0.0000
XAUUSDm;M15;60;2.0;3.00;1;1.25;3.00;12;0;200;0;30;70;1;0;10000;67;-34.19;309.80;0.97;-0.5103;0.5821;13;7;0.5385;-141.23;11.12;1.0000;0.0343;1.80;6;0.0000
XAUUSDm;M15;60;2.0;3.00;1;1.25;3.00;30;0;200;0;30;70;1;0;10000;67;-82.33;424.12;0.95;-1.2288;0.6716;13;8;0.6154;-252.18;18.96;1.0000;0.0283;4.23;4;0.0000
XAUUSDm;M15;60;2.0;3.00;1;1.25;3.00;48;0;200;0;30;70;1;0;10000;67;72.91;387.08;1.05;1.0882;0.7015;13;8;0.6154;-252.18;37.66;0.5670;0.0272;4.65;4;0.0000
XAUUSDm;M15;60;2.0;3.00;1;1.50;1.00;12;0;200;0;30;70;1;0;10000;74;868.03;733.53;1.24;11.7301;0.4730;13;6;0.4615;-243.79;-3.20;0.1709;0.0335;1.13;7;0.0000
XAUUSDm;M15;60;2.0;3.00;1;1.50;1.00;30;0;200;0;30;70;1;0;10000;74;1217.25;733.53;1.35;16.4493;0.4865;13;8;0.6154;-243.79;138.50;0.1231;0.0316;1.33;7;0.0000
XAUUSDm;M15;60;2.0;3.00;1;1.50;1.00;48;0;200;0;30;70;1;0;10000;74;1341.87;733.53;1.38;18.1334;0.4865;13;8;0.6154;-243.79;138.50;0.1117;0.0308;1.39;7;0.0000
XAUUSDm;M15;60;2.0;3.00;1;1.50;1.50;12;0;200;0;30;70;1;0;10000;74;-41.58;855.54;0.99;-0.5619;0.4865;13;7;0.5385;-285.25;43.74;1.0000;0.0346;1.44;7;0.0000
XAUUSDm;M15;60;2.0;3.00;1;1.50;1.50;30;0;200;0;30;70;1;0;10000;74;-19.65;970.58;0.99;-0.2655;0.5135;13;8;0.6154;-360.51;92.34;1.0000;0.0314;2.50;7;0.0000
XAUUSDm;M15;60;2.0;3.00;1;1.50;1.50;48;0;200;0;30;70;1;0;10000;74;36.86;970.07;1.01;0.4981;0.5135;13;8;0.6154;-360.51;92.34;2.7130;0.0306;2.57;7;0.0000
XAUUSDm;M15;60;2.0;3.00;1;1.50;2.00;12;0;200;0;30;70;1;0;10000;72;-20.65;552.00;0.99;-0.2868;0.5417;13;8;0.6154;-244.32;14.53;1.0000;0.0331;1.63;6;0.0000
XAUUSDm;M15;60;2.0;3.00;1;1.50;2.00;30;0;200;0;30;70;1;0;10000;72;82.13;560.12;1.03;1.1407;0.5694;13;7;0.5385;-198.53;62.18;0.9060;0.0295;2.92;4;0.0000
XAUUSDm;M15;60;2.0;3.00;1;1.50;2.00;48;0;200;0;30;70;1;0;10000;72;132.99;558.81;1.05;1.8471;0.5833;13;7;0.5385;-198.53;8.81;0.5595;0.0284;3.16;4;0.0000
XAUUSDm;M15;60;2.0;3.00;1;1.50;2.50;12;0;200;0;30;70;1;0;10000;70;-141.99;515.21;0.92;-2.0284;0.5571;13;7;0.5385;-230.06;2.38;1.0000;0.0360;1.85;6;0.0000
XAUUSDm;M15;60;2.0;3.00;1;1.50;2.50;30;0;200;0;30;70;1;0;10000;70;49.27;505.38;1.03;0.7039;0.6286;13;9;0.6923;-227.98;28.54;1.2178;0.0298;4.89;4;0.0000
XAUUSDm;M15;60;2.0;3.00;1;1.50;2.50;48;0;200;0;30;70;1;0;10000;70;36.29;617.60;1.02;0.5184;0.6429;13;9;0.6923;-227.98;47.05;1.6533;0.0287;5.29;4;0.0000
XAUUSDm;M15;60;2.0;3.00;1;1.50;3.00;12;0;200;0;30;70;1;0;10000;67;101.89;284.37;1.08;1.5207;0.5672;13;7;0.5385;-120.35;2.38;0.4852;0.0366;1.99;6;0.0000
XAUUSDm;M15;60;2.0;3.00;1;1.50;3.00;30;0;200;0;30;70;1;0;10000;67;-53.07;405.70;0.97;-0.7921;0.6418;13;8;0.6154;-226.22;15.01;1.0000;0.0311;5.39;4;0.0000
XAUUSDm;M15;60;2.0;3.00;1;1.50;3.00;48;0;200;0;30;70;1;0;10000;67;43.53;437.16;1.03;0.6497;0.6716;13;9;0.6923;-226.22;30.80;1.1397;0.0298;5.98;4;0.0000
