XAUUSDm;M15;100;2.0;1.00;1;0.40;0.50;48;0;200;0;30;70;0;0;10000;1276;-9936.35;10036.71;0.84;-7.7871;0.5110;5;0;0.0000;-5536.31;-219.82;1.0000;0.0016;0.21;9;0.0000
XAUUSDm;M15;100;2.0;1.00;1;0.40;0.50;48;0;200;0;30;70;1;0;10000;1583;-9909.89;10034.26;0.87;-6.2602;0.5199;7;1;0.1429;-2878.76;-1493.83;1.0000;0.0013;0.22;13;0.0000
XAUUSDm;M15;100;2.0;1.00;1;0.40;0.75;48;0;200;0;30;70;0;0;10000;1666;-9966.86;10057.95;0.84;-5.9825;0.6122;6;0;0.0000;-4020.24;-1091.97;1.0000;0.0010;0.34;8;0.0000
XAUUSDm;M15;100;2.0;1.00;1;0.40;0.75;48;0;200;0;30;70;1;0;10000;2911;-9812.76;10027.00;0.90;-3.3709;0.6293;12;3;0.2500;-2045.03;-1123.40;1.0000;0.0006;0.46;8;0.0000
XAUUSDm;M15;100;2.0;1.00;1;0.40;1.00;48;0;200;0;30;70;0;0;10000;2617;-9964.05;10183.01;0.87;-3.8074;0.6867;5;0;0.0000;-2997.39;-2150.78;1.0000;0.0006;0.45;6;0.0000
XAUUSDm;M15;100;2.0;1.00;1;0.40;1.00;48;0;200;0;30;70;1;0;10000;2909;-9950.90;10091.03;0.88;-3.4207;0.6889;12;1;0.0833;-1951.00;-915.69;1.0000;0.0005;0.61;6;0.0000
XAUUSDm;M15;100;2.0;1.00;1;0.40;1.25;48;0;200;0;30;70;0;0;10000;2374;-10000.77;10306.83;0.84;-4.2126;0.7245;6;0;0.0000;-3276.98;-1702.75;1.0000;0.0006;0.57;5;0.0000
XAUUSDm;M15;100;2.0;1.00;1;0.40;1.25;48;0;200;0;30;70;1;0;10000;2821;-9913.10;10129.81;0.86;-3.5140;0.7288;11;1;0.0909;-1810.04;-901.09;1.0000;0.0005;0.71;7;0.0000
XAUUSDm;M15;100;2.0;1.00;1;0.60;0.50;48;0;200;0;30;70;0;0;10000;592;-9936.23;10236.77;0.73;-16.7842;0.3767;5;0;0.0000;-6828.88;-119.77;1.0000;0.0046;0.41;16;0.0000
XAUUSDm;M15;100;2.0;1.00;1;0.60;0.50;48;0;200;0;30;70;1;0;10000;1240;-9922.13;10103.46;0.86;-8.0017;0.4177;5;0;0.0000;-2995.11;-2382.12;1.0000;0.0020;0.40;14;0.0000
XAUUSDm;M15;100;2.0;1.00;1;0.60;0.75;48;0;200;0;30;70;0;0;10000;1308;-9954.88;10284.88;0.84;-7.6108;0.5122;6;0;0.0000;-4359.37;-1034.25;1.0000;0.0015;0.51;10;0.0000
XAUUSDm;M15;100;2.0;1.00;1;0.60;0.75;48;0;200;0;30;70;1;0;10000;2281;-9840.06;10053.04;0.90;-4.3139;0.5300;10;1;0.1000;-2234.45;-1012.06;1.0000;0.0009;0.64;11;0.0000
XAUUSDm;M15;100;2.0;1.00;1;0.60;1.00;48;0;200;0;30;70;0;0;10000;1916;-9997.84;10354.40;0.87;-5.2181;0.5924;5;0;0.0000;-3124.89;-1653.63;1.0000;0.0009;0.70;8;0.0000
XAUUSDm;M15;100;2.0;1.00;1;0.60;1.00;48;0;200;0;30;70;1;0;10000;2376;-9888.08;10022.39;0.89;-4.1616;0.5976;10;1;0.1000;-2673.67;-931.12;1.0000;0.0007;0.88;7;0.0000
XAUUSDm;M15;100;2.0;1.00;1;0.60;1.25;48;0;200;0;30;70;0;0;10000;1841;-9972.31;10245.05;0.84;-5.4168;0.6377;5;0;0.0000;-3178.73;-1859.04;1.0000;0.0009;0.84;6;0.0000
XAUUSDm;M15;100;2.0;1.00;1;0.60;1.25;48;0;200;0;30;70;1;0;10000;2422;-9969.98;10249.20;0.87;-4.1164;0.6462;12;1;0.0833;-2441.14;-702.30;1.0000;0.0007;1.06;7;0.0000
XAUUSDm;M15;100;2.0;1.00;1;0.80;0.50;48;0;200;0;30;70;0;0;10000;1091;-9942.86;10441.77;0.86;-9.1135;0.3483;5;0;0.0000;-5592.16;-243.10;1.0000;0.0027;0.39;16;0.0000
XAUUSDm;M15;100;2.0;1.00;1;0.80;0.50;48;0;200;0;30;70;1;0;10000;1096;-9914.70;10242.51;0.86;-9.0463;0.3495;5;0;0.0000;-3546.64;-1860.03;1.0000;0.0027;0.54;15;0.0000
XAUUSDm;M15;100;2.0;1.00;1;0.80;0.75;48;0;200;0;30;70;0;0;10000;1210;-10086.35;10442.87;0.85;-8.3358;0.4463;3;0;0.0000;-3838.90;-3433.93;1.0000;0.0019;0.64;11;0.0000
XAUUSDm;M15;100;2.0;1.00;1;0.80;0.75;48;0;200;0;30;70;1;0;10000;1058;-9964.93;10185.09;0.83;-9.4186;0.4376;5;0;0.0000;-2925.21;-2046.16;1.0000;0.0022;0.74;9;0.0000
XAUUSDm;M15;100;2.0;1.00;1;0.80;1.00;48;0;200;0;30;70;0;0;10000;1457;-9995.41;10404.95;0.85;-6.8603;0.5168;5;0;0.0000;-3218.40;-2555.39;1.0000;0.0014;0.87;11;0.0000
XAUUSDm;M15;100;2.0;1.00;1;0.80;1.00;48;0;200;0;30;70;1;0;10000;1997;-9948.44;10073.40;0.89;-4.9817;0.5263;12;1;0.0833;-3302.67;-593.53;1.0000;0.0010;1.11;9;0.0000
XAUUSDm;M15;100;2.0;1.00;1;0.80;1.25;48;0;200;0;30;70;0;0;10000;1534;-9988.99;10356.45;0.84;-6.5117;0.5684;5;0;0.0000;-3515.39;-2028.15;1.0000;0.0012;1.11;9;0.0000
XAUUSDm;M15;100;2.0;1.00;1;0.80;1.25;48;0;200;0;30;70;1;0;10000;1801;-9930.13;10238.74;0.86;-5.5137;0.5730;10;2;0.2000;-3104.41;-791.06;1.0000;0.0010;1.34;7;0.0000
XAUUSDm;M15;100;2.0;1.00;1;1.00;0.50;48;0;200;0;30;70;0;0;10000;688;-9947.89;10067.31;0.79;-14.4591;0.2834;5;0;0.0000;-5061.77;-155.50;1.0000;0.0052;0.58;16;0.0000
XAUUSDm;M15;100;2.0;1.00;1;1.00;0.50;48;0;200;0;30;70;1;0;10000;578;-9917.75;10079.24;0.76;-17.1587;0.2751;7;1;0.1429;-5466.62;-252.61;1.0000;0.0065;0.72;17;0.0000
XAUUSDm;M15;100;2.0;1.00;1;1.00;0.75;48;0;200;0;30;70;0;0;10000;773;-9988.20;10477.16;0.79;-12.9213;0.3726;6;0;0.0000;-6011.32;-71.81;1.0000;0.0036;0.73;12;0.0000
XAUUSDm;M15;100;2.0;1.00;1;1.00;0.75;48;0;200;0;30;70;1;0;10000;941;-9978.32;10305.28;0.82;-10.6040;0.3826;6;0;0.0000;-3828.67;-1480.65;1.0000;0.0029;1.17;11;0.0000
XAUUSDm;M15;100;2.0;1.00;1;1.00;1.00;48;0;200;0;30;70;0;0;10000;1261;-9958.85;10424.99;0.85;-7.8976;0.4600;5;0;0.0000;-4558.81;-1883.74;1.0000;0.0018;1.10;11;0.0000
XAUUSDm;M15;100;2.0;1.00;1;1.00;1.00;48;0;200;0;30;70;1;0;10000;1582;-9909.51;10111.13;0.88;-6.2639;0.4671;10;2;0.2000;-4033.28;-653.23;1.0000;0.0014;1.49;11;0.0000
XAUUSDm;M15;100;2.0;1.00;1;1.00;1.25;48;0;200;0;30;70;0;0;10000;1162;-9994.50;10321.54;0.82;-8.6011;0.5052;5;0;0.0000;-3988.08;-1800.07;1.0000;0.0018;1.44;9;0.0000
XAUUSDm;M15;100;2.0;1.00;1;1.00;1.25;48;0;200;0;30;70;1;0;10000;1149;-9919.00;10227.23;0.81;-8.6327;0.5030;7;1;0.1429;-3572.31;-1403.52;1.0000;0.0019;1.89;9;0.0000
XAUUSDm;M15;100;2.0;1.00;1;1.20;0.50;48;0;200;0;30;70;0;0;10000;700;-9934.94;10252.86;0.81;-14.1928;0.2514;5;0;0.0000;-4980.37;-240.32;1.0000;0.0058;0.72;17;0.0000
XAUUSDm;M15;100;2.0;1.00;1;1.20;0.50;48;0;200;0;30;70;1;0;10000;1042;-9943.70;10345.31;0.87;-9.5429;0.2658;6;0;0.0000;-3777.62;-1487.67;1.0000;0.0037;0.81;22;0.0000
XAUUSDm;M15;100;2.0;1.00;1;1.20;0.75;48;0;200;0;30;70;0;0;10000;1388;-9961.54;10456.83;0.88;-7.1769;0.3573;5;0;0.0000;-3488.36;-2665.19;1.0000;0.0021;0.92;16;0.0000
XAUUSDm;M15;100;2.0;1.00;1;1.20;0.75;48;0;200;0;30;70;1;0;10000;1967;-8948.21;10295.23;0.92;-4.5492;0.3671;13;3;0.2308;-2135.93;-744.40;1.0000;0.0015;1.28;18;0.0000
XAUUSDm;M15;100;2.0;1.00;1;1.20;1.00;48;0;200;0;30;70;0;0;10000;1255;-9977.17;10324.74;0.86;-7.9499;0.4183;5;0;0.0000;-3967.16;-1920.48;1.0000;0.0020;1.44;10;0.0000
XAUUSDm;M15;100;2.0;1.00;1;1.20;1.00;48;0;200;0;30;70;1;0;10000;1627;-9886.03;10358.65;0.89;-6.0762;0.4253;10;2;0.2000;-2965.88;-662.25;1.0000;0.0015;1.73;11;0.0000
XAUUSDm;M15;100;2.0;1.00;1;1.20;1.25;48;0;200;0;30;70;0;0;10000;1362;-9977.78;10344.20;0.85;-7.3258;0.4699;7;0;0.0000;-3211.79;-795.58;1.0000;0.0017;1.76;9;0.0000
XAUUSDm;M15;100;2.0;1.00;1;1.20;1.25;48;0;200;0;30;70;1;0;10000;1474;-9970.45;10433.83;0.86;-6.7642;0.4722;12;2;0.1667;-2632.05;-843.41;1.0000;0.0016;2.04;9;0.0000
XAUUSDm;M15;100;2.0;1.00;1;1.40;0.50;48;0;200;0;30;70;0;0;10000;648;-9928.90;10364.57;0.80;-15.3224;0.2222;5;0;0.0000;-5646.48;-229.25;1.0000;0.0071;0.80;22;0.0000
XAUUSDm;M15;100;2.0;1.00;1;1.40;0.50;48;0;200;0;30;70;1;0;10000;666;-9913.21;10201.78;0.80;-14.8847;0.2237;6;0;0.0000;-5978.04;-727.95;1.0000;0.0069;0.88;26;0.0000
XAUUSDm;M15;100;2.0;1.00;1;1.40;0.75;48;0;200;0;30;70;0;0;10000;625;-9968.10;10414.21;0.77;-15.9490;0.2928;6;0;0.0000;-6891.21;-50.45;1.0000;0.0057;1.02;14;0.0000
XAUUSDm;M15;100;2.0;1.00;1;1.40;0.75;48;0;200;0;30;70;1;0;10000;978;-9949.97;10304.03;0.85;-10.1738;0.3129;6;0;0.0000;-4240.72;-1332.99;1.0000;0.0034;1.34;18;0.0000
XAUUSDm;M15;100;2.0;1.00;1;1.40;1.00;48;0;200;0;30;70;0;0;10000;1094;-9958.32;10384.17;0.85;-9.1027;0.3784;5;0;0.0000;-5074.71;-1364.44;1.0000;0.0025;1.53;12;0.0000
XAUUSDm;M15;100;2.0;1.00;1;1.40;1.00;48;0;200;0;30;70;1;0;10000;1511;-9879.92;10103.87;0.89;-6.5387;0.3885;10;4;0.4000;-3948.47;-835.30;1.0000;0.0018;2.02;15;0.0000
XAUUSDm;M15;100;2.0;1.00;1;1.40;1.25;48;0;200;0;30;70;0;0;10000;1124;-9960.56;10394.75;0.83;-8.8617;0.4270;6;1;0.1667;-3885.09;-1666.68;1.0000;0.0022;1.87;10;0.0000
XAUUSDm;M15;100;2.0;1.00;1;1.40;1.25;48;0;200;0;30;70;1;0;10000;1335;-9915.61;10352.15;0.86;-7.4274;0.4337;10;3;0.3000;-3222.62;-1051.76;1.0000;0.0019;2.38;13;0.0000
XAUUSDm;M15;100;2.0;1.50;1;0.40;0.50;48;0;200;0;30;70;0;0;10000;1966;-9929.65;10029.70;0.89;-5.0507;0.5264;7;2;0.2857;-4048.60;-748.96;1.0000;0.0010;0.19;12;0.0000
XAUUSDm;M15;100;2.0;1.50;1;0.40;0.50;48;0;200;0;30;70;1;0;10000;2220;-7075.72;9820.89;0.93;-3.1873;0.5374;13;6;0.4615;-2095.31;-793.89;1.0000;0.0009;0.27;14;0.0000
XAUUSDm;M15;100;2.0;1.50;1;0.40;0.75;48;0;200;0;30;70;0;0;10000;1773;-9965.96;9976.74;0.85;-5.6210;0.6148;5;0;0.0000;-3063.71;-2446.30;1.0000;0.0009;0.33;7;0.0000
XAUUSDm;M15;100;2.0;1.50;1;0.40;0.75;48;0;200;0;30;70;1;0;10000;2197;-8316.76;9661.78;0.89;-3.7855;0.6268;13;4;0.3077;-2481.01;-346.68;1.0000;0.0008;0.43;8;0.0000
XAUUSDm;M15;100;2.0;1.50;1;0.40;1.00;48;0;200;0;30;70;0;0;10000;3016;-9914.59;9985.70;0.89;-3.2873;0.6900;10;2;0.2000;-3622.09;-789.23;1.0000;0.0005;0.44;6;0.0000
XAUUSDm;M15;100;2.0;1.50;1;0.40;1.00;48;0;200;0;30;70;1;0;10000;2020;-7007.46;8188.81;0.88;-3.4690;0.6886;13;4;0.3077;-2863.13;-381.99;1.0000;0.0008;0.57;7;0.0000
XAUUSDm;M15;100;2.0;1.50;1;0.40;1.25;48;0;200;0;30;70;0;0;10000;3598;-9871.99;10274.27;0.89;-2.7437;0.7357;13;3;0.2308;-3372.50;-899.41;1.0000;0.0004;0.60;5;0.0000
XAUUSDm;M15;100;2.0;1.50;1;0.40;1.25;48;0;200;0;30;70;1;0;10000;1849;-4851.96;5917.63;0.89;-2.6241;0.7355;13;5;0.3846;-2024.83;-182.71;1.0000;0.0008;0.73;7;0.0000
XAUUSDm;M15;100;2.0;1.50;1;0.60;0.50;48;0;200;0;30;70;0;0;10000;2285;-9912.09;10145.68;0.92;-4.3379;0.4341;7;2;0.2857;-3839.03;-1805.26;1.0000;0.0010;0.33;13;0.0000
XAUUSDm;M15;100;2.0;1.50;1;0.60;0.50;48;0;200;0;30;70;1;0;10000;1965;-6606.37;9923.91;0.94;-3.3620;0.4387;13;5;0.3846;-2782.22;-1015.70;1.0000;0.0012;0.42;15;0.0000
XAUUSDm;M15;100;2.0;1.50;1;0.60;0.75;48;0;200;0;30;70;0;0;10000;2204;-9862.46;9915.59;0.90;-4.4748;0.5295;12;2;0.1667;-2757.24;-424.80;1.0000;0.0009;0.53;9;0.0000
XAUUSDm;M15;100;2.0;1.50;1;0.60;0.75;48;0;200;0;30;70;1;0;10000;1883;-3650.14;6849.93;0.96;-1.9385;0.5438;13;5;0.3846;-1914.84;-256.96;1.0000;0.0010;0.63;8;0.0000
XAUUSDm;M15;100;2.0;1.50;1;0.60;1.00;48;0;200;0;30;70;0;0;10000;2667;-9933.03;9941.12;0.90;-3.7244;0.6010;12;3;0.2500;-2941.35;-886.88;1.0000;0.0007;0.63;8;0.0000
XAUUSDm;M15;100;2.0;1.50;1;0.60;1.00;48;0;200;0;30;70;1;0;10000;1721;-4934.18;6803.69;0.92;-2.8670;0.6066;13;6;0.4615;-2212.35;-321.79;1.0000;0.0010;0.86;7;0.0000
XAUUSDm;M15;100;2.0;1.50;1;0.60;1.25;48;0;200;0;30;70;0;0;10000;3030;-6718.00;7671.73;0.93;-2.2172;0.6604;13;4;0.3077;-2759.56;-598.95;1.0000;0.0005;0.81;6;0.0000
XAUUSDm;M15;100;2.0;1.50;1;0.60;1.25;48;0;200;0;30;70;1;0;10000;1564;-3408.37;5164.16;0.93;-2.1793;0.6598;13;5;0.3846;-1499.58;-146.45;1.0000;0.0011;1.07;7;0.0000
XAUUSDm;M15;100;2.0;1.50;1;0.80;0.50;48;0;200;0;30;70;0;0;10000;1338;-9895.76;10049.36;0.88;-7.3959;0.3558;6;1;0.1667;-4403.38;-1230.45;1.0000;0.0022;0.39;17;0.0000
XAUUSDm;M15;100;2.0;1.50;1;0.80;0.50;48;0;200;0;30;70;1;0;10000;1633;-6841.18;9817.57;0.93;-4.1893;0.3680;13;5;0.3846;-2786.15;-214.08;1.0000;0.0017;0.58;18;0.0000
XAUUSDm;M15;100;2.0;1.50;1;0.80;0.75;48;0;200;0;30;70;0;0;10000;1917;-9862.50;9916.96;0.90;-5.1448;0.4580;7;1;0.1429;-2860.80;-2144.37;1.0000;0.0012;0.68;16;0.0000
XAUUSDm;M15;100;2.0;1.50;1;0.80;0.75;48;0;200;0;30;70;1;0;10000;1676;-6753.92;9538.82;0.92;-4.0298;0.4636;13;5;0.3846;-2031.85;-528.09;1.0000;0.0014;0.82;11;0.0000
XAUUSDm;M15;100;2.0;1.50;1;0.80;1.00;48;0;200;0;30;70;0;0;10000;2211;-9913.13;10027.83;0.90;-4.4836;0.5301;10;3;0.3000;-2924.50;-1178.83;1.0000;0.0009;0.83;10;0.0000
XAUUSDm;M15;100;2.0;1.50;1;0.80;1.00;48;0;200;0;30;70;1;0;10000;1498;-6665.06;7989.23;0.90;-4.4493;0.5300;13;4;0.3077;-2534.07;-112.08;1.0000;0.0013;1.14;8;0.0000
XAUUSDm;M15;100;2.0;1.50;1;0.80;1.25;48;0;200;0;30;70;0;0;10000;2511;-8934.42;9652.76;0.91;-3.5581;0.5866;13;4;0.3077;-3104.64;-772.87;1.0000;0.0007;1.10;8;0.0000
XAUUSDm;M15;100;2.0;1.50;1;0.80;1.25;48;0;200;0;30;70;1;0;10000;1359;-5137.92;6821.22;0.90;-3.7807;0.5843;13;4;0.3077;-1725.61;-579.08;1.0000;0.0014;1.43;8;0.0000
XAUUSDm;M15;100;2.0;1.50;1;1.00;0.50;48;0;200;0;30;70;0;0;10000;786;-9943.82;10004.80;0.82;-12.6512;0.2901;5;0;0.0000;-3564.22;-3067.33;1.0000;0.0045;0.50;16;0.0000
XAUUSDm;M15;100;2.0;1.50;1;1.00;0.50;48;0;200;0;30;70;1;0;10000;1300;-5727.27;10137.29;0.93;-4.4056;0.3185;13;6;0.4615;-3058.08;0.00;1.0000;0.0025;0.80;18;0.0000
XAUUSDm;M15;100;2.0;1.50;1;1.00;0.75;48;0;200;0;30;70;0;0;10000;1252;-9996.04;10063.13;0.86;-7.9841;0.3938;5;0;0.0000;-3632.69;-1846.18;1.0000;0.0021;0.80;16;0.0000
XAUUSDm;M15;100;2.0;1.50;1;1.00;0.75;48;0;200;0;30;70;1;0;10000;1408;-7053.08;10064.91;0.91;-5.0093;0.4062;13;5;0.3846;-2053.02;-869.74;1.0000;0.0018;1.06;15;0.0000
XAUUSDm;M15;100;2.0;1.50;1;1.00;1.00;48;0;200;0;30;70;0;0;10000;1970;-9878.80;9942.54;0.90;-5.0146;0.4746;10;2;0.2000;-3152.88;-933.22;1.0000;0.0011;1.13;10;0.0000
XAUUSDm;M15;100;2.0;1.50;1;1.00;1.00;48;0;200;0;30;70;1;0;10000;1380;-7040.46;8498.82;0.90;-5.1018;0.4739;13;7;0.5385;-2348.49;5.91;1.0000;0.0016;1.50;11;0.0000
XAUUSDm;M15;100;2.0;1.50;1;1.00;1.25;48;0;200;0;30;70;0;0;10000;2238;-8124.14;8751.78;0.92;-3.6301;0.5335;13;5;0.3846;-2754.11;-734.26;1.0000;0.0009;1.39;8;0.0000
XAUUSDm;M15;100;2.0;1.50;1;1.00;1.25;48;0;200;0;30;70;1;0;10000;1244;-5714.66;6771.68;0.89;-4.5938;0.5265;13;5;0.3846;-1507.58;-206.58;1.0000;0.0017;1.90;9;0.0000
XAUUSDm;M15;100;2.0;1.50;1;1.20;0.50;48;0;200;0;30;70;0;0;10000;1960;-9905.15;10045.35;0.93;-5.0536;0.2791;7;2;0.2857;-4074.72;-2318.79;1.0000;0.0019;0.71;22;0.0000
XAUUSDm;M15;100;2.0;1.50;1;1.20;0.50;48;0;200;0;30;70;1;0;10000;1585;-6999.68;10542.28;0.94;-4.4162;0.2808;13;6;0.4615;-3271.03;-271.81;1.0000;0.0023;0.94;20;0.0000
XAUUSDm;M15;100;2.0;1.50;1;1.20;0.75;48;0;200;0;30;70;0;0;10000;1560;-9832.66;9945.52;0.90;-6.3030;0.3596;7;2;0.2857;-4297.84;-1086.85;1.0000;0.0019;1.08;16;0.0000
XAUUSDm;M15;100;2.0;1.50;1;1.20;0.75;48;0;200;0;30;70;1;0;10000;1443;-5498.37;8416.39;0.94;-3.8104;0.3701;13;6;0.4615;-2453.05;-169.55;1.0000;0.0020;1.29;17;0.0000
XAUUSDm;M15;100;2.0;1.50;1;1.20;1.00;48;0;200;0;30;70;0;0;10000;1249;-9970.60;10036.72;0.85;-7.9829;0.4179;7;0;0.0000;-3282.98;-1167.80;1.0000;0.0021;1.49;11;0.0000
XAUUSDm;M15;100;2.0;1.50;1;1.20;1.00;48;0;200;0;30;70;1;0;10000;1270;-6109.28;7759.47;0.91;-4.8105;0.4323;13;5;0.3846;-2289.47;-205.49;1.0000;0.0019;1.85;11;0.0000
XAUUSDm;M15;100;2.0;1.50;1;1.20;1.25;48;0;200;0;30;70;0;0;10000;1886;-9924.83;10390.94;0.89;-5.2624;0.4809;12;3;0.2500;-2946.65;-908.01;1.0000;0.0012;1.64;10;0.0000
XAUUSDm;M15;100;2.0;1.50;1;1.20;1.25;48;0;200;0;30;70;1;0;10000;1143;-5683.36;6654.67;0.90;-4.9723;0.4821;13;5;0.3846;-1805.01;-278.77;1.0000;0.0020;2.21;9;0.0000
XAUUSDm;M15;100;2.0;1.50;1;1.40;0.50;48;0;200;0;30;70;0;0;10000;603;-9907.74;10127.16;0.78;-16.4307;0.2189;5;0;0.0000;-5028.13;-862.47;1.0000;0.0078;0.77;21;0.0000
XAUUSDm;M15;100;2.0;1.50;1;1.40;0.50;48;0;200;0;30;70;1;0;10000;1474;-5139.50;10175.15;0.95;-3.4868;0.2537;13;6;0.4615;-3680.07;-133.38;1.0000;0.0028;1.14;19;0.0000
XAUUSDm;M15;100;2.0;1.50;1;1.40;0.75;48;0;200;0;30;70;0;0;10000;1088;-9936.14;10335.49;0.86;-9.1325;0.3162;6;1;0.1667;-4059.44;-1353.11;1.0000;0.0030;1.08;16;0.0000
XAUUSDm;M15;100;2.0;1.50;1;1.40;0.75;48;0;200;0;30;70;1;0;10000;1367;-6687.32;9908.69;0.92;-4.8920;0.3321;13;5;0.3846;-1902.77;-670.65;1.0000;0.0023;1.62;17;0.0000
XAUUSDm;M15;100;2.0;1.50;1;1.40;1.00;48;0;200;0;30;70;0;0;10000;1170;-9932.84;9976.73;0.85;-8.4896;0.3812;7;2;0.2857;-3508.54;-1836.90;1.0000;0.0024;1.61;11;0.0000
XAUUSDm;M15;100;2.0;1.50;1;1.40;1.00;48;0;200;0;30;70;1;0;10000;1202;-6471.29;7701.46;0.91;-5.3838;0.3943;13;5;0.3846;-2445.18;-89.00;1.0000;0.0023;2.22;11;0.0000
XAUUSDm;M15;100;2.0;1.50;1;1.40;1.25;48;0;200;0;30;70;0;0;10000;1666;-9976.79;10153.69;0.88;-5.9885;0.4418;12;5;0.4167;-2784.09;-926.87;1.0000;0.0015;1.92;10;0.0000
XAUUSDm;M15;100;2.0;1.50;1;1.40;1.25;48;0;200;0;30;70;1;0;10000;1074;-5375.71;6321.36;0.90;-5.0053;0.4469;13;5;0.3846;-1922.55;-290.40;1.0000;0.0023;2.72;9;0.0000
XAUUSDm;M15;100;2.0;2.00;1;0.40;0.50;48;0;200;0;30;70;0;0;10000;1308;-9871.87;10102.39;0.84;-7.5473;0.5122;7;1;0.1429;-2937.02;-1363.89;1.0000;0.0015;0.24;9;0.0000
XAUUSDm;M15;100;2.0;2.00;1;0.40;0.50;48;0;200;0;30;70;1;0;10000;951;-6974.90;8220.50;0.84;-7.3343;0.5142;13;3;0.2308;-2565.02;-513.79;1.0000;0.0021;0.32;11;0.0000
XAUUSDm;M15;100;2.0;2.00;1;0.40;0.75;48;0;200;0;30;70;0;0;10000;1785;-9884.03;10004.03;0.85;-5.5373;0.6151;12;1;0.0833;-2321.67;-1063.36;1.0000;0.0010;0.38;8;0.0000
XAUUSDm;M15;100;2.0;2.00;1;0.40;0.75;48;0;200;0;30;70;1;0;10000;895;-6299.85;7056.64;0.81;-7.0389;0.6056;13;2;0.1538;-1739.88;-524.11;1.0000;0.0020;0.53;10;0.0000
XAUUSDm;M15;100;2.0;2.00;1;0.40;1.00;48;0;200;0;30;70;0;0;10000;2055;-8225.51;8682.88;0.86;-4.0027;0.6847;13;2;0.1538;-1783.59;-469.91;1.0000;0.0008;0.43;7;0.0000
XAUUSDm;M15;100;2.0;2.00;1;0.40;1.00;48;0;200;0;30;70;1;0;10000;833;-5528.75;5994.36;0.79;-6.6372;0.6651;13;3;0.2308;-1950.62;-439.21;1.0000;0.0019;0.72;9;0.0000
XAUUSDm;M15;100;2.0;2.00;1;0.40;1.25;48;0;200;0;30;70;0;0;10000;1862;-7162.72;7561.02;0.85;-3.8468;0.7272;13;2;0.1538;-1625.72;-520.49;1.0000;0.0008;0.54;7;0.0000
XAUUSDm;M15;100;2.0;2.00;1;0.40;1.25;48;0;200;0;30;70;1;0;10000;772;-5218.57;5610.36;0.75;-6.7598;0.7034;13;3;0.2308;-1370.97;-501.80;1.0000;0.0020;0.87;5;0.0000
XAUUSDm;M15;100;2.0;2.00;1;0.60;0.50;48;0;200;0;30;70;0;0;10000;1555;-9778.88;10049.82;0.89;-6.2887;0.4251;10;1;0.1000;-2041.51;-1083.27;1.0000;0.0016;0.30;12;0.0000
XAUUSDm;M15;100;2.0;2.00;1;0.60;0.50;48;0;200;0;30;70;1;0;10000;870;-6823.06;8165.53;0.86;-7.8426;0.4184;13;3;0.2308;-2525.55;-602.59;1.0000;0.0028;0.43;12;0.0000
XAUUSDm;M15;100;2.0;2.00;1;0.60;0.75;48;0;200;0;30;70;0;0;10000;2012;-8883.33;9746.96;0.90;-4.4152;0.5303;13;3;0.2308;-2343.41;-559.27;1.0000;0.0010;0.50;9;0.0000
XAUUSDm;M15;100;2.0;2.00;1;0.60;0.75;48;0;200;0;30;70;1;0;10000;790;-5417.83;6163.42;0.85;-6.8580;0.5165;13;3;0.2308;-1682.58;-380.21;1.0000;0.0026;0.75;10;0.0000
XAUUSDm;M15;100;2.0;2.00;1;0.60;1.00;48;0;200;0;30;70;0;0;10000;1734;-5867.36;6302.52;0.91;-3.3837;0.6032;13;3;0.2308;-1733.18;-195.19;1.0000;0.0010;0.66;8;0.0000
XAUUSDm;M15;100;2.0;2.00;1;0.60;1.00;48;0;200;0;30;70;1;0;10000;738;-4588.17;5128.18;0.84;-6.2170;0.5854;13;3;0.2308;-1839.90;-375.09;1.0000;0.0025;1.04;9;0.0000
XAUUSDm;M15;100;2.0;2.00;1;0.60;1.25;48;0;200;0;30;70;0;0;10000;1554;-6105.96;6540.42;0.88;-3.9292;0.6480;13;4;0.3077;-1876.20;-325.10;1.0000;0.0011;0.81;7;0.0000
XAUUSDm;M15;100;2.0;2.00;1;0.60;1.25;48;0;200;0;30;70;1;0;10000;687;-4421.74;4921.38;0.81;-6.4363;0.6303;13;4;0.3077;-1359.23;-312.61;1.0000;0.0025;1.29;8;0.0000
XAUUSDm;M15;100;2.0;2.00;1;0.80;0.50;48;0;200;0;30;70;0;0;10000;1221;-9754.39;10144.24;0.87;-7.9889;0.3530;10;2;0.2000;-3371.32;-207.31;1.0000;0.0024;0.47;21;0.0000
XAUUSDm;M15;100;2.0;2.00;1;0.80;0.50;48;0;200;0;30;70;1;0;10000;807;-7810.54;8911.75;0.85;-9.6785;0.3470;13;3;0.2308;-2098.99;-453.83;1.0000;0.0037;0.61;13;0.0000
XAUUSDm;M15;100;2.0;2.00;1;0.80;0.75;48;0;200;0;30;70;0;0;10000;1801;-8849.27;9850.54;0.90;-4.9135;0.4597;13;4;0.3077;-2048.38;-1026.59;1.0000;0.0013;0.62;15;0.0000
XAUUSDm;M15;100;2.0;2.00;1;0.80;0.75;48;0;200;0;30;70;1;0;10000;721;-5986.23;6740.85;0.84;-8.3027;0.4424;13;4;0.3077;-1485.96;-497.42;1.0000;0.0033;0.91;10;0.0000
XAUUSDm;M15;100;2.0;2.00;1;0.80;1.00;48;0;200;0;30;70;0;0;10000;1527;-5549.59;6413.69;0.92;-3.6343;0.5350;13;4;0.3077;-1594.17;-328.40;1.0000;0.0013;0.86;9;0.0000
XAUUSDm;M15;100;2.0;2.00;1;0.80;1.00;48;0;200;0;30;70;1;0;10000;660;-4645.75;5279.37;0.85;-7.0390;0.5152;13;4;0.3077;-1846.40;-360.05;1.0000;0.0032;1.36;9;0.0000
XAUUSDm;M15;100;2.0;2.00;1;0.80;1.25;48;0;200;0;30;70;0;0;10000;1347;-5490.75;6118.37;0.89;-4.0763;0.5828;13;4;0.3077;-1840.38;-426.85;1.0000;0.0014;1.07;8;0.0000
XAUUSDm;M15;100;2.0;2.00;1;0.80;1.25;48;0;200;0;30;70;1;0;10000;609;-4365.12;5261.00;0.82;-7.1677;0.5616;13;4;0.3077;-1473.42;-301.60;1.0000;0.0032;1.66;8;0.0000
XAUUSDm;M15;100;2.0;2.00;1;1.00;0.50;48;0;200;0;30;70;0;0;10000;893;-9885.87;10044.48;0.84;-11.0704;0.2956;7;0;0.0000;-2661.80;-1695.57;1.0000;0.0039;0.61;21;0.0000
XAUUSDm;M15;100;2.0;2.00;1;1.00;0.50;48;0;200;0;30;70;1;0;10000;696;-7809.21;9779.01;0.84;-11.2201;0.2960;13;5;0.3846;-2034.70;-592.81;1.0000;0.0051;0.88;15;0.0000
XAUUSDm;M15;100;2.0;2.00;1;1.00;0.75;48;0;200;0;30;70;0;0;10000;1627;-8639.01;9695.73;0.91;-5.3098;0.4057;13;4;0.3077;-2938.40;-588.34;1.0000;0.0016;0.84;15;0.0000
XAUUSDm;M15;100;2.0;2.00;1;1.00;0.75;48;0;200;0;30;70;1;0;10000;681;-6543.24;7709.97;0.84;-9.6083;0.3862;13;4;0.3077;-1504.28;-585.56;1.0000;0.0040;1.14;13;0.0000
XAUUSDm;M15;100;2.0;2.00;1;1.00;1.00;48;0;200;0;30;70;0;0;10000;1396;-6364.62;7236.66;0.91;-4.5592;0.4771;13;4;0.3077;-2098.74;-114.97;1.0000;0.0016;1.14;9;0.0000
XAUUSDm;M15;100;2.0;2.00;1;1.00;1.00;48;0;200;0;30;70;1;0;10000;625;-6536.36;7581.90;0.80;-10.4582;0.4464;13;3;0.2308;-1889.38;-612.44;1.0000;0.0039;1.64;12;0.0000
XAUUSDm;M15;100;2.0;2.00;1;1.00;1.25;48;0;200;0;30;70;0;0;10000;1232;-5154.26;5956.64;0.90;-4.1837;0.5300;13;5;0.3846;-1964.18;-309.57;1.0000;0.0017;1.45;11;0.0000
XAUUSDm;M15;100;2.0;2.00;1;1.00;1.25;48;0;200;0;30;70;1;0;10000;571;-5450.71;6350.94;0.79;-9.5459;0.4974;13;4;0.3077;-1604.44;-289.66;1.0000;0.0039;2.02;12;0.0000
XAUUSDm;M15;100;2.0;2.00;1;1.20;0.50;48;0;200;0;30;70;0;0;10000;1022;-9840.28;10038.16;0.86;-9.6285;0.2652;7;1;0.1429;-2963.70;-1638.63;1.0000;0.0038;0.88;22;0.0000
XAUUSDm;M15;100;2.0;2.00;1;1.20;0.50;48;0;200;0;30;70;1;0;10000;698;-6303.06;9753.10;0.87;-9.0302;0.2679;13;5;0.3846;-1733.79;-1192.91;1.0000;0.0056;1.11;15;0.0000
XAUUSDm;M15;100;2.0;2.00;1;1.20;0.75;48;0;200;0;30;70;0;0;10000;1549;-8402.75;9384.78;0.91;-5.4246;0.3635;13;5;0.3846;-3438.12;-782.46;1.0000;0.0019;1.06;17;0.0000
XAUUSDm;M15;100;2.0;2.00;1;1.20;0.75;48;0;200;0;30;70;1;0;10000;654;-6699.15;8076.47;0.84;-10.2433;0.3456;13;4;0.3077;-1760.16;-645.87;1.0000;0.0047;1.54;17;0.0000
XAUUSDm;M15;100;2.0;2.00;1;1.20;1.00;48;0;200;0;30;70;0;0;10000;1291;-8095.77;8494.86;0.88;-6.2709;0.4260;13;3;0.2308;-2749.79;-417.13;1.0000;0.0020;1.45;12;0.0000
XAUUSDm;M15;100;2.0;2.00;1;1.20;1.00;48;0;200;0;30;70;1;0;10000;596;-5570.23;6504.46;0.83;-9.3460;0.4111;13;5;0.3846;-1761.94;-432.14;1.0000;0.0044;2.04;16;0.0000
XAUUSDm;M15;100;2.0;2.00;1;1.20;1.25;48;0;200;0;30;70;0;0;10000;1141;-5685.65;6160.08;0.90;-4.9830;0.4820;13;3;0.2308;-2379.18;-422.40;1.0000;0.0020;1.87;11;0.0000
XAUUSDm;M15;100;2.0;2.00;1;1.20;1.25;48;0;200;0;30;70;1;0;10000;545;-4867.62;5541.64;0.82;-8.9314;0.4606;13;4;0.3077;-1496.17;-336.83;1.0000;0.0044;2.45;12;0.0000
XAUUSDm;M15;100;2.0;2.00;1;1.40;0.50;48;0;200;0;30;70;0;0;10000;1050;-9805.96;10043.11;0.87;-9.3390;0.2381;12;3;0.2500;-3469.52;-357.70;1.0000;0.0041;0.97;24;0.0000
XAUUSDm;M15;100;2.0;2.00;1;1.40;0.50;48;0;200;0;30;70;1;0;10000;692;-5490.47;9805.13;0.89;-7.9342;0.2428;13;6;0.4615;-2218.96;-733.96;1.0000;0.0062;1.22;15;0.0000
XAUUSDm;M15;100;2.0;2.00;1;1.40;0.75;48;0;200;0;30;70;0;0;10000;1123;-9885.80;9974.02;0.86;-8.8030;0.3170;12;3;0.2500;-3681.23;-937.76;1.0000;0.0030;1.21;18;0.0000
XAUUSDm;M15;100;2.0;2.00;1;1.40;0.75;48;0;200;0;30;70;1;0;10000;639;-6140.75;8546.62;0.85;-9.6099;0.3161;13;5;0.3846;-1746.24;-710.15;1.0000;0.0053;1.86;17;0.0000
XAUUSDm;M15;100;2.0;2.00;1;1.40;1.00;48;0;200;0;30;70;0;0;10000;1216;-6621.38;7603.56;0.90;-5.4452;0.3947;13;5;0.3846;-2449.21;-212.03;1.0000;0.0022;1.62;13;0.0000
XAUUSDm;M15;100;2.0;2.00;1;1.40;1.00;48;0;200;0;30;70;1;0;10000;580;-4570.92;6240.73;0.86;-7.8809;0.3845;13;5;0.3846;-2033.30;-457.30;1.0000;0.0048;2.48;16;0.0000
XAUUSDm;M15;100;2.0;2.00;1;1.40;1.25;48;0;200;0;30;70;0;0;10000;1075;-5328.77;6434.20;0.90;-4.9570;0.4465;13;5;0.3846;-2210.54;-77.65;1.0000;0.0023;2.06;12;0.0000
XAUUSDm;M15;100;2.0;2.00;1;1.40;1.25;48;0;200;0;30;70;1;0;10000;530;-4211.36;5467.32;0.85;-7.9460;0.4321;13;5;0.3846;-1737.67;-320.18;1.0000;0.0048;3.04;12;0.0000
XAUUSDm;M15;100;2.0;2.50;1;0.40;0.50;48;0;200;0;30;70;0;0;10000;938;-9798.67;10022.86;0.79;-10.4463;0.4957;12;1;0.0833;-2764.25;-625.79;1.0000;0.0022;0.15;9;0.0000
XAUUSDm;M15;100;2.0;2.50;1;0.40;0.50;48;0;200;0;30;70;1;0;10000;339;-2328.44;3422.71;0.85;-6.8686;0.5162;13;5;0.3846;-1197.92;-102.97;1.0000;0.0059;0.21;7;0.0000
XAUUSDm;M15;100;2.0;2.50;1;0.40;0.75;48;0;200;0;30;70;0;0;10000;1028;-5334.51;6639.49;0.86;-5.1892;0.6177;13;5;0.3846;-1570.71;-343.08;1.0000;0.0017;0.22;6;0.0000
XAUUSDm;M15;100;2.0;2.50;1;0.40;0.75;48;0;200;0;30;70;1;0;10000;328;-1964.21;2758.44;0.84;-5.9884;0.6128;13;5;0.3846;-954.22;-13.31;1.0000;0.0053;0.28;7;0.0000
XAUUSDm;M15;100;2.0;2.50;1;0.40;1.00;48;0;200;0;30;70;0;0;10000;914;-2977.60;4737.19;0.89;-3.2578;0.6904;13;4;0.3077;-1071.01;-283.75;1.0000;0.0017;0.34;5;0.0000
XAUUSDm;M15;100;2.0;2.50;1;0.40;1.00;48;0;200;0;30;70;1;0;10000;308;-2414.77;2969.03;0.76;-7.8402;0.6558;13;5;0.3846;-1168.84;-73.89;1.0000;0.0053;0.56;7;0.0000
XAUUSDm;M15;100;2.0;2.50;1;0.40;1.25;48;0;200;0;30;70;0;0;10000;845;-2654.22;3994.87;0.87;-3.1411;0.7325;13;4;0.3077;-1012.84;-141.01;1.0000;0.0018;0.40;5;0.0000
XAUUSDm;M15;100;2.0;2.50;1;0.40;1.25;48;0;200;0;30;70;1;0;10000;291;-2138.08;2619.34;0.73;-7.3474;0.6976;13;5;0.3846;-1072.82;-142.34;1.0000;0.0055;0.82;6;0.0000
XAUUSDm;M15;100;2.0;2.50;1;0.60;0.50;48;0;200;0;30;70;0;0;10000;820;-9794.54;10038.29;0.79;-11.9446;0.3988;12;1;0.0833;-2413.48;-695.58;1.0000;0.0032;0.22;11;0.0000
XAUUSDm;M15;100;2.0;2.50;1;0.60;0.50;48;0;200;0;30;70;1;0;10000;317;-655.17;3240.55;0.96;-2.0668;0.4448;13;8;0.6154;-1125.81;112.71;1.0000;0.0074;0.46;7;0.0000
XAUUSDm;M15;100;2.0;2.50;1;0.60;0.75;48;0;200;0;30;70;0;0;10000;913;-4606.43;6444.58;0.89;-5.0454;0.5268;13;4;0.3077;-1713.22;-331.77;1.0000;0.0022;0.38;9;0.0000
XAUUSDm;M15;100;2.0;2.50;1;0.60;0.75;48;0;200;0;30;70;1;0;10000;301;-436.82;2558.37;0.97;-1.4512;0.5482;13;7;0.5385;-1041.33;133.57;1.0000;0.0064;0.59;7;0.0000
XAUUSDm;M15;100;2.0;2.50;1;0.60;1.00;48;0;200;0;30;70;0;0;10000;797;-2176.03;4464.44;0.93;-2.7303;0.6073;13;5;0.3846;-1276.11;-250.36;1.0000;0.0022;0.49;8;0.0000
XAUUSDm;M15;100;2.0;2.50;1;0.60;1.00;48;0;200;0;30;70;1;0;10000;285;-1421.12;2549.08;0.87;-4.9864;0.5930;13;6;0.4615;-1278.20;-6.64;1.0000;0.0064;0.91;7;0.0000
XAUUSDm;M15;100;2.0;2.50;1;0.60;1.25;48;0;200;0;30;70;0;0;10000;731;-1859.94;3713.18;0.92;-2.5444;0.6580;13;5;0.3846;-864.02;-143.21;1.0000;0.0023;0.60;6;0.0000
XAUUSDm;M15;100;2.0;2.50;1;0.60;1.25;48;0;200;0;30;70;1;0;10000;270;-1703.42;2413.27;0.81;-6.3090;0.6296;13;4;0.3077;-1102.43;-26.90;1.0000;0.0065;1.01;6;0.0000
XAUUSDm;M15;100;2.0;2.50;1;0.80;0.50;48;0;200;0;30;70;0;0;10000;724;-9768.82;9892.51;0.79;-13.4928;0.3315;12;1;0.0833;-3039.87;-509.45;1.0000;0.0043;0.44;13;0.0000
XAUUSDm;M15;100;2.0;2.50;1;0.80;0.50;48;0;200;0;30;70;1;0;10000;310;-3366.66;4260.42;0.83;-10.8602;0.3419;13;3;0.2308;-948.90;-197.74;1.0000;0.0098;0.58;11;0.0000
XAUUSDm;M15;100;2.0;2.50;1;0.80;0.75;48;0;200;0;30;70;0;0;10000;856;-3688.18;5464.32;0.92;-4.3086;0.4626;13;6;0.4615;-2153.90;-261.27;1.0000;0.0027;0.60;9;0.0000
XAUUSDm;M15;100;2.0;2.50;1;0.80;0.75;48;0;200;0;30;70;1;0;10000;294;-2165.57;2989.45;0.86;-7.3659;0.4490;13;3;0.2308;-788.49;-139.08;1.0000;0.0080;0.94;7;0.0000
XAUUSDm;M15;100;2.0;2.50;1;0.80;1.00;48;0;200;0;30;70;0;0;10000;739;-2033.57;3932.60;0.94;-2.7518;0.5399;13;7;0.5385;-1315.72;28.90;1.0000;0.0027;0.91;10;0.0000
XAUUSDm;M15;100;2.0;2.50;1;0.80;1.00;48;0;200;0;30;70;1;0;10000;276;-2466.18;2826.91;0.81;-8.9354;0.5036;13;4;0.3077;-1097.08;-124.37;1.0000;0.0077;1.35;7;0.0000
XAUUSDm;M15;100;2.0;2.50;1;0.80;1.25;48;0;200;0;30;70;0;0;10000;670;-2647.73;4042.83;0.90;-3.9518;0.5836;13;7;0.5385;-796.08;88.29;1.0000;0.0028;1.00;7;0.0000
XAUUSDm;M15;100;2.0;2.50;1;0.80;1.25;48;0;200;0;30;70;1;0;10000;257;-2382.07;3033.91;0.77;-9.2688;0.5486;13;3;0.2308;-964.54;-145.05;1.0000;0.0078;1.54;6;0.0000
XAUUSDm;M15;100;2.0;2.50;1;1.00;0.50;48;0;200;0;30;70;0;0;10000;679;-9779.53;9930.67;0.79;-14.4028;0.2842;12;1;0.0833;-2751.61;-654.00;1.0000;0.0054;0.52;13;0.0000
XAUUSDm;M15;100;2.0;2.50;1;1.00;0.50;48;0;200;0;30;70;1;0;10000;301;-3099.36;4261.86;0.85;-10.2969;0.2990;13;4;0.3077;-997.58;-205.42;1.0000;0.0116;0.71;11;0.0000
XAUUSDm;M15;100;2.0;2.50;1;1.00;0.75;48;0;200;0;30;70;0;0;10000;793;-4567.43;6603.16;0.90;-5.7597;0.4035;13;6;0.4615;-1967.20;-135.41;1.0000;0.0033;0.74;9;0.0000
XAUUSDm;M15;100;2.0;2.50;1;1.00;0.75;48;0;200;0;30;70;1;0;10000;283;-2668.71;3370.62;0.84;-9.4301;0.3887;13;4;0.3077;-913.43;-238.42;1.0000;0.0097;1.14;7;0.0000
XAUUSDm;M15;100;2.0;2.50;1;1.00;1.00;48;0;200;0;30;70;0;0;10000;681;-2299.71;4280.52;0.93;-3.3770;0.4831;13;5;0.3846;-1463.92;-221.13;1.0000;0.0033;1.09;10;0.0000
XAUUSDm;M15;100;2.0;2.50;1;1.00;1.00;48;0;200;0;30;70;1;0;10000;268;-3152.40;3608.36;0.78;-11.7627;0.4403;13;3;0.2308;-1244.13;-125.27;1.0000;0.0091;1.57;7;0.0000
XAUUSDm;M15;100;2.0;2.50;1;1.00;1.25;48;0;200;0;30;70;0;0;10000;615;-1372.36;3039.27;0.95;-2.2315;0.5415;13;5;0.3846;-827.02;-64.22;1.0000;0.0033;1.30;7;0.0000
XAUUSDm;M15;100;2.0;2.50;1;1.00;1.25;48;0;200;0;30;70;1;0;10000;249;-2909.05;3370.82;0.75;-11.6829;0.4859;13;4;0.3077;-942.33;-208.26;1.0000;0.0091;1.80;6;0.0000
XAUUSDm;M15;100;2.0;2.50;1;1.20;0.50;48;0;200;0;30;70;0;0;10000;702;-9791.23;10295.63;0.81;-13.9476;0.2521;12;1;0.0833;-2819.89;-333.38;1.0000;0.0059;0.64;20;0.0000
XAUUSDm;M15;100;2.0;2.50;1;1.20;0.50;48;0;200;0;30;70;1;0;10000;292;-2378.84;3675.37;0.88;-8.1467;0.2705;13;4;0.3077;-1183.71;-99.09;1.0000;0.0132;0.98;15;0.0000
XAUUSDm;M15;100;2.0;2.50;1;1.20;0.75;48;0;200;0;30;70;0;0;10000;754;-2407.96;4818.14;0.95;-3.1936;0.3727;13;7;0.5385;-1842.23;53.89;1.0000;0.0038;0.90;13;0.0000
XAUUSDm;M15;100;2.0;2.50;1;1.20;0.75;48;0;200;0;30;70;1;0;10000;274;-2519.49;3185.73;0.85;-9.1952;0.3504;13;5;0.3846;-1042.93;-280.67;1.0000;0.0111;1.52;14;0.0000
XAUUSDm;M15;100;2.0;2.50;1;1.20;1.00;48;0;200;0;30;70;0;0;10000;645;-1917.79;3901.21;0.94;-2.9733;0.4419;13;5;0.3846;-1368.04;-102.72;1.0000;0.0038;1.33;12;0.0000
XAUUSDm;M15;100;2.0;2.50;1;1.20;1.00;48;0;200;0;30;70;1;0;10000;257;-3169.23;3720.40;0.78;-12.3316;0.3969;13;4;0.3077;-1328.85;-241.67;1.0000;0.0106;2.08;14;0.0000
XAUUSDm;M15;100;2.0;2.50;1;1.20;1.25;48;0;200;0;30;70;0;0;10000;585;-587.50;2908.75;0.98;-1.0043;0.5043;13;6;0.4615;-1109.27;-9.97;1.0000;0.0037;1.66;7;0.0000
XAUUSDm;M15;100;2.0;2.50;1;1.20;1.25;48;0;200;0;30;70;1;0;10000;238;-2696.31;3114.33;0.77;-11.3290;0.4496;13;3;0.2308;-934.93;-115.77;1.0000;0.0104;2.33;12;0.0000
XAUUSDm;M15;100;2.0;2.50;1;1.40;0.50;48;0;200;0;30;70;0;0;10000;780;-9762.64;10073.05;0.83;-12.5162;0.2295;12;2;0.1667;-2375.91;-882.97;1.0000;0.0058;0.83;18;0.0000
XAUUSDm;M15;100;2.0;2.50;1;1.40;0.50;48;0;200;0;30;70;1;0;10000;288;-3313.04;4527.57;0.84;-11.5036;0.2326;13;7;0.5385;-1535.24;12.39;1.0000;0.0155;1.07;15;0.0000
XAUUSDm;M15;100;2.0;2.50;1;1.40;0.75;48;0;200;0;30;70;0;0;10000;720;-2727.00;4451.18;0.94;-3.7875;0.3361;13;5;0.3846;-1908.09;-200.02;1.0000;0.0044;1.34;13;0.0000
XAUUSDm;M15;100;2.0;2.50;1;1.40;0.75;48;0;200;0;30;70;1;0;10000;269;-3751.32;4618.66;0.79;-13.9454;0.3011;13;4;0.3077;-1265.00;-145.45;1.0000;0.0132;1.87;14;0.0000
XAUUSDm;M15;100;2.0;2.50;1;1.40;1.00;48;0;200;0;30;70;0;0;10000;616;-2070.13;4159.56;0.94;-3.3606;0.4042;13;5;0.3846;-1647.38;-109.26;1.0000;0.0043;1.76;12;0.0000
XAUUSDm;M15;100;2.0;2.50;1;1.40;1.00;48;0;200;0;30;70;1;0;10000;252;-3779.43;4147.47;0.75;-14.9977;0.3532;13;5;0.3846;-1521.55;-198.17;1.0000;0.0122;2.53;14;0.0000
XAUUSDm;M15;100;2.0;2.50;1;1.40;1.25;48;0;200;0;30;70;0;0;10000;559;-1035.69;3148.20;0.96;-1.8528;0.4615;13;6;0.4615;-915.63;-28.21;1.0000;0.0042;2.13;8;0.0000
XAUUSDm;M15;100;2.0;2.50;1;1.40;1.25;48;0;200;0;30;70;1;0;10000;233;-3049.13;3440.74;0.76;-13.0864;0.4077;13;4;0.3077;-1050.61;-36.29;1.0000;0.0117;3.05;12;0.0000
XAUUSDm;M15;100;2.0;3.00;1;0.40;0.50;48;0;200;0;30;70;0;0;10000;493;-2710.72;3063.21;0.88;-5.4984;0.5233;13;4;0.3077;-1019.27;-359.56;1.0000;0.0040;0.13;8;0.0000
XAUUSDm;M15;100;2.0;3.00;1;0.40;0.50;48;0;200;0;30;70;1;0;10000;110;-25.50;1306.14;0.99;-0.2318;0.5545;13;7;0.5385;-326.87;28.81;1.0000;0.0172;0.21;5;0.0000
XAUUSDm;M15;100;2.0;3.00;1;0.40;0.75;48;0;200;0;30;70;0;0;10000;448;-2334.41;2726.28;0.86;-5.2107;0.6161;13;5;0.3846;-714.53;-189.27;1.0000;0.0038;0.20;6;0.0000
XAUUSDm;M15;100;2.0;3.00;1;0.40;0.75;48;0;200;0;30;70;1;0;10000;108;-684.04;1525.87;0.83;-6.3337;0.6111;13;6;0.4615;-350.92;-47.58;1.0000;0.0162;0.25;5;0.0000
XAUUSDm;M15;100;2.0;3.00;1;0.40;1.00;48;0;200;0;30;70;0;0;10000;408;-1133.44;1715.16;0.90;-2.7780;0.6936;13;5;0.3846;-628.98;-108.31;1.0000;0.0038;0.25;6;0.0000
XAUUSDm;M15;100;2.0;3.00;1;0.40;1.00;48;0;200;0;30;70;1;0;10000;105;-653.96;1306.92;0.80;-6.2282;0.6667;13;6;0.4615;-410.45;-79.98;1.0000;0.0156;0.35;5;0.0000
XAUUSDm;M15;100;2.0;3.00;1;0.40;1.25;48;0;200;0;30;70;0;0;10000;383;-1031.37;1523.59;0.89;-2.6929;0.7363;13;4;0.3077;-352.84;-82.10;1.0000;0.0039;0.42;5;0.0000
XAUUSDm;M15;100;2.0;3.00;1;0.40;1.25;48;0;200;0;30;70;1;0;10000;102;-764.72;1300.50;0.72;-7.4973;0.6961;13;5;0.3846;-441.16;-46.76;1.0000;0.0159;0.91;5;0.0000
XAUUSDm;M15;100;2.0;3.00;1;0.60;0.50;48;0;200;0;30;70;0;0;10000;464;-825.07;2179.48;0.97;-1.7782;0.4461;13;6;0.4615;-1055.34;-7.10;1.0000;0.0050;0.19;9;0.0000
XAUUSDm;M15;100;2.0;3.00;1;0.60;0.50;48;0;200;0;30;70;1;0;10000;103;1075.87;1081.94;1.22;10.4453;0.5049;13;8;0.6154;-248.45;30.04;0.1115;0.0201;0.29;5;0.1492
XAUUSDm;M15;100;2.0;3.00;1;0.60;0.75;48;0;200;0;30;70;0;0;10000;418;-1136.40;1712.67;0.94;-2.7187;0.5407;13;5;0.3846;-1088.60;-166.04;1.0000;0.0047;0.42;8;0.0000
XAUUSDm;M15;100;2.0;3.00;1;0.60;0.75;48;0;200;0;30;70;1;0;10000;100;536.19;1299.47;1.14;5.3619;0.5900;13;6;0.4615;-305.17;-42.44;0.1492;0.0181;0.37;5;0.0338
XAUUSDm;M15;100;2.0;3.00;1;0.60;1.00;48;0;200;0;30;70;0;0;10000;375;-822.72;1591.50;0.94;-2.1939;0.6107;13;7;0.5385;-936.49;6.60;1.0000;0.0047;0.37;6;0.0000
XAUUSDm;M15;100;2.0;3.00;1;0.60;1.00;48;0;200;0;30;70;1;0;10000;97;38.67;1147.60;1.01;0.3987;0.6289;13;5;0.3846;-404.45;-24.81;1.5299;0.0176;0.46;5;0.0000
XAUUSDm;M15;100;2.0;3.00;1;0.60;1.25;48;0;200;0;30;70;0;0;10000;347;-709.51;1310.12;0.93;-2.0447;0.6628;13;4;0.3077;-463.01;-37.38;1.0000;0.0048;0.59;5;0.0000
XAUUSDm;M15;100;2.0;3.00;1;0.60;1.25;48;0;200;0;30;70;1;0;10000;95;-324.49;1134.25;0.89;-3.4157;0.6526;13;5;0.3846;-436.93;-41.66;1.0000;0.0182;1.06;5;0.0000
XAUUSDm;M15;100;2.0;3.00;1;0.80;0.50;48;0;200;0;30;70;0;0;10000;445;-835.99;2478.16;0.97;-1.8786;0.3775;13;6;0.4615;-1338.30;-151.92;1.0000;0.0062;0.37;11;0.0000
XAUUSDm;M15;100;2.0;3.00;1;0.80;0.50;48;0;200;0;30;70;1;0;10000;102;905.98;1138.79;1.16;8.8822;0.4216;13;8;0.6154;-326.04;78.92;0.1765;0.0244;0.37;6;0.0847
XAUUSDm;M15;100;2.0;3.00;1;0.80;0.75;48;0;200;0;30;70;0;0;10000;398;-770.53;2397.35;0.96;-1.9360;0.4749;13;5;0.3846;-1397.61;-78.83;1.0000;0.0056;0.52;9;0.0000
XAUUSDm;M15;100;2.0;3.00;1;0.80;0.75;48;0;200;0;30;70;1;0;10000;98;9.23;1194.64;1.00;0.0942;0.4898;13;7;0.5385;-353.46;6.73;11.5536;0.0224;0.56;5;0.0000
XAUUSDm;M15;100;2.0;3.00;1;0.80;1.00;48;0;200;0;30;70;0;0;10000;354;-169.01;1764.64;0.99;-0.4774;0.5537;13;6;0.4615;-1033.24;-12.88;1.0000;0.0055;0.69;7;0.0000
XAUUSDm;M15;100;2.0;3.00;1;0.80;1.00;48;0;200;0;30;70;1;0;10000;94;-96.21;1083.64;0.98;-1.0235;0.5532;13;7;0.5385;-467.71;28.98;1.0000;0.0207;0.81;5;0.0000
XAUUSDm;M15;100;2.0;3.00;1;0.80;1.25;48;0;200;0;30;70;0;0;10000;326;-468.64;1450.16;0.96;-1.4375;0.6012;13;6;0.4615;-448.59;-77.64;1.0000;0.0056;0.79;5;0.0000
XAUUSDm;M15;100;2.0;3.00;1;0.80;1.25;48;0;200;0;30;70;1;0;10000;92;-252.74;1072.29;0.92;-2.7472;0.5978;13;6;0.4615;-507.88;-7.27;1.0000;0.0206;1.47;5;0.0000
XAUUSDm;M15;100;2.0;3.00;1;1.00;0.50;48;0;200;0;30;70;0;0;10000;425;-809.45;2958.62;0.97;-1.9046;0.3271;13;5;0.3846;-1282.24;-106.66;1.0000;0.0075;0.43;11;0.0000
XAUUSDm;M15;100;2.0;3.00;1;1.00;0.50;48;0;200;0;30;70;1;0;10000;100;1870.79;729.64;1.33;18.7079;0.4000;13;10;0.7692;-286.86;97.15;0.1068;0.0262;0.49;6;0.4668
XAUUSDm;M15;100;2.0;3.00;1;1.00;0.75;48;0;200;0;30;70;0;0;10000;369;-1673.43;3282.93;0.92;-4.5350;0.4092;13;6;0.4615;-1449.61;-112.88;1.0000;0.0070;0.64;9;0.0000
XAUUSDm;M15;100;2.0;3.00;1;1.00;0.75;48;0;200;0;30;70;1;0;10000;95;382.67;1037.48;1.08;4.0281;0.4526;13;6;0.4615;-255.92;-21.13;0.3470;0.0249;0.71;5;0.0000
XAUUSDm;M15;100;2.0;3.00;1;1.00;1.00;48;0;200;0;30;70;0;0;10000;327;-1691.84;2879.62;0.89;-5.1738;0.4740;13;4;0.3077;-957.17;-74.16;1.0000;0.0070;0.83;7;0.0000
XAUUSDm;M15;100;2.0;3.00;1;1.00;1.00;48;0;200;0;30;70;1;0;10000;91;348.68;1010.97;1.09;3.8316;0.5275;13;6;0.4615;-377.11;-6.12;0.2828;0.0226;0.96;5;0.0000
XAUUSDm;M15;100;2.0;3.00;1;1.00;1.25;48;0;200;0;30;70;0;0;10000;300;-1279.15;2350.72;0.90;-4.2638;0.5300;13;6;0.4615;-525.67;-214.82;1.0000;0.0069;0.99;7;0.0000
XAUUSDm;M15;100;2.0;3.00;1;1.00;1.25;48;0;200;0;30;70;1;0;10000;89;-160.87;1134.14;0.96;-1.8075;0.5506;13;6;0.4615;-440.45;-23.04;1.0000;0.0231;1.68;5;0.0000
XAUUSDm;M15;100;2.0;3.00;1;1.20;0.50;48;0;200;0;30;70;0;0;10000;417;56.97;2953.08;1.00;0.1366;0.2950;13;6;0.4615;-1347.19;-57.08;4.2103;0.0084;0.53;13;0.0001
XAUUSDm;M15;100;2.0;3.00;1;1.20;0.50;48;0;200;0;30;70;1;0;10000;98;1635.15;1211.85;1.27;16.6852;0.3469;13;7;0.5385;-347.12;82.34;0.1467;0.0309;0.59;11;0.0000
XAUUSDm;M15;100;2.0;3.00;1;1.20;0.75;48;0;200;0;30;70;0;0;10000;362;-1167.32;3133.56;0.95;-3.2246;0.3729;13;5;0.3846;-1295.95;-127.96;1.0000;0.0079;0.77;9;0.0000
XAUUSDm;M15;100;2.0;3.00;1;1.20;0.75;48;0;200;0;30;70;1;0;10000;92;-9.14;1383.00;1.00;-0.0993;0.3913;13;6;0.4615;-601.86;-84.07;1.0000;0.0297;0.82;11;0.0000
XAUUSDm;M15;100;2.0;3.00;1;1.20;1.00;48;0;200;0;30;70;0;0;10000;319;-1384.33;2882.14;0.92;-4.3396;0.4357;13;5;0.3846;-822.05;-171.17;1.0000;0.0078;1.00;8;0.0000
XAUUSDm;M15;100;2.0;3.00;1;1.20;1.00;48;0;200;0;30;70;1;0;10000;88;-56.35;1493.84;0.99;-0.6403;0.4545;13;7;0.5385;-674.92;12.35;1.0000;0.0270;1.23;11;0.0000
XAUUSDm;M15;100;2.0;3.00;1;1.20;1.25;48;0;200;0;30;70;0;0;10000;294;-952.93;2440.35;0.93;-3.2413;0.4932;13;6;0.4615;-722.47;-219.31;1.0000;0.0076;1.36;7;0.0000
XAUUSDm;M15;100;2.0;3.00;1;1.20;1.25;48;0;200;0;30;70;1;0;10000;85;-507.79;1512.81;0.87;-5.9740;0.4824;13;6;0.4615;-633.93;-7.65;1.0000;0.0278;2.01;10;0.0000
XAUUSDm;M15;100;2.0;3.00;1;1.40;0.50;48;0;200;0;30;70;0;0;10000;405;86.41;2579.60;1.00;0.2134;0.2642;13;7;0.5385;-1215.82;85.20;3.2384;0.0097;0.63;14;0.0002
XAUUSDm;M15;100;2.0;3.00;1;1.40;0.50;48;0;200;0;30;70;1;0;10000;97;863.09;1200.53;1.13;8.8978;0.2887;13;7;0.5385;-603.28;68.31;0.3242;0.0375;0.76;12;0.0000
XAUUSDm;M15;100;2.0;3.00;1;1.40;0.75;48;0;200;0;30;70;0;0;10000;348;-1940.94;3236.30;0.91;-5.5774;0.3305;13;4;0.3077;-1141.11;-153.26;1.0000;0.0093;0.89;11;0.0000
XAUUSDm;M15;100;2.0;3.00;1;1.40;0.75;48;0;200;0;30;70;1;0;10000;91;-660.18;1506.64;0.89;-7.2547;0.3297;13;3;0.2308;-809.05;-40.00;1.0000;0.0358;1.02;12;0.0000
XAUUSDm;M15;100;2.0;3.00;1;1.40;1.00;48;0;200;0;30;70;0;0;10000;308;-1437.79;2668.17;0.92;-4.6681;0.3994;13;5;0.3846;-1278.52;-85.87;1.0000;0.0089;1.16;10;0.0000
XAUUSDm;M15;100;2.0;3.00;1;1.40;1.00;48;0;200;0;30;70;1;0;10000;87;-848.30;1648.10;0.83;-9.7506;0.3793;13;4;0.3077;-854.80;-116.13;1.0000;0.0333;1.60;12;0.0000
XAUUSDm;M15;100;2.0;3.00;1;1.40;1.25;48;0;200;0;30;70;0;0;10000;282;-1376.98;2250.25;0.90;-4.8829;0.4468;13;5;0.3846;-742.99;-134.44;1.0000;0.0087;1.73;13;0.0000
XAUUSDm;M15;100;2.0;3.00;1;1.40;1.25;48;0;200;0;30;70;1;0;10000;84;-1009.62;1655.33;0.77;-12.0193;0.4167;13;4;0.3077;-767.06;-119.29;1.0000;0.0331;2.45;11;0.0000
XAUUSDm;M15;20;2.0;1.00;1;0.40;0.50;48;0;200;0;30;70;0;0;10000;1934;-9939.47;10866.72;0.89;-5.1393;0.5264;6;1;0.1667;-4098.01;-1246.23;1.0000;0.0010;0.20;9;0.0000
XAUUSDm;M15;20;2.0;1.00;1;0.40;0.50;48;0;200;0;30;70;1;0;10000;2016;-9675.87;10083.97;0.90;-4.7995;0.5283;12;2;0.1667;-2418.05;-646.33;1.0000;0.0010;0.22;9;0.0000
XAUUSDm;M15;20;2.0;1.00;1;0.40;0.75;48;0;200;0;30;70;0;0;10000;2627;-9916.44;10605.66;0.90;-3.7748;0.6273;6;0;0.0000;-4207.91;-1305.88;1.0000;0.0006;0.34;6;0.0000
XAUUSDm;M15;20;2.0;1.00;1;0.40;0.75;48;0;200;0;30;70;1;0;10000;2036;-9844.43;10116.23;0.87;-4.8352;0.6203;12;3;0.2500;-2650.33;-783.34;1.0000;0.0008;0.40;8;0.0000
XAUUSDm;M15;20;2.0;1.00;1;0.40;1.00;48;0;200;0;30;70;0;0;10000;3927;-9937.56;10324.07;0.91;-2.5306;0.6960;10;1;0.1000;-3054.79;-815.40;1.0000;0.0004;0.36;6;0.0000
XAUUSDm;M15;20;2.0;1.00;1;0.40;1.00;48;0;200;0;30;70;1;0;10000;2511;-9875.69;10267.05;0.87;-3.9330;0.6854;12;4;0.3333;-2259.98;-557.38;1.0000;0.0006;0.57;7;0.0000
XAUUSDm;M15;20;2.0;1.00;1;0.40;1.25;48;0;200;0;30;70;0;0;10000;4442;-9930.52;10879.76;0.91;-2.2356;0.7398;10;0;0.0000;-3014.73;-337.45;1.0000;0.0003;0.47;7;0.0000
XAUUSDm;M15;20;2.0;1.00;1;0.40;1.25;48;0;200;0;30;70;1;0;10000;2632;-9532.07;9935.23;0.86;-3.6216;0.7287;13;3;0.2308;-2203.18;-483.50;1.0000;0.0006;0.65;6;0.0000
XAUUSDm;M15;20;2.0;1.00;1;0.60;0.50;48;0;200;0;30;70;0;0;10000;2310;-9940.55;10704.09;0.92;-4.3033;0.4346;7;2;0.2857;-4535.30;-771.50;1.0000;0.0010;0.26;17;0.0000
XAUUSDm;M15;20;2.0;1.00;1;0.60;0.50;48;0;200;0;30;70;1;0;10000;1437;-9933.63;10407.62;0.88;-6.9128;0.4224;7;2;0.2857;-4141.50;-1374.37;1.0000;0.0017;0.28;11;0.0000
XAUUSDm;M15;20;2.0;1.00;1;0.60;0.75;48;0;200;0;30;70;0;0;10000;2176;-9969.21;10552.12;0.90;-4.5814;0.5299;6;1;0.1667;-3862.64;-1534.58;1.0000;0.0009;0.47;10;0.0000
XAUUSDm;M15;20;2.0;1.00;1;0.60;0.75;48;0;200;0;30;70;1;0;10000;1846;-9800.71;9956.57;0.88;-5.3092;0.5255;12;3;0.2500;-2746.18;-413.18;1.0000;0.0011;0.55;9;0.0000
XAUUSDm;M15;20;2.0;1.00;1;0.60;1.00;48;0;200;0;30;70;0;0;10000;2500;-9999.89;10523.30;0.90;-4.0000;0.5996;5;0;0.0000;-3688.37;-1329.26;1.0000;0.0007;0.59;9;0.0000
XAUUSDm;M15;20;2.0;1.00;1;0.60;1.00;48;0;200;0;30;70;1;0;10000;2214;-9879.48;9921.18;0.88;-4.4623;0.5962;12;2;0.1667;-2670.50;-808.14;1.0000;0.0008;0.81;7;0.0000
XAUUSDm;M15;20;2.0;1.00;1;0.60;1.25;48;0;200;0;30;70;0;0;10000;3160;-9924.07;10709.54;0.90;-3.1405;0.6535;8;1;0.1250;-3296.95;-1000.29;1.0000;0.0005;0.68;7;0.0000
XAUUSDm;M15;20;2.0;1.00;1;0.60;1.25;48;0;200;0;30;70;1;0;10000;2245;-9975.83;10379.13;0.87;-4.4436;0.6437;12;2;0.1667;-2224.31;-803.44;1.0000;0.0007;1.00;6;0.0000
XAUUSDm;M15;20;2.0;1.00;1;0.80;0.50;48;0;200;0;30;70;0;0;10000;2180;-9951.12;10842.36;0.93;-4.5647;0.3670;7;3;0.4286;-6163.54;-129.02;1.0000;0.0013;0.37;16;0.0000
XAUUSDm;M15;20;2.0;1.00;1;0.80;0.50;48;0;200;0;30;70;1;0;10000;1152;-9941.43;10026.17;0.86;-8.6297;0.3507;7;0;0.0000;-3611.01;-787.44;1.0000;0.0025;0.42;18;0.0000
XAUUSDm;M15;20;2.0;1.00;1;0.80;0.75;48;0;200;0;30;70;0;0;10000;2086;-9976.30;10998.34;0.91;-4.7825;0.4612;7;2;0.2857;-4610.59;-690.27;1.0000;0.0011;0.61;15;0.0000
XAUUSDm;M15;20;2.0;1.00;1;0.80;0.75;48;0;200;0;30;70;1;0;10000;1659;-9717.20;9954.80;0.89;-5.8573;0.4551;12;2;0.1667;-2972.10;-295.70;1.0000;0.0014;0.70;11;0.0000
XAUUSDm;M15;20;2.0;1.00;1;0.80;1.00;48;0;200;0;30;70;0;0;10000;2551;-9884.50;10519.23;0.91;-3.8748;0.5339;7;1;0.1429;-2832.74;-1712.68;1.0000;0.0008;0.76;9;0.0000
XAUUSDm;M15;20;2.0;1.00;1;0.80;1.00;48;0;200;0;30;70;1;0;10000;1911;-9904.34;9946.04;0.88;-5.1828;0.5254;12;2;0.1667;-2875.18;-623.81;1.0000;0.0011;1.05;8;0.0000
XAUUSDm;M15;20;2.0;1.00;1;0.80;1.25;48;0;200;0;30;70;0;0;10000;2608;-9935.76;10576.51;0.90;-3.8097;0.5855;7;0;0.0000;-2715.66;-1069.26;1.0000;0.0007;0.93;8;0.0000
XAUUSDm;M15;20;2.0;1.00;1;0.80;1.25;48;0;200;0;30;70;1;0;10000;1748;-9961.09;10077.86;0.86;-5.6986;0.5715;12;1;0.0833;-2370.23;-789.12;1.0000;0.0011;1.29;6;0.0000
XAUUSDm;M15;20;2.0;1.00;1;1.00;0.50;48;0;200;0;30;70;0;0;10000;1443;-9900.29;10204.50;0.90;-6.8609;0.3105;6;1;0.1667;-4552.47;-772.47;1.0000;0.0023;0.49;16;0.0000
XAUUSDm;M15;20;2.0;1.00;1;1.00;0.50;48;0;200;0;30;70;1;0;10000;880;-9922.44;10007.18;0.84;-11.2755;0.2955;7;0;0.0000;-2692.51;-1365.66;1.0000;0.0039;0.61;18;0.0000
XAUUSDm;M15;20;2.0;1.00;1;1.00;0.75;48;0;200;0;30;70;0;0;10000;1690;-9974.01;10386.31;0.90;-5.9018;0.4036;5;0;0.0000;-3860.89;-1611.56;1.0000;0.0015;0.78;12;0.0000
XAUUSDm;M15;20;2.0;1.00;1;1.00;0.75;48;0;200;0;30;70;1;0;10000;1701;-9886.55;9943.04;0.90;-5.8122;0.4033;12;3;0.2500;-2618.39;-624.95;1.0000;0.0015;0.84;11;0.0000
XAUUSDm;M15;20;2.0;1.00;1;1.00;1.00;48;0;200;0;30;70;0;0;10000;1536;-9983.45;10139.48;0.87;-6.4996;0.4674;5;0;0.0000;-3590.24;-1993.95;1.0000;0.0015;1.07;9;0.0000
XAUUSDm;M15;20;2.0;1.00;1;1.00;1.00;48;0;200;0;30;70;1;0;10000;1696;-9907.53;9949.23;0.88;-5.8417;0.4699;10;3;0.3000;-2916.14;-1264.15;1.0000;0.0013;1.29;10;0.0000
XAUUSDm;M15;20;2.0;1.00;1;1.00;1.25;48;0;200;0;30;70;0;0;10000;1699;-10027.32;10097.19;0.87;-5.9019;0.5209;5;0;0.0000;-2955.24;-2314.71;1.0000;0.0012;1.24;9;0.0000
XAUUSDm;M15;20;2.0;1.00;1;1.00;1.25;48;0;200;0;30;70;1;0;10000;1598;-9933.29;9966.91;0.86;-6.2161;0.5181;12;2;0.1667;-2221.37;-480.50;1.0000;0.0013;1.53;8;0.0000
XAUUSDm;M15;20;2.0;1.00;1;1.20;0.50;48;0;200;0;30;70;0;0;10000;1394;-9918.49;10833.34;0.90;-7.1151;0.2733;7;2;0.2857;-4267.71;-493.12;1.0000;0.0027;0.61;16;0.0000
XAUUSDm;M15;20;2.0;1.00;1;1.20;0.50;48;0;200;0;30;70;1;0;10000;999;-9941.49;10026.23;0.86;-9.9514;0.2643;7;0;0.0000;-3284.86;-1419.79;1.0000;0.0039;0.72;18;0.0000
XAUUSDm;M15;20;2.0;1.00;1;1.20;0.75;48;0;200;0;30;70;0;0;10000;1827;-9974.83;10454.77;0.91;-5.4597;0.3640;6;0;0.0000;-2689.48;-1839.21;1.0000;0.0016;0.91;17;0.0000
XAUUSDm;M15;20;2.0;1.00;1;1.20;0.75;48;0;200;0;30;70;1;0;10000;1586;-9754.19;9849.74;0.90;-6.1502;0.3613;12;3;0.2500;-2882.43;-311.86;1.0000;0.0018;1.14;16;0.0000
XAUUSDm;M15;20;2.0;1.00;1;1.20;1.00;48;0;200;0;30;70;0;0;10000;2168;-9902.30;10151.72;0.91;-4.5675;0.4340;7;0;0.0000;-2711.10;-1141.75;1.0000;0.0011;1.13;9;0.0000
XAUUSDm;M15;20;2.0;1.00;1;1.20;1.00;48;0;200;0;30;70;1;0;10000;1931;-9917.23;10161.95;0.90;-5.1358;0.4303;12;4;0.3333;-3154.67;-780.49;1.0000;0.0013;1.62;10;0.0000
XAUUSDm;M15;20;2.0;1.00;1;1.20;1.25;48;0;200;0;30;70;0;0;10000;2095;-10000.64;10509.36;0.90;-4.7736;0.4840;7;1;0.1429;-3062.34;-1510.25;1.0000;0.0011;1.46;9;0.0000
XAUUSDm;M15;20;2.0;1.00;1;1.20;1.25;48;0;200;0;30;70;1;0;10000;1762;-9934.22;9967.84;0.88;-5.6380;0.4790;12;3;0.2500;-2125.24;-970.02;1.0000;0.0013;1.87;9;0.0000
XAUUSDm;M15;20;2.0;1.00;1;1.40;0.50;48;0;200;0;30;70;0;0;10000;728;-9965.18;10293.47;0.82;-13.6884;0.2266;5;0;0.0000;-5267.10;-150.34;1.0000;0.0062;0.82;19;0.0000
XAUUSDm;M15;20;2.0;1.00;1;1.40;0.50;48;0;200;0;30;70;1;0;10000;739;-9949.95;10034.69;0.82;-13.4641;0.2273;6;0;0.0000;-3668.18;-1342.68;1.0000;0.0061;0.94;17;0.0000
XAUUSDm;M15;20;2.0;1.00;1;1.40;0.75;48;0;200;0;30;70;0;0;10000;1591;-9982.77;10269.49;0.90;-6.2745;0.3275;5;0;0.0000;-3644.95;-2110.45;1.0000;0.0020;1.09;15;0.0000
XAUUSDm;M15;20;2.0;1.00;1;1.40;0.75;48;0;200;0;30;70;1;0;10000;898;-9980.11;10096.98;0.83;-11.1137;0.3107;6;0;0.0000;-3585.05;-1696.34;1.0000;0.0037;1.21;16;0.0000
XAUUSDm;M15;20;2.0;1.00;1;1.40;1.00;48;0;200;0;30;70;0;0;10000;2335;-9887.13;10305.57;0.93;-4.2343;0.3996;7;1;0.1429;-2577.55;-2101.94;1.0000;0.0011;1.29;11;0.0000
XAUUSDm;M15;20;2.0;1.00;1;1.40;1.00;48;0;200;0;30;70;1;0;10000;1663;-9905.36;9947.06;0.90;-5.9563;0.3915;12;3;0.2500;-2652.23;-556.03;1.0000;0.0016;1.77;12;0.0000
XAUUSDm;M15;20;2.0;1.00;1;1.40;1.25;48;0;200;0;30;70;0;0;10000;3422;-9984.43;10578.96;0.94;-2.9177;0.4576;12;3;0.2500;-3021.04;-1047.71;1.0000;0.0007;1.66;13;0.0000
XAUUSDm;M15;20;2.0;1.00;1;1.40;1.25;48;0;200;0;30;70;1;0;10000;1524;-9922.18;9955.80;0.87;-6.5106;0.4383;10;3;0.3000;-2577.60;-1224.46;1.0000;0.0016;2.08;12;0.0000
XAUUSDm;M15;20;2.0;1.50;1;0.40;0.50;48;0;200;0;30;70;0;0;10000;1462;-9871.39;10506.52;0.86;-6.7520;0.5171;6;1;0.1667;-4501.24;-1273.05;1.0000;0.0014;0.16;8;0.0000
XAUUSDm;M15;20;2.0;1.50;1;0.40;0.50;48;0;200;0;30;70;1;0;10000;938;-9695.85;10044.14;0.79;-10.3367;0.4968;12;1;0.0833;-2786.60;-345.22;1.0000;0.0022;0.14;10;0.0000
XAUUSDm;M15;20;2.0;1.50;1;0.40;0.75;48;0;200;0;30;70;0;0;10000;1643;-9914.66;10457.83;0.84;-6.0345;0.6123;6;0;0.0000;-3947.89;-1438.54;1.0000;0.0010;0.27;7;0.0000
XAUUSDm;M15;20;2.0;1.50;1;0.40;0.75;48;0;200;0;30;70;1;0;10000;1032;-9819.86;9936.96;0.76;-9.5154;0.5882;12;1;0.0833;-2354.93;-694.29;1.0000;0.0017;0.36;8;0.0000
XAUUSDm;M15;20;2.0;1.50;1;0.40;1.00;48;0;200;0;30;70;0;0;10000;2718;-9928.55;10391.95;0.88;-3.6529;0.6873;8;0;0.0000;-2191.90;-1317.77;1.0000;0.0006;0.31;6;0.0000
XAUUSDm;M15;20;2.0;1.50;1;0.40;1.00;48;0;200;0;30;70;1;0;10000;1258;-9215.46;9562.86;0.77;-7.3255;0.6598;13;1;0.0769;-1615.27;-575.09;1.0000;0.0013;0.50;6;0.0000
XAUUSDm;M15;20;2.0;1.50;1;0.40;1.25;48;0;200;0;30;70;0;0;10000;4316;-9836.87;10307.19;0.91;-2.2792;0.7393;12;1;0.0833;-2081.40;-751.92;1.0000;0.0003;0.41;5;0.0000
XAUUSDm;M15;20;2.0;1.50;1;0.40;1.25;48;0;200;0;30;70;1;0;10000;1234;-9263.93;9550.95;0.73;-7.5072;0.6969;13;0;0.0000;-1369.80;-703.92;1.0000;0.0012;0.62;4;0.0000
XAUUSDm;M15;20;2.0;1.50;1;0.60;0.50;48;0;200;0;30;70;0;0;10000;1639;-9871.21;10821.24;0.89;-6.0227;0.4271;7;1;0.1429;-4498.38;-928.40;1.0000;0.0015;0.22;13;0.0000
XAUUSDm;M15;20;2.0;1.50;1;0.60;0.50;48;0;200;0;30;70;1;0;10000;990;-8201.32;10338.47;0.85;-8.2842;0.4162;13;6;0.4615;-2734.59;-558.79;1.0000;0.0025;0.20;10;0.0000
XAUUSDm;M15;20;2.0;1.50;1;0.60;0.75;48;0;200;0;30;70;0;0;10000;1662;-9927.17;10763.09;0.87;-5.9730;0.5223;7;1;0.1429;-3314.43;-758.63;1.0000;0.0012;0.39;10;0.0000
XAUUSDm;M15;20;2.0;1.50;1;0.60;0.75;48;0;200;0;30;70;1;0;10000;1199;-8164.33;9504.73;0.85;-6.8093;0.5171;13;4;0.3077;-1687.30;-601.47;1.0000;0.0017;0.45;9;0.0000
XAUUSDm;M15;20;2.0;1.50;1;0.60;1.00;48;0;200;0;30;70;0;0;10000;2169;-9969.70;10518.77;0.88;-4.5964;0.5961;7;0;0.0000;-2409.37;-974.81;1.0000;0.0008;0.51;8;0.0000
XAUUSDm;M15;20;2.0;1.50;1;0.60;1.00;48;0;200;0;30;70;1;0;10000;1208;-7750.88;8240.59;0.84;-6.4163;0.5836;13;2;0.1538;-1521.58;-686.30;1.0000;0.0015;0.64;7;0.0000
XAUUSDm;M15;20;2.0;1.50;1;0.60;1.25;48;0;200;0;30;70;0;0;10000;2472;-9917.53;10918.00;0.88;-4.0119;0.6477;10;0;0.0000;-2618.38;-848.23;1.0000;0.0007;0.66;6;0.0000
XAUUSDm;M15;20;2.0;1.50;1;0.60;1.25;48;0;200;0;30;70;1;0;10000;1180;-7644.77;8069.24;0.81;-6.4786;0.6297;13;3;0.2308;-1183.61;-679.52;1.0000;0.0014;0.84;6;0.0000
XAUUSDm;M15;20;2.0;1.50;1;0.80;0.50;48;0;200;0;30;70;0;0;10000;1747;-9757.40;11322.43;0.91;-5.5852;0.3635;10;3;0.3000;-5730.15;-107.22;1.0000;0.0016;0.30;15;0.0000
XAUUSDm;M15;20;2.0;1.50;1;0.80;0.50;48;0;200;0;30;70;1;0;10000;931;-7445.47;9808.01;0.87;-7.9973;0.3534;13;6;0.4615;-3167.02;-113.32;1.0000;0.0031;0.37;16;0.0000
XAUUSDm;M15;20;2.0;1.50;1;0.80;0.75;48;0;200;0;30;70;0;0;10000;1337;-9929.33;11002.95;0.86;-7.4266;0.4480;7;1;0.1429;-4118.64;-185.97;1.0000;0.0017;0.53;11;0.0000
XAUUSDm;M15;20;2.0;1.50;1;0.80;0.75;48;0;200;0;30;70;1;0;10000;881;-8657.11;9858.12;0.82;-9.8265;0.4359;13;4;0.3077;-2418.31;-595.37;1.0000;0.0027;0.71;15;0.0000
XAUUSDm;M15;20;2.0;1.50;1;0.80;1.00;48;0;200;0;30;70;0;0;10000;1729;-9980.79;10691.80;0.87;-5.7726;0.5234;7;0;0.0000;-2477.85;-1336.69;1.0000;0.0012;0.78;8;0.0000
XAUUSDm;M15;20;2.0;1.50;1;0.80;1.00;48;0;200;0;30;70;1;0;10000;1176;-7676.16;8189.89;0.86;-6.5273;0.5187;13;3;0.2308;-2094.17;-540.74;1.0000;0.0017;0.93;7;0.0000
XAUUSDm;M15;20;2.0;1.50;1;0.80;1.25;48;0;200;0;30;70;0;0;10000;1856;-9935.66;10664.05;0.86;-5.3533;0.5765;7;0;0.0000;-2259.20;-1370.51;1.0000;0.0010;0.93;7;0.0000
XAUUSDm;M15;20;2.0;1.50;1;0.80;1.25;48;0;200;0;30;70;1;0;10000;1146;-7454.18;7931.70;0.84;-6.5045;0.5681;13;2;0.1538;-1563.68;-599.84;1.0000;0.0017;1.17;6;0.0000
XAUUSDm;M15;20;2.0;1.50;1;1.00;0.50;48;0;200;0;30;70;0;0;10000;1197;-9746.58;10422.91;0.88;-8.1425;0.3066;8;3;0.3750;-4460.10;-608.23;1.0000;0.0028;0.41;15;0.0000
XAUUSDm;M15;20;2.0;1.50;1;1.00;0.50;48;0;200;0;30;70;1;0;10000;802;-9655.43;9784.40;0.82;-12.0392;0.2930;12;1;0.0833;-2496.71;-594.16;1.0000;0.0044;0.39;16;0.0000
XAUUSDm;M15;20;2.0;1.50;1;1.00;0.75;48;0;200;0;30;70;0;0;10000;1213;-9975.81;10674.16;0.86;-8.2241;0.3932;5;0;0.0000;-3991.18;-2396.60;1.0000;0.0022;0.66;13;0.0000
XAUUSDm;M15;20;2.0;1.50;1;1.00;0.75;48;0;200;0;30;70;1;0;10000;890;-9830.99;9902.69;0.81;-11.0461;0.3809;12;1;0.0833;-1980.61;-907.22;1.0000;0.0031;0.79;15;0.0000
XAUUSDm;M15;20;2.0;1.50;1;1.00;1.00;48;0;200;0;30;70;0;0;10000;1469;-9962.79;10268.01;0.87;-6.7820;0.4663;7;0;0.0000;-2677.22;-1304.71;1.0000;0.0016;0.96;10;0.0000
XAUUSDm;M15;20;2.0;1.50;1;1.00;1.00;48;0;200;0;30;70;1;0;10000;1167;-7317.00;7965.45;0.88;-6.2699;0.4687;13;1;0.0769;-2117.59;-346.25;1.0000;0.0019;1.07;9;0.0000
XAUUSDm;M15;20;2.0;1.50;1;1.00;1.25;48;0;200;0;30;70;0;0;10000;1604;-9939.83;10286.65;0.86;-6.1969;0.5200;12;1;0.0833;-1743.71;-974.86;1.0000;0.0013;1.20;8;0.0000
XAUUSDm;M15;20;2.0;1.50;1;1.00;1.25;48;0;200;0;30;70;1;0;10000;1133;-7590.99;8206.01;0.85;-6.6999;0.5163;13;3;0.2308;-1489.23;-487.88;1.0000;0.0018;1.35;7;0.0000
XAUUSDm;M15;20;2.0;1.50;1;1.20;0.50;48;0;200;0;30;70;0;0;10000;1275;-9784.88;10866.65;0.89;-7.6744;0.2722;10;2;0.2000;-4253.63;-212.08;1.0000;0.0030;0.54;17;0.0000
XAUUSDm;M15;20;2.0;1.50;1;1.20;0.50;48;0;200;0;30;70;1;0;10000;889;-9201.72;9817.86;0.86;-10.3506;0.2632;13;3;0.2308;-2691.92;-260.77;1.0000;0.0044;0.52;19;0.0000
XAUUSDm;M15;20;2.0;1.50;1;1.20;0.75;48;0;200;0;30;70;0;0;10000;1282;-9959.86;10796.93;0.88;-7.7690;0.3549;7;1;0.1429;-3877.48;-286.27;1.0000;0.0023;0.87;14;0.0000
XAUUSDm;M15;20;2.0;1.50;1;1.20;0.75;48;0;200;0;30;70;1;0;10000;1140;-8407.21;9625.04;0.88;-7.3747;0.3561;13;4;0.3077;-2122.02;-310.73;1.0000;0.0026;1.04;15;0.0000
XAUUSDm;M15;20;2.0;1.50;1;1.20;1.00;48;0;200;0;30;70;0;0;10000;1572;-9960.45;10401.61;0.88;-6.3362;0.4256;7;0;0.0000;-2217.26;-1433.52;1.0000;0.0016;1.16;13;0.0000
XAUUSDm;M15;20;2.0;1.50;1;1.20;1.00;48;0;200;0;30;70;1;0;10000;1148;-6440.43;7223.61;0.90;-5.6101;0.4286;13;4;0.3077;-2318.09;-225.86;1.0000;0.0022;1.39;10;0.0000
XAUUSDm;M15;20;2.0;1.50;1;1.20;1.25;48;0;200;0;30;70;0;0;10000;1590;-9982.20;10386.87;0.87;-6.2781;0.4761;7;0;0.0000;-3049.73;-1327.15;1.0000;0.0014;1.50;11;0.0000
XAUUSDm;M15;20;2.0;1.50;1;1.20;1.25;48;0;200;0;30;70;1;0;10000;1112;-6318.17;7070.68;0.88;-5.6818;0.4793;13;4;0.3077;-1870.95;-371.62;1.0000;0.0020;1.72;8;0.0000
XAUUSDm;M15;20;2.0;1.50;1;1.40;0.50;48;0;200;0;30;70;0;0;10000;1409;-9881.24;10564.00;0.90;-7.0129;0.2449;6;0;0.0000;-4142.99;-1056.25;1.0000;0.0030;0.66;18;0.0000
XAUUSDm;M15;20;2.0;1.50;1;1.40;0.50;48;0;200;0;30;70;1;0;10000;1049;-6037.39;9783.46;0.92;-5.7554;0.2479;13;6;0.4615;-2772.08;-405.79;1.0000;0.0040;0.60;17;0.0000
XAUUSDm;M15;20;2.0;1.50;1;1.40;0.75;48;0;200;0;30;70;0;0;10000;1247;-9984.74;10543.98;0.88;-8.0070;0.3216;6;0;0.0000;-3160.20;-1572.93;1.0000;0.0026;1.01;18;0.0000
XAUUSDm;M15;20;2.0;1.50;1;1.40;0.75;48;0;200;0;30;70;1;0;10000;1171;-7346.43;9016.40;0.90;-6.2736;0.3271;13;5;0.3846;-2224.54;-461.66;1.0000;0.0027;1.14;15;0.0000
XAUUSDm;M15;20;2.0;1.50;1;1.40;1.00;48;0;200;0;30;70;0;0;10000;1693;-9940.86;10180.13;0.90;-5.8717;0.3928;10;0;0.0000;-2565.78;-829.66;1.0000;0.0016;1.28;13;0.0000
XAUUSDm;M15;20;2.0;1.50;1;1.40;1.00;48;0;200;0;30;70;1;0;10000;1139;-5381.53;6299.40;0.92;-4.7248;0.3977;13;6;0.4615;-2513.89;-122.92;1.0000;0.0024;1.57;10;0.0000
XAUUSDm;M15;20;2.0;1.50;1;1.40;1.25;48;0;200;0;30;70;0;0;10000;1805;-9948.23;10396.68;0.89;-5.5115;0.4449;12;2;0.1667;-3818.41;-424.40;1.0000;0.0013;1.68;12;0.0000
XAUUSDm;M15;20;2.0;1.50;1;1.40;1.25;48;0;200;0;30;70;1;0;10000;1098;-5217.09;6107.06;0.91;-4.7514;0.4481;13;6;0.4615;-1528.76;-302.94;1.0000;0.0022;1.99;8;0.0000
XAUUSDm;M15;20;2.0;2.00;1;0.40;0.50;48;0;200;0;30;70;0;0;10000;1364;-9762.39;10118.58;0.85;-7.1572;0.5147;7;0;0.0000;-2891.00;-1592.32;1.0000;0.0015;0.10;9;0.0000
XAUUSDm;M15;20;2.0;2.00;1;0.40;0.50;48;0;200;0;30;70;1;0;10000;271;1117.90;1900.42;1.10;4.1251;0.5793;13;8;0.6154;-1101.38;262.89;0.0716;0.0066;0.11;9;0.2228
XAUUSDm;M15;20;2.0;2.00;1;0.40;0.75;48;0;200;0;30;70;0;0;10000;1365;-9949.10;10149.42;0.81;-7.2887;0.6037;7;1;0.1429;-2718.56;-1413.25;1.0000;0.0013;0.18;6;0.0000
XAUUSDm;M15;20;2.0;2.00;1;0.40;0.75;48;0;200;0;30;70;1;0;10000;270;365.40;1794.77;1.04;1.3533;0.6630;13;6;0.4615;-581.95;-17.94;0.1459;0.0058;0.35;4;0.0434
XAUUSDm;M15;20;2.0;2.00;1;0.40;1.00;48;0;200;0;30;70;0;0;10000;2512;-6716.05;7381.66;0.91;-2.6736;0.6947;13;3;0.2308;-2046.80;-259.55;1.0000;0.0006;0.31;5;0.0000
XAUUSDm;M15;20;2.0;2.00;1;0.40;1.00;48;0;200;0;30;70;1;0;10000;270;-23.55;1924.95;1.00;-0.0872;0.7148;13;7;0.5385;-732.58;95.90;1.0000;0.0055;0.40;4;0.0000
XAUUSDm;M15;20;2.0;2.00;1;0.40;1.25;48;0;200;0;30;70;0;0;10000;2362;-4944.41;5786.42;0.91;-2.0933;0.7409;13;4;0.3077;-1531.44;-338.32;1.0000;0.0006;0.38;4;0.0000
XAUUSDm;M15;20;2.0;2.00;1;0.40;1.25;48;0;200;0;30;70;1;0;10000;270;-867.71;2295.33;0.87;-3.2137;0.7296;13;6;0.4615;-770.71;-6.99;1.0000;0.0055;0.44;4;0.0000
XAUUSDm;M15;20;2.0;2.00;1;0.60;0.50;48;0;200;0;30;70;0;0;10000;1910;-9818.07;10298.36;0.91;-5.1404;0.4309;12;4;0.3333;-4047.06;-528.62;1.0000;0.0012;0.17;11;0.0000
XAUUSDm;M15;20;2.0;2.00;1;0.60;0.50;48;0;200;0;30;70;1;0;10000;270;1584.80;2186.11;1.12;5.8696;0.4815;13;9;0.6923;-1405.19;183.97;0.0757;0.0079;0.18;15;0.3346
XAUUSDm;M15;20;2.0;2.00;1;0.60;0.75;48;0;200;0;30;70;0;0;10000;2449;-8910.76;10095.80;0.92;-3.6385;0.5357;13;3;0.2308;-2211.58;-911.17;1.0000;0.0008;0.34;9;0.0000
XAUUSDm;M15;20;2.0;2.00;1;0.60;0.75;48;0;200;0;30;70;1;0;10000;268;504.22;2094.58;1.05;1.8814;0.5672;13;7;0.5385;-965.29;263.16;0.1586;0.0069;0.47;7;0.0660
XAUUSDm;M15;20;2.0;2.00;1;0.60;1.00;48;0;200;0;30;70;0;0;10000;2338;-5124.02;6545.09;0.94;-2.1916;0.6116;13;5;0.3846;-1819.13;-351.35;1.0000;0.0007;0.47;6;0.0000
XAUUSDm;M15;20;2.0;2.00;1;0.60;1.00;48;0;200;0;30;70;1;0;10000;268;-424.88;2646.55;0.96;-1.5854;0.6157;13;7;0.5385;-1074.09;53.29;1.0000;0.0065;0.56;7;0.0000
XAUUSDm;M15;20;2.0;2.00;1;0.60;1.25;48;0;200;0;30;70;0;0;10000;2172;-4108.98;5726.07;0.94;-1.8918;0.6625;13;5;0.3846;-1424.32;-186.56;1.0000;0.0007;0.58;6;0.0000
XAUUSDm;M15;20;2.0;2.00;1;0.60;1.25;48;0;200;0;30;70;1;0;10000;268;-1079.07;3215.44;0.88;-4.0264;0.6455;13;8;0.6154;-960.87;112.69;1.0000;0.0062;0.61;6;0.0000
XAUUSDm;M15;20;2.0;2.00;1;0.80;0.50;48;0;200;0;30;70;0;0;10000;1028;-9803.00;10544.45;0.85;-9.5360;0.3473;7;2;0.2857;-4648.15;-439.62;1.0000;0.0029;0.25;16;0.0000
XAUUSDm;M15;20;2.0;2.00;1;0.80;0.50;48;0;200;0;30;70;1;0;10000;270;1555.33;2143.39;1.10;5.7605;0.4074;13;9;0.6923;-1553.00;505.21;0.1029;0.0094;0.23;15;0.2834
XAUUSDm;M15;20;2.0;2.00;1;0.80;0.75;48;0;200;0;30;70;0;0;10000;1173;-9846.88;10333.68;0.84;-8.3946;0.4433;8;1;0.1250;-3172.67;-1120.87;1.0000;0.0020;0.43;10;0.0000
XAUUSDm;M15;20;2.0;2.00;1;0.80;0.75;48;0;200;0;30;70;1;0;10000;268;390.39;2229.14;1.03;1.4567;0.4925;13;8;0.6154;-1104.08;236.53;0.2732;0.0079;0.76;8;0.0359
XAUUSDm;M15;20;2.0;2.00;1;0.80;1.00;48;0;200;0;30;70;0;0;10000;2227;-5638.64;7192.42;0.94;-2.5319;0.5420;13;5;0.3846;-2453.55;-183.85;1.0000;0.0009;0.67;7;0.0000
XAUUSDm;M15;20;2.0;2.00;1;0.80;1.00;48;0;200;0;30;70;1;0;10000;268;-219.95;2594.23;0.98;-0.8207;0.5522;13;7;0.5385;-1139.09;265.62;1.0000;0.0072;0.87;8;0.0000
XAUUSDm;M15;20;2.0;2.00;1;0.80;1.25;48;0;200;0;30;70;0;0;10000;2050;-4077.63;5557.99;0.95;-1.9891;0.5976;13;5;0.3846;-1697.05;-129.37;1.0000;0.0009;0.82;7;0.0000
XAUUSDm;M15;20;2.0;2.00;1;0.80;1.25;48;0;200;0;30;70;1;0;10000;268;-835.77;3166.32;0.92;-3.1185;0.5896;13;8;0.6154;-1074.86;154.43;1.0000;0.0069;0.99;8;0.0000
XAUUSDm;M15;20;2.0;2.00;1;1.00;0.50;48;0;200;0;30;70;0;0;10000;791;-9926.09;10273.73;0.82;-12.5488;0.2908;5;0;0.0000;-4608.27;-1403.69;1.0000;0.0044;0.35;16;0.0000
XAUUSDm;M15;20;2.0;2.00;1;1.00;0.50;48;0;200;0;30;70;1;0;10000;270;1732.58;2558.71;1.10;6.4170;0.3556;13;9;0.6923;-1951.40;370.93;0.1154;0.0107;0.33;18;0.2308
XAUUSDm;M15;20;2.0;2.00;1;1.00;0.75;48;0;200;0;30;70;0;0;10000;941;-9917.18;10384.63;0.82;-10.5390;0.3826;6;0;0.0000;-3221.52;-1650.67;1.0000;0.0029;0.55;12;0.0000
XAUUSDm;M15;20;2.0;2.00;1;1.00;0.75;48;0;200;0;30;70;1;0;10000;268;873.65;2132.93;1.06;3.2599;0.4440;13;8;0.6154;-1350.68;384.92;0.1526;0.0088;0.88;10;0.1354
XAUUSDm;M15;20;2.0;2.00;1;1.00;1.00;48;0;200;0;30;70;0;0;10000;2144;-6798.92;8733.79;0.94;-3.1711;0.4841;13;4;0.3077;-2752.09;-289.05;1.0000;0.0010;0.87;10;0.0000
XAUUSDm;M15;20;2.0;2.00;1;1.00;1.00;48;0;200;0;30;70;1;0;10000;268;304.04;2608.58;1.02;1.1345;0.5075;13;8;0.6154;-1357.10;179.17;0.3287;0.0078;1.03;8;0.0201
XAUUSDm;M15;20;2.0;2.00;1;1.00;1.25;48;0;200;0;30;70;0;0;10000;1952;-5006.73;6798.18;0.94;-2.5649;0.5410;13;4;0.3077;-2061.70;-158.13;1.0000;0.0010;1.07;7;0.0000
XAUUSDm;M15;20;2.0;2.00;1;1.00;1.25;48;0;200;0;30;70;1;0;10000;268;-628.14;3402.86;0.94;-2.3438;0.5410;13;7;0.5385;-1268.03;193.10;1.0000;0.0075;1.17;8;0.0000
XAUUSDm;M15;20;2.0;2.00;1;1.20;0.50;48;0;200;0;30;70;0;0;10000;1284;-9758.81;10277.69;0.89;-7.6003;0.2718;7;2;0.2857;-3610.91;-1497.87;1.0000;0.0030;0.36;19;0.0000
XAUUSDm;M15;20;2.0;2.00;1;1.20;0.50;48;0;200;0;30;70;1;0;10000;270;1515.25;3311.46;1.08;5.6120;0.3111;13;9;0.6923;-2171.93;438.58;0.1584;0.0123;0.40;18;0.1292
XAUUSDm;M15;20;2.0;2.00;1;1.20;0.75;48;0;200;0;30;70;0;0;10000;1141;-9995.36;10529.27;0.86;-8.7602;0.3506;7;1;0.1429;-3238.26;-1320.02;1.0000;0.0026;0.61;13;0.0000
XAUUSDm;M15;20;2.0;2.00;1;1.20;0.75;48;0;200;0;30;70;1;0;10000;268;655.77;2888.26;1.04;2.4469;0.3955;13;8;0.6154;-1454.09;374.91;0.2440;0.0099;1.01;10;0.0418
XAUUSDm;M15;20;2.0;2.00;1;1.20;1.00;48;0;200;0;30;70;0;0;10000;2089;-7000.36;8758.83;0.94;-3.3511;0.4394;13;4;0.3077;-3028.51;-337.54;1.0000;0.0012;1.01;12;0.0000
XAUUSDm;M15;20;2.0;2.00;1;1.20;1.00;48;0;200;0;30;70;1;0;10000;268;445.41;3176.24;1.03;1.6620;0.4627;13;10;0.7692;-1429.77;191.32;0.2692;0.0086;1.19;8;0.0428
XAUUSDm;M15;20;2.0;2.00;1;1.20;1.25;48;0;200;0;30;70;0;0;10000;1896;-3483.59;5782.78;0.96;-1.8373;0.5011;13;6;0.4615;-2980.36;-76.40;1.0000;0.0011;1.27;7;0.0000
XAUUSDm;M15;20;2.0;2.00;1;1.20;1.25;48;0;200;0;30;70;1;0;10000;268;-844.10;3782.96;0.93;-3.1496;0.4925;13;6;0.4615;-1340.46;-13.95;1.0000;0.0082;1.37;8;0.0000
XAUUSDm;M15;20;2.0;2.00;1;1.40;0.50;48;0;200;0;30;70;0;0;10000;1348;-9745.05;10402.32;0.90;-7.2293;0.2441;7;2;0.2857;-3848.83;-2196.85;1.0000;0.0031;0.50;21;0.0000
XAUUSDm;M15;20;2.0;2.00;1;1.40;0.50;48;0;200;0;30;70;1;0;10000;269;3394.26;2444.22;1.19;12.6181;0.2974;13;10;0.7692;-2093.67;501.34;0.0825;0.0129;0.48;18;0.4887
XAUUSDm;M15;20;2.0;2.00;1;1.40;0.75;48;0;200;0;30;70;0;0;10000;1184;-9945.18;10624.70;0.87;-8.3996;0.3193;7;1;0.1429;-3523.94;-1695.47;1.0000;0.0028;0.88;15;0.0000
XAUUSDm;M15;20;2.0;2.00;1;1.40;0.75;48;0;200;0;30;70;1;0;10000;267;1239.39;2104.06;1.08;4.6419;0.3670;13;9;0.6923;-1325.12;359.28;0.1506;0.0107;1.12;13;0.2064
XAUUSDm;M15;20;2.0;2.00;1;1.40;1.00;48;0;200;0;30;70;0;0;10000;2036;-4800.05;7169.83;0.96;-2.3576;0.4077;13;5;0.3846;-3194.79;-299.75;1.0000;0.0013;1.19;12;0.0000
XAUUSDm;M15;20;2.0;2.00;1;1.40;1.00;48;0;200;0;30;70;1;0;10000;267;969.56;2825.81;1.07;3.6313;0.4345;13;9;0.6923;-1316.53;247.16;0.1443;0.0092;1.34;13;0.1429
XAUUSDm;M15;20;2.0;2.00;1;1.40;1.25;48;0;200;0;30;70;0;0;10000;1836;-2650.83;4828.61;0.97;-1.4438;0.4657;13;5;0.3846;-2355.33;-158.92;1.0000;0.0013;1.49;7;0.0000
XAUUSDm;M15;20;2.0;2.00;1;1.40;1.25;48;0;200;0;30;70;1;0;10000;267;-237.73;3469.00;0.98;-0.8904;0.4682;13;8;0.6154;-1233.58;117.52;1.0000;0.0087;1.54;9;0.0000
XAUUSDm;M15;20;2.0;2.50;1;0.40;0.50;48;0;200;0;30;70;0;0;10000;1053;-4607.38;6031.26;0.90;-4.3755;0.5309;13;4;0.3077;-1719.69;-390.17;1.0000;0.0018;0.11;8;0.0000
XAUUSDm;M15;20;2.0;2.50;1;0.40;0.50;48;0;200;0;30;70;1;0;10000;27;-17.09;501.74;0.99;-0.6330;0.5556;13;5;0.3846;-220.54;0.00;1.0000;0.0690;0.06;4;0.0000
XAUUSDm;M15;20;2.0;2.50;1;0.40;0.75;48;0;200;0;30;70;0;0;10000;1043;-4166.49;5096.40;0.89;-3.9947;0.6261;13;3;0.2308;-1026.53;-384.96;1.0000;0.0016;0.19;6;0.0000
XAUUSDm;M15;20;2.0;2.50;1;0.40;0.75;48;0;200;0;30;70;1;0;10000;27;186.23;313.69;1.24;6.8974;0.7037;13;8;0.6154;-193.68;5.68;0.2861;0.0551;0.10;2;0.0000
XAUUSDm;M15;20;2.0;2.50;1;0.40;1.00;48;0;200;0;30;70;0;0;10000;1016;-3144.29;4194.65;0.89;-3.0948;0.6919;13;4;0.3077;-964.06;-161.26;1.0000;0.0015;0.23;4;0.0000
XAUUSDm;M15;20;2.0;2.50;1;0.40;1.00;48;0;200;0;30;70;1;0;10000;27;72.19;320.93;1.11;2.6737;0.7407;13;7;0.5385;-191.35;14.20;0.5455;0.0527;0.13;2;0.0000
XAUUSDm;M15;20;2.0;2.50;1;0.40;1.25;48;0;200;0;30;70;0;0;10000;977;-2048.89;3304.54;0.91;-2.0971;0.7410;13;4;0.3077;-1050.95;-181.61;1.0000;0.0015;0.26;3;0.0000
XAUUSDm;M15;20;2.0;2.50;1;0.40;1.25;48;0;200;0;30;70;1;0;10000;27;59.69;340.01;1.11;2.2107;0.7778;13;6;0.4615;-191.36;0.00;0.5359;0.0516;0.15;2;0.0000
XAUUSDm;M15;20;2.0;2.50;1;0.60;0.50;48;0;200;0;30;70;0;0;10000;1046;-425.42;3254.42;0.99;-0.4067;0.4532;13;7;0.5385;-2053.08;185.26;1.0000;0.0022;0.15;8;0.0000
XAUUSDm;M15;20;2.0;2.50;1;0.60;0.50;48;0;200;0;30;70;1;0;10000;27;138.72;547.41;1.10;5.1378;0.4815;13;6;0.4615;-196.08;0.00;0.8650;0.0796;0.12;4;0.0000
XAUUSDm;M15;20;2.0;2.50;1;0.60;0.75;48;0;200;0;30;70;0;0;10000;1024;-1591.46;3876.77;0.96;-1.5542;0.5479;13;4;0.3077;-1043.35;-310.09;1.0000;0.0019;0.25;7;0.0000
XAUUSDm;M15;20;2.0;2.50;1;0.60;0.75;48;0;200;0;30;70;1;0;10000;27;325.57;292.12;1.34;12.0581;0.6296;13;7;0.5385;-193.68;54.75;0.2455;0.0616;0.18;2;0.0000
XAUUSDm;M15;20;2.0;2.50;1;0.60;1.00;48;0;200;0;30;70;0;0;10000;989;-1622.63;3295.60;0.95;-1.6407;0.6148;13;4;0.3077;-969.36;-210.62;1.0000;0.0017;0.32;5;0.0000
XAUUSDm;M15;20;2.0;2.50;1;0.60;1.00;48;0;200;0;30;70;1;0;10000;27;157.81;350.75;1.18;5.8448;0.6667;13;8;0.6154;-191.35;20.55;0.3743;0.0583;0.22;2;0.0000
XAUUSDm;M15;20;2.0;2.50;1;0.60;1.25;48;0;200;0;30;70;0;0;10000;945;-1339.25;3301.62;0.95;-1.4172;0.6656;13;6;0.4615;-902.43;-119.15;1.0000;0.0017;0.37;4;0.0000
XAUUSDm;M15;20;2.0;2.50;1;0.60;1.25;48;0;200;0;30;70;1;0;10000;27;101.22;384.60;1.14;3.7489;0.7037;13;6;0.4615;-191.36;0.00;0.4742;0.0570;0.25;2;0.0000
XAUUSDm;M15;20;2.0;2.50;1;0.80;0.50;48;0;200;0;30;70;0;0;10000;1041;1214.77;3855.47;1.02;1.1669;0.3900;13;7;0.5385;-2689.55;157.07;0.1317;0.0025;0.21;19;0.0713
XAUUSDm;M15;20;2.0;2.50;1;0.80;0.50;48;0;200;0;30;70;1;0;10000;27;641.15;501.74;1.47;23.7463;0.4815;13;6;0.4615;-196.08;0.00;0.2495;0.0796;0.13;4;0.0000
XAUUSDm;M15;20;2.0;2.50;1;0.80;0.75;48;0;200;0;30;70;0;0;10000;1015;-1763.05;5108.14;0.97;-1.7370;0.4768;13;5;0.3846;-1870.56;-209.13;1.0000;0.0022;0.38;11;0.0000
XAUUSDm;M15;20;2.0;2.50;1;0.80;0.75;48;0;200;0;30;70;1;0;10000;27;371.52;553.58;1.32;13.7600;0.5556;13;7;0.5385;-193.68;5.82;0.2868;0.0697;0.23;4;0.0000
XAUUSDm;M15;20;2.0;2.50;1;0.80;1.00;48;0;200;0;30;70;0;0;10000;974;-1509.99;3891.50;0.96;-1.5503;0.5472;13;6;0.4615;-1589.40;-142.86;1.0000;0.0020;0.48;13;0.0000
XAUUSDm;M15;20;2.0;2.50;1;0.80;1.00;48;0;200;0;30;70;1;0;10000;27;159.42;594.65;1.15;5.9044;0.5926;13;6;0.4615;-191.35;0.00;0.4918;0.0652;0.27;4;0.0000
XAUUSDm;M15;20;2.0;2.50;1;0.80;1.25;48;0;200;0;30;70;0;0;10000;929;-1959.72;3820.69;0.94;-2.1095;0.5963;13;6;0.4615;-1105.86;-71.82;1.0000;0.0019;0.57;7;0.0000
XAUUSDm;M15;20;2.0;2.50;1;0.80;1.25;48;0;200;0;30;70;1;0;10000;27;-82.69;617.37;0.92;-3.0626;0.5926;13;6;0.4615;-191.36;0.00;1.0000;0.0679;0.32;4;0.0000
XAUUSDm;M15;20;2.0;2.50;1;1.00;0.50;48;0;200;0;30;70;0;0;10000;1038;368.04;3834.55;1.01;0.3546;0.3353;13;6;0.4615;-2973.39;-51.12;0.5434;0.0030;0.32;22;0.0038
XAUUSDm;M15;20;2.0;2.50;1;1.00;0.50;48;0;200;0;30;70;1;0;10000;27;843.64;752.06;1.57;31.2459;0.4444;13;7;0.5385;-196.08;2.36;0.2337;0.0853;0.16;5;0.0000
XAUUSDm;M15;20;2.0;2.50;1;1.00;0.75;48;0;200;0;30;70;0;0;10000;1011;-1942.48;5622.79;0.97;-1.9213;0.4214;13;6;0.4615;-1937.26;-127.94;1.0000;0.0025;0.51;11;0.0000
XAUUSDm;M15;20;2.0;2.50;1;1.00;0.75;48;0;200;0;30;70;1;0;10000;27;525.76;706.72;1.42;19.4726;0.5185;13;6;0.4615;-193.68;0.00;0.2533;0.0747;0.26;5;0.0000
XAUUSDm;M15;20;2.0;2.50;1;1.00;1.00;48;0;200;0;30;70;0;0;10000;965;-2227.30;4744.54;0.95;-2.3081;0.4881;13;5;0.3846;-1468.81;-354.38;1.0000;0.0023;0.65;13;0.0000
XAUUSDm;M15;20;2.0;2.50;1;1.00;1.00;48;0;200;0;30;70;1;0;10000;27;268.65;730.90;1.24;9.9500;0.5556;13;6;0.4615;-195.15;0.00;0.3648;0.0697;0.43;5;0.0000
XAUUSDm;M15;20;2.0;2.50;1;1.00;1.25;48;0;200;0;30;70;0;0;10000;910;-2964.22;4478.52;0.92;-3.2574;0.5363;13;5;0.3846;-882.66;-278.73;1.0000;0.0022;0.75;7;0.0000
XAUUSDm;M15;20;2.0;2.50;1;1.00;1.25;48;0;200;0;30;70;1;0;10000;27;-23.34;749.49;0.98;-0.8644;0.5556;13;6;0.4615;-214.06;0.00;1.0000;0.0728;0.48;5;0.0000
XAUUSDm;M15;20;2.0;2.50;1;1.20;0.50;48;0;200;0;30;70;0;0;10000;1036;2505.33;3899.59;1.04;2.4183;0.3021;13;9;0.6923;-2563.80;137.73;0.0958;0.0033;0.36;22;0.1861
XAUUSDm;M15;20;2.0;2.50;1;1.20;0.50;48;0;200;0;30;70;1;0;10000;27;1306.10;752.06;1.89;48.3741;0.4444;13;7;0.5385;-196.08;41.14;0.1812;0.0853;0.18;5;0.0000
XAUUSDm;M15;20;2.0;2.50;1;1.20;0.75;48;0;200;0;30;70;0;0;10000;1005;-231.99;5323.11;1.00;-0.2308;0.3851;13;5;0.3846;-1466.90;-282.17;1.0000;0.0027;0.58;11;0.0000
XAUUSDm;M15;20;2.0;2.50;1;1.20;0.75;48;0;200;0;30;70;1;0;10000;27;882.14;657.73;1.70;32.6719;0.5185;13;6;0.4615;-193.68;0.00;0.1812;0.0747;0.28;5;0.0000
XAUUSDm;M15;20;2.0;2.50;1;1.20;1.00;48;0;200;0;30;70;0;0;10000;959;-945.71;4510.73;0.98;-0.9861;0.4505;13;7;0.5385;-1044.25;107.27;1.0000;0.0025;0.75;13;0.0000
XAUUSDm;M15;20;2.0;2.50;1;1.20;1.00;48;0;200;0;30;70;1;0;10000;27;550.04;695.02;1.48;20.3719;0.5556;13;6;0.4615;-191.35;0.00;0.2138;0.0697;0.45;5;0.0000
XAUUSDm;M15;20;2.0;2.50;1;1.20;1.25;48;0;200;0;30;70;0;0;10000;902;-1035.09;3303.41;0.98;-1.1475;0.5044;13;6;0.4615;-1037.46;-178.35;1.0000;0.0024;0.87;8;0.0000
XAUUSDm;M15;20;2.0;2.50;1;1.20;1.25;48;0;200;0;30;70;1;0;10000;27;196.45;721.20;1.18;7.2759;0.5556;13;6;0.4615;-199.54;0.00;0.4886;0.0728;0.50;5;0.0000
XAUUSDm;M15;20;2.0;2.50;1;1.40;0.50;48;0;200;0;30;70;0;0;10000;1030;1947.72;4242.58;1.03;1.8910;0.2689;13;8;0.6154;-1863.43;262.49;0.1437;0.0037;0.48;22;0.0935
XAUUSDm;M15;20;2.0;2.50;1;1.40;0.50;48;0;200;0;30;70;1;0;10000;27;1396.23;806.25;1.89;51.7122;0.4074;13;6;0.4615;-288.51;0.00;0.1977;0.0932;0.21;6;0.0000
XAUUSDm;M15;20;2.0;2.50;1;1.40;0.75;48;0;200;0;30;70;0;0;10000;998;172.22;4723.43;1.00;0.1726;0.3507;13;6;0.4615;-2107.09;-45.33;1.0832;0.0030;0.78;14;0.0008
XAUUSDm;M15;20;2.0;2.50;1;1.40;0.75;48;0;200;0;30;70;1;0;10000;27;957.63;725.28;1.71;35.4678;0.4815;13;6;0.4615;-295.16;0.00;0.1947;0.0807;0.33;6;0.0000
XAUUSDm;M15;20;2.0;2.50;1;1.40;1.00;48;0;200;0;30;70;0;0;10000;951;338.76;3560.20;1.01;0.3562;0.4185;13;7;0.5385;-1475.55;184.58;0.4129;0.0027;0.91;13;0.0084
XAUUSDm;M15;20;2.0;2.50;1;1.40;1.00;48;0;200;0;30;70;1;0;10000;27;596.26;735.21;1.48;22.0837;0.5185;13;6;0.4615;-281.25;0.00;0.2287;0.0744;0.49;6;0.0000
XAUUSDm;M15;20;2.0;2.50;1;1.40;1.25;48;0;200;0;30;70;0;0;10000;890;-422.82;3002.01;0.99;-0.4751;0.4697;13;7;0.5385;-1335.71;100.09;1.0000;0.0026;1.14;8;0.0000
XAUUSDm;M15;20;2.0;2.50;1;1.40;1.25;48;0;200;0;30;70;1;0;10000;27;243.10;761.06;1.20;9.0037;0.5185;13;6;0.4615;-262.56;0.00;0.4607;0.0774;0.54;6;0.0000
XAUUSDm;M15;20;2.0;3.00;1;0.40;0.50;48;0;200;0;30;70;0;0;10000;336;572.50;1060.29;1.04;1.7039;0.5655;13;8;0.6154;-583.84;44.32;0.1397;0.0054;0.20;6;0.2045
XAUUSDm;M15;20;2.0;3.00;1;0.40;0.50;48;0;200;0;30;70;1;0;10000;0;0.00;0.00;0.00;0.0000;0.0000;0;0;0.0000;0.00;0.00;0.0000;0.0000;0.00;0;0.0000
XAUUSDm;M15;20;2.0;3.00;1;0.40;0.75;48;0;200;0;30;70;0;0;10000;336;-170.92;1191.85;0.98;-0.5087;0.6488;13;6;0.4615;-372.57;-61.02;1.0000;0.0048;0.21;6;0.0000
XAUUSDm;M15;20;2.0;3.00;1;0.40;0.75;48;0;200;0;30;70;1;0;10000;0;0.00;0.00;0.00;0.0000;0.0000;0;0;0.0000;0.00;0.00;0.0000;0.0000;0.00;0;0.0000
XAUUSDm;M15;20;2.0;3.00;1;0.40;1.00;48;0;200;0;30;70;0;0;10000;335;441.49;1214.99;1.05;1.3179;0.7254;13;9;0.6923;-644.51;85.66;0.0906;0.0044;0.24;5;0.1742
XAUUSDm;M15;20;2.0;3.00;1;0.40;1.00;48;0;200;0;30;70;1;0;10000;0;0.00;0.00;0.00;0.0000;0.0000;0;0;0.0000;0.00;0.00;0.0000;0.0000;0.00;0;0.0000
XAUUSDm;M15;20;2.0;3.00;1;0.40;1.25;48;0;200;0;30;70;0;0;10000;333;738.12;1002.92;1.11;2.2166;0.7748;13;9;0.6923;-694.15;93.73;0.0433;0.0041;0.26;4;0.3527
XAUUSDm;M15;20;2.0;3.00;1;0.40;1.25;48;0;200;0;30;70;1;0;10000;0;0.00;0.00;0.00;0.0000;0.0000;0;0;0.0000;0.00;0.00;0.0000;0.0000;0.00;0;0.0000
XAUUSDm;M15;20;2.0;3.00;1;0.60;0.50;48;0;200;0;30;70;0;0;10000;336;2373.76;1276.30;1.14;7.0648;0.4881;13;8;0.6154;-417.95;118.17;0.0506;0.0063;0.23;8;0.6876
XAUUSDm;M15;20;2.0;3.00;1;0.60;0.50;48;0;200;0;30;70;1;0;10000;0;0.00;0.00;0.00;0.0000;0.0000;0;0;0.0000;0.00;0.00;0.0000;0.0000;0.00;0;0.0000
XAUUSDm;M15;20;2.0;3.00;1;0.60;0.75;48;0;200;0;30;70;0;0;10000;336;1046.94;1512.42;1.08;3.1159;0.5744;13;7;0.5385;-767.75;135.60;0.0763;0.0054;0.26;8;0.2007
XAUUSDm;M15;20;2.0;3.00;1;0.60;0.75;48;0;200;0;30;70;1;0;10000;0;0.00;0.00;0.00;0.0000;0.0000;0;0;0.0000;0.00;0.00;0.0000;0.0000;0.00;0;0.0000
XAUUSDm;M15;20;2.0;3.00;1;0.60;1.00;48;0;200;0;30;70;0;0;10000;333;1392.00;1104.14;1.13;4.1802;0.6547;13;8;0.6154;-616.85;217.21;0.0431;0.0049;0.30;6;0.4774
XAUUSDm;M15;20;2.0;3.00;1;0.60;1.00;48;0;200;0;30;70;1;0;10000;0;0.00;0.00;0.00;0.0000;0.0000;0;0;0.0000;0.00;0.00;0.0000;0.0000;0.00;0;0.0000
XAUUSDm;M15;20;2.0;3.00;1;0.60;1.25;48;0;200;0;30;70;0;0;10000;330;1244.83;996.79;1.14;3.7722;0.7030;13;9;0.6923;-698.70;165.13;0.0386;0.0046;0.35;5;0.5986
XAUUSDm;M15;20;2.0;3.00;1;0.60;1.25;48;0;200;0;30;70;1;0;10000;0;0.00;0.00;0.00;0.0000;0.0000;0;0;0.0000;0.00;0.00;0.0000;0.0000;0.00;0;0.0000
XAUUSDm;M15;20;2.0;3.00;1;0.80;0.50;48;0;200;0;30;70;0;0;10000;336;3705.07;1299.59;1.20;11.0270;0.4286;13;9;0.6923;-521.62;203.87;0.0432;0.0072;0.29;8;1.1712
XAUUSDm;M15;20;2.0;3.00;1;0.80;0.50;48;0;200;0;30;70;1;0;10000;0;0.00;0.00;0.00;0.0000;0.0000;0;0;0.0000;0.00;0.00;0.0000;0.0000;0.00;0;0.0000
XAUUSDm;M15;20;2.0;3.00;1;0.80;0.75;48;0;200;0;30;70;0;0;10000;336;2208.47;1525.63;1.14;6.5728;0.5179;13;8;0.6154;-778.03;135.42;0.0483;0.0060;0.48;8;0.5482
XAUUSDm;M15;20;2.0;3.00;1;0.80;0.75;48;0;200;0;30;70;1;0;10000;0;0.00;0.00;0.00;0.0000;0.0000;0;0;0.0000;0.00;0.00;0.0000;0.0000;0.00;0;0.0000
XAUUSDm;M15;20;2.0;3.00;1;0.80;1.00;48;0;200;0;30;70;0;0;10000;333;2466.11;1090.19;1.20;7.4057;0.6006;13;9;0.6923;-781.61;157.84;0.0324;0.0053;0.53;7;1.0842
XAUUSDm;M15;20;2.0;3.00;1;0.80;1.00;48;0;200;0;30;70;1;0;10000;0;0.00;0.00;0.00;0.0000;0.0000;0;0;0.0000;0.00;0.00;0.0000;0.0000;0.00;0;0.0000
XAUUSDm;M15;20;2.0;3.00;1;0.80;1.25;48;0;200;0;30;70;0;0;10000;330;1811.76;915.97;1.17;5.4902;0.6455;13;9;0.6923;-752.31;228.55;0.0353;0.0050;0.61;6;0.9480
XAUUSDm;M15;20;2.0;3.00;1;0.80;1.25;48;0;200;0;30;70;1;0;10000;0;0.00;0.00;0.00;0.0000;0.0000;0;0;0.0000;0.00;0.00;0.0000;0.0000;0.00;0;0.0000
XAUUSDm;M15;20;2.0;3.00;1;1.00;0.50;48;0;200;0;30;70;0;0;10000;336;4336.37;1818.01;1.21;12.9059;0.3780;13;11;0.8462;-779.88;401.79;0.0461;0.0081;0.47;8;1.2910
XAUUSDm;M15;20;2.0;3.00;1;1.00;0.50;48;0;200;0;30;70;1;0;10000;0;0.00;0.00;0.00;0.0000;0.0000;0;0;0.0000;0.00;0.00;0.0000;0.0000;0.00;0;0.0000
XAUUSDm;M15;20;2.0;3.00;1;1.00;0.75;48;0;200;0;30;70;0;0;10000;335;2961.09;1929.90;1.17;8.8391;0.4687;13;9;0.6923;-1110.89;176.37;0.0450;0.0066;0.68;8;0.6893
XAUUSDm;M15;20;2.0;3.00;1;1.00;0.75;48;0;200;0;30;70;1;0;10000;0;0.00;0.00;0.00;0.0000;0.0000;0;0;0.0000;0.00;0.00;0.0000;0.0000;0.00;0;0.0000
XAUUSDm;M15;20;2.0;3.00;1;1.00;1.00;48;0;200;0;30;70;0;0;10000;332;2573.56;1625.81;1.18;7.7517;0.5422;13;7;0.5385;-569.66;91.59;0.0389;0.0059;0.75;7;0.4590
XAUUSDm;M15;20;2.0;3.00;1;1.00;1.00;48;0;200;0;30;70;1;0;10000;0;0.00;0.00;0.00;0.0000;0.0000;0;0;0.0000;0.00;0.00;0.0000;0.0000;0.00;0;0.0000
XAUUSDm;M15;20;2.0;3.00;1;1.00;1.25;48;0;200;0;30;70;0;0;10000;329;1542.13;1579.69;1.12;4.6873;0.5836;13;8;0.6154;-653.87;15.86;0.0519;0.0056;0.85;6;0.3697
XAUUSDm;M15;20;2.0;3.00;1;1.00;1.25;48;0;200;0;30;70;1;0;10000;0;0.00;0.00;0.00;0.0000;0.0000;0;0;0.0000;0.00;0.00;0.0000;0.0000;0.00;0;0.0000
XAUUSDm;M15;20;2.0;3.00;1;1.20;0.50;48;0;200;0;30;70;0;0;10000;336;5592.26;1915.23;1.26;16.6436;0.3452;13;11;0.8462;-759.47;367.30;0.0429;0.0089;0.51;11;1.4435
XAUUSDm;M15;20;2.0;3.00;1;1.20;0.50;48;0;200;0;30;70;1;0;10000;0;0.00;0.00;0.00;0.0000;0.0000;0;0;0.0000;0.00;0.00;0.0000;0.0000;0.00;0;0.0000
XAUUSDm;M15;20;2.0;3.00;1;1.20;0.75;48;0;200;0;30;70;0;0;10000;335;3448.88;2035.19;1.19;10.2952;0.4269;13;8;0.6154;-1103.85;135.33;0.0463;0.0073;0.74;11;0.5479
XAUUSDm;M15;20;2.0;3.00;1;1.20;0.75;48;0;200;0;30;70;1;0;10000;0;0.00;0.00;0.00;0.0000;0.0000;0;0;0.0000;0.00;0.00;0.0000;0.0000;0.00;0;0.0000
XAUUSDm;M15;20;2.0;3.00;1;1.20;1.00;48;0;200;0;30;70;0;0;10000;332;3000.36;1590.10;1.19;9.0372;0.5000;13;7;0.5385;-727.67;22.99;0.0400;0.0064;0.83;9;0.5471
XAUUSDm;M15;20;2.0;3.00;1;1.20;1.00;48;0;200;0;30;70;1;0;10000;0;0.00;0.00;0.00;0.0000;0.0000;0;0;0.0000;0.00;0.00;0.0000;0.0000;0.00;0;0.0000
XAUUSDm;M15;20;2.0;3.00;1;1.20;1.25;48;0;200;0;30;70;0;0;10000;329;2186.10;1858.28;1.16;6.6447;0.5471;13;8;0.6154;-613.28;107.61;0.0439;0.0059;0.95;9;0.4455
XAUUSDm;M15;20;2.0;3.00;1;1.20;1.25;48;0;200;0;30;70;1;0;10000;0;0.00;0.00;0.00;0.0000;0.0000;0;0;0.0000;0.00;0.00;0.0000;0.0000;0.00;0;0.0000
XAUUSDm;M15;20;2.0;3.00;1;1.40;0.50;48;0;200;0;30;70;0;0;10000;336;5700.71;2462.35;1.25;16.9664;0.3095;13;11;0.8462;-1188.88;423.53;0.0491;0.0099;0.56;15;1.0261
XAUUSDm;M15;20;2.0;3.00;1;1.40;0.50;48;0;200;0;30;70;1;0;10000;0;0.00;0.00;0.00;0.0000;0.0000;0;0;0.0000;0.00;0.00;0.0000;0.0000;0.00;0;0.0000
XAUUSDm;M15;20;2.0;3.00;1;1.40;0.75;48;0;200;0;30;70;0;0;10000;335;3819.37;2137.37;1.19;11.4011;0.3910;13;11;0.8462;-1155.02;249.07;0.0488;0.0080;0.81;15;1.0006
XAUUSDm;M15;20;2.0;3.00;1;1.40;0.75;48;0;200;0;30;70;1;0;10000;0;0.00;0.00;0.00;0.0000;0.0000;0;0;0.0000;0.00;0.00;0.0000;0.0000;0.00;0;0.0000
XAUUSDm;M15;20;2.0;3.00;1;1.40;1.00;48;0;200;0;30;70;0;0;10000;332;3463.84;1630.94;1.21;10.4333;0.4639;13;10;0.7692;-726.83;267.41;0.0404;0.0069;0.92;9;1.1659
XAUUSDm;M15;20;2.0;3.00;1;1.40;1.00;48;0;200;0;30;70;1;0;10000;0;0.00;0.00;0.00;0.0000;0.0000;0;0;0.0000;0.00;0.00;0.0000;0.0000;0.00;0;0.0000
XAUUSDm;M15;20;2.0;3.00;1;1.40;1.25;48;0;200;0;30;70;0;0;10000;329;2116.68;1893.77;1.14;6.4337;0.5046;13;7;0.5385;-657.85;111.48;0.0529;0.0064;1.05;9;0.3241
XAUUSDm;M15;20;2.0;3.00;1;1.40;1.25;48;0;200;0;30;70;1;0;10000;0;0.00;0.00;0.00;0.0000;0.0000;0;0;0.0000;0.00;0.00;0.0000;0.0000;0.00;0;0.0000
XAUUSDm;M15;40;2.0;1.00;1;0.40;0.50;48;0;200;0;30;70;0;0;10000;1220;-9947.70;10451.65;0.83;-8.1539;0.5090;5;0;0.0000;-6066.08;-183.96;1.0000;0.0016;0.21;9;0.0000
XAUUSDm;M15;40;2.0;1.00;1;0.40;0.50;48;0;200;0;30;70;1;0;10000;1828;-9919.55;10186.56;0.88;-5.4264;0.5246;7;1;0.1429;-3017.18;-1358.46;1.0000;0.0011;0.19;12;0.0000
XAUUSDm;M15;40;2.0;1.00;1;0.40;0.75;48;0;200;0;30;70;0;0;10000;2116;-9919.98;10253.76;0.87;-4.6881;0.6215;6;0;0.0000;-3868.58;-1528.90;1.0000;0.0008;0.29;7;0.0000
XAUUSDm;M15;40;2.0;1.00;1;0.40;0.75;48;0;200;0;30;70;1;0;10000;2710;-9813.10;10098.13;0.90;-3.6211;0.6280;12;3;0.2500;-2594.89;-563.11;1.0000;0.0006;0.39;7;0.0000
XAUUSDm;M15;40;2.0;1.00;1;0.40;1.00;48;0;200;0;30;70;0;0;10000;3854;-9918.14;9993.97;0.91;-2.5735;0.6954;7;2;0.2857;-3049.34;-1694.10;1.0000;0.0004;0.42;6;0.0000
XAUUSDm;M15;40;2.0;1.00;1;0.40;1.00;48;0;200;0;30;70;1;0;10000;2664;-9950.08;10075.86;0.87;-3.7350;0.6869;12;3;0.2500;-3240.39;-673.12;1.0000;0.0006;0.51;9;0.0000
XAUUSDm;M15;40;2.0;1.00;1;0.40;1.25;48;0;200;0;30;70;0;0;10000;4191;-9976.37;10253.93;0.90;-2.3804;0.7387;12;2;0.1667;-3076.08;-318.20;1.0000;0.0003;0.54;6;0.0000
XAUUSDm;M15;40;2.0;1.00;1;0.40;1.25;48;0;200;0;30;70;1;0;10000;2574;-9957.86;10158.65;0.85;-3.8686;0.7265;12;2;0.1667;-2831.06;-573.66;1.0000;0.0006;0.62;7;0.0000
XAUUSDm;M15;40;2.0;1.00;1;0.60;0.50;48;0;200;0;30;70;0;0;10000;1127;-9918.43;10341.28;0.85;-8.8007;0.4135;6;1;0.1667;-5856.81;-273.95;1.0000;0.0022;0.29;16;0.0000
XAUUSDm;M15;40;2.0;1.00;1;0.60;0.50;48;0;200;0;30;70;1;0;10000;2116;-6459.36;9943.13;0.94;-3.0526;0.4405;13;5;0.3846;-3252.71;0.00;1.0000;0.0011;0.36;12;0.0000
XAUUSDm;M15;40;2.0;1.00;1;0.60;0.75;48;0;200;0;30;70;0;0;10000;2048;-9929.31;10137.27;0.89;-4.8483;0.5283;6;0;0.0000;-4650.00;-1537.54;1.0000;0.0010;0.46;10;0.0000
XAUUSDm;M15;40;2.0;1.00;1;0.60;0.75;48;0;200;0;30;70;1;0;10000;2381;-9842.59;9908.18;0.91;-4.1338;0.5317;10;2;0.2000;-3272.64;-1397.42;1.0000;0.0008;0.61;10;0.0000
XAUUSDm;M15;40;2.0;1.00;1;0.60;1.00;48;0;200;0;30;70;0;0;10000;2795;-9961.82;10045.67;0.91;-3.5642;0.6025;7;0;0.0000;-3320.20;-653.00;1.0000;0.0006;0.60;9;0.0000
XAUUSDm;M15;40;2.0;1.00;1;0.60;1.00;48;0;200;0;30;70;1;0;10000;2555;-9872.56;9883.61;0.90;-3.8640;0.6004;12;2;0.1667;-3465.60;-640.80;1.0000;0.0007;0.78;9;0.0000
XAUUSDm;M15;40;2.0;1.00;1;0.60;1.25;48;0;200;0;30;70;0;0;10000;3512;-9947.48;10201.28;0.91;-2.8324;0.6563;12;2;0.1667;-2897.98;-479.47;1.0000;0.0005;0.77;7;0.0000
XAUUSDm;M15;40;2.0;1.00;1;0.60;1.25;48;0;200;0;30;70;1;0;10000;2687;-8637.28;9618.09;0.90;-3.2145;0.6531;13;4;0.3077;-2809.39;-654.38;1.0000;0.0006;0.97;7;0.0000
XAUUSDm;M15;40;2.0;1.00;1;0.80;0.50;48;0;200;0;30;70;0;0;10000;1456;-9948.72;10310.34;0.89;-6.8329;0.3578;5;0;0.0000;-4833.11;-2220.24;1.0000;0.0020;0.36;16;0.0000
XAUUSDm;M15;40;2.0;1.00;1;0.80;0.50;48;0;200;0;30;70;1;0;10000;808;-9925.69;10176.46;0.81;-12.2843;0.3366;5;0;0.0000;-4104.53;-1972.69;1.0000;0.0038;0.45;16;0.0000
XAUUSDm;M15;40;2.0;1.00;1;0.80;0.75;48;0;200;0;30;70;0;0;10000;1784;-9936.67;10345.23;0.89;-5.5699;0.4574;6;0;0.0000;-4416.31;-1423.47;1.0000;0.0013;0.60;12;0.0000
XAUUSDm;M15;40;2.0;1.00;1;0.80;0.75;48;0;200;0;30;70;1;0;10000;2241;-9446.56;9908.54;0.92;-4.2153;0.4632;13;4;0.3077;-3771.32;-426.94;1.0000;0.0010;0.80;10;0.0000
XAUUSDm;M15;40;2.0;1.00;1;0.80;1.00;48;0;200;0;30;70;0;0;10000;2697;-9963.14;10462.61;0.92;-3.6942;0.5347;7;0;0.0000;-2369.85;-1738.21;1.0000;0.0007;0.83;9;0.0000
XAUUSDm;M15;40;2.0;1.00;1;0.80;1.00;48;0;200;0;30;70;1;0;10000;2170;-9956.22;9984.10;0.90;-4.5881;0.5295;12;4;0.3333;-3571.04;-729.55;1.0000;0.0009;1.07;10;0.0000
XAUUSDm;M15;40;2.0;1.00;1;0.80;1.25;48;0;200;0;30;70;0;0;10000;2409;-9968.38;10239.77;0.89;-4.1380;0.5832;8;1;0.1250;-3163.54;-1345.19;1.0000;0.0008;1.06;7;0.0000
XAUUSDm;M15;40;2.0;1.00;1;0.80;1.25;48;0;200;0;30;70;1;0;10000;1868;-9960.79;10099.63;0.86;-5.3323;0.5749;12;3;0.2500;-3048.27;-785.04;1.0000;0.0010;1.33;9;0.0000
XAUUSDm;M15;40;2.0;1.00;1;1.00;0.50;48;0;200;0;30;70;0;0;10000;887;-9947.02;10142.06;0.84;-11.2142;0.2954;5;0;0.0000;-5570.10;-131.39;1.0000;0.0039;0.55;16;0.0000
XAUUSDm;M15;40;2.0;1.00;1;1.00;0.50;48;0;200;0;30;70;1;0;10000;386;-9905.72;10135.26;0.65;-25.6625;0.2461;6;0;0.0000;-5062.30;-80.58;1.0000;0.0108;0.65;15;0.0000
XAUUSDm;M15;40;2.0;1.00;1;1.00;0.75;48;0;200;0;30;70;0;0;10000;1719;-10003.62;10275.76;0.90;-5.8194;0.4043;6;0;0.0000;-3575.52;-1711.38;1.0000;0.0015;0.73;18;0.0000
XAUUSDm;M15;40;2.0;1.00;1;1.00;0.75;48;0;200;0;30;70;1;0;10000;1386;-9839.09;9924.85;0.88;-7.0989;0.3975;7;1;0.1429;-3936.16;-947.99;1.0000;0.0019;0.98;11;0.0000
XAUUSDm;M15;40;2.0;1.00;1;1.00;1.00;48;0;200;0;30;70;0;0;10000;3066;-9937.92;10161.45;0.93;-3.2413;0.4840;10;1;0.1000;-2703.62;-650.47;1.0000;0.0007;1.01;9;0.0000
XAUUSDm;M15;40;2.0;1.00;1;1.00;1.00;48;0;200;0;30;70;1;0;10000;1762;-9909.33;9954.92;0.89;-5.6239;0.4716;10;2;0.2000;-2751.93;-1171.96;1.0000;0.0013;1.35;13;0.0000
XAUUSDm;M15;40;2.0;1.00;1;1.00;1.25;48;0;200;0;30;70;0;0;10000;2859;-9951.22;10162.82;0.92;-3.4807;0.5352;12;2;0.1667;-3462.31;-458.22;1.0000;0.0007;1.28;9;0.0000
XAUUSDm;M15;40;2.0;1.00;1;1.00;1.25;48;0;200;0;30;70;1;0;10000;1637;-9955.90;10069.52;0.86;-6.0818;0.5186;12;3;0.2500;-2773.12;-764.56;1.0000;0.0013;1.71;9;0.0000
XAUUSDm;M15;40;2.0;1.00;1;1.20;0.50;48;0;200;0;30;70;0;0;10000;1204;-9917.43;11196.97;0.88;-8.2371;0.2699;5;1;0.2000;-4321.41;-2265.82;1.0000;0.0032;0.63;17;0.0000
XAUUSDm;M15;40;2.0;1.00;1;1.20;0.50;48;0;200;0;30;70;1;0;10000;571;-9965.60;10191.40;0.76;-17.4529;0.2417;6;1;0.1667;-4015.46;-1438.29;1.0000;0.0074;0.64;16;0.0000
XAUUSDm;M15;40;2.0;1.00;1;1.20;0.75;48;0;200;0;30;70;0;0;10000;1638;-9994.74;11388.70;0.90;-6.1018;0.3614;6;0;0.0000;-3017.19;-1858.72;1.0000;0.0018;0.87;21;0.0000
XAUUSDm;M15;40;2.0;1.00;1;1.20;0.75;48;0;200;0;30;70;1;0;10000;1775;-9879.17;9990.78;0.91;-5.5657;0.3634;12;3;0.2500;-4003.34;-871.31;1.0000;0.0016;1.19;16;0.0000
XAUUSDm;M15;40;2.0;1.00;1;1.20;1.00;48;0;200;0;30;70;0;0;10000;1734;-9945.57;10437.44;0.89;-5.7356;0.4285;7;1;0.1429;-3185.93;-1108.56;1.0000;0.0014;1.21;9;0.0000
XAUUSDm;M15;40;2.0;1.00;1;1.20;1.00;48;0;200;0;30;70;1;0;10000;1879;-9917.59;9983.15;0.90;-5.2781;0.4300;12;3;0.2500;-3717.78;-708.34;1.0000;0.0013;1.56;14;0.0000
XAUUSDm;M15;40;2.0;1.00;1;1.20;1.25;48;0;200;0;30;70;0;0;10000;1850;-9977.21;10493.85;0.89;-5.3931;0.4805;7;1;0.1429;-3177.36;-1298.82;1.0000;0.0012;1.58;9;0.0000
XAUUSDm;M15;40;2.0;1.00;1;1.20;1.25;48;0;200;0;30;70;1;0;10000;1637;-9961.54;10124.62;0.87;-6.0852;0.4765;12;2;0.1667;-2695.87;-556.32;1.0000;0.0014;1.91;9;0.0000
XAUUSDm;M15;40;2.0;1.00;1;1.40;0.50;48;0;200;0;30;70;0;0;10000;598;-9935.39;10347.65;0.78;-16.6144;0.2191;5;0;0.0000;-5940.75;-150.34;1.0000;0.0078;0.86;19;0.0000
XAUUSDm;M15;40;2.0;1.00;1;1.40;0.50;48;0;200;0;30;70;1;0;10000;435;-9913.03;10178.78;0.71;-22.7886;0.2023;6;0;0.0000;-4918.39;-122.27;1.0000;0.0117;0.75;22;0.0000
XAUUSDm;M15;40;2.0;1.00;1;1.40;0.75;48;0;200;0;30;70;0;0;10000;939;-9970.87;10569.42;0.84;-10.6186;0.3120;5;0;0.0000;-4641.43;-1351.92;1.0000;0.0036;1.20;14;0.0000
XAUUSDm;M15;40;2.0;1.00;1;1.40;0.75;48;0;200;0;30;70;1;0;10000;477;-9976.48;10113.94;0.70;-20.9151;0.2746;5;0;0.0000;-4817.94;-1645.88;1.0000;0.0079;1.05;16;0.0000
XAUUSDm;M15;40;2.0;1.00;1;1.40;1.00;48;0;200;0;30;70;0;0;10000;1415;-9974.71;10205.67;0.88;-7.0493;0.3873;5;0;0.0000;-4189.23;-2403.59;1.0000;0.0019;1.50;12;0.0000
XAUUSDm;M15;40;2.0;1.00;1;1.40;1.00;48;0;200;0;30;70;1;0;10000;1615;-9922.29;10007.83;0.89;-6.1438;0.3913;12;4;0.3333;-3140.10;-418.11;1.0000;0.0017;1.86;14;0.0000
XAUUSDm;M15;40;2.0;1.00;1;1.40;1.25;48;0;200;0;30;70;0;0;10000;1680;-9988.68;10237.55;0.89;-5.9456;0.4423;7;2;0.2857;-3744.89;-2021.19;1.0000;0.0015;1.90;12;0.0000
XAUUSDm;M15;40;2.0;1.00;1;1.40;1.25;48;0;200;0;30;70;1;0;10000;1448;-9953.18;10178.45;0.87;-6.8737;0.4372;10;3;0.3000;-3139.56;-990.20;1.0000;0.0017;2.20;12;0.0000
XAUUSDm;M15;40;2.0;1.50;1;0.40;0.50;48;0;200;0;30;70;0;0;10000;1738;-9926.95;10451.63;0.88;-5.7117;0.5230;5;0;0.0000;-3406.28;-2119.44;1.0000;0.0011;0.18;9;0.0000
XAUUSDm;M15;40;2.0;1.50;1;0.40;0.50;48;0;200;0;30;70;1;0;10000;1541;-7249.72;9828.83;0.90;-4.7046;0.5289;13;5;0.3846;-1830.50;-946.23;1.0000;0.0013;0.22;15;0.0000
XAUUSDm;M15;40;2.0;1.50;1;0.40;0.75;48;0;200;0;30;70;0;0;10000;1933;-9942.81;10410.40;0.86;-5.1437;0.6182;7;0;0.0000;-3630.67;-1629.02;1.0000;0.0009;0.24;6;0.0000
XAUUSDm;M15;40;2.0;1.50;1;0.40;0.75;48;0;200;0;30;70;1;0;10000;1759;-8035.06;9749.54;0.87;-4.5680;0.6219;13;3;0.2308;-1893.93;-715.09;1.0000;0.0010;0.33;8;0.0000
XAUUSDm;M15;40;2.0;1.50;1;0.40;1.00;48;0;200;0;30;70;0;0;10000;3153;-9898.14;10443.47;0.89;-3.1393;0.6911;10;2;0.2000;-2268.48;-1008.95;1.0000;0.0005;0.33;6;0.0000
XAUUSDm;M15;40;2.0;1.50;1;0.40;1.00;48;0;200;0;30;70;1;0;10000;1699;-6672.65;7882.76;0.87;-3.9274;0.6851;13;5;0.3846;-2083.16;-240.50;1.0000;0.0009;0.48;7;0.0000
XAUUSDm;M15;40;2.0;1.50;1;0.40;1.25;48;0;200;0;30;70;0;0;10000;3493;-9963.78;10996.82;0.88;-2.8525;0.7352;12;1;0.0833;-1885.20;-731.57;1.0000;0.0004;0.38;5;0.0000
XAUUSDm;M15;40;2.0;1.50;1;0.40;1.25;48;0;200;0;30;70;1;0;10000;1616;-5788.45;6458.25;0.86;-3.5820;0.7290;13;4;0.3077;-1488.19;-305.96;1.0000;0.0009;0.63;6;0.0000
XAUUSDm;M15;40;2.0;1.50;1;0.60;0.50;48;0;200;0;30;70;0;0;10000;1888;-9869.03;10462.11;0.91;-5.2272;0.4306;7;0;0.0000;-3597.56;-420.15;1.0000;0.0013;0.25;16;0.0000
XAUUSDm;M15;40;2.0;1.50;1;0.60;0.50;48;0;200;0;30;70;1;0;10000;1460;-5585.03;10243.79;0.93;-3.8254;0.4370;13;5;0.3846;-2033.65;-1047.14;1.0000;0.0016;0.34;15;0.0000
XAUUSDm;M15;40;2.0;1.50;1;0.60;0.75;48;0;200;0;30;70;0;0;10000;2334;-9925.50;10559.03;0.91;-4.2526;0.5317;7;1;0.1429;-3511.20;-1538.80;1.0000;0.0008;0.35;10;0.0000
XAUUSDm;M15;40;2.0;1.50;1;0.60;0.75;48;0;200;0;30;70;1;0;10000;1628;-6099.91;9108.92;0.92;-3.7469;0.5344;13;4;0.3077;-2266.91;-785.74;1.0000;0.0012;0.50;8;0.0000
XAUUSDm;M15;40;2.0;1.50;1;0.60;1.00;48;0;200;0;30;70;0;0;10000;3020;-9902.61;10808.37;0.91;-3.2790;0.6040;12;2;0.1667;-2873.81;-842.60;1.0000;0.0006;0.49;9;0.0000
XAUUSDm;M15;40;2.0;1.50;1;0.60;1.00;48;0;200;0;30;70;1;0;10000;1535;-4434.64;7212.70;0.92;-2.8890;0.6065;13;6;0.4615;-2238.71;-394.74;1.0000;0.0011;0.74;8;0.0000
XAUUSDm;M15;40;2.0;1.50;1;0.60;1.25;48;0;200;0;30;70;0;0;10000;3428;-9008.40;11545.65;0.92;-2.6279;0.6575;13;4;0.3077;-2713.14;-491.57;1.0000;0.0005;0.60;7;0.0000
XAUUSDm;M15;40;2.0;1.50;1;0.60;1.25;48;0;200;0;30;70;1;0;10000;1453;-4123.09;6105.08;0.91;-2.8376;0.6552;13;5;0.3846;-1890.64;-185.90;1.0000;0.0011;0.92;7;0.0000
XAUUSDm;M15;40;2.0;1.50;1;0.80;0.50;48;0;200;0;30;70;0;0;10000;1798;-9769.03;11158.05;0.91;-5.4333;0.3637;10;1;0.1000;-3904.67;-283.58;1.0000;0.0016;0.37;19;0.0000
XAUUSDm;M15;40;2.0;1.50;1;0.80;0.50;48;0;200;0;30;70;1;0;10000;1379;-5236.33;10177.91;0.94;-3.7972;0.3698;13;4;0.3077;-2271.72;-418.94;1.0000;0.0020;0.48;18;0.0000
XAUUSDm;M15;40;2.0;1.50;1;0.80;0.75;48;0;200;0;30;70;0;0;10000;2113;-9928.63;10722.46;0.91;-4.6988;0.4614;7;1;0.1429;-4073.58;-1175.35;1.0000;0.0011;0.53;13;0.0000
XAUUSDm;M15;40;2.0;1.50;1;0.80;0.75;48;0;200;0;30;70;1;0;10000;1504;-7087.98;9868.97;0.91;-4.7128;0.4608;13;3;0.2308;-2262.60;-1062.65;1.0000;0.0015;0.68;10;0.0000
XAUUSDm;M15;40;2.0;1.50;1;0.80;1.00;48;0;200;0;30;70;0;0;10000;3142;-9938.23;11466.02;0.93;-3.1630;0.5376;12;3;0.2500;-2314.03;-968.41;1.0000;0.0006;0.73;9;0.0000
XAUUSDm;M15;40;2.0;1.50;1;0.80;1.00;48;0;200;0;30;70;1;0;10000;1418;-5297.08;7169.45;0.91;-3.7356;0.5339;13;3;0.2308;-2367.45;-585.24;1.0000;0.0014;0.98;10;0.0000
XAUUSDm;M15;40;2.0;1.50;1;0.80;1.25;48;0;200;0;30;70;0;0;10000;2725;-9972.44;11748.24;0.90;-3.6596;0.5864;12;1;0.0833;-2992.46;-581.60;1.0000;0.0007;0.87;7;0.0000
XAUUSDm;M15;40;2.0;1.50;1;0.80;1.25;48;0;200;0;30;70;1;0;10000;1331;-5105.30;7232.07;0.90;-3.8357;0.5845;13;4;0.3077;-2048.64;-630.11;1.0000;0.0014;1.21;8;0.0000
XAUUSDm;M15;40;2.0;1.50;1;1.00;0.50;48;0;200;0;30;70;0;0;10000;1420;-9919.01;10541.41;0.90;-6.9852;0.3099;5;0;0.0000;-3509.76;-1797.82;1.0000;0.0023;0.48;19;0.0000
XAUUSDm;M15;40;2.0;1.50;1;1.00;0.50;48;0;200;0;30;70;1;0;10000;1224;-4280.47;10182.58;0.95;-3.4971;0.3219;13;4;0.3077;-1990.88;-325.78;1.0000;0.0026;0.65;18;0.0000
XAUUSDm;M15;40;2.0;1.50;1;1.00;0.75;48;0;200;0;30;70;0;0;10000;2020;-9890.98;11236.10;0.91;-4.8965;0.4079;8;1;0.1250;-2921.78;-1104.62;1.0000;0.0013;0.70;13;0.0000
XAUUSDm;M15;40;2.0;1.50;1;1.00;0.75;48;0;200;0;30;70;1;0;10000;1200;-9845.16;10144.54;0.86;-8.2043;0.3925;12;2;0.1667;-2574.13;-737.46;1.0000;0.0022;0.80;11;0.0000
XAUUSDm;M15;40;2.0;1.50;1;1.00;1.00;48;0;200;0;30;70;0;0;10000;2252;-9937.97;10726.90;0.91;-4.4130;0.4774;10;1;0.1000;-2344.47;-1202.45;1.0000;0.0010;0.96;9;0.0000
XAUUSDm;M15;40;2.0;1.50;1;1.00;1.00;48;0;200;0;30;70;1;0;10000;1357;-7116.21;8948.01;0.89;-5.2441;0.4731;13;4;0.3077;-2752.07;-396.22;1.0000;0.0017;1.15;10;0.0000
XAUUSDm;M15;40;2.0;1.50;1;1.00;1.25;48;0;200;0;30;70;0;0;10000;2587;-9973.75;11627.28;0.91;-3.8553;0.5330;12;1;0.0833;-2201.98;-859.74;1.0000;0.0008;1.11;9;0.0000
XAUUSDm;M15;40;2.0;1.50;1;1.00;1.25;48;0;200;0;30;70;1;0;10000;1260;-6650.10;8003.50;0.88;-5.2779;0.5238;13;4;0.3077;-1928.62;-476.03;1.0000;0.0016;1.49;8;0.0000
XAUUSDm;M15;40;2.0;1.50;1;1.20;0.50;48;0;200;0;30;70;0;0;10000;1896;-9888.30;11574.14;0.93;-5.2153;0.2790;7;0;0.0000;-2415.48;-1387.51;1.0000;0.0019;0.62;19;0.0000
XAUUSDm;M15;40;2.0;1.50;1;1.20;0.50;48;0;200;0;30;70;1;0;10000;1278;-6334.47;10435.62;0.93;-4.9565;0.2793;13;4;0.3077;-2532.07;-360.64;1.0000;0.0029;0.86;18;0.0000
XAUUSDm;M15;40;2.0;1.50;1;1.20;0.75;48;0;200;0;30;70;0;0;10000;2225;-9862.64;11846.00;0.93;-4.4326;0.3676;10;1;0.1000;-2655.79;-727.85;1.0000;0.0013;0.91;14;0.0000
XAUUSDm;M15;40;2.0;1.50;1;1.20;0.75;48;0;200;0;30;70;1;0;10000;1396;-7526.77;10607.47;0.91;-5.3917;0.3639;13;5;0.3846;-2620.90;-880.66;1.0000;0.0021;1.13;12;0.0000
XAUUSDm;M15;40;2.0;1.50;1;1.20;1.00;48;0;200;0;30;70;0;0;10000;2102;-9881.06;11351.01;0.91;-4.7008;0.4329;10;1;0.1000;-2391.04;-1183.89;1.0000;0.0012;1.21;11;0.0000
XAUUSDm;M15;40;2.0;1.50;1;1.20;1.00;48;0;200;0;30;70;1;0;10000;1304;-5688.48;9033.59;0.92;-4.3623;0.4340;13;6;0.4615;-2964.52;-338.61;1.0000;0.0019;1.55;10;0.0000
XAUUSDm;M15;40;2.0;1.50;1;1.20;1.25;48;0;200;0;30;70;0;0;10000;2501;-8192.19;10985.60;0.93;-3.2756;0.4926;13;1;0.0769;-2456.08;-536.48;1.0000;0.0009;1.37;9;0.0000
XAUUSDm;M15;40;2.0;1.50;1;1.20;1.25;48;0;200;0;30;70;1;0;10000;1207;-5505.20;7633.74;0.90;-4.5611;0.4855;13;4;0.3077;-1971.15;-242.27;1.0000;0.0018;1.86;8;0.0000
XAUUSDm;M15;40;2.0;1.50;1;1.40;0.50;48;0;200;0;30;70;0;0;10000;1572;-9805.62;10583.44;0.91;-6.2377;0.2468;12;2;0.1667;-3202.75;-486.84;1.0000;0.0027;0.80;19;0.0000
XAUUSDm;M15;40;2.0;1.50;1;1.40;0.50;48;0;200;0;30;70;1;0;10000;1183;-9762.08;9975.65;0.89;-8.2520;0.2409;12;3;0.2500;-2308.04;-779.18;1.0000;0.0036;0.91;18;0.0000
XAUUSDm;M15;40;2.0;1.50;1;1.40;0.75;48;0;200;0;30;70;0;0;10000;2011;-9874.34;10870.78;0.92;-4.9102;0.3322;12;1;0.0833;-3783.99;-189.08;1.0000;0.0016;1.04;15;0.0000
XAUUSDm;M15;40;2.0;1.50;1;1.40;0.75;48;0;200;0;30;70;1;0;10000;1306;-7402.31;9958.31;0.91;-5.6679;0.3292;13;4;0.3077;-2309.99;-675.65;1.0000;0.0024;1.41;13;0.0000
XAUUSDm;M15;40;2.0;1.50;1;1.40;1.00;48;0;200;0;30;70;0;0;10000;2131;-9957.68;11336.98;0.92;-4.6728;0.3975;12;2;0.1667;-3440.89;-344.57;1.0000;0.0013;1.33;12;0.0000
XAUUSDm;M15;40;2.0;1.50;1;1.40;1.00;48;0;200;0;30;70;1;0;10000;1281;-6881.14;9269.46;0.91;-5.3717;0.3942;13;5;0.3846;-3222.10;-324.93;1.0000;0.0021;1.87;10;0.0000
XAUUSDm;M15;40;2.0;1.50;1;1.40;1.25;48;0;200;0;30;70;0;0;10000;2350;-7976.06;10517.16;0.93;-3.3941;0.4553;13;2;0.1538;-2053.97;-418.14;1.0000;0.0010;1.62;10;0.0000
XAUUSDm;M15;40;2.0;1.50;1;1.40;1.25;48;0;200;0;30;70;1;0;10000;1181;-6476.68;8157.29;0.89;-5.4841;0.4445;13;4;0.3077;-2628.21;-224.71;1.0000;0.0021;2.28;8;0.0000
XAUUSDm;M15;40;2.0;2.00;1;0.40;0.50;48;0;200;0;30;70;0;0;10000;1303;-9756.02;10176.42;0.84;-7.4874;0.5127;8;0;0.0000;-2431.29;-1195.74;1.0000;0.0015;0.12;12;0.0000
XAUUSDm;M15;40;2.0;2.00;1;0.40;0.50;48;0;200;0;30;70;1;0;10000;655;-4534.47;6105.46;0.85;-6.9229;0.5160;13;6;0.4615;-1870.54;-465.23;1.0000;0.0031;0.17;9;0.0000
XAUUSDm;M15;40;2.0;2.00;1;0.40;0.75;48;0;200;0;30;70;0;0;10000;2050;-9864.11;10204.04;0.87;-4.8118;0.6205;12;1;0.0833;-2549.61;-628.72;1.0000;0.0008;0.18;6;0.0000
XAUUSDm;M15;40;2.0;2.00;1;0.40;0.75;48;0;200;0;30;70;1;0;10000;639;-3208.44;4517.14;0.86;-5.0210;0.6197;13;6;0.4615;-1293.44;-190.58;1.0000;0.0027;0.26;8;0.0000
XAUUSDm;M15;40;2.0;2.00;1;0.40;1.00;48;0;200;0;30;70;0;0;10000;2344;-6330.88;7971.73;0.91;-2.7009;0.6941;13;4;0.3077;-1795.71;-692.12;1.0000;0.0007;0.26;6;0.0000
XAUUSDm;M15;40;2.0;2.00;1;0.40;1.00;48;0;200;0;30;70;1;0;10000;626;-3253.27;4191.11;0.83;-5.1969;0.6757;13;7;0.5385;-1470.70;28.94;1.0000;0.0025;0.34;6;0.0000
XAUUSDm;M15;40;2.0;2.00;1;0.40;1.25;48;0;200;0;30;70;0;0;10000;2174;-5326.76;6550.56;0.90;-2.4502;0.7383;13;4;0.3077;-1356.76;-230.65;1.0000;0.0007;0.31;5;0.0000
XAUUSDm;M15;40;2.0;2.00;1;0.40;1.25;48;0;200;0;30;70;1;0;10000;607;-2857.50;3384.32;0.82;-4.7076;0.7199;13;6;0.4615;-973.83;-139.74;1.0000;0.0025;0.50;4;0.0000
XAUUSDm;M15;40;2.0;2.00;1;0.60;0.50;48;0;200;0;30;70;0;0;10000;2105;-9741.15;9977.68;0.92;-4.6276;0.4333;12;2;0.1667;-3155.87;-334.25;1.0000;0.0011;0.18;14;0.0000
XAUUSDm;M15;40;2.0;2.00;1;0.60;0.50;48;0;200;0;30;70;1;0;10000;627;-3652.56;6385.58;0.90;-5.8255;0.4274;13;7;0.5385;-2224.84;60.62;1.0000;0.0039;0.24;11;0.0000
XAUUSDm;M15;40;2.0;2.00;1;0.60;0.75;48;0;200;0;30;70;0;0;10000;1961;-9844.78;10361.25;0.89;-5.0203;0.5278;12;3;0.2500;-3010.31;-590.75;1.0000;0.0010;0.27;10;0.0000
XAUUSDm;M15;40;2.0;2.00;1;0.60;0.75;48;0;200;0;30;70;1;0;10000;605;-2541.87;4580.90;0.91;-4.2014;0.5322;13;7;0.5385;-1320.06;60.40;1.0000;0.0033;0.39;7;0.0000
XAUUSDm;M15;40;2.0;2.00;1;0.60;1.00;48;0;200;0;30;70;0;0;10000;2085;-3534.59;5907.05;0.95;-1.6952;0.6144;13;5;0.3846;-1591.15;-227.95;1.0000;0.0008;0.38;8;0.0000
XAUUSDm;M15;40;2.0;2.00;1;0.60;1.00;48;0;200;0;30;70;1;0;10000;590;-2948.48;4046.70;0.87;-4.9974;0.5932;13;6;0.4615;-1030.76;-28.42;1.0000;0.0031;0.50;6;0.0000
XAUUSDm;M15;40;2.0;2.00;1;0.60;1.25;48;0;200;0;30;70;0;0;10000;1919;-3685.48;5487.09;0.94;-1.9205;0.6628;13;5;0.3846;-1516.26;-276.71;1.0000;0.0008;0.47;6;0.0000
XAUUSDm;M15;40;2.0;2.00;1;0.60;1.25;48;0;200;0;30;70;1;0;10000;572;-2564.21;3382.64;0.86;-4.4829;0.6434;13;5;0.3846;-1021.32;-85.65;1.0000;0.0030;0.77;5;0.0000
XAUUSDm;M15;40;2.0;2.00;1;0.80;0.50;48;0;200;0;30;70;0;0;10000;995;-9881.83;10343.67;0.84;-9.9315;0.3457;6;0;0.0000;-3597.22;-1385.53;1.0000;0.0030;0.25;20;0.0000
XAUUSDm;M15;40;2.0;2.00;1;0.80;0.50;48;0;200;0;30;70;1;0;10000;616;-4571.00;6927.17;0.88;-7.4205;0.3555;13;6;0.4615;-1858.99;-78.83;1.0000;0.0047;0.32;14;0.0000
XAUUSDm;M15;40;2.0;2.00;1;0.80;0.75;48;0;200;0;30;70;0;0;10000;1859;-9862.03;10409.45;0.90;-5.3050;0.4583;12;3;0.2500;-3153.48;-622.52;1.0000;0.0012;0.40;11;0.0000
XAUUSDm;M15;40;2.0;2.00;1;0.80;0.75;48;0;200;0;30;70;1;0;10000;591;-2559.35;4489.75;0.92;-4.3305;0.4636;13;6;0.4615;-1412.30;-35.60;1.0000;0.0038;0.62;8;0.0000
XAUUSDm;M15;40;2.0;2.00;1;0.80;1.00;48;0;200;0;30;70;0;0;10000;1917;-3495.02;6108.63;0.96;-1.8232;0.5456;13;5;0.3846;-1598.48;-98.71;1.0000;0.0010;0.60;9;0.0000
XAUUSDm;M15;40;2.0;2.00;1;0.80;1.00;48;0;200;0;30;70;1;0;10000;573;-2422.39;3904.91;0.90;-4.2276;0.5323;13;5;0.3846;-1042.63;-190.16;1.0000;0.0035;0.78;9;0.0000
XAUUSDm;M15;40;2.0;2.00;1;0.80;1.25;48;0;200;0;30;70;0;0;10000;1753;-4069.82;5726.21;0.94;-2.3216;0.5950;13;2;0.1538;-1758.30;-107.37;1.0000;0.0010;0.76;7;0.0000
XAUUSDm;M15;40;2.0;2.00;1;0.80;1.25;48;0;200;0;30;70;1;0;10000;553;-1593.32;2768.52;0.92;-2.8812;0.5913;13;5;0.3846;-1050.58;-238.57;1.0000;0.0033;1.09;8;0.0000
XAUUSDm;M15;40;2.0;2.00;1;1.00;0.50;48;0;200;0;30;70;0;0;10000;1208;-9742.40;10219.97;0.88;-8.0649;0.3063;12;1;0.0833;-3272.42;-403.89;1.0000;0.0028;0.36;20;0.0000
XAUUSDm;M15;40;2.0;2.00;1;1.00;0.50;48;0;200;0;30;70;1;0;10000;611;-4076.62;6802.35;0.90;-6.6720;0.3110;13;6;0.4615;-1971.64;-84.23;1.0000;0.0054;0.44;15;0.0000
XAUUSDm;M15;40;2.0;2.00;1;1.00;0.75;48;0;200;0;30;70;0;0;10000;1866;-9824.04;10367.33;0.91;-5.2648;0.4062;12;2;0.1667;-2165.90;-1003.15;1.0000;0.0014;0.53;11;0.0000
XAUUSDm;M15;40;2.0;2.00;1;1.00;0.75;48;0;200;0;30;70;1;0;10000;584;-2513.39;4628.46;0.92;-4.3038;0.4110;13;6;0.4615;-1835.11;-203.95;1.0000;0.0044;0.80;13;0.0000
XAUUSDm;M15;40;2.0;2.00;1;1.00;1.00;48;0;200;0;30;70;0;0;10000;1801;-3181.84;6757.85;0.96;-1.7667;0.4914;13;4;0.3077;-1486.99;-304.14;1.0000;0.0012;0.79;9;0.0000
XAUUSDm;M15;40;2.0;2.00;1;1.00;1.00;48;0;200;0;30;70;1;0;10000;565;-2237.55;3751.85;0.92;-3.9603;0.4814;13;5;0.3846;-1183.16;-187.20;1.0000;0.0039;0.98;9;0.0000
XAUUSDm;M15;40;2.0;2.00;1;1.00;1.25;48;0;200;0;30;70;0;0;10000;1638;-3546.67;5584.00;0.95;-2.1652;0.5433;13;3;0.2308;-1417.18;-149.06;1.0000;0.0012;1.02;8;0.0000
XAUUSDm;M15;40;2.0;2.00;1;1.00;1.25;48;0;200;0;30;70;1;0;10000;544;-2275.72;3229.31;0.90;-4.1833;0.5312;13;4;0.3077;-1187.57;-147.80;1.0000;0.0038;1.34;8;0.0000
XAUUSDm;M15;40;2.0;2.00;1;1.20;0.50;48;0;200;0;30;70;0;0;10000;1486;-4233.55;10239.24;0.96;-2.8490;0.2860;13;4;0.3077;-2423.39;-481.61;1.0000;0.0024;0.50;20;0.0000
XAUUSDm;M15;40;2.0;2.00;1;1.20;0.50;48;0;200;0;30;70;1;0;10000;601;-3605.88;5853.02;0.91;-5.9998;0.2762;13;6;0.4615;-1635.25;-27.82;1.0000;0.0062;0.61;15;0.0000
XAUUSDm;M15;40;2.0;2.00;1;1.20;0.75;48;0;200;0;30;70;0;0;10000;1990;-6522.23;9959.39;0.95;-3.2775;0.3724;13;4;0.3077;-1700.89;-624.10;1.0000;0.0014;0.68;14;0.0000
XAUUSDm;M15;40;2.0;2.00;1;1.20;0.75;48;0;200;0;30;70;1;0;10000;572;-1986.30;3388.25;0.94;-3.4726;0.3724;13;7;0.5385;-1554.88;1.56;1.0000;0.0050;1.12;13;0.0000
XAUUSDm;M15;40;2.0;2.00;1;1.20;1.00;48;0;200;0;30;70;0;0;10000;1727;-2455.04;6973.31;0.97;-1.4216;0.4488;13;4;0.3077;-1768.76;-253.22;1.0000;0.0014;1.03;12;0.0000
XAUUSDm;M15;40;2.0;2.00;1;1.20;1.00;48;0;200;0;30;70;1;0;10000;553;-1741.93;2872.37;0.94;-3.1500;0.4412;13;5;0.3846;-1089.97;-207.38;1.0000;0.0044;1.46;9;0.0000
XAUUSDm;M15;40;2.0;2.00;1;1.20;1.25;48;0;200;0;30;70;0;0;10000;1562;-1220.45;4524.43;0.98;-0.7813;0.5064;13;6;0.4615;-1182.25;-4.91;1.0000;0.0014;1.30;8;0.0000
XAUUSDm;M15;40;2.0;2.00;1;1.20;1.25;48;0;200;0;30;70;1;0;10000;531;-1881.21;2489.58;0.92;-3.5428;0.4915;13;5;0.3846;-1208.87;-147.40;1.0000;0.0042;1.86;8;0.0000
XAUUSDm;M15;40;2.0;2.00;1;1.40;0.50;48;0;200;0;30;70;0;0;10000;1060;-9755.18;10282.65;0.88;-9.2030;0.2387;12;1;0.0833;-3276.77;-539.16;1.0000;0.0041;0.62;20;0.0000
XAUUSDm;M15;40;2.0;2.00;1;1.40;0.50;48;0;200;0;30;70;1;0;10000;597;-3054.17;5527.29;0.93;-5.1159;0.2496;13;7;0.5385;-1989.88;82.71;1.0000;0.0069;0.71;15;0.0000
XAUUSDm;M15;40;2.0;2.00;1;1.40;0.75;48;0;200;0;30;70;0;0;10000;1917;-5380.43;9250.00;0.96;-2.8067;0.3396;13;5;0.3846;-2414.74;-375.35;1.0000;0.0016;0.87;14;0.0000
XAUUSDm;M15;40;2.0;2.00;1;1.40;0.75;48;0;200;0;30;70;1;0;10000;567;-2473.09;3905.09;0.93;-4.3617;0.3351;13;6;0.4615;-1560.86;-244.43;1.0000;0.0056;1.37;13;0.0000
XAUUSDm;M15;40;2.0;2.00;1;1.40;1.00;48;0;200;0;30;70;0;0;10000;1656;-431.84;5981.23;1.00;-0.2608;0.4167;13;9;0.6923;-2555.76;270.61;1.0000;0.0015;1.23;12;0.0000
XAUUSDm;M15;40;2.0;2.00;1;1.40;1.00;48;0;200;0;30;70;1;0;10000;547;-2782.00;3841.87;0.91;-5.0859;0.3967;13;6;0.4615;-1463.37;-79.39;1.0000;0.0050;1.77;11;0.0000
XAUUSDm;M15;40;2.0;2.00;1;1.40;1.25;48;0;200;0;30;70;0;0;10000;1493;765.66;3121.49;1.01;0.5128;0.4749;13;8;0.6154;-662.15;172.53;0.1462;0.0015;1.54;10;0.0882
XAUUSDm;M15;40;2.0;2.00;1;1.40;1.25;48;0;200;0;30;70;1;0;10000;525;-2685.76;3184.00;0.90;-5.1157;0.4476;13;4;0.3077;-1165.95;-215.88;1.0000;0.0047;2.33;8;0.0000
XAUUSDm;M15;40;2.0;2.50;1;0.40;0.50;48;0;200;0;30;70;0;0;10000;1268;-7519.00;8999.44;0.87;-5.9298;0.5213;13;2;0.1538;-2780.94;-439.77;1.0000;0.0016;0.11;14;0.0000
XAUUSDm;M15;40;2.0;2.50;1;0.40;0.50;48;0;200;0;30;70;1;0;10000;193;-759.04;2395.43;0.91;-3.9328;0.5337;13;8;0.6154;-733.75;81.47;1.0000;0.0100;0.14;7;0.0000
XAUUSDm;M15;40;2.0;2.50;1;0.40;0.75;48;0;200;0;30;70;0;0;10000;1193;-5818.52;6931.36;0.87;-4.8772;0.6194;13;1;0.0769;-1556.53;-393.11;1.0000;0.0014;0.15;6;0.0000
XAUUSDm;M15;40;2.0;2.50;1;0.40;0.75;48;0;200;0;30;70;1;0;10000;190;-888.95;2082.03;0.87;-4.6787;0.6211;13;6;0.4615;-700.43;-27.57;1.0000;0.0089;0.20;4;0.0000
XAUUSDm;M15;40;2.0;2.50;1;0.40;1.00;48;0;200;0;30;70;0;0;10000;1108;-3990.96;5219.25;0.88;-3.6019;0.6877;13;3;0.2308;-1223.32;-310.82;1.0000;0.0014;0.20;5;0.0000
XAUUSDm;M15;40;2.0;2.50;1;0.40;1.00;48;0;200;0;30;70;1;0;10000;189;-689.37;1551.17;0.88;-3.6475;0.6878;13;8;0.6154;-539.04;20.77;1.0000;0.0082;0.26;4;0.0000
XAUUSDm;M15;40;2.0;2.50;1;0.40;1.25;48;0;200;0;30;70;0;0;10000;1053;-3014.47;3833.46;0.88;-2.8627;0.7350;13;5;0.3846;-921.05;-359.27;1.0000;0.0014;0.29;4;0.0000
XAUUSDm;M15;40;2.0;2.50;1;0.40;1.25;48;0;200;0;30;70;1;0;10000;188;-1142.37;1828.23;0.77;-6.0764;0.7074;13;7;0.5385;-582.43;5.09;1.0000;0.0083;0.59;4;0.0000
XAUUSDm;M15;40;2.0;2.50;1;0.60;0.50;48;0;200;0;30;70;0;0;10000;1212;-6170.40;7972.80;0.91;-5.0911;0.4307;13;4;0.3077;-2064.71;-460.56;1.0000;0.0020;0.17;14;0.0000
XAUUSDm;M15;40;2.0;2.50;1;0.60;0.50;48;0;200;0;30;70;1;0;10000;191;-381.71;2898.10;0.96;-1.9985;0.4450;13;8;0.6154;-1061.60;56.82;1.0000;0.0121;0.22;12;0.0000
XAUUSDm;M15;40;2.0;2.50;1;0.60;0.75;48;0;200;0;30;70;0;0;10000;1114;-5461.12;6607.47;0.89;-4.9023;0.5278;13;2;0.1538;-1771.97;-458.30;1.0000;0.0018;0.24;8;0.0000
XAUUSDm;M15;40;2.0;2.50;1;0.60;0.75;48;0;200;0;30;70;1;0;10000;187;-648.65;2178.18;0.92;-3.4687;0.5348;13;7;0.5385;-799.06;1.15;1.0000;0.0105;0.36;5;0.0000
XAUUSDm;M15;40;2.0;2.50;1;0.60;1.00;48;0;200;0;30;70;0;0;10000;1014;-3427.42;5034.41;0.91;-3.3801;0.6036;13;3;0.2308;-1030.14;-396.36;1.0000;0.0017;0.33;6;0.0000
XAUUSDm;M15;40;2.0;2.50;1;0.60;1.00;48;0;200;0;30;70;1;0;10000;186;-507.48;1806.31;0.93;-2.7284;0.6075;13;6;0.4615;-644.94;-90.01;1.0000;0.0094;0.45;4;0.0000
XAUUSDm;M15;40;2.0;2.50;1;0.60;1.25;48;0;200;0;30;70;0;0;10000;953;-2541.72;3981.41;0.92;-2.6671;0.6569;13;5;0.3846;-996.47;-268.99;1.0000;0.0017;0.45;5;0.0000
XAUUSDm;M15;40;2.0;2.50;1;0.60;1.25;48;0;200;0;30;70;1;0;10000;185;-931.24;2092.73;0.85;-5.0337;0.6378;13;7;0.5385;-629.14;67.67;1.0000;0.0093;0.79;4;0.0000
XAUUSDm;M15;40;2.0;2.50;1;0.80;0.50;48;0;200;0;30;70;0;0;10000;1172;-3947.67;6720.61;0.94;-3.3683;0.3712;13;3;0.2308;-1775.80;-261.03;1.0000;0.0024;0.23;14;0.0000
XAUUSDm;M15;40;2.0;2.50;1;0.80;0.50;48;0;200;0;30;70;1;0;10000;190;220.06;2344.52;1.02;1.1582;0.3895;13;7;0.5385;-864.66;3.57;0.7270;0.0140;0.26;12;0.0032
XAUUSDm;M15;40;2.0;2.50;1;0.80;0.75;48;0;200;0;30;70;0;0;10000;1063;-3843.41;6055.89;0.93;-3.6156;0.4657;13;4;0.3077;-1950.86;-316.13;1.0000;0.0021;0.33;8;0.0000
XAUUSDm;M15;40;2.0;2.50;1;0.80;0.75;48;0;200;0;30;70;1;0;10000;186;-577.73;1806.02;0.94;-3.1061;0.4677;13;7;0.5385;-749.01;77.83;1.0000;0.0121;0.44;5;0.0000
XAUUSDm;M15;40;2.0;2.50;1;0.80;1.00;48;0;200;0;30;70;0;0;10000;957;-1813.14;3919.35;0.96;-1.8946;0.5455;13;3;0.2308;-1199.06;-126.93;1.0000;0.0020;0.51;6;0.0000
XAUUSDm;M15;40;2.0;2.50;1;0.80;1.00;48;0;200;0;30;70;1;0;10000;185;-182.03;1650.83;0.98;-0.9839;0.5514;13;7;0.5385;-643.34;41.05;1.0000;0.0105;0.60;4;0.0000
XAUUSDm;M15;40;2.0;2.50;1;0.80;1.25;48;0;200;0;30;70;0;0;10000;894;-1535.70;3100.13;0.95;-1.7178;0.5984;13;4;0.3077;-737.30;-160.49;1.0000;0.0020;0.66;6;0.0000
XAUUSDm;M15;40;2.0;2.50;1;0.80;1.25;48;0;200;0;30;70;1;0;10000;184;-632.30;1977.17;0.91;-3.4364;0.5870;13;8;0.6154;-634.18;44.76;1.0000;0.0102;0.98;4;0.0000
XAUUSDm;M15;40;2.0;2.50;1;1.00;0.50;48;0;200;0;30;70;0;0;10000;1149;-4620.73;7777.66;0.94;-4.0215;0.3194;13;5;0.3846;-1486.72;-502.59;1.0000;0.0028;0.29;14;0.0000
XAUUSDm;M15;40;2.0;2.50;1;1.00;0.50;48;0;200;0;30;70;1;0;10000;190;455.34;2238.39;1.04;2.3965;0.3421;13;7;0.5385;-966.54;2.81;0.4392;0.0159;0.42;12;0.0101
XAUUSDm;M15;40;2.0;2.50;1;1.00;0.75;48;0;200;0;30;70;0;0;10000;1024;-3549.83;6260.09;0.94;-3.4666;0.4131;13;4;0.3077;-1537.29;-286.40;1.0000;0.0025;0.45;8;0.0000
XAUUSDm;M15;40;2.0;2.50;1;1.00;0.75;48;0;200;0;30;70;1;0;10000;186;-590.62;2044.18;0.94;-3.1754;0.4140;13;7;0.5385;-698.97;53.99;1.0000;0.0137;0.63;7;0.0000
XAUUSDm;M15;40;2.0;2.50;1;1.00;1.00;48;0;200;0;30;70;0;0;10000;918;-2142.17;5127.21;0.95;-2.3335;0.4880;13;5;0.3846;-1091.52;-209.46;1.0000;0.0024;0.70;6;0.0000
XAUUSDm;M15;40;2.0;2.50;1;1.00;1.00;48;0;200;0;30;70;1;0;10000;185;-362.61;2183.32;0.96;-1.9601;0.4919;13;7;0.5385;-884.26;80.54;1.0000;0.0118;0.84;6;0.0000
XAUUSDm;M15;40;2.0;2.50;1;1.00;1.25;48;0;200;0;30;70;0;0;10000;856;-1819.15;3607.54;0.95;-2.1252;0.5432;13;5;0.3846;-717.35;-343.81;1.0000;0.0023;0.97;6;0.0000
XAUUSDm;M15;40;2.0;2.50;1;1.00;1.25;48;0;200;0;30;70;1;0;10000;184;-1037.03;2491.09;0.87;-5.6360;0.5217;13;7;0.5385;-850.79;64.93;1.0000;0.0115;1.25;6;0.0000
XAUUSDm;M15;40;2.0;2.50;1;1.20;0.50;48;0;200;0;30;70;0;0;10000;1130;-1437.20;6430.73;0.98;-1.2719;0.2903;13;5;0.3846;-1259.43;-276.28;1.0000;0.0031;0.41;19;0.0000
XAUUSDm;M15;40;2.0;2.50;1;1.20;0.50;48;0;200;0;30;70;1;0;10000;188;1188.24;1937.70;1.10;6.3204;0.3138;13;8;0.6154;-809.45;64.77;0.2020;0.0175;0.50;12;0.0783
XAUUSDm;M15;40;2.0;2.50;1;1.20;0.75;48;0;200;0;30;70;0;0;10000;1001;-1023.83;5299.52;0.98;-1.0228;0.3806;13;6;0.4615;-1540.57;-45.54;1.0000;0.0027;0.60;11;0.0000
XAUUSDm;M15;40;2.0;2.50;1;1.20;0.75;48;0;200;0;30;70;1;0;10000;183;-122.19;1705.46;0.99;-0.6677;0.3825;13;6;0.4615;-648.92;-54.69;1.0000;0.0150;0.75;10;0.0000
XAUUSDm;M15;40;2.0;2.50;1;1.20;1.00;48;0;200;0;30;70;0;0;10000;889;-2019.87;5221.23;0.96;-2.2721;0.4443;13;3;0.2308;-1130.07;-211.01;1.0000;0.0027;0.89;7;0.0000
XAUUSDm;M15;40;2.0;2.50;1;1.20;1.00;48;0;200;0;30;70;1;0;10000;182;151.82;1902.85;1.02;0.8342;0.4615;13;7;0.5385;-772.08;26.57;0.7898;0.0128;1.00;8;0.0028
XAUUSDm;M15;40;2.0;2.50;1;1.20;1.25;48;0;200;0;30;70;0;0;10000;826;-930.41;3118.40;0.98;-1.1264;0.5048;13;5;0.3846;-537.65;-38.86;1.0000;0.0026;1.27;6;0.0000
XAUUSDm;M15;40;2.0;2.50;1;1.20;1.25;48;0;200;0;30;70;1;0;10000;181;-840.45;2198.94;0.90;-4.6434;0.4862;13;8;0.6154;-761.93;19.89;1.0000;0.0126;1.43;8;0.0000
XAUUSDm;M15;40;2.0;2.50;1;1.40;0.50;48;0;200;0;30;70;0;0;10000;1107;-1898.78;6684.80;0.98;-1.7152;0.2584;13;6;0.4615;-2217.87;-118.97;1.0000;0.0036;0.55;19;0.0000
XAUUSDm;M15;40;2.0;2.50;1;1.40;0.50;48;0;200;0;30;70;1;0;10000;188;2736.08;1627.01;1.22;14.5536;0.3032;13;8;0.6154;-652.36;239.59;0.1023;0.0182;0.58;12;0.2792
XAUUSDm;M15;40;2.0;2.50;1;1.40;0.75;48;0;200;0;30;70;0;0;10000;975;-43.95;5488.18;1.00;-0.0451;0.3487;13;8;0.6154;-2328.78;223.83;1.0000;0.0031;0.83;16;0.0000
XAUUSDm;M15;40;2.0;2.50;1;1.40;0.75;48;0;200;0;30;70;1;0;10000;183;1087.00;1468.24;1.10;5.9399;0.3716;13;7;0.5385;-598.88;45.70;0.1717;0.0155;0.84;10;0.0981
XAUUSDm;M15;40;2.0;2.50;1;1.40;1.00;48;0;200;0;30;70;0;0;10000;864;-1134.83;4987.51;0.98;-1.3135;0.4120;13;5;0.3846;-1811.29;-54.63;1.0000;0.0030;1.11;12;0.0000
XAUUSDm;M15;40;2.0;2.50;1;1.40;1.00;48;0;200;0;30;70;1;0;10000;182;957.57;1677.34;1.10;5.2614;0.4451;13;9;0.6923;-659.90;124.80;0.1461;0.0134;1.20;8;0.1705
XAUUSDm;M15;40;2.0;2.50;1;1.40;1.25;48;0;200;0;30;70;0;0;10000;798;-1671.06;3588.52;0.96;-2.0941;0.4624;13;4;0.3077;-1318.06;-104.85;1.0000;0.0029;1.53;11;0.0000
XAUUSDm;M15;40;2.0;2.50;1;1.40;1.25;48;0;200;0;30;70;1;0;10000;181;-223.27;1972.44;0.97;-1.2335;0.4696;13;8;0.6154;-673.03;37.09;1.0000;0.0131;1.65;8;0.0000
XAUUSDm;M15;40;2.0;3.00;1;0.40;0.50;48;0;200;0;30;70;0;0;10000;491;-115.89;1969.89;0.99;-0.2360;0.5540;13;6;0.4615;-661.20;-46.42;1.0000;0.0038;0.08;9;0.0000
XAUUSDm;M15;40;2.0;3.00;1;0.40;0.50;48;0;200;0;30;70;1;0;10000;35;256.17;470.33;1.19;7.3191;0.6000;13;7;0.5385;-210.38;56.26;0.3123;0.0494;0.16;2;0.0000
XAUUSDm;M15;40;2.0;3.00;1;0.40;0.75;48;0;200;0;30;70;0;0;10000;480;13.30;1817.27;1.00;0.0277;0.6521;13;5;0.3846;-596.73;-114.91;4.0098;0.0033;0.11;6;0.0000
XAUUSDm;M15;40;2.0;3.00;1;0.40;0.75;48;0;200;0;30;70;1;0;10000;35;612.77;318.29;1.80;17.5077;0.7714;13;10;0.7692;-136.58;50.87;0.0870;0.0387;0.21;2;0.0000
XAUUSDm;M15;40;2.0;3.00;1;0.40;1.00;48;0;200;0;30;70;0;0;10000;458;-80.94;1196.66;0.99;-0.1767;0.7140;13;7;0.5385;-592.71;11.25;1.0000;0.0033;0.14;4;0.0000
XAUUSDm;M15;40;2.0;3.00;1;0.40;1.00;48;0;200;0;30;70;1;0;10000;35;502.87;279.72;1.88;14.3677;0.8286;13;11;0.8462;-175.88;36.18;0.0795;0.0372;0.24;2;0.0000
XAUUSDm;M15;40;2.0;3.00;1;0.40;1.25;48;0;200;0;30;70;0;0;10000;437;348.02;918.89;1.04;0.7964;0.7643;13;8;0.6154;-439.24;43.56;0.0919;0.0032;0.28;3;0.1434
XAUUSDm;M15;40;2.0;3.00;1;0.40;1.25;48;0;200;0;30;70;1;0;10000;35;307.78;273.94;1.56;8.7937;0.8286;13;9;0.6923;-176.51;28.05;0.1039;0.0375;0.27;2;0.0000
XAUUSDm;M15;40;2.0;3.00;1;0.60;0.50;48;0;200;0;30;70;0;0;10000;487;-742.74;2619.53;0.97;-1.5251;0.4476;13;6;0.4615;-949.84;-285.59;1.0000;0.0047;0.13;9;0.0000
XAUUSDm;M15;40;2.0;3.00;1;0.60;0.50;48;0;200;0;30;70;1;0;10000;35;-399.13;1012.86;0.80;-11.4037;0.4000;13;6;0.4615;-381.77;-91.96;1.0000;0.0736;0.32;5;0.0000
XAUUSDm;M15;40;2.0;3.00;1;0.60;0.75;48;0;200;0;30;70;0;0;10000;466;-187.91;2275.14;0.99;-0.4032;0.5536;13;6;0.4615;-688.39;-42.06;1.0000;0.0041;0.17;7;0.0000
XAUUSDm;M15;40;2.0;3.00;1;0.60;0.75;48;0;200;0;30;70;1;0;10000;35;616.00;619.67;1.54;17.6000;0.6571;13;8;0.6154;-234.33;70.23;0.1299;0.0454;0.51;3;0.0000
XAUUSDm;M15;40;2.0;3.00;1;0.60;1.00;48;0;200;0;30;70;0;0;10000;443;-78.84;1532.10;0.99;-0.1780;0.6253;13;7;0.5385;-493.93;44.21;1.0000;0.0039;0.23;4;0.0000
XAUUSDm;M15;40;2.0;3.00;1;0.60;1.00;48;0;200;0;30;70;1;0;10000;35;458.67;488.29;1.49;13.1049;0.7143;13;9;0.6923;-260.02;54.10;0.1307;0.0430;0.59;3;0.0000
XAUUSDm;M15;40;2.0;3.00;1;0.60;1.25;48;0;200;0;30;70;0;0;10000;417;250.69;1161.52;1.02;0.6012;0.6811;13;7;0.5385;-322.18;92.13;0.1914;0.0038;0.41;3;0.0490
XAUUSDm;M15;40;2.0;3.00;1;0.60;1.25;48;0;200;0;30;70;1;0;10000;35;179.41;543.53;1.19;5.1260;0.7143;13;9;0.6923;-267.05;41.93;0.2674;0.0436;0.64;3;0.0000
XAUUSDm;M15;40;2.0;3.00;1;0.80;0.50;48;0;200;0;30;70;0;0;10000;480;1053.16;2416.01;1.04;2.1941;0.3937;13;6;0.4615;-768.62;-92.11;0.1519;0.0055;0.18;9;0.0722
XAUUSDm;M15;40;2.0;3.00;1;0.80;0.50;48;0;200;0;30;70;1;0;10000;35;-359.18;896.70;0.84;-10.2623;0.3429;13;5;0.3846;-381.77;-91.96;1.0000;0.0858;0.38;5;0.0000
XAUUSDm;M15;40;2.0;3.00;1;0.80;0.75;48;0;200;0;30;70;0;0;10000;455;1317.63;2383.63;1.06;2.8959;0.4989;13;8;0.6154;-750.49;306.60;0.0809;0.0046;0.25;7;0.2089
XAUUSDm;M15;40;2.0;3.00;1;0.80;0.75;48;0;200;0;30;70;1;0;10000;35;221.06;672.17;1.14;6.3160;0.5143;13;9;0.6923;-186.56;93.63;0.4825;0.0579;0.70;5;0.0000
XAUUSDm;M15;40;2.0;3.00;1;0.80;1.00;48;0;200;0;30;70;0;0;10000;431;956.17;1471.17;1.06;2.2185;0.5708;13;8;0.6154;-482.74;74.34;0.0837;0.0044;0.32;6;0.2461
XAUUSDm;M15;40;2.0;3.00;1;0.80;1.00;48;0;200;0;30;70;1;0;10000;35;252.06;725.82;1.19;7.2017;0.6000;13;9;0.6923;-221.95;66.88;0.3171;0.0512;0.87;5;0.0000
XAUUSDm;M15;40;2.0;3.00;1;0.80;1.25;48;0;200;0;30;70;0;0;10000;405;546.39;1226.63;1.04;1.3491;0.6198;13;6;0.4615;-440.55;-13.00;0.1171;0.0043;0.53;4;0.0949
XAUUSDm;M15;40;2.0;3.00;1;0.80;1.25;48;0;200;0;30;70;1;0;10000;35;102.43;746.94;1.09;2.9266;0.6286;13;9;0.6923;-237.54;55.91;0.6243;0.0494;0.98;5;0.0000
XAUUSDm;M15;40;2.0;3.00;1;1.00;0.50;48;0;200;0;30;70;0;0;10000;476;-251.00;3590.66;0.99;-0.5273;0.3319;13;7;0.5385;-790.81;282.86;1.0000;0.0065;0.23;12;0.0000
XAUUSDm;M15;40;2.0;3.00;1;1.00;0.50;48;0;200;0;30;70;1;0;10000;35;-193.15;1080.53;0.92;-5.5186;0.3143;13;5;0.3846;-391.01;-85.21;1.0000;0.0939;0.40;8;0.0000
XAUUSDm;M15;40;2.0;3.00;1;1.00;0.75;48;0;200;0;30;70;0;0;10000;445;290.36;2540.38;1.01;0.6525;0.4315;13;7;0.5385;-976.21;105.39;0.4592;0.0055;0.34;7;0.0093
XAUUSDm;M15;40;2.0;3.00;1;1.00;0.75;48;0;200;0;30;70;1;0;10000;35;453.54;800.76;1.26;12.9583;0.4857;13;9;0.6923;-380.54;117.04;0.2940;0.0613;0.74;7;0.0000
XAUUSDm;M15;40;2.0;3.00;1;1.00;1.00;48;0;200;0;30;70;0;0;10000;418;-129.93;1997.97;0.99;-0.3108;0.5000;13;7;0.5385;-670.46;35.07;1.0000;0.0051;0.44;7;0.0000
XAUUSDm;M15;40;2.0;3.00;1;1.00;1.00;48;0;200;0;30;70;1;0;10000;35;451.12;848.69;1.32;12.8891;0.5714;13;10;0.7692;-382.39;90.17;0.2215;0.0538;0.93;6;0.0000
XAUUSDm;M15;40;2.0;3.00;1;1.00;1.25;48;0;200;0;30;70;0;0;10000;389;-660.93;1848.40;0.96;-1.6990;0.5476;13;4;0.3077;-512.21;-117.53;1.0000;0.0051;0.69;4;0.0000
XAUUSDm;M15;40;2.0;3.00;1;1.00;1.25;48;0;200;0;30;70;1;0;10000;35;249.85;867.66;1.19;7.1386;0.6000;13;9;0.6923;-384.46;69.89;0.3200;0.0519;1.04;6;0.0000
XAUUSDm;M15;40;2.0;3.00;1;1.20;0.50;48;0;200;0;30;70;0;0;10000;475;1021.15;3061.65;1.03;2.1498;0.3011;13;5;0.3846;-611.99;-325.36;0.2350;0.0072;0.30;12;0.0190
XAUUSDm;M15;40;2.0;3.00;1;1.20;0.50;48;0;200;0;30;70;1;0;10000;35;-411.51;1529.58;0.84;-11.7574;0.2571;13;4;0.3077;-391.01;-91.96;1.0000;0.1142;0.50;11;0.0000
XAUUSDm;M15;40;2.0;3.00;1;1.20;0.75;48;0;200;0;30;70;0;0;10000;441;546.92;3036.66;1.02;1.2402;0.3900;13;6;0.4615;-846.80;-29.85;0.2925;0.0061;0.42;8;0.0153
XAUUSDm;M15;40;2.0;3.00;1;1.20;0.75;48;0;200;0;30;70;1;0;10000;35;376.71;1065.33;1.20;10.7631;0.4286;13;8;0.6154;-380.54;128.20;0.4247;0.0698;0.87;9;0.0000
XAUUSDm;M15;40;2.0;3.00;1;1.20;1.00;48;0;200;0;30;70;0;0;10000;415;-124.09;2498.61;0.99;-0.2990;0.4554;13;7;0.5385;-658.64;0.48;1.0000;0.0057;0.57;7;0.0000
XAUUSDm;M15;40;2.0;3.00;1;1.20;1.00;48;0;200;0;30;70;1;0;10000;35;416.47;1000.25;1.26;11.8991;0.5143;13;9;0.6923;-382.39;108.55;0.2879;0.0598;1.09;8;0.0000
XAUUSDm;M15;40;2.0;3.00;1;1.20;1.25;48;0;200;0;30;70;0;0;10000;385;-498.11;2123.94;0.97;-1.2938;0.5065;13;5;0.3846;-408.61;-85.20;1.0000;0.0056;0.81;7;0.0000
XAUUSDm;M15;40;2.0;3.00;1;1.20;1.25;48;0;200;0;30;70;1;0;10000;35;200.95;1007.40;1.14;5.7414;0.5429;13;9;0.6923;-384.46;83.86;0.4774;0.0574;1.22;8;0.0000
XAUUSDm;M15;40;2.0;3.00;1;1.40;0.50;48;0;200;0;30;70;0;0;10000;471;-0.25;3941.63;1.00;-0.0005;0.2633;13;7;0.5385;-1555.90;15.60;1.0000;0.0083;0.40;18;0.0000
XAUUSDm;M15;40;2.0;3.00;1;1.40;0.50;48;0;200;0;30;70;1;0;10000;35;-441.06;1491.18;0.83;-12.6017;0.2286;13;4;0.3077;-394.46;-95.17;1.0000;0.1289;0.54;11;0.0000
XAUUSDm;M15;40;2.0;3.00;1;1.40;0.75;48;0;200;0;30;70;0;0;10000;436;205.76;3397.89;1.01;0.4719;0.3509;13;5;0.3846;-1456.83;-93.12;0.9071;0.0069;0.68;11;0.0010
XAUUSDm;M15;40;2.0;3.00;1;1.40;0.75;48;0;200;0;30;70;1;0;10000;35;472.41;1015.53;1.23;13.4974;0.4000;13;8;0.6154;-380.54;163.85;0.3951;0.0750;1.01;9;0.0000
XAUUSDm;M15;40;2.0;3.00;1;1.40;1.00;48;0;200;0;30;70;0;0;10000;409;-120.10;2788.98;0.99;-0.2936;0.4181;13;6;0.4615;-1192.54;-67.42;1.0000;0.0063;0.88;9;0.0000
XAUUSDm;M15;40;2.0;3.00;1;1.40;1.00;48;0;200;0;30;70;1;0;10000;35;431.23;963.13;1.26;12.3209;0.4857;13;9;0.6923;-382.39;126.64;0.3244;0.0660;1.51;8;0.0000
XAUUSDm;M15;40;2.0;3.00;1;1.40;1.25;48;0;200;0;30;70;0;0;10000;379;-1332.65;2643.35;0.93;-3.5162;0.4565;13;4;0.3077;-949.68;-144.07;1.0000;0.0063;1.14;8;0.0000
XAUUSDm;M15;40;2.0;3.00;1;1.40;1.25;48;0;200;0;30;70;1;0;10000;35;206.99;977.32;1.13;5.9140;0.5143;13;9;0.6923;-384.46;97.84;0.5374;0.0626;1.65;8;0.0000
XAUUSDm;M15;60;2.0;1.00;1;0.40;0.50;48;0;200;0;30;70;0;0;10000;1221;-9919.60;10190.57;0.83;-8.1242;0.5094;5;0;0.0000;-5734.62;-110.37;1.0000;0.0016;0.21;9;0.0000
XAUUSDm;M15;60;2.0;1.00;1;0.40;0.50;48;0;200;0;30;70;1;0;10000;2554;-6979.00;9782.71;0.94;-2.7326;0.5399;13;5;0.3846;-3284.46;-61.62;1.0000;0.0007;0.24;13;0.0000
XAUUSDm;M15;60;2.0;1.00;1;0.40;0.75;48;0;200;0;30;70;0;0;10000;1668;-9972.90;10009.08;0.84;-5.9790;0.6121;6;0;0.0000;-4936.64;-379.81;1.0000;0.0010;0.35;7;0.0000
XAUUSDm;M15;60;2.0;1.00;1;0.40;0.75;48;0;200;0;30;70;1;0;10000;2857;-9230.82;9822.31;0.91;-3.2309;0.6304;13;4;0.3077;-2525.66;-386.60;1.0000;0.0006;0.44;8;0.0000
XAUUSDm;M15;60;2.0;1.00;1;0.40;1.00;48;0;200;0;30;70;0;0;10000;2876;-9960.94;10145.11;0.88;-3.4635;0.6888;6;0;0.0000;-3051.28;-1706.70;1.0000;0.0005;0.45;6;0.0000
XAUUSDm;M15;60;2.0;1.00;1;0.40;1.00;48;0;200;0;30;70;1;0;10000;2634;-9929.51;9996.52;0.87;-3.7697;0.6868;12;3;0.2500;-2615.49;-633.73;1.0000;0.0006;0.65;6;0.0000
XAUUSDm;M15;60;2.0;1.00;1;0.40;1.25;48;0;200;0;30;70;0;0;10000;3360;-9959.56;10201.24;0.88;-2.9642;0.7342;7;2;0.2857;-3538.76;-1450.35;1.0000;0.0004;0.57;5;0.0000
XAUUSDm;M15;60;2.0;1.00;1;0.40;1.25;48;0;200;0;30;70;1;0;10000;2466;-9913.89;10084.11;0.84;-4.0202;0.7251;10;2;0.2000;-2579.74;-971.09;1.0000;0.0006;0.77;7;0.0000
XAUUSDm;M15;60;2.0;1.00;1;0.60;0.50;48;0;200;0;30;70;0;0;10000;1061;-9945.07;10573.09;0.84;-9.3733;0.4109;5;0;0.0000;-6100.67;-115.59;1.0000;0.0023;0.34;14;0.0000
XAUUSDm;M15;60;2.0;1.00;1;0.60;0.50;48;0;200;0;30;70;1;0;10000;1438;-9923.10;10074.91;0.88;-6.9006;0.4221;7;1;0.1429;-3871.94;-1039.91;1.0000;0.0017;0.31;13;0.0000
XAUUSDm;M15;60;2.0;1.00;1;0.60;0.75;48;0;200;0;30;70;0;0;10000;1553;-9978.49;10225.64;0.86;-6.4253;0.5190;6;0;0.0000;-4864.95;-931.30;1.0000;0.0013;0.49;10;0.0000
XAUUSDm;M15;60;2.0;1.00;1;0.60;0.75;48;0;200;0;30;70;1;0;10000;2611;-7299.30;9943.49;0.94;-2.7956;0.5393;13;4;0.3077;-3129.03;-359.88;1.0000;0.0007;0.58;11;0.0000
XAUUSDm;M15;60;2.0;1.00;1;0.60;1.00;48;0;200;0;30;70;0;0;10000;2095;-10010.26;10280.23;0.88;-4.7782;0.5952;6;0;0.0000;-3283.03;-1715.23;1.0000;0.0008;0.66;8;0.0000
XAUUSDm;M15;60;2.0;1.00;1;0.60;1.00;48;0;200;0;30;70;1;0;10000;2231;-9916.78;9945.89;0.88;-4.4450;0.5966;10;2;0.2000;-2246.75;-1115.71;1.0000;0.0008;0.89;6;0.0000
XAUUSDm;M15;60;2.0;1.00;1;0.60;1.25;48;0;200;0;30;70;0;0;10000;3563;-9917.53;10201.31;0.91;-2.7835;0.6565;10;1;0.1000;-3227.18;-1039.79;1.0000;0.0005;0.77;6;0.0000
XAUUSDm;M15;60;2.0;1.00;1;0.60;1.25;48;0;200;0;30;70;1;0;10000;2320;-9980.94;10148.94;0.87;-4.3021;0.6448;12;2;0.1667;-2146.56;-918.71;1.0000;0.0007;1.05;7;0.0000
XAUUSDm;M15;60;2.0;1.00;1;0.80;0.50;48;0;200;0;30;70;0;0;10000;1318;-9929.15;10570.00;0.88;-7.5335;0.3551;5;0;0.0000;-4500.38;-1659.16;1.0000;0.0022;0.37;14;0.0000
XAUUSDm;M15;60;2.0;1.00;1;0.80;0.50;48;0;200;0;30;70;1;0;10000;582;-9918.28;10149.85;0.74;-17.0417;0.3179;5;0;0.0000;-4195.59;-1607.65;1.0000;0.0056;0.45;25;0.0000
XAUUSDm;M15;60;2.0;1.00;1;0.80;0.75;48;0;200;0;30;70;0;0;10000;1778;-9967.32;10317.49;0.89;-5.6059;0.4567;5;0;0.0000;-4118.91;-1679.95;1.0000;0.0013;0.59;11;0.0000
XAUUSDm;M15;60;2.0;1.00;1;0.80;0.75;48;0;200;0;30;70;1;0;10000;985;-9981.87;10164.06;0.81;-10.1339;0.4335;6;1;0.1667;-3948.92;-1616.94;1.0000;0.0024;0.68;14;0.0000
XAUUSDm;M15;60;2.0;1.00;1;0.80;1.00;48;0;200;0;30;70;0;0;10000;1654;-9977.27;10505.06;0.87;-6.0322;0.5212;5;0;0.0000;-3215.31;-1726.31;1.0000;0.0012;0.82;10;0.0000
XAUUSDm;M15;60;2.0;1.00;1;0.80;1.00;48;0;200;0;30;70;1;0;10000;1907;-9898.09;9967.08;0.88;-5.1904;0.5254;10;2;0.2000;-3403.80;-1093.90;1.0000;0.0011;1.16;9;0.0000
XAUUSDm;M15;60;2.0;1.00;1;0.80;1.25;48;0;200;0;30;70;0;0;10000;1768;-10001.31;10424.83;0.86;-5.6568;0.5730;7;0;0.0000;-4286.43;-1027.04;1.0000;0.0011;1.03;8;0.0000
XAUUSDm;M15;60;2.0;1.00;1;0.80;1.25;48;0;200;0;30;70;1;0;10000;1785;-9930.60;10119.13;0.86;-5.5634;0.5731;10;2;0.2000;-3144.63;-1191.17;1.0000;0.0011;1.34;7;0.0000
XAUUSDm;M15;60;2.0;1.00;1;1.00;0.50;48;0;200;0;30;70;0;0;10000;845;-9933.01;10227.18;0.83;-11.7550;0.2935;5;0;0.0000;-5016.45;-173.59;1.0000;0.0041;0.54;14;0.0000
XAUUSDm;M15;60;2.0;1.00;1;1.00;0.50;48;0;200;0;30;70;1;0;10000;401;-9950.24;10062.67;0.66;-24.8136;0.2494;6;1;0.1667;-5219.18;-83.64;1.0000;0.0103;0.61;15;0.0000
XAUUSDm;M15;60;2.0;1.00;1;1.00;0.75;48;0;200;0;30;70;0;0;10000;1117;-9980.67;10110.20;0.85;-8.9352;0.3903;6;0;0.0000;-3584.37;-1494.25;1.0000;0.0024;0.68;11;0.0000
XAUUSDm;M15;60;2.0;1.00;1;1.00;0.75;48;0;200;0;30;70;1;0;10000;480;-9941.15;10042.26;0.68;-20.7107;0.3375;6;0;0.0000;-4589.16;-939.33;1.0000;0.0065;0.78;14;0.0000
XAUUSDm;M15;60;2.0;1.00;1;1.00;1.00;48;0;200;0;30;70;0;0;10000;1612;-10004.67;10204.95;0.88;-6.2064;0.4684;5;0;0.0000;-3067.79;-2709.56;1.0000;0.0014;1.05;10;0.0000
XAUUSDm;M15;60;2.0;1.00;1;1.00;1.00;48;0;200;0;30;70;1;0;10000;1628;-9877.29;9888.34;0.88;-6.0671;0.4687;10;2;0.2000;-3812.98;-1067.35;1.0000;0.0014;1.45;11;0.0000
XAUUSDm;M15;60;2.0;1.00;1;1.00;1.25;48;0;200;0;30;70;0;0;10000;1945;-9965.89;10131.62;0.88;-5.1239;0.5244;7;2;0.2857;-3508.04;-1633.19;1.0000;0.0011;1.39;9;0.0000
XAUUSDm;M15;60;2.0;1.00;1;1.00;1.25;48;0;200;0;30;70;1;0;10000;1537;-9916.49;10111.05;0.86;-6.4518;0.5159;10;2;0.2000;-3346.70;-1202.35;1.0000;0.0014;1.81;9;0.0000
XAUUSDm;M15;60;2.0;1.00;1;1.20;0.50;48;0;200;0;30;70;0;0;10000;1914;-9953.30;10366.29;0.93;-5.2003;0.2790;5;0;0.0000;-3846.29;-2078.34;1.0000;0.0019;0.64;17;0.0000
XAUUSDm;M15;60;2.0;1.00;1;1.20;0.50;48;0;200;0;30;70;1;0;10000;1034;-9921.02;10078.16;0.87;-9.5948;0.2660;7;0;0.0000;-3509.17;-1304.63;1.0000;0.0037;0.77;25;0.0000
XAUUSDm;M15;60;2.0;1.00;1;1.20;0.75;48;0;200;0;30;70;0;0;10000;1625;-9988.85;10404.63;0.90;-6.1470;0.3612;6;0;0.0000;-3075.04;-1952.13;1.0000;0.0018;0.90;16;0.0000
XAUUSDm;M15;60;2.0;1.00;1;1.20;0.75;48;0;200;0;30;70;1;0;10000;1818;-9853.40;9963.63;0.91;-5.4199;0.3636;12;4;0.3333;-2727.51;-863.64;1.0000;0.0016;1.20;17;0.0000
XAUUSDm;M15;60;2.0;1.00;1;1.20;1.00;48;0;200;0;30;70;0;0;10000;1583;-9963.08;10222.01;0.88;-6.2938;0.4251;6;0;0.0000;-3277.38;-1686.31;1.0000;0.0016;1.29;10;0.0000
XAUUSDm;M15;60;2.0;1.00;1;1.20;1.00;48;0;200;0;30;70;1;0;10000;1731;-9913.38;9942.78;0.89;-5.7270;0.4281;12;2;0.1667;-2502.16;-840.12;1.0000;0.0014;1.72;11;0.0000
XAUUSDm;M15;60;2.0;1.00;1;1.20;1.25;48;0;200;0;30;70;0;0;10000;1728;-9966.93;10163.06;0.88;-5.7679;0.4786;7;2;0.2857;-3319.18;-1743.41;1.0000;0.0013;1.60;9;0.0000
XAUUSDm;M15;60;2.0;1.00;1;1.20;1.25;48;0;200;0;30;70;1;0;10000;1481;-9929.92;10196.53;0.86;-6.7049;0.4733;10;2;0.2000;-2091.82;-1194.15;1.0000;0.0015;2.08;10;0.0000
XAUUSDm;M15;60;2.0;1.00;1;1.40;0.50;48;0;200;0;30;70;0;0;10000;628;-9928.79;10460.66;0.79;-15.8102;0.2213;5;0;0.0000;-5667.14;-153.05;1.0000;0.0073;0.81;22;0.0000
XAUUSDm;M15;60;2.0;1.00;1;1.40;0.50;48;0;200;0;30;70;1;0;10000;439;-9916.21;10108.54;0.71;-22.5882;0.2027;6;0;0.0000;-5999.10;-120.00;1.0000;0.0116;0.69;24;0.0000
XAUUSDm;M15;60;2.0;1.00;1;1.40;0.75;48;0;200;0;30;70;0;0;10000;561;-9957.51;10365.89;0.74;-17.7496;0.2870;6;1;0.1667;-6609.72;-41.90;1.0000;0.0065;1.08;14;0.0000
XAUUSDm;M15;60;2.0;1.00;1;1.40;0.75;48;0;200;0;30;70;1;0;10000;824;-9959.85;10149.04;0.82;-12.0872;0.3070;5;1;0.2000;-4324.35;-2083.44;1.0000;0.0041;1.21;17;0.0000
XAUUSDm;M15;60;2.0;1.00;1;1.40;1.00;48;0;200;0;30;70;0;0;10000;1182;-9962.07;10388.29;0.86;-8.4281;0.3816;5;1;0.2000;-4749.70;-2084.26;1.0000;0.0023;1.47;11;0.0000
XAUUSDm;M15;60;2.0;1.00;1;1.40;1.00;48;0;200;0;30;70;1;0;10000;1552;-9882.25;9933.41;0.89;-6.3674;0.3898;10;3;0.3000;-2830.21;-1409.09;1.0000;0.0018;2.04;14;0.0000
XAUUSDm;M15;60;2.0;1.00;1;1.40;1.25;48;0;200;0;30;70;0;0;10000;1195;-9968.33;10266.72;0.84;-8.3417;0.4301;6;1;0.1667;-4580.27;-1280.80;1.0000;0.0021;1.84;10;0.0000
XAUUSDm;M15;60;2.0;1.00;1;1.40;1.25;48;0;200;0;30;70;1;0;10000;1372;-9930.05;10243.09;0.86;-7.2376;0.4351;10;2;0.2000;-2164.54;-1501.07;1.0000;0.0018;2.44;12;0.0000
XAUUSDm;M15;60;2.0;1.50;1;0.40;0.50;48;0;200;0;30;70;0;0;10000;1570;-9818.02;9994.38;0.87;-6.2535;0.5197;12;3;0.2500;-3403.04;-240.23;1.0000;0.0013;0.19;9;0.0000
XAUUSDm;M15;60;2.0;1.50;1;0.40;0.50;48;0;200;0;30;70;1;0;10000;1905;-8029.05;9560.41;0.91;-4.2147;0.5318;13;3;0.2308;-4419.81;-325.83;1.0000;0.0010;0.26;13;0.0000
XAUUSDm;M15;60;2.0;1.50;1;0.40;0.75;48;0;200;0;30;70;0;0;10000;1541;-9940.33;10046.52;0.83;-6.4506;0.6093;7;0;0.0000;-2477.94;-2281.00;1.0000;0.0011;0.37;6;0.0000
XAUUSDm;M15;60;2.0;1.50;1;0.40;0.75;48;0;200;0;30;70;1;0;10000;1928;-8611.26;9345.95;0.88;-4.4664;0.6229;13;4;0.3077;-2685.69;-598.62;1.0000;0.0009;0.40;7;0.0000
XAUUSDm;M15;60;2.0;1.50;1;0.40;1.00;48;0;200;0;30;70;0;0;10000;3054;-9879.88;9936.91;0.89;-3.2351;0.6902;10;1;0.1000;-2017.07;-1356.62;1.0000;0.0005;0.39;7;0.0000
XAUUSDm;M15;60;2.0;1.50;1;0.40;1.00;48;0;200;0;30;70;1;0;10000;1814;-7819.11;8390.02;0.86;-4.3104;0.6830;13;4;0.3077;-2695.92;-335.05;1.0000;0.0009;0.53;7;0.0000
XAUUSDm;M15;60;2.0;1.50;1;0.40;1.25;48;0;200;0;30;70;0;0;10000;3037;-9965.44;10268.45;0.87;-3.2813;0.7313;12;1;0.0833;-2239.83;-648.56;1.0000;0.0005;0.47;7;0.0000
XAUUSDm;M15;60;2.0;1.50;1;0.40;1.25;48;0;200;0;30;70;1;0;10000;1685;-6366.07;6839.50;0.85;-3.7781;0.7276;13;2;0.1538;-1782.52;-486.17;1.0000;0.0009;0.66;6;0.0000
XAUUSDm;M15;60;2.0;1.50;1;0.60;0.50;48;0;200;0;30;70;0;0;10000;1791;-9932.53;10121.61;0.90;-5.5458;0.4288;5;0;0.0000;-2653.06;-1892.14;1.0000;0.0013;0.32;12;0.0000
XAUUSDm;M15;60;2.0;1.50;1;0.60;0.50;48;0;200;0;30;70;1;0;10000;1839;-6306.19;9220.95;0.94;-3.4291;0.4388;13;4;0.3077;-3783.58;-180.98;1.0000;0.0013;0.34;13;0.0000
XAUUSDm;M15;60;2.0;1.50;1;0.60;0.75;48;0;200;0;30;70;0;0;10000;2304;-9851.81;9954.06;0.90;-4.2760;0.5312;8;1;0.1250;-2457.05;-1325.25;1.0000;0.0009;0.51;9;0.0000
XAUUSDm;M15;60;2.0;1.50;1;0.60;0.75;48;0;200;0;30;70;1;0;10000;1706;-4293.40;7004.80;0.94;-2.5166;0.5416;13;5;0.3846;-1800.38;-210.00;1.0000;0.0011;0.57;8;0.0000
XAUUSDm;M15;60;2.0;1.50;1;0.60;1.00;48;0;200;0;30;70;0;0;10000;3568;-8537.57;9766.89;0.93;-2.3928;0.6096;13;2;0.1538;-1917.39;-443.70;1.0000;0.0005;0.58;8;0.0000
XAUUSDm;M15;60;2.0;1.50;1;0.60;1.00;48;0;200;0;30;70;1;0;10000;1590;-5840.68;6635.60;0.90;-3.6734;0.6019;13;4;0.3077;-1789.19;-577.35;1.0000;0.0011;0.77;8;0.0000
XAUUSDm;M15;60;2.0;1.50;1;0.60;1.25;48;0;200;0;30;70;0;0;10000;3186;-6782.25;7954.93;0.93;-2.1288;0.6607;13;5;0.3846;-2064.37;-129.50;1.0000;0.0005;0.70;7;0.0000
XAUUSDm;M15;60;2.0;1.50;1;0.60;1.25;48;0;200;0;30;70;1;0;10000;1473;-3899.21;4769.27;0.92;-2.6471;0.6572;13;2;0.1538;-1402.86;-356.31;1.0000;0.0011;1.00;7;0.0000
XAUUSDm;M15;60;2.0;1.50;1;0.80;0.50;48;0;200;0;30;70;0;0;10000;1294;-9751.07;9984.64;0.88;-7.5356;0.3555;12;3;0.2500;-3244.79;-246.03;1.0000;0.0022;0.42;16;0.0000
XAUUSDm;M15;60;2.0;1.50;1;0.80;0.50;48;0;200;0;30;70;1;0;10000;1685;-6520.58;9557.73;0.94;-3.8698;0.3697;13;5;0.3846;-3119.63;-441.71;1.0000;0.0017;0.48;19;0.0000
XAUUSDm;M15;60;2.0;1.50;1;0.80;0.75;48;0;200;0;30;70;0;0;10000;1490;-9979.81;10145.28;0.87;-6.6979;0.4517;6;0;0.0000;-2631.28;-1603.77;1.0000;0.0015;0.63;15;0.0000
XAUUSDm;M15;60;2.0;1.50;1;0.80;0.75;48;0;200;0;30;70;1;0;10000;1555;-6921.93;8757.44;0.91;-4.4514;0.4624;13;5;0.3846;-2249.72;-711.02;1.0000;0.0015;0.71;10;0.0000
XAUUSDm;M15;60;2.0;1.50;1;0.80;1.00;48;0;200;0;30;70;0;0;10000;2623;-9925.82;10099.28;0.91;-3.7841;0.5337;12;1;0.0833;-1791.02;-915.23;1.0000;0.0008;0.84;10;0.0000
XAUUSDm;M15;60;2.0;1.50;1;0.80;1.00;48;0;200;0;30;70;1;0;10000;1427;-6459.07;7408.53;0.90;-4.5263;0.5298;13;4;0.3077;-1780.45;-454.02;1.0000;0.0014;1.00;8;0.0000
XAUUSDm;M15;60;2.0;1.50;1;0.80;1.25;48;0;200;0;30;70;0;0;10000;2461;-9962.21;10122.18;0.90;-4.0480;0.5835;12;3;0.2500;-2096.40;-702.18;1.0000;0.0008;1.02;9;0.0000
XAUUSDm;M15;60;2.0;1.50;1;0.80;1.25;48;0;200;0;30;70;1;0;10000;1318;-4660.01;6181.88;0.91;-3.5357;0.5865;13;4;0.3077;-1428.65;-512.47;1.0000;0.0014;1.31;7;0.0000
XAUUSDm;M15;60;2.0;1.50;1;1.00;0.50;48;0;200;0;30;70;0;0;10000;822;-9937.13;10070.69;0.82;-12.0890;0.2920;5;0;0.0000;-4547.24;-1892.64;1.0000;0.0043;0.55;16;0.0000
XAUUSDm;M15;60;2.0;1.50;1;1.00;0.50;48;0;200;0;30;70;1;0;10000;1498;-5332.19;9633.26;0.95;-3.5595;0.3218;13;5;0.3846;-2775.29;-109.49;1.0000;0.0021;0.70;19;0.0000
XAUUSDm;M15;60;2.0;1.50;1;1.00;0.75;48;0;200;0;30;70;0;0;10000;1306;-9996.02;10280.00;0.87;-7.6539;0.3959;5;0;0.0000;-2967.29;-2248.69;1.0000;0.0020;0.80;15;0.0000
XAUUSDm;M15;60;2.0;1.50;1;1.00;0.75;48;0;200;0;30;70;1;0;10000;1419;-7150.74;9655.30;0.91;-5.0393;0.4066;13;5;0.3846;-2193.52;-831.02;1.0000;0.0018;0.92;13;0.0000
XAUUSDm;M15;60;2.0;1.50;1;1.00;1.00;48;0;200;0;30;70;0;0;10000;2135;-9933.98;10147.03;0.91;-4.6529;0.4759;10;1;0.1000;-2497.25;-984.04;1.0000;0.0011;1.06;10;0.0000
XAUUSDm;M15;60;2.0;1.50;1;1.00;1.00;48;0;200;0;30;70;1;0;10000;1260;-9936.35;9947.40;0.85;-7.8860;0.4595;12;3;0.2500;-2066.43;-871.37;1.0000;0.0018;1.31;14;0.0000
XAUUSDm;M15;60;2.0;1.50;1;1.00;1.25;48;0;200;0;30;70;0;0;10000;2436;-8549.96;9725.21;0.92;-3.5098;0.5345;13;4;0.3077;-2822.12;-416.40;1.0000;0.0008;1.26;9;0.0000
XAUUSDm;M15;60;2.0;1.50;1;1.00;1.25;48;0;200;0;30;70;1;0;10000;1217;-5997.40;7403.80;0.89;-4.9280;0.5259;13;4;0.3077;-1295.19;-368.99;1.0000;0.0017;1.70;12;0.0000
XAUUSDm;M15;60;2.0;1.50;1;1.20;0.50;48;0;200;0;30;70;0;0;10000;1605;-9736.80;9993.77;0.91;-6.0665;0.2766;12;3;0.2500;-4125.61;-73.61;1.0000;0.0023;0.67;21;0.0000
XAUUSDm;M15;60;2.0;1.50;1;1.20;0.50;48;0;200;0;30;70;1;0;10000;1489;-5764.72;9561.80;0.94;-3.8715;0.2827;13;5;0.3846;-2239.82;-794.39;1.0000;0.0025;0.86;22;0.0000
XAUUSDm;M15;60;2.0;1.50;1;1.20;0.75;48;0;200;0;30;70;0;0;10000;1249;-9998.33;10254.12;0.87;-8.0051;0.3539;6;1;0.1667;-3748.03;-1788.19;1.0000;0.0024;0.96;15;0.0000
XAUUSDm;M15;60;2.0;1.50;1;1.20;0.75;48;0;200;0;30;70;1;0;10000;1356;-7515.24;9658.04;0.91;-5.5422;0.3636;13;5;0.3846;-2037.18;-147.38;1.0000;0.0021;1.19;13;0.0000
XAUUSDm;M15;60;2.0;1.50;1;1.20;1.00;48;0;200;0;30;70;0;0;10000;1676;-9945.71;10137.53;0.89;-5.9342;0.4272;10;2;0.2000;-3154.59;-950.33;1.0000;0.0015;1.34;11;0.0000
XAUUSDm;M15;60;2.0;1.50;1;1.20;1.00;48;0;200;0;30;70;1;0;10000;1246;-7980.64;9551.50;0.88;-6.4050;0.4246;13;5;0.3846;-2241.51;-637.48;1.0000;0.0020;1.66;14;0.0000
XAUUSDm;M15;60;2.0;1.50;1;1.20;1.25;48;0;200;0;30;70;0;0;10000;2103;-9950.98;10047.41;0.90;-4.7318;0.4836;12;3;0.2500;-2845.05;-856.39;1.0000;0.0011;1.55;10;0.0000
XAUUSDm;M15;60;2.0;1.50;1;1.20;1.25;48;0;200;0;30;70;1;0;10000;1134;-5643.13;6830.82;0.90;-4.9763;0.4832;13;5;0.3846;-1615.82;-180.32;1.0000;0.0020;2.06;12;0.0000
XAUUSDm;M15;60;2.0;1.50;1;1.40;0.50;48;0;200;0;30;70;0;0;10000;650;-9784.94;10057.47;0.80;-15.0538;0.2231;10;2;0.2000;-6346.13;-43.77;1.0000;0.0072;0.78;16;0.0000
XAUUSDm;M15;60;2.0;1.50;1;1.40;0.50;48;0;200;0;30;70;1;0;10000;1254;-9778.45;9801.02;0.89;-7.7978;0.2424;12;2;0.1667;-2671.75;-706.58;1.0000;0.0034;0.92;22;0.0000
XAUUSDm;M15;60;2.0;1.50;1;1.40;0.75;48;0;200;0;30;70;0;0;10000;1165;-9950.24;10310.85;0.87;-8.5410;0.3193;6;1;0.1667;-4156.49;-1424.62;1.0000;0.0028;1.13;16;0.0000
XAUUSDm;M15;60;2.0;1.50;1;1.40;0.75;48;0;200;0;30;70;1;0;10000;1136;-9885.55;9900.90;0.87;-8.7021;0.3187;12;3;0.2500;-2506.35;-1055.45;1.0000;0.0029;1.37;14;0.0000
XAUUSDm;M15;60;2.0;1.50;1;1.40;1.00;48;0;200;0;30;70;0;0;10000;1731;-9919.65;10190.00;0.90;-5.7306;0.3934;10;2;0.2000;-3854.53;-1028.46;1.0000;0.0016;1.50;12;0.0000
XAUUSDm;M15;60;2.0;1.50;1;1.40;1.00;48;0;200;0;30;70;1;0;10000;1209;-7836.46;9197.96;0.89;-6.4818;0.3896;13;5;0.3846;-2648.91;-560.36;1.0000;0.0023;2.00;14;0.0000
XAUUSDm;M15;60;2.0;1.50;1;1.40;1.25;48;0;200;0;30;70;0;0;10000;1997;-9917.17;10076.31;0.90;-4.9660;0.4467;12;3;0.2500;-2591.02;-875.81;1.0000;0.0012;1.81;10;0.0000
XAUUSDm;M15;60;2.0;1.50;1;1.40;1.25;48;0;200;0;30;70;1;0;10000;1095;-6159.56;7460.58;0.89;-5.6252;0.4438;13;4;0.3077;-1928.59;-293.71;1.0000;0.0022;2.50;12;0.0000
XAUUSDm;M15;60;2.0;2.00;1;0.40;0.50;48;0;200;0;30;70;0;0;10000;968;-9760.51;10023.63;0.79;-10.0832;0.4979;7;1;0.1429;-2985.17;-2001.95;1.0000;0.0021;0.14;10;0.0000
XAUUSDm;M15;60;2.0;2.00;1;0.40;0.50;48;0;200;0;30;70;1;0;10000;828;-7347.13;8523.06;0.81;-8.8733;0.5048;13;3;0.2308;-2012.83;-461.10;1.0000;0.0025;0.19;9;0.0000
XAUUSDm;M15;60;2.0;2.00;1;0.40;0.75;48;0;200;0;30;70;0;0;10000;1273;-9898.55;10011.23;0.80;-7.7758;0.6009;7;0;0.0000;-2271.10;-1880.07;1.0000;0.0014;0.21;7;0.0000
XAUUSDm;M15;60;2.0;2.00;1;0.40;0.75;48;0;200;0;30;70;1;0;10000;794;-5275.40;5919.43;0.82;-6.6441;0.6083;13;4;0.3077;-1347.66;-648.20;1.0000;0.0022;0.27;6;0.0000
XAUUSDm;M15;60;2.0;2.00;1;0.40;1.00;48;0;200;0;30;70;0;0;10000;1975;-9933.68;10221.45;0.83;-5.0297;0.6765;12;1;0.0833;-1943.34;-877.09;1.0000;0.0008;0.30;6;0.0000
XAUUSDm;M15;60;2.0;2.00;1;0.40;1.00;48;0;200;0;30;70;1;0;10000;752;-4385.98;4879.34;0.81;-5.8324;0.6702;13;3;0.2308;-1290.86;-175.86;1.0000;0.0021;0.45;6;0.0000
XAUUSDm;M15;60;2.0;2.00;1;0.40;1.25;48;0;200;0;30;70;0;0;10000;2008;-6948.28;7597.32;0.86;-3.4603;0.7301;13;3;0.2308;-1228.83;-705.57;1.0000;0.0007;0.39;5;0.0000
XAUUSDm;M15;60;2.0;2.00;1;0.40;1.25;48;0;200;0;30;70;1;0;10000;710;-3696.45;4144.89;0.80;-5.2063;0.7155;13;4;0.3077;-1112.80;-273.99;1.0000;0.0022;0.70;5;0.0000
XAUUSDm;M15;60;2.0;2.00;1;0.60;0.50;48;0;200;0;30;70;0;0;10000;932;-9856.52;9986.42;0.82;-10.5757;0.4056;7;0;0.0000;-3788.15;-1589.10;1.0000;0.0027;0.21;12;0.0000
XAUUSDm;M15;60;2.0;2.00;1;0.60;0.50;48;0;200;0;30;70;1;0;10000;773;-5020.69;6781.67;0.88;-6.4951;0.4243;13;4;0.3077;-2288.39;-112.66;1.0000;0.0032;0.33;10;0.0000
XAUUSDm;M15;60;2.0;2.00;1;0.60;0.75;48;0;200;0;30;70;0;0;10000;1481;-9883.34;9976.95;0.85;-6.6734;0.5179;12;1;0.0833;-2624.91;-629.73;1.0000;0.0014;0.31;7;0.0000
XAUUSDm;M15;60;2.0;2.00;1;0.60;0.75;48;0;200;0;30;70;1;0;10000;730;-3624.94;4352.86;0.89;-4.9657;0.5274;13;3;0.2308;-1332.34;-369.62;1.0000;0.0027;0.48;8;0.0000
XAUUSDm;M15;60;2.0;2.00;1;0.60;1.00;48;0;200;0;30;70;0;0;10000;1897;-6978.71;8612.85;0.90;-3.6788;0.6009;13;4;0.3077;-2162.31;-425.55;1.0000;0.0009;0.43;6;0.0000
XAUUSDm;M15;60;2.0;2.00;1;0.60;1.00;48;0;200;0;30;70;1;0;10000;689;-3012.39;4004.70;0.88;-4.3721;0.5965;13;5;0.3846;-1366.91;-202.90;1.0000;0.0026;0.70;7;0.0000
XAUUSDm;M15;60;2.0;2.00;1;0.60;1.25;48;0;200;0;30;70;0;0;10000;1704;-4618.08;6013.77;0.91;-2.7101;0.6567;13;4;0.3077;-1625.29;-370.39;1.0000;0.0010;0.57;6;0.0000
XAUUSDm;M15;60;2.0;2.00;1;0.60;1.25;48;0;200;0;30;70;1;0;10000;648;-2768.43;3691.99;0.87;-4.2723;0.6451;13;5;0.3846;-1121.56;-236.91;1.0000;0.0026;0.91;6;0.0000
XAUUSDm;M15;60;2.0;2.00;1;0.80;0.50;48;0;200;0;30;70;0;0;10000;1031;-9868.97;10038.47;0.85;-9.5722;0.3472;7;2;0.2857;-3962.53;-1779.17;1.0000;0.0029;0.37;14;0.0000
XAUUSDm;M15;60;2.0;2.00;1;0.80;0.50;48;0;200;0;30;70;1;0;10000;737;-6742.24;8056.11;0.85;-9.1482;0.3487;13;3;0.2308;-1900.94;-314.97;1.0000;0.0040;0.50;12;0.0000
XAUUSDm;M15;60;2.0;2.00;1;0.80;0.75;48;0;200;0;30;70;0;0;10000;1174;-9842.22;9955.14;0.84;-8.3835;0.4429;10;1;0.1000;-2698.04;-997.84;1.0000;0.0020;0.53;10;0.0000
XAUUSDm;M15;60;2.0;2.00;1;0.80;0.75;48;0;200;0;30;70;1;0;10000;694;-3745.81;4466.66;0.90;-5.3974;0.4582;13;3;0.2308;-1581.72;-239.32;1.0000;0.0033;0.77;8;0.0000
XAUUSDm;M15;60;2.0;2.00;1;0.80;1.00;48;0;200;0;30;70;0;0;10000;1707;-7866.58;9357.93;0.90;-4.6084;0.5290;13;3;0.2308;-1997.26;-720.14;1.0000;0.0012;0.75;8;0.0000
XAUUSDm;M15;60;2.0;2.00;1;0.80;1.00;48;0;200;0;30;70;1;0;10000;648;-2777.53;3839.11;0.90;-4.2863;0.5309;13;4;0.3077;-915.36;-127.31;1.0000;0.0031;1.07;10;0.0000
XAUUSDm;M15;60;2.0;2.00;1;0.80;1.25;48;0;200;0;30;70;0;0;10000;1527;-6360.55;7572.06;0.89;-4.1654;0.5828;13;3;0.2308;-1794.17;-695.95;1.0000;0.0012;0.88;6;0.0000
XAUUSDm;M15;60;2.0;2.00;1;0.80;1.25;48;0;200;0;30;70;1;0;10000;605;-2440.63;3385.33;0.89;-4.0341;0.5835;13;4;0.3077;-797.92;-318.93;1.0000;0.0031;1.35;9;0.0000
XAUUSDm;M15;60;2.0;2.00;1;1.00;0.50;48;0;200;0;30;70;0;0;10000;655;-9838.09;10002.29;0.78;-15.0200;0.2824;6;1;0.1667;-4749.10;-1102.73;1.0000;0.0056;0.36;14;0.0000
XAUUSDm;M15;60;2.0;2.00;1;1.00;0.50;48;0;200;0;30;70;1;0;10000;703;-7515.36;9309.87;0.84;-10.6904;0.2973;13;4;0.3077;-2614.19;-363.27;1.0000;0.0050;0.61;13;0.0000
XAUUSDm;M15;60;2.0;2.00;1;1.00;0.75;48;0;200;0;30;70;0;0;10000;999;-9876.50;10237.25;0.83;-9.8864;0.3854;8;1;0.1250;-3247.83;-1404.65;1.0000;0.0027;0.70;10;0.0000
XAUUSDm;M15;60;2.0;2.00;1;1.00;0.75;48;0;200;0;30;70;1;0;10000;664;-5206.20;6085.99;0.86;-7.8407;0.3946;13;4;0.3077;-1728.10;-235.96;1.0000;0.0040;0.93;12;0.0000
XAUUSDm;M15;60;2.0;2.00;1;1.00;1.00;48;0;200;0;30;70;0;0;10000;1175;-9912.96;10181.93;0.83;-8.4366;0.4562;10;0;0.0000;-2765.95;-833.34;1.0000;0.0020;0.93;8;0.0000
XAUUSDm;M15;60;2.0;2.00;1;1.00;1.00;48;0;200;0;30;70;1;0;10000;621;-5006.08;5638.61;0.84;-8.0613;0.4589;13;4;0.3077;-1321.90;-310.47;1.0000;0.0038;1.26;10;0.0000
XAUUSDm;M15;60;2.0;2.00;1;1.00;1.25;48;0;200;0;30;70;0;0;10000;1396;-5966.68;7391.83;0.90;-4.2741;0.5301;13;5;0.3846;-1990.29;-595.97;1.0000;0.0015;1.19;10;0.0000
XAUUSDm;M15;60;2.0;2.00;1;1.00;1.25;48;0;200;0;30;70;1;0;10000;575;-3722.06;4244.82;0.85;-6.4731;0.5165;13;4;0.3077;-882.26;-254.37;1.0000;0.0037;1.60;9;0.0000
XAUUSDm;M15;60;2.0;2.00;1;1.20;0.50;48;0;200;0;30;70;0;0;10000;758;-9853.52;10017.72;0.82;-12.9994;0.2559;7;1;0.1429;-4669.82;-1171.14;1.0000;0.0053;0.63;15;0.0000
XAUUSDm;M15;60;2.0;2.00;1;1.20;0.50;48;0;200;0;30;70;1;0;10000;679;-8309.16;9517.69;0.83;-12.2373;0.2577;13;3;0.2308;-2437.11;-573.61;1.0000;0.0059;0.79;13;0.0000
XAUUSDm;M15;60;2.0;2.00;1;1.20;0.75;48;0;200;0;30;70;0;0;10000;935;-9925.61;10339.23;0.83;-10.6156;0.3433;7;1;0.1429;-2997.73;-1494.41;1.0000;0.0033;0.92;12;0.0000
XAUUSDm;M15;60;2.0;2.00;1;1.20;0.75;48;0;200;0;30;70;1;0;10000;652;-4914.92;5943.67;0.88;-7.5382;0.3558;13;4;0.3077;-1627.78;-479.94;1.0000;0.0045;1.28;11;0.0000
XAUUSDm;M15;60;2.0;2.00;1;1.20;1.00;48;0;200;0;30;70;0;0;10000;960;-9901.73;10210.05;0.81;-10.3143;0.4062;10;1;0.1000;-2896.88;-707.20;1.0000;0.0028;1.23;11;0.0000
XAUUSDm;M15;60;2.0;2.00;1;1.20;1.00;48;0;200;0;30;70;1;0;10000;607;-4922.49;5706.08;0.85;-8.1095;0.4168;13;4;0.3077;-1244.06;-435.16;1.0000;0.0042;1.85;11;0.0000
XAUUSDm;M15;60;2.0;2.00;1;1.20;1.25;48;0;200;0;30;70;0;0;10000;1311;-5696.74;7170.73;0.91;-4.3453;0.4867;13;4;0.3077;-1909.28;-330.91;1.0000;0.0017;1.50;9;0.0000
XAUUSDm;M15;60;2.0;2.00;1;1.20;1.25;48;0;200;0;30;70;1;0;10000;561;-3363.94;4017.12;0.88;-5.9963;0.4777;13;4;0.3077;-822.48;-416.16;1.0000;0.0041;2.15;10;0.0000
XAUUSDm;M15;60;2.0;2.00;1;1.40;0.50;48;0;200;0;30;70;0;0;10000;643;-9851.22;10015.42;0.80;-15.3207;0.2224;6;1;0.1667;-5084.82;-1191.99;1.0000;0.0072;0.72;17;0.0000
XAUUSDm;M15;60;2.0;2.00;1;1.40;0.50;48;0;200;0;30;70;1;0;10000;686;-7721.60;9376.53;0.85;-11.2560;0.2332;13;5;0.3846;-2685.37;-453.15;1.0000;0.0065;0.88;15;0.0000
XAUUSDm;M15;60;2.0;2.00;1;1.40;0.75;48;0;200;0;30;70;0;0;10000;749;-9945.01;10411.53;0.80;-13.2777;0.3017;7;0;0.0000;-3968.80;-982.21;1.0000;0.0047;1.00;15;0.0000
XAUUSDm;M15;60;2.0;2.00;1;1.40;0.75;48;0;200;0;30;70;1;0;10000;646;-5635.51;6601.65;0.87;-8.7237;0.3189;13;4;0.3077;-1865.76;-452.18;1.0000;0.0051;1.60;13;0.0000
XAUUSDm;M15;60;2.0;2.00;1;1.40;1.00;48;0;200;0;30;70;0;0;10000;941;-9889.26;10236.94;0.82;-10.5093;0.3719;10;2;0.2000;-3619.27;-921.03;1.0000;0.0031;1.37;12;0.0000
XAUUSDm;M15;60;2.0;2.00;1;1.40;1.00;48;0;200;0;30;70;1;0;10000;600;-5274.72;5997.18;0.85;-8.7912;0.3800;13;3;0.2308;-1457.10;-342.55;1.0000;0.0047;2.25;11;0.0000
XAUUSDm;M15;60;2.0;2.00;1;1.40;1.25;48;0;200;0;30;70;0;0;10000;1252;-5740.49;6923.09;0.91;-4.5851;0.4481;13;3;0.2308;-1801.95;-354.32;1.0000;0.0019;1.72;15;0.0000
XAUUSDm;M15;60;2.0;2.00;1;1.40;1.25;48;0;200;0;30;70;1;0;10000;552;-3374.40;3970.31;0.88;-6.1130;0.4420;13;4;0.3077;-1356.11;-200.24;1.0000;0.0045;2.72;10;0.0000
XAUUSDm;M15;60;2.0;2.50;1;0.40;0.50;48;0;200;0;30;70;0;0;10000;1043;-9758.95;10233.47;0.81;-9.3566;0.5024;12;1;0.0833;-2217.79;-825.92;1.0000;0.0020;0.12;8;0.0000
XAUUSDm;M15;60;2.0;2.50;1;0.40;0.50;48;0;200;0;30;70;1;0;10000;262;-2080.54;3540.90;0.83;-7.9410;0.5115;13;5;0.3846;-1090.61;-31.46;1.0000;0.0078;0.17;9;0.0000
XAUUSDm;M15;60;2.0;2.50;1;0.40;0.75;48;0;200;0;30;70;0;0;10000;1125;-7380.05;7962.37;0.82;-6.5600;0.6089;13;1;0.0769;-1450.76;-514.18;1.0000;0.0015;0.18;7;0.0000
XAUUSDm;M15;60;2.0;2.50;1;0.40;0.75;48;0;200;0;30;70;1;0;10000;260;-2848.49;3397.80;0.73;-10.9557;0.5808;13;5;0.3846;-906.53;-215.63;1.0000;0.0070;0.23;9;0.0000
XAUUSDm;M15;60;2.0;2.50;1;0.40;1.00;48;0;200;0;30;70;0;0;10000;1027;-4489.10;5264.43;0.85;-4.3711;0.6826;13;3;0.2308;-1268.05;-410.21;1.0000;0.0015;0.29;5;0.0000
XAUUSDm;M15;60;2.0;2.50;1;0.40;1.00;48;0;200;0;30;70;1;0;10000;256;-2438.36;3081.62;0.71;-9.5248;0.6445;13;3;0.2308;-936.55;-57.93;1.0000;0.0066;0.32;7;0.0000
XAUUSDm;M15;60;2.0;2.50;1;0.40;1.25;48;0;200;0;30;70;0;0;10000;952;-3606.80;4339.34;0.85;-3.7887;0.7279;13;4;0.3077;-1028.36;-202.41;1.0000;0.0016;0.35;5;0.0000
XAUUSDm;M15;60;2.0;2.50;1;0.40;1.25;48;0;200;0;30;70;1;0;10000;250;-2026.13;2816.29;0.71;-8.1045;0.6920;13;5;0.3846;-747.11;-95.15;1.0000;0.0064;0.61;6;0.0000
XAUUSDm;M15;60;2.0;2.50;1;0.60;0.50;48;0;200;0;30;70;0;0;10000;1162;-7901.86;9705.22;0.88;-6.8002;0.4234;13;5;0.3846;-2062.79;-318.75;1.0000;0.0021;0.18;13;0.0000
XAUUSDm;M15;60;2.0;2.50;1;0.60;0.50;48;0;200;0;30;70;1;0;10000;253;333.94;2837.07;1.03;1.3199;0.4625;13;7;0.5385;-890.67;31.45;0.3593;0.0089;0.24;9;0.0128
XAUUSDm;M15;60;2.0;2.50;1;0.60;0.75;48;0;200;0;30;70;0;0;10000;1037;-4937.34;5907.27;0.89;-4.7612;0.5294;13;3;0.2308;-1020.32;-620.21;1.0000;0.0019;0.27;9;0.0000
XAUUSDm;M15;60;2.0;2.50;1;0.60;0.75;48;0;200;0;30;70;1;0;10000;248;-949.72;2815.25;0.91;-3.8295;0.5363;13;6;0.4615;-703.56;-119.29;1.0000;0.0080;0.34;9;0.0000
XAUUSDm;M15;60;2.0;2.50;1;0.60;1.00;48;0;200;0;30;70;0;0;10000;934;-2852.52;4530.82;0.92;-3.0541;0.6060;13;4;0.3077;-811.54;-257.17;1.0000;0.0019;0.41;5;0.0000
XAUUSDm;M15;60;2.0;2.50;1;0.60;1.00;48;0;200;0;30;70;1;0;10000;244;-1093.48;2457.61;0.88;-4.4815;0.5984;13;6;0.4615;-765.84;-76.39;1.0000;0.0074;0.44;7;0.0000
XAUUSDm;M15;60;2.0;2.50;1;0.60;1.25;48;0;200;0;30;70;0;0;10000;861;-2382.46;3794.53;0.91;-2.7671;0.6574;13;5;0.3846;-702.18;-137.28;1.0000;0.0019;0.51;5;0.0000
XAUUSDm;M15;60;2.0;2.50;1;0.60;1.25;48;0;200;0;30;70;1;0;10000;238;-1271.21;2474.69;0.84;-5.3412;0.6387;13;6;0.4615;-583.23;-18.80;1.0000;0.0073;0.75;6;0.0000
XAUUSDm;M15;60;2.0;2.50;1;0.80;0.50;48;0;200;0;30;70;0;0;10000;1084;-7470.36;10000.12;0.89;-6.8915;0.3579;13;5;0.3846;-2215.38;-364.69;1.0000;0.0027;0.25;16;0.0000
XAUUSDm;M15;60;2.0;2.50;1;0.80;0.50;48;0;200;0;30;70;1;0;10000;249;-313.43;2084.93;0.98;-1.2588;0.3815;13;7;0.5385;-794.72;4.94;1.0000;0.0110;0.32;9;0.0000
XAUUSDm;M15;60;2.0;2.50;1;0.80;0.75;48;0;200;0;30;70;0;0;10000;984;-4749.75;5954.97;0.91;-4.8270;0.4604;13;3;0.2308;-1309.57;-127.92;1.0000;0.0023;0.37;10;0.0000
XAUUSDm;M15;60;2.0;2.50;1;0.80;0.75;48;0;200;0;30;70;1;0;10000;244;-1779.37;2304.51;0.86;-7.2925;0.4508;13;5;0.3846;-599.67;-339.82;1.0000;0.0097;0.48;9;0.0000
XAUUSDm;M15;60;2.0;2.50;1;0.80;1.00;48;0;200;0;30;70;0;0;10000;868;-2308.14;4049.88;0.94;-2.6591;0.5415;13;5;0.3846;-775.48;-221.94;1.0000;0.0023;0.61;5;0.0000
XAUUSDm;M15;60;2.0;2.50;1;0.80;1.00;48;0;200;0;30;70;1;0;10000;239;-1325.59;2022.90;0.88;-5.5464;0.5272;13;5;0.3846;-697.74;-145.49;1.0000;0.0086;0.68;7;0.0000
XAUUSDm;M15;60;2.0;2.50;1;0.80;1.25;48;0;200;0;30;70;0;0;10000;797;-2161.68;3560.08;0.93;-2.7123;0.5922;13;4;0.3077;-924.62;-169.89;1.0000;0.0023;0.74;5;0.0000
XAUUSDm;M15;60;2.0;2.50;1;0.80;1.25;48;0;200;0;30;70;1;0;10000;233;-1168.95;1969.41;0.87;-5.0170;0.5794;13;5;0.3846;-519.50;-87.70;1.0000;0.0082;1.02;6;0.0000
XAUUSDm;M15;60;2.0;2.50;1;1.00;0.50;48;0;200;0;30;70;0;0;10000;972;-9783.85;9944.96;0.85;-10.0657;0.2994;12;2;0.1667;-2174.36;-823.22;1.0000;0.0036;0.33;16;0.0000
XAUUSDm;M15;60;2.0;2.50;1;1.00;0.50;48;0;200;0;30;70;1;0;10000;247;-259.38;1427.07;0.98;-1.0501;0.3320;13;7;0.5385;-496.33;49.57;1.0000;0.0127;0.49;9;0.0000
XAUUSDm;M15;60;2.0;2.50;1;1.00;0.75;48;0;200;0;30;70;0;0;10000;932;-4532.23;5805.59;0.91;-4.8629;0.4077;13;6;0.4615;-1524.46;-118.37;1.0000;0.0028;0.49;10;0.0000
XAUUSDm;M15;60;2.0;2.50;1;1.00;0.75;48;0;200;0;30;70;1;0;10000;242;-2133.77;2568.18;0.85;-8.8172;0.3926;13;4;0.3077;-686.59;-275.16;1.0000;0.0112;0.70;9;0.0000
XAUUSDm;M15;60;2.0;2.50;1;1.00;1.00;48;0;200;0;30;70;0;0;10000;823;-2516.08;3753.21;0.94;-3.0572;0.4848;13;5;0.3846;-1109.38;-72.79;1.0000;0.0027;0.83;7;0.0000
XAUUSDm;M15;60;2.0;2.50;1;1.00;1.00;48;0;200;0;30;70;1;0;10000;236;-1751.54;2239.66;0.85;-7.4218;0.4661;13;5;0.3846;-494.06;-208.74;1.0000;0.0099;0.93;7;0.0000
XAUUSDm;M15;60;2.0;2.50;1;1.00;1.25;48;0;200;0;30;70;0;0;10000;752;-2465.96;3318.45;0.92;-3.2792;0.5359;13;3;0.2308;-1074.00;-168.45;1.0000;0.0027;1.00;5;0.0000
XAUUSDm;M15;60;2.0;2.50;1;1.00;1.25;48;0;200;0;30;70;1;0;10000;231;-1865.72;2264.81;0.82;-8.0767;0.5108;13;5;0.3846;-541.80;-133.31;1.0000;0.0094;1.32;6;0.0000
XAUUSDm;M15;60;2.0;2.50;1;1.20;0.50;48;0;200;0;30;70;0;0;10000;1056;-3671.83;7252.34;0.95;-3.4771;0.2841;13;4;0.3077;-1860.01;-197.97;1.0000;0.0035;0.46;16;0.0000
XAUUSDm;M15;60;2.0;2.50;1;1.20;0.50;48;0;200;0;30;70;1;0;10000;242;-215.03;1844.13;0.99;-0.8886;0.2934;13;9;0.6923;-1277.77;31.44;1.0000;0.0147;0.61;15;0.0000
XAUUSDm;M15;60;2.0;2.50;1;1.20;0.75;48;0;200;0;30;70;0;0;10000;901;-1322.26;3198.33;0.98;-1.4675;0.3796;13;7;0.5385;-1276.61;102.42;1.0000;0.0031;0.67;10;0.0000
XAUUSDm;M15;60;2.0;2.50;1;1.20;0.75;48;0;200;0;30;70;1;0;10000;235;-1830.30;2471.20;0.87;-7.7885;0.3574;13;4;0.3077;-614.82;-167.70;1.0000;0.0127;0.82;14;0.0000
XAUUSDm;M15;60;2.0;2.50;1;1.20;1.00;48;0;200;0;30;70;0;0;10000;797;-706.45;3060.10;0.98;-0.8864;0.4517;13;7;0.5385;-924.11;50.92;1.0000;0.0030;1.05;9;0.0000
XAUUSDm;M15;60;2.0;2.50;1;1.20;1.00;48;0;200;0;30;70;1;0;10000;229;-1687.07;2355.49;0.86;-7.3671;0.4236;13;4;0.3077;-659.90;-230.44;1.0000;0.0113;1.13;12;0.0000
XAUUSDm;M15;60;2.0;2.50;1;1.20;1.25;48;0;200;0;30;70;0;0;10000;730;-435.56;2570.46;0.99;-0.5967;0.5068;13;8;0.6154;-1035.75;34.79;1.0000;0.0029;1.26;7;0.0000
XAUUSDm;M15;60;2.0;2.50;1;1.20;1.25;48;0;200;0;30;70;1;0;10000;223;-1900.10;2305.33;0.83;-8.5206;0.4664;13;3;0.2308;-492.24;-211.93;1.0000;0.0107;1.56;10;0.0000
XAUUSDm;M15;60;2.0;2.50;1;1.40;0.50;48;0;200;0;30;70;0;0;10000;1023;-1276.11;6762.31;0.98;-1.2474;0.2600;13;7;0.5385;-1797.38;127.65;1.0000;0.0039;0.55;16;0.0000
XAUUSDm;M15;60;2.0;2.50;1;1.40;0.50;48;0;200;0;30;70;1;0;10000;241;420.65;1810.59;1.02;1.7454;0.2697;13;9;0.6923;-1122.39;221.88;0.6656;0.0161;0.72;15;0.0125
XAUUSDm;M15;60;2.0;2.50;1;1.40;0.75;48;0;200;0;30;70;0;0;10000;866;813.53;2864.84;1.02;0.9394;0.3533;13;7;0.5385;-1141.76;13.71;0.2294;0.0034;0.87;11;0.0380
XAUUSDm;M15;60;2.0;2.50;1;1.40;0.75;48;0;200;0;30;70;1;0;10000;234;-1270.18;2347.09;0.91;-5.4281;0.3333;13;6;0.4615;-817.51;-67.30;1.0000;0.0137;1.00;14;0.0000
XAUUSDm;M15;60;2.0;2.50;1;1.40;1.00;48;0;200;0;30;70;0;0;10000;762;1198.89;2660.39;1.03;1.5733;0.4252;13;8;0.6154;-1478.85;349.37;0.1167;0.0033;1.31;10;0.1451
XAUUSDm;M15;60;2.0;2.50;1;1.40;1.00;48;0;200;0;30;70;1;0;10000;227;-1551.36;2057.31;0.88;-6.8342;0.3921;13;4;0.3077;-533.25;-71.62;1.0000;0.0123;1.40;12;0.0000
XAUUSDm;M15;60;2.0;2.50;1;1.40;1.25;48;0;200;0;30;70;0;0;10000;697;487.75;1813.04;1.01;0.6998;0.4749;13;8;0.6154;-647.56;70.84;0.2294;0.0033;1.63;7;0.0633
XAUUSDm;M15;60;2.0;2.50;1;1.40;1.25;48;0;200;0;30;70;1;0;10000;221;-1631.33;2060.91;0.86;-7.3816;0.4389;13;3;0.2308;-451.21;-204.77;1.0000;0.0116;1.87;10;0.0000
XAUUSDm;M15;60;2.0;3.00;1;0.40;0.50;48;0;200;0;30;70;0;0;10000;512;-2647.01;3290.51;0.89;-5.1699;0.5254;13;3;0.2308;-930.99;-244.34;1.0000;0.0039;0.11;9;0.0000
XAUUSDm;M15;60;2.0;3.00;1;0.40;0.50;48;0;200;0;30;70;1;0;10000;80;-82.07;1009.98;0.98;-1.0259;0.5500;13;7;0.5385;-381.91;18.46;1.0000;0.0237;0.21;4;0.0000
XAUUSDm;M15;60;2.0;3.00;1;0.40;0.75;48;0;200;0;30;70;0;0;10000;489;-2276.37;3056.09;0.87;-4.6552;0.6196;13;5;0.3846;-610.87;-168.89;1.0000;0.0035;0.14;8;0.0000
XAUUSDm;M15;60;2.0;3.00;1;0.40;0.75;48;0;200;0;30;70;1;0;10000;79;-510.19;1205.39;0.83;-6.4581;0.6076;13;7;0.5385;-373.23;23.74;1.0000;0.0221;0.25;4;0.0000
XAUUSDm;M15;60;2.0;3.00;1;0.40;1.00;48;0;200;0;30;70;0;0;10000;450;-1132.93;1748.83;0.91;-2.5176;0.6956;13;6;0.4615;-613.59;-56.17;1.0000;0.0034;0.19;5;0.0000
XAUUSDm;M15;60;2.0;3.00;1;0.40;1.00;48;0;200;0;30;70;1;0;10000;79;-332.80;1012.34;0.86;-4.2127;0.6835;13;6;0.4615;-437.53;-21.08;1.0000;0.0201;0.32;4;0.0000
XAUUSDm;M15;60;2.0;3.00;1;0.40;1.25;48;0;200;0;30;70;0;0;10000;427;-913.79;1687.82;0.91;-2.1400;0.7400;13;5;0.3846;-472.91;-76.67;1.0000;0.0035;0.35;5;0.0000
XAUUSDm;M15;60;2.0;3.00;1;0.40;1.25;48;0;200;0;30;70;1;0;10000;79;-595.95;1058.60;0.73;-7.5437;0.6962;13;5;0.3846;-444.65;-39.95;1.0000;0.0203;1.03;4;0.0000
XAUUSDm;M15;60;2.0;3.00;1;0.60;0.50;48;0;200;0;30;70;0;0;10000;491;-1993.97;2973.39;0.93;-4.0610;0.4358;13;4;0.3077;-1001.67;-132.87;1.0000;0.0049;0.16;11;0.0000
XAUUSDm;M15;60;2.0;3.00;1;0.60;0.50;48;0;200;0;30;70;1;0;10000;77;629.10;874.03;1.17;8.1701;0.4935;13;8;0.6154;-381.91;60.97;0.1907;0.0274;0.30;5;0.0000
XAUUSDm;M15;60;2.0;3.00;1;0.60;0.75;48;0;200;0;30;70;0;0;10000;458;-1619.05;2508.64;0.92;-3.5350;0.5349;13;6;0.4615;-879.74;-87.13;1.0000;0.0043;0.22;8;0.0000
XAUUSDm;M15;60;2.0;3.00;1;0.60;0.75;48;0;200;0;30;70;1;0;10000;75;226.13;1172.55;1.07;3.0151;0.5733;13;7;0.5385;-373.23;78.49;0.3537;0.0246;0.36;4;0.0000
XAUUSDm;M15;60;2.0;3.00;1;0.60;1.00;48;0;200;0;30;70;0;0;10000;422;-495.07;1746.03;0.97;-1.1732;0.6185;13;7;0.5385;-807.09;24.10;1.0000;0.0041;0.29;5;0.0000
XAUUSDm;M15;60;2.0;3.00;1;0.60;1.00;48;0;200;0;30;70;1;0;10000;75;290.58;1064.33;1.12;3.8744;0.6533;13;8;0.6154;-434.26;54.23;0.2063;0.0222;0.45;4;0.0000
XAUUSDm;M15;60;2.0;3.00;1;0.60;1.25;48;0;200;0;30;70;0;0;10000;397;-942.50;1499.06;0.92;-2.3741;0.6599;13;5;0.3846;-481.54;-38.48;1.0000;0.0042;0.48;5;0.0000
XAUUSDm;M15;60;2.0;3.00;1;0.60;1.25;48;0;200;0;30;70;1;0;10000;75;-125.84;1030.98;0.94;-1.6779;0.6667;13;7;0.5385;-441.38;35.45;1.0000;0.0223;1.20;4;0.0000
XAUUSDm;M15;60;2.0;3.00;1;0.80;0.50;48;0;200;0;30;70;0;0;10000;478;-538.43;3573.89;0.98;-1.1264;0.3808;13;6;0.4615;-1226.42;-254.60;1.0000;0.0057;0.21;11;0.0000
XAUUSDm;M15;60;2.0;3.00;1;0.80;0.50;48;0;200;0;30;70;1;0;10000;77;1085.42;644.89;1.26;14.0964;0.4416;13;8;0.6154;-381.91;29.70;0.1474;0.0307;0.35;5;0.0000
XAUUSDm;M15;60;2.0;3.00;1;0.80;0.75;48;0;200;0;30;70;0;0;10000;439;-1444.96;3102.89;0.94;-3.2915;0.4670;13;6;0.4615;-1267.43;-66.24;1.0000;0.0051;0.30;8;0.0000
XAUUSDm;M15;60;2.0;3.00;1;0.80;0.75;48;0;200;0;30;70;1;0;10000;75;131.17;852.29;1.04;1.7489;0.4933;13;7;0.5385;-373.23;11.77;0.8131;0.0286;0.46;4;0.0000
XAUUSDm;M15;60;2.0;3.00;1;0.80;1.00;48;0;200;0;30;70;0;0;10000;401;-128.72;1929.43;0.99;-0.3210;0.5561;13;8;0.6154;-833.78;105.21;1.0000;0.0048;0.41;6;0.0000
XAUUSDm;M15;60;2.0;3.00;1;0.80;1.00;48;0;200;0;30;70;1;0;10000;75;368.21;1046.15;1.13;4.9095;0.5867;13;7;0.5385;-360.49;73.87;0.2171;0.0247;0.61;4;0.0000
XAUUSDm;M15;60;2.0;3.00;1;0.80;1.25;48;0;200;0;30;70;0;0;10000;375;-720.52;1462.30;0.95;-1.9214;0.5973;13;3;0.2308;-499.42;-102.60;1.0000;0.0049;0.64;6;0.0000
XAUUSDm;M15;60;2.0;3.00;1;0.80;1.25;48;0;200;0;30;70;1;0;10000;75;9.68;1039.63;1.00;0.1291;0.6133;13;8;0.6154;-384.93;61.56;6.6105;0.0242;1.41;4;0.0000
XAUUSDm;M15;60;2.0;3.00;1;1.00;0.50;48;0;200;0;30;70;0;0;10000;467;-1099.37;3623.57;0.96;-2.3541;0.3255;13;6;0.4615;-797.85;-192.57;1.0000;0.0068;0.27;13;0.0000
XAUUSDm;M15;60;2.0;3.00;1;1.00;0.50;48;0;200;0;30;70;1;0;10000;77;1245.00;632.92;1.28;16.1688;0.3896;13;8;0.6154;-381.91;92.83;0.1606;0.0347;0.51;5;0.0000
XAUUSDm;M15;60;2.0;3.00;1;1.00;0.75;48;0;200;0;30;70;0;0;10000;420;-1755.91;3588.11;0.93;-4.1807;0.4095;13;7;0.5385;-1028.92;102.31;1.0000;0.0061;0.41;9;0.0000
XAUUSDm;M15;60;2.0;3.00;1;1.00;0.75;48;0;200;0;30;70;1;0;10000;75;172.56;826.28;1.04;2.3008;0.4400;13;5;0.3846;-373.23;-30.62;0.7726;0.0321;0.63;4;0.0000
XAUUSDm;M15;60;2.0;3.00;1;1.00;1.00;48;0;200;0;30;70;0;0;10000;382;-695.02;2058.89;0.96;-1.8194;0.4921;13;7;0.5385;-564.85;35.34;1.0000;0.0057;0.71;8;0.0000
XAUUSDm;M15;60;2.0;3.00;1;1.00;1.00;48;0;200;0;30;70;1;0;10000;75;458.77;878.17;1.14;6.1169;0.5333;13;9;0.6923;-289.21;21.79;0.2178;0.0271;0.86;4;0.0000
XAUUSDm;M15;60;2.0;3.00;1;1.00;1.25;48;0;200;0;30;70;0;0;10000;358;-814.28;1525.44;0.95;-2.2745;0.5419;13;3;0.2308;-288.28;-78.52;1.0000;0.0056;0.98;6;0.0000
XAUUSDm;M15;60;2.0;3.00;1;1.00;1.25;48;0;200;0;30;70;1;0;10000;75;-115.97;993.15;0.96;-1.5463;0.5467;13;6;0.4615;-328.50;-25.44;1.0000;0.0271;1.71;4;0.0000
XAUUSDm;M15;60;2.0;3.00;1;1.20;0.50;48;0;200;0;30;70;0;0;10000;462;999.99;2631.34;1.03;2.1645;0.3009;13;5;0.3846;-495.30;-118.87;0.2400;0.0075;0.33;13;0.0211
XAUUSDm;M15;60;2.0;3.00;1;1.20;0.50;48;0;200;0;30;70;1;0;10000;76;1497.29;727.06;1.32;19.7012;0.3553;13;8;0.6154;-381.91;82.63;0.1603;0.0387;0.61;7;0.0000
XAUUSDm;M15;60;2.0;3.00;1;1.20;0.75;48;0;200;0;30;70;0;0;10000;413;-416.40;3721.65;0.98;-1.0082;0.3801;13;7;0.5385;-835.86;19.99;1.0000;0.0067;0.50;9;0.0000
XAUUSDm;M15;60;2.0;3.00;1;1.20;0.75;48;0;200;0;30;70;1;0;10000;74;324.99;788.51;1.08;4.3918;0.4054;13;7;0.5385;-373.23;19.44;0.4923;0.0355;0.75;7;0.0000
XAUUSDm;M15;60;2.0;3.00;1;1.20;1.00;48;0;200;0;30;70;0;0;10000;373;337.77;2246.65;1.02;0.9055;0.4611;13;6;0.4615;-608.45;-94.46;0.3551;0.0063;0.83;8;0.0125
XAUUSDm;M15;60;2.0;3.00;1;1.20;1.00;48;0;200;0;30;70;1;0;10000;74;659.06;871.76;1.19;8.9062;0.5000;13;9;0.6923;-322.12;65.70;0.1819;0.0294;1.01;7;0.0000
XAUUSDm;M15;60;2.0;3.00;1;1.20;1.25;48;0;200;0;30;70;0;0;10000;350;-131.82;1729.40;0.99;-0.3766;0.5086;13;7;0.5385;-479.81;15.91;1.0000;0.0062;1.15;6;0.0000
XAUUSDm;M15;60;2.0;3.00;1;1.20;1.25;48;0;200;0;30;70;1;0;10000;74;5.60;931.27;1.00;0.0757;0.5135;13;8;0.6154;-358.60;4.33;17.1411;0.0294;1.88;7;0.0000
XAUUSDm;M15;60;2.0;3.00;1;1.40;0.50;48;0;200;0;30;70;0;0;10000;456;2249.28;2571.65;1.07;4.9326;0.2763;13;8;0.6154;-984.08;248.93;0.1245;0.0082;0.41;13;0.1830
XAUUSDm;M15;60;2.0;3.00;1;1.40;0.50;48;0;200;0;30;70;1;0;10000;76;2532.40;727.06;1.54;33.3211;0.3553;13;9;0.6923;-381.91;161.79;0.1106;0.0387;0.70;7;0.0000
XAUUSDm;M15;60;2.0;3.00;1;1.40;0.75;48;0;200;0;30;70;0;0;10000;403;163.49;3313.59;1.01;0.4057;0.3499;13;7;0.5385;-1199.87;6.69;1.1417;0.0074;0.60;11;0.0013
XAUUSDm;M15;60;2.0;3.00;1;1.40;0.75;48;0;200;0;30;70;1;0;10000;74;1077.05;715.95;1.26;14.5547;0.4054;13;7;0.5385;-373.23;69.49;0.1733;0.0355;0.87;7;0.0000
XAUUSDm;M15;60;2.0;3.00;1;1.40;1.00;48;0;200;0;30;70;0;0;10000;364;997.89;2149.11;1.05;2.7415;0.4313;13;7;0.5385;-919.72;16.96;0.1402;0.0069;0.98;8;0.1161
XAUUSDm;M15;60;2.0;3.00;1;1.40;1.00;48;0;200;0;30;70;1;0;10000;74;1020.68;779.60;1.29;13.7930;0.4865;13;8;0.6154;-267.21;123.94;0.1371;0.0308;1.32;7;0.0000
XAUUSDm;M15;60;2.0;3.00;1;1.40;1.25;48;0;200;0;30;70;0;0;10000;341;-433.67;2141.40;0.97;-1.2718;0.4663;13;6;0.4615;-647.70;-5.54;1.0000;0.0069;1.30;8;0.0000
XAUUSDm;M15;60;2.0;3.00;1;1.40;1.25;48;0;200;0;30;70;1;0;10000;74;296.24;853.59;1.09;4.0032;0.5000;13;8;0.6154;-317.26;47.15;0.3780;0.0307;2.21;7;0.0000
XAUUSDm;M15;80;2.0;1.00;1;0.40;0.50;48;0;200;0;30;70;0;0;10000;2018;-9927.62;10124.26;0.89;-4.9195;0.5273;5;0;0.0000;-5303.94;-700.23;1.0000;0.0010;0.23;9;0.0000
XAUUSDm;M15;80;2.0;1.00;1;0.40;0.50;48;0;200;0;30;70;1;0;10000;2647;-9646.67;9904.00;0.92;-3.6444;0.5346;12;2;0.1667;-2575.54;-750.39;1.0000;0.0007;0.27;13;0.0000
XAUUSDm;M15;80;2.0;1.00;1;0.40;0.75;48;0;200;0;30;70;0;0;10000;1483;-9972.22;9992.66;0.82;-6.7244;0.6069;6;0;0.0000;-4197.46;-878.76;1.0000;0.0012;0.34;8;0.0000
XAUUSDm;M15;80;2.0;1.00;1;0.40;0.75;48;0;200;0;30;70;1;0;10000;2706;-9876.85;9993.35;0.90;-3.6500;0.6271;12;3;0.2500;-1792.28;-956.75;1.0000;0.0006;0.44;8;0.0000
XAUUSDm;M15;80;2.0;1.00;1;0.40;1.00;48;0;200;0;30;70;0;0;10000;2717;-9969.05;10146.44;0.88;-3.6691;0.6875;5;1;0.2000;-4260.35;-2366.02;1.0000;0.0006;0.47;6;0.0000
XAUUSDm;M15;80;2.0;1.00;1;0.40;1.00;48;0;200;0;30;70;1;0;10000;2979;-9947.06;10088.04;0.89;-3.3391;0.6895;12;1;0.0833;-2406.35;-829.56;1.0000;0.0005;0.62;6;0.0000
XAUUSDm;M15;80;2.0;1.00;1;0.40;1.25;48;0;200;0;30;70;0;0;10000;3290;-9962.32;10216.42;0.88;-3.0281;0.7337;7;1;0.1429;-3356.29;-1717.48;1.0000;0.0004;0.63;5;0.0000
XAUUSDm;M15;80;2.0;1.00;1;0.40;1.25;48;0;200;0;30;70;1;0;10000;2888;-9959.23;10174.83;0.86;-3.4485;0.7292;12;2;0.1667;-1472.35;-953.90;1.0000;0.0005;0.75;7;0.0000
XAUUSDm;M15;80;2.0;1.00;1;0.60;0.50;48;0;200;0;30;70;0;0;10000;788;-9929.04;10158.36;0.79;-12.6003;0.3959;5;0;0.0000;-6833.65;-125.08;1.0000;0.0033;0.44;14;0.0000
XAUUSDm;M15;80;2.0;1.00;1;0.60;0.50;48;0;200;0;30;70;1;0;10000;1302;-9917.44;10169.82;0.87;-7.6171;0.4194;6;0;0.0000;-2873.28;-2125.13;1.0000;0.0019;0.45;13;0.0000
XAUUSDm;M15;80;2.0;1.00;1;0.60;0.75;48;0;200;0;30;70;0;0;10000;1863;-9975.45;9995.89;0.88;-5.3545;0.5255;6;0;0.0000;-5124.84;-1157.98;1.0000;0.0011;0.54;10;0.0000
XAUUSDm;M15;80;2.0;1.00;1;0.60;0.75;48;0;200;0;30;70;1;0;10000;2382;-9900.18;10033.03;0.91;-4.1562;0.5311;12;2;0.1667;-2277.53;-594.43;1.0000;0.0008;0.65;11;0.0000
XAUUSDm;M15;80;2.0;1.00;1;0.60;1.00;48;0;200;0;30;70;0;0;10000;2111;-9979.30;10155.88;0.88;-4.7273;0.5950;5;0;0.0000;-3497.77;-1883.12;1.0000;0.0008;0.73;8;0.0000
XAUUSDm;M15;80;2.0;1.00;1;0.60;1.00;48;0;200;0;30;70;1;0;10000;2843;-9892.78;9969.08;0.91;-3.4797;0.6022;12;3;0.2500;-2000.94;-851.22;1.0000;0.0006;0.85;9;0.0000
XAUUSDm;M15;80;2.0;1.00;1;0.60;1.25;48;0;200;0;30;70;0;0;10000;2621;-9986.68;10078.54;0.88;-3.8103;0.6490;7;1;0.1429;-3176.65;-1627.24;1.0000;0.0006;0.90;6;0.0000
XAUUSDm;M15;80;2.0;1.00;1;0.60;1.25;48;0;200;0;30;70;1;0;10000;2828;-8431.85;9456.44;0.91;-2.9816;0.6542;13;3;0.2308;-1696.70;-819.70;1.0000;0.0006;1.05;7;0.0000
XAUUSDm;M15;80;2.0;1.00;1;0.80;0.50;48;0;200;0;30;70;0;0;10000;1350;-9910.93;10281.61;0.88;-7.3414;0.3556;5;0;0.0000;-6296.89;-1177.39;1.0000;0.0021;0.40;14;0.0000
XAUUSDm;M15;80;2.0;1.00;1;0.80;0.50;48;0;200;0;30;70;1;0;10000;1104;-9921.59;10249.40;0.86;-8.9869;0.3496;5;0;0.0000;-2857.06;-2185.74;1.0000;0.0027;0.55;15;0.0000
XAUUSDm;M15;80;2.0;1.00;1;0.80;0.75;48;0;200;0;30;70;0;0;10000;1686;-9958.55;10011.85;0.89;-5.9066;0.4555;6;0;0.0000;-4765.42;-1215.54;1.0000;0.0014;0.68;10;0.0000
XAUUSDm;M15;80;2.0;1.00;1;0.80;0.75;48;0;200;0;30;70;1;0;10000;1551;-9927.45;10105.51;0.88;-6.4007;0.4513;7;0;0.0000;-2500.46;-1084.30;1.0000;0.0015;0.81;12;0.0000
XAUUSDm;M15;80;2.0;1.00;1;0.80;1.00;48;0;200;0;30;70;0;0;10000;1795;-10013.94;10301.66;0.88;-5.5788;0.5242;6;0;0.0000;-2835.76;-1877.91;1.0000;0.0011;0.92;11;0.0000
XAUUSDm;M15;80;2.0;1.00;1;0.80;1.00;48;0;200;0;30;70;1;0;10000;2182;-9924.15;10040.33;0.90;-4.5482;0.5289;12;4;0.3333;-2931.12;-795.35;1.0000;0.0009;1.11;10;0.0000
XAUUSDm;M15;80;2.0;1.00;1;0.80;1.25;48;0;200;0;30;70;0;0;10000;2179;-9948.88;10115.66;0.88;-4.5658;0.5805;7;1;0.1429;-3179.85;-1272.92;1.0000;0.0009;1.11;9;0.0000
XAUUSDm;M15;80;2.0;1.00;1;0.80;1.25;48;0;200;0;30;70;1;0;10000;2374;-8941.83;10156.70;0.90;-3.7666;0.5847;13;3;0.2308;-2235.49;-591.00;1.0000;0.0008;1.32;9;0.0000
XAUUSDm;M15;80;2.0;1.00;1;1.00;0.50;48;0;200;0;30;70;0;0;10000;635;-9921.89;10052.36;0.78;-15.6250;0.2803;5;0;0.0000;-5310.61;-153.05;1.0000;0.0057;0.60;17;0.0000
XAUUSDm;M15;80;2.0;1.00;1;1.00;0.50;48;0;200;0;30;70;1;0;10000;616;-9912.49;10121.16;0.77;-16.0917;0.2792;5;1;0.2000;-4469.86;-1551.45;1.0000;0.0060;0.72;16;0.0000
XAUUSDm;M15;80;2.0;1.00;1;1.00;0.75;48;0;200;0;30;70;0;0;10000;1350;-9985.96;10075.62;0.87;-7.3970;0.3970;6;0;0.0000;-4520.12;-981.23;1.0000;0.0019;0.80;11;0.0000
XAUUSDm;M15;80;2.0;1.00;1;1.00;0.75;48;0;200;0;30;70;1;0;10000;930;-9966.18;10098.37;0.82;-10.7163;0.3817;6;0;0.0000;-2771.55;-1680.61;1.0000;0.0029;1.13;12;0.0000
XAUUSDm;M15;80;2.0;1.00;1;1.00;1.00;48;0;200;0;30;70;0;0;10000;1589;-9985.00;10253.09;0.88;-6.2838;0.4682;5;1;0.2000;-3091.39;-2847.67;1.0000;0.0014;1.09;11;0.0000
XAUUSDm;M15;80;2.0;1.00;1;1.00;1.00;48;0;200;0;30;70;1;0;10000;1739;-9938.84;9995.46;0.89;-5.7153;0.4704;12;2;0.1667;-2888.56;-786.44;1.0000;0.0013;1.49;11;0.0000
XAUUSDm;M15;80;2.0;1.00;1;1.00;1.25;48;0;200;0;30;70;0;0;10000;1514;-9957.89;10093.55;0.85;-6.5772;0.5165;8;1;0.1250;-3271.04;-1026.24;1.0000;0.0014;1.45;9;0.0000
XAUUSDm;M15;80;2.0;1.00;1;1.00;1.25;48;0;200;0;30;70;1;0;10000;1583;-9920.01;10189.90;0.86;-6.2666;0.5167;10;2;0.2000;-2816.40;-1118.86;1.0000;0.0013;1.81;9;0.0000
XAUUSDm;M15;80;2.0;1.00;1;1.20;0.50;48;0;200;0;30;70;0;0;10000;2567;-9764.22;10283.37;0.95;-3.8037;0.2832;10;3;0.3000;-4758.06;-259.58;1.0000;0.0014;0.66;17;0.0000
XAUUSDm;M15;80;2.0;1.00;1;1.20;0.50;48;0;200;0;30;70;1;0;10000;1031;-9931.62;10180.24;0.87;-9.6330;0.2658;6;0;0.0000;-2994.72;-1633.43;1.0000;0.0037;0.85;21;0.0000
XAUUSDm;M15;80;2.0;1.00;1;1.20;0.75;48;0;200;0;30;70;0;0;10000;1440;-9976.14;10063.60;0.89;-6.9279;0.3583;6;0;0.0000;-3571.01;-1474.49;1.0000;0.0020;0.97;17;0.0000
XAUUSDm;M15;80;2.0;1.00;1;1.20;0.75;48;0;200;0;30;70;1;0;10000;1950;-7512.49;10026.78;0.94;-3.8526;0.3697;13;3;0.2308;-1750.61;-483.38;1.0000;0.0015;1.26;18;0.0000
XAUUSDm;M15;80;2.0;1.00;1;1.20;1.00;48;0;200;0;30;70;0;0;10000;1509;-9957.75;10224.39;0.88;-6.5989;0.4235;6;1;0.1667;-3888.95;-1834.76;1.0000;0.0016;1.39;10;0.0000
XAUUSDm;M15;80;2.0;1.00;1;1.20;1.00;48;0;200;0;30;70;1;0;10000;1822;-9922.96;10016.85;0.90;-5.4462;0.4286;12;4;0.3333;-2804.77;-846.31;1.0000;0.0014;1.70;11;0.0000
XAUUSDm;M15;80;2.0;1.00;1;1.20;1.25;48;0;200;0;30;70;0;0;10000;1646;-9973.12;10096.95;0.88;-6.0590;0.4763;7;1;0.1429;-2926.92;-1966.10;1.0000;0.0014;1.72;9;0.0000
XAUUSDm;M15;80;2.0;1.00;1;1.20;1.25;48;0;200;0;30;70;1;0;10000;1713;-9952.39;10231.04;0.88;-5.8099;0.4775;12;3;0.2500;-1793.73;-1081.17;1.0000;0.0013;1.98;9;0.0000
XAUUSDm;M15;80;2.0;1.00;1;1.40;0.50;48;0;200;0;30;70;0;0;10000;858;-9934.71;10361.43;0.85;-11.5789;0.2319;5;0;0.0000;-5034.16;-243.96;1.0000;0.0052;0.78;22;0.0000
XAUUSDm;M15;80;2.0;1.00;1;1.40;0.50;48;0;200;0;30;70;1;0;10000;959;-9932.41;10220.98;0.86;-10.3570;0.2357;5;1;0.2000;-4337.91;-1483.94;1.0000;0.0045;0.90;25;0.0000
XAUUSDm;M15;80;2.0;1.00;1;1.40;0.75;48;0;200;0;30;70;0;0;10000;1329;-9969.44;10187.67;0.89;-7.5015;0.3236;5;1;0.2000;-4514.18;-2735.04;1.0000;0.0024;1.16;17;0.0000
XAUUSDm;M15;80;2.0;1.00;1;1.40;0.75;48;0;200;0;30;70;1;0;10000;1618;-9867.73;10122.97;0.91;-6.0987;0.3276;12;2;0.1667;-2148.67;-810.77;1.0000;0.0020;1.41;18;0.0000
XAUUSDm;M15;80;2.0;1.00;1;1.40;1.00;48;0;200;0;30;70;0;0;10000;1372;-9885.81;10364.85;0.88;-7.2054;0.3870;7;2;0.2857;-4382.66;-676.52;1.0000;0.0020;1.53;12;0.0000
XAUUSDm;M15;80;2.0;1.00;1;1.40;1.00;48;0;200;0;30;70;1;0;10000;1712;-9919.13;10052.95;0.90;-5.7939;0.3919;12;4;0.3333;-2627.74;-1238.65;1.0000;0.0016;1.94;14;0.0000
XAUUSDm;M15;80;2.0;1.00;1;1.40;1.25;48;0;200;0;30;70;0;0;10000;1617;-9960.97;10161.75;0.88;-6.1602;0.4409;8;2;0.2500;-3497.36;-1240.35;1.0000;0.0015;1.91;10;0.0000
XAUUSDm;M15;80;2.0;1.00;1;1.40;1.25;48;0;200;0;30;70;1;0;10000;1670;-9916.80;10241.88;0.89;-5.9382;0.4413;12;3;0.2500;-2216.29;-1064.56;1.0000;0.0015;2.36;12;0.0000
XAUUSDm;M15;80;2.0;1.50;1;0.40;0.50;48;0;200;0;30;70;0;0;10000;1413;-9922.60;10112.14;0.85;-7.0224;0.5152;5;1;0.2000;-4515.07;-2352.22;1.0000;0.0014;0.20;9;0.0000
XAUUSDm;M15;80;2.0;1.50;1;0.40;0.50;48;0;200;0;30;70;1;0;10000;2034;-7871.00;9713.16;0.91;-3.8697;0.5334;13;5;0.3846;-2661.55;-725.21;1.0000;0.0010;0.27;13;0.0000
XAUUSDm;M15;80;2.0;1.50;1;0.40;0.75;48;0;200;0;30;70;0;0;10000;1839;-9937.42;9985.36;0.85;-5.4037;0.6161;6;0;0.0000;-3770.38;-1316.15;1.0000;0.0009;0.35;8;0.0000
XAUUSDm;M15;80;2.0;1.50;1;0.40;0.75;48;0;200;0;30;70;1;0;10000;2072;-8210.05;9323.46;0.89;-3.9624;0.6260;13;4;0.3077;-2415.66;-765.41;1.0000;0.0008;0.41;7;0.0000
XAUUSDm;M15;80;2.0;1.50;1;0.40;1.00;48;0;200;0;30;70;0;0;10000;3030;-9906.70;9944.06;0.89;-3.2695;0.6901;10;2;0.2000;-2840.20;-1088.83;1.0000;0.0005;0.44;6;0.0000
XAUUSDm;M15;80;2.0;1.50;1;0.40;1.00;48;0;200;0;30;70;1;0;10000;1920;-6687.93;8294.55;0.88;-3.4833;0.6891;13;5;0.3846;-2883.77;-437.51;1.0000;0.0008;0.57;6;0.0000
XAUUSDm;M15;80;2.0;1.50;1;0.40;1.25;48;0;200;0;30;70;0;0;10000;3088;-9937.53;10104.05;0.87;-3.2181;0.7322;12;4;0.3333;-2626.17;-976.13;1.0000;0.0005;0.58;6;0.0000
XAUUSDm;M15;80;2.0;1.50;1;0.40;1.25;48;0;200;0;30;70;1;0;10000;1777;-5763.91;6642.89;0.87;-3.2436;0.7310;13;4;0.3077;-1915.88;-395.94;1.0000;0.0008;0.68;7;0.0000
XAUUSDm;M15;80;2.0;1.50;1;0.60;0.50;48;0;200;0;30;70;0;0;10000;1896;-9921.48;10279.43;0.91;-5.2328;0.4299;7;1;0.1429;-3815.66;-639.47;1.0000;0.0013;0.28;13;0.0000
XAUUSDm;M15;80;2.0;1.50;1;0.60;0.50;48;0;200;0;30;70;1;0;10000;1824;-6634.27;9704.98;0.93;-3.6372;0.4375;13;5;0.3846;-3733.93;-724.15;1.0000;0.0013;0.40;13;0.0000
XAUUSDm;M15;80;2.0;1.50;1;0.60;0.75;48;0;200;0;30;70;0;0;10000;2664;-9870.47;10025.12;0.92;-3.7051;0.5342;10;1;0.1000;-3168.42;-929.05;1.0000;0.0007;0.50;9;0.0000
XAUUSDm;M15;80;2.0;1.50;1;0.60;0.75;48;0;200;0;30;70;1;0;10000;1805;-4025.13;6594.68;0.95;-2.2300;0.5424;13;5;0.3846;-2032.63;-223.72;1.0000;0.0011;0.61;8;0.0000
XAUUSDm;M15;80;2.0;1.50;1;0.60;1.00;48;0;200;0;30;70;0;0;10000;2763;-9928.85;10064.56;0.90;-3.5935;0.6019;12;3;0.2500;-2242.41;-1229.86;1.0000;0.0006;0.64;8;0.0000
XAUUSDm;M15;80;2.0;1.50;1;0.60;1.00;48;0;200;0;30;70;1;0;10000;1664;-5264.16;6652.06;0.91;-3.1636;0.6052;13;5;0.3846;-2516.83;-150.24;1.0000;0.0011;0.85;7;0.0000
XAUUSDm;M15;80;2.0;1.50;1;0.60;1.25;48;0;200;0;30;70;0;0;10000;2824;-9938.38;10039.31;0.89;-3.5193;0.6512;12;4;0.3333;-2216.80;-982.49;1.0000;0.0006;0.77;6;0.0000
XAUUSDm;M15;80;2.0;1.50;1;0.60;1.25;48;0;200;0;30;70;1;0;10000;1525;-4139.10;5355.36;0.91;-2.7142;0.6564;13;5;0.3846;-1764.50;-303.55;1.0000;0.0011;1.05;8;0.0000
XAUUSDm;M15;80;2.0;1.50;1;0.80;0.50;48;0;200;0;30;70;0;0;10000;1943;-9948.80;10365.83;0.92;-5.1203;0.3644;7;2;0.2857;-3589.23;-1767.69;1.0000;0.0015;0.44;15;0.0000
XAUUSDm;M15;80;2.0;1.50;1;0.80;0.50;48;0;200;0;30;70;1;0;10000;1437;-9816.03;9984.75;0.89;-6.8309;0.3577;12;1;0.0833;-2356.52;-901.44;1.0000;0.0020;0.53;18;0.0000
XAUUSDm;M15;80;2.0;1.50;1;0.80;0.75;48;0;200;0;30;70;0;0;10000;2390;-9837.29;10098.24;0.92;-4.1160;0.4636;10;2;0.2000;-2798.80;-1304.36;1.0000;0.0009;0.64;15;0.0000
XAUUSDm;M15;80;2.0;1.50;1;0.80;0.75;48;0;200;0;30;70;1;0;10000;1621;-6969.33;9327.28;0.92;-4.2994;0.4627;13;3;0.2308;-2344.69;-392.02;1.0000;0.0014;0.80;11;0.0000
XAUUSDm;M15;80;2.0;1.50;1;0.80;1.00;48;0;200;0;30;70;0;0;10000;2698;-9909.83;10195.80;0.92;-3.6730;0.5348;12;4;0.3333;-2379.96;-1078.94;1.0000;0.0007;0.85;9;0.0000
XAUUSDm;M15;80;2.0;1.50;1;0.80;1.00;48;0;200;0;30;70;1;0;10000;1468;-6065.74;7353.07;0.91;-4.1320;0.5320;13;4;0.3077;-2750.16;-631.99;1.0000;0.0014;1.12;9;0.0000
XAUUSDm;M15;80;2.0;1.50;1;0.80;1.25;48;0;200;0;30;70;0;0;10000;2362;-9941.09;10136.65;0.89;-4.2088;0.5830;12;2;0.1667;-2409.81;-511.86;1.0000;0.0008;1.02;7;0.0000
XAUUSDm;M15;80;2.0;1.50;1;0.80;1.25;48;0;200;0;30;70;1;0;10000;1342;-5118.48;6386.49;0.90;-3.8141;0.5842;13;3;0.2308;-2044.26;-485.56;1.0000;0.0014;1.38;8;0.0000
XAUUSDm;M15;80;2.0;1.50;1;1.00;0.50;48;0;200;0;30;70;0;0;10000;953;-9926.61;10222.75;0.85;-10.4162;0.2980;6;1;0.1667;-4463.99;-1095.37;1.0000;0.0036;0.54;13;0.0000
XAUUSDm;M15;80;2.0;1.50;1;1.00;0.50;48;0;200;0;30;70;1;0;10000;1479;-4249.71;9934.03;0.96;-2.8734;0.3239;13;5;0.3846;-2967.67;-624.19;1.0000;0.0022;0.76;18;0.0000
XAUUSDm;M15;80;2.0;1.50;1;1.00;0.75;48;0;200;0;30;70;0;0;10000;1274;-9982.07;10360.72;0.87;-7.8352;0.3948;5;0;0.0000;-3206.88;-2408.90;1.0000;0.0021;0.78;15;0.0000
XAUUSDm;M15;80;2.0;1.50;1;1.00;0.75;48;0;200;0;30;70;1;0;10000;1470;-6586.38;9790.33;0.92;-4.4805;0.4088;13;5;0.3846;-2594.22;-509.65;1.0000;0.0017;1.08;15;0.0000
XAUUSDm;M15;80;2.0;1.50;1;1.00;1.00;48;0;200;0;30;70;0;0;10000;1957;-9882.88;10195.11;0.90;-5.0500;0.4747;10;2;0.2000;-2859.29;-769.52;1.0000;0.0012;1.14;9;0.0000
XAUUSDm;M15;80;2.0;1.50;1;1.00;1.00;48;0;200;0;30;70;1;0;10000;1361;-6798.38;8422.49;0.90;-4.9951;0.4747;13;4;0.3077;-2650.98;-813.23;1.0000;0.0017;1.52;12;0.0000
XAUUSDm;M15;80;2.0;1.50;1;1.00;1.25;48;0;200;0;30;70;0;0;10000;2095;-9941.57;10151.29;0.89;-4.7454;0.5274;12;3;0.2500;-2865.84;-687.35;1.0000;0.0010;1.38;8;0.0000
XAUUSDm;M15;80;2.0;1.50;1;1.00;1.25;48;0;200;0;30;70;1;0;10000;1235;-5275.10;6652.69;0.90;-4.2713;0.5287;13;3;0.2308;-1858.64;-332.72;1.0000;0.0017;1.85;10;0.0000
XAUUSDm;M15;80;2.0;1.50;1;1.20;0.50;48;0;200;0;30;70;0;0;10000;1538;-9910.43;10405.07;0.91;-6.4437;0.2750;6;1;0.1667;-3911.91;-1717.79;1.0000;0.0024;0.71;26;0.0000
XAUUSDm;M15;80;2.0;1.50;1;1.20;0.50;48;0;200;0;30;70;1;0;10000;1467;-5781.28;9865.18;0.94;-3.9409;0.2822;13;5;0.3846;-2468.84;-432.00;1.0000;0.0025;0.96;21;0.0000
XAUUSDm;M15;80;2.0;1.50;1;1.20;0.75;48;0;200;0;30;70;0;0;10000;1622;-9846.04;10290.45;0.90;-6.0703;0.3613;12;3;0.2500;-3580.19;-41.69;1.0000;0.0018;1.10;15;0.0000
XAUUSDm;M15;80;2.0;1.50;1;1.20;0.75;48;0;200;0;30;70;1;0;10000;1412;-7448.04;9535.06;0.91;-5.2748;0.3647;13;4;0.3077;-2545.85;-683.07;1.0000;0.0020;1.27;17;0.0000
XAUUSDm;M15;80;2.0;1.50;1;1.20;1.00;48;0;200;0;30;70;0;0;10000;1555;-9941.60;10112.62;0.88;-6.3933;0.4257;10;1;0.1000;-2663.16;-348.40;1.0000;0.0016;1.51;11;0.0000
XAUUSDm;M15;80;2.0;1.50;1;1.20;1.00;48;0;200;0;30;70;1;0;10000;1263;-6646.44;7917.59;0.90;-5.2624;0.4299;13;4;0.3077;-2628.07;-591.41;1.0000;0.0020;1.90;16;0.0000
XAUUSDm;M15;80;2.0;1.50;1;1.20;1.25;48;0;200;0;30;70;0;0;10000;1676;-9952.70;10147.32;0.88;-5.9384;0.4779;12;2;0.1667;-2572.42;-464.58;1.0000;0.0014;1.70;10;0.0000
XAUUSDm;M15;80;2.0;1.50;1;1.20;1.25;48;0;200;0;30;70;1;0;10000;1141;-6101.17;7013.77;0.89;-5.3472;0.4803;13;4;0.3077;-1792.91;-615.97;1.0000;0.0020;2.25;13;0.0000
XAUUSDm;M15;80;2.0;1.50;1;1.40;0.50;48;0;200;0;30;70;0;0;10000;550;-9931.57;10444.45;0.77;-18.0574;0.2145;5;0;0.0000;-6137.65;-153.05;1.0000;0.0087;0.76;16;0.0000
XAUUSDm;M15;80;2.0;1.50;1;1.40;0.50;48;0;200;0;30;70;1;0;10000;1195;-9791.31;10079.88;0.89;-8.1936;0.2410;12;2;0.1667;-4067.09;-538.17;1.0000;0.0036;1.01;17;0.0000
XAUUSDm;M15;80;2.0;1.50;1;1.40;0.75;48;0;200;0;30;70;0;0;10000;1112;-9995.43;10449.13;0.86;-8.9887;0.3174;6;1;0.1667;-4463.11;-1253.00;1.0000;0.0030;1.12;18;0.0000
XAUUSDm;M15;80;2.0;1.50;1;1.40;0.75;48;0;200;0;30;70;1;0;10000;1315;-6769.65;9918.58;0.92;-5.1480;0.3316;13;5;0.3846;-2377.82;-735.67;1.0000;0.0024;1.57;17;0.0000
XAUUSDm;M15;80;2.0;1.50;1;1.40;1.00;48;0;200;0;30;70;0;0;10000;1556;-9892.53;10121.94;0.89;-6.3577;0.3907;10;2;0.2000;-3713.80;-931.44;1.0000;0.0018;1.58;13;0.0000
XAUUSDm;M15;80;2.0;1.50;1;1.40;1.00;48;0;200;0;30;70;1;0;10000;1203;-7474.69;8915.32;0.89;-6.2134;0.3907;13;4;0.3077;-3059.93;-325.31;1.0000;0.0023;2.22;16;0.0000
XAUUSDm;M15;80;2.0;1.50;1;1.40;1.25;48;0;200;0;30;70;0;0;10000;1492;-9956.75;10213.82;0.87;-6.6734;0.4390;12;4;0.3333;-3160.33;-266.33;1.0000;0.0017;1.95;10;0.0000
XAUUSDm;M15;80;2.0;1.50;1;1.40;1.25;48;0;200;0;30;70;1;0;10000;1082;-6075.16;7208.66;0.89;-5.6148;0.4436;13;4;0.3077;-2470.09;-322.59;1.0000;0.0023;2.70;13;0.0000
XAUUSDm;M15;80;2.0;2.00;1;0.40;0.50;48;0;200;0;30;70;0;0;10000;993;-9872.05;9953.34;0.80;-9.9416;0.4985;7;0;0.0000;-2856.94;-1929.53;1.0000;0.0021;0.21;9;0.0000
XAUUSDm;M15;80;2.0;2.00;1;0.40;0.50;48;0;200;0;30;70;1;0;10000;903;-7317.65;9692.67;0.83;-8.1037;0.5094;13;4;0.3077;-2267.02;-572.18;1.0000;0.0023;0.26;13;0.0000
XAUUSDm;M15;80;2.0;2.00;1;0.40;0.75;48;0;200;0;30;70;0;0;10000;1592;-9831.78;9939.32;0.83;-6.1757;0.6112;10;1;0.1000;-1793.65;-1133.22;1.0000;0.0011;0.32;6;0.0000
XAUUSDm;M15;80;2.0;2.00;1;0.40;0.75;48;0;200;0;30;70;1;0;10000;884;-5682.70;6429.68;0.83;-6.4284;0.6097;13;4;0.3077;-1654.59;-366.05;1.0000;0.0020;0.35;8;0.0000
XAUUSDm;M15;80;2.0;2.00;1;0.40;1.00;48;0;200;0;30;70;0;0;10000;2161;-9461.23;9874.31;0.85;-4.3782;0.6821;13;2;0.1538;-1514.45;-699.05;1.0000;0.0007;0.35;6;0.0000
XAUUSDm;M15;80;2.0;2.00;1;0.40;1.00;48;0;200;0;30;70;1;0;10000;833;-5664.24;6085.37;0.78;-6.7998;0.6639;13;3;0.2308;-1356.25;-263.49;1.0000;0.0019;0.57;8;0.0000
XAUUSDm;M15;80;2.0;2.00;1;0.40;1.25;48;0;200;0;30;70;0;0;10000;1974;-6172.58;6731.13;0.87;-3.1269;0.7330;13;4;0.3077;-1098.41;-620.39;1.0000;0.0008;0.45;5;0.0000
XAUUSDm;M15;80;2.0;2.00;1;0.40;1.25;48;0;200;0;30;70;1;0;10000;770;-4122.03;4588.61;0.80;-5.3533;0.7143;13;3;0.2308;-1026.57;-318.27;1.0000;0.0020;0.70;6;0.0000
XAUUSDm;M15;80;2.0;2.00;1;0.60;0.50;48;0;200;0;30;70;0;0;10000;1281;-9749.71;10021.71;0.86;-7.6110;0.4192;12;2;0.1667;-2552.94;-572.59;1.0000;0.0019;0.26;12;0.0000
XAUUSDm;M15;80;2.0;2.00;1;0.60;0.50;48;0;200;0;30;70;1;0;10000;854;-5696.58;8068.84;0.88;-6.6705;0.4239;13;5;0.3846;-2208.84;-391.42;1.0000;0.0029;0.42;14;0.0000
XAUUSDm;M15;80;2.0;2.00;1;0.60;0.75;48;0;200;0;30;70;0;0;10000;1684;-9852.70;10027.02;0.87;-5.8508;0.5226;12;1;0.0833;-2199.75;-862.87;1.0000;0.0012;0.42;9;0.0000
XAUUSDm;M15;80;2.0;2.00;1;0.60;0.75;48;0;200;0;30;70;1;0;10000;794;-3991.09;5370.22;0.89;-5.0266;0.5277;13;5;0.3846;-1624.42;-270.52;1.0000;0.0025;0.59;9;0.0000
XAUUSDm;M15;80;2.0;2.00;1;0.60;1.00;48;0;200;0;30;70;0;0;10000;1862;-7265.04;7717.09;0.90;-3.9017;0.6004;13;2;0.1538;-1550.70;-283.14;1.0000;0.0010;0.53;6;0.0000
XAUUSDm;M15;80;2.0;2.00;1;0.60;1.00;48;0;200;0;30;70;1;0;10000;751;-4669.63;5372.41;0.84;-6.2179;0.5859;13;3;0.2308;-1349.95;-257.59;1.0000;0.0024;0.78;8;0.0000
XAUUSDm;M15;80;2.0;2.00;1;0.60;1.25;48;0;200;0;30;70;0;0;10000;1667;-4866.48;5654.78;0.91;-2.9193;0.6557;13;4;0.3077;-1326.15;-284.40;1.0000;0.0010;0.71;5;0.0000
XAUUSDm;M15;80;2.0;2.00;1;0.60;1.25;48;0;200;0;30;70;1;0;10000;700;-3579.58;4210.03;0.85;-5.1137;0.6400;13;5;0.3846;-1002.46;-100.96;1.0000;0.0025;0.99;8;0.0000
XAUUSDm;M15;80;2.0;2.00;1;0.80;0.50;48;0;200;0;30;70;0;0;10000;1101;-9847.60;10087.08;0.86;-8.9442;0.3497;7;1;0.1429;-3056.54;-1248.68;1.0000;0.0027;0.38;20;0.0000
XAUUSDm;M15;80;2.0;2.00;1;0.80;0.50;48;0;200;0;30;70;1;0;10000;807;-5567.13;7964.48;0.89;-6.8986;0.3581;13;5;0.3846;-1642.12;-588.09;1.0000;0.0036;0.59;14;0.0000
XAUUSDm;M15;80;2.0;2.00;1;0.80;0.75;48;0;200;0;30;70;0;0;10000;1545;-9831.14;10038.89;0.88;-6.3632;0.4531;12;1;0.0833;-2532.42;-749.53;1.0000;0.0015;0.59;14;0.0000
XAUUSDm;M15;80;2.0;2.00;1;0.80;0.75;48;0;200;0;30;70;1;0;10000;733;-2814.34;4098.26;0.92;-3.8395;0.4666;13;5;0.3846;-1107.94;-224.05;1.0000;0.0031;0.81;10;0.0000
XAUUSDm;M15;80;2.0;2.00;1;0.80;1.00;48;0;200;0;30;70;0;0;10000;1649;-7651.14;8644.78;0.89;-4.6399;0.5294;13;2;0.1538;-1712.61;-554.89;1.0000;0.0012;0.76;8;0.0000
XAUUSDm;M15;80;2.0;2.00;1;0.80;1.00;48;0;200;0;30;70;1;0;10000;679;-3970.76;4658.62;0.87;-5.8480;0.5228;13;3;0.2308;-1127.42;-199.11;1.0000;0.0030;1.07;10;0.0000
XAUUSDm;M15;80;2.0;2.00;1;0.80;1.25;48;0;200;0;30;70;0;0;10000;1466;-5759.77;6522.88;0.90;-3.9289;0.5846;13;4;0.3077;-1314.75;-497.82;1.0000;0.0013;0.95;6;0.0000
XAUUSDm;M15;80;2.0;2.00;1;0.80;1.25;48;0;200;0;30;70;1;0;10000;629;-3296.07;4165.37;0.87;-5.2402;0.5755;13;4;0.3077;-954.26;-166.00;1.0000;0.0030;1.34;8;0.0000
XAUUSDm;M15;80;2.0;2.00;1;1.00;0.50;48;0;200;0;30;70;0;0;10000;967;-9858.91;9952.94;0.85;-10.1954;0.2989;7;0;0.0000;-3749.67;-1090.65;1.0000;0.0036;0.54;18;0.0000
XAUUSDm;M15;80;2.0;2.00;1;1.00;0.50;48;0;200;0;30;70;1;0;10000;771;-5767.63;9511.44;0.89;-7.4807;0.3087;13;7;0.5385;-2451.25;3.36;1.0000;0.0044;0.83;14;0.0000
XAUUSDm;M15;80;2.0;2.00;1;1.00;0.75;48;0;200;0;30;70;0;0;10000;1574;-9869.86;9900.71;0.89;-6.2706;0.4015;12;2;0.1667;-2897.32;-799.40;1.0000;0.0017;0.80;14;0.0000
XAUUSDm;M15;80;2.0;2.00;1;1.00;0.75;48;0;200;0;30;70;1;0;10000;699;-4430.37;6229.08;0.89;-6.3382;0.4020;13;6;0.4615;-1881.46;-194.86;1.0000;0.0038;1.03;12;0.0000
XAUUSDm;M15;80;2.0;2.00;1;1.00;1.00;48;0;200;0;30;70;0;0;10000;1513;-7290.99;8745.40;0.90;-4.8189;0.4759;13;3;0.2308;-1971.49;-515.27;1.0000;0.0015;0.94;8;0.0000
XAUUSDm;M15;80;2.0;2.00;1;1.00;1.00;48;0;200;0;30;70;1;0;10000;652;-5819.02;6605.04;0.83;-8.9249;0.4555;13;4;0.3077;-1507.20;-457.29;1.0000;0.0036;1.33;12;0.0000
XAUUSDm;M15;80;2.0;2.00;1;1.00;1.25;48;0;200;0;30;70;0;0;10000;1343;-5175.55;6132.35;0.91;-3.8537;0.5324;13;5;0.3846;-1342.98;-602.35;1.0000;0.0015;1.23;9;0.0000
XAUUSDm;M15;80;2.0;2.00;1;1.00;1.25;48;0;200;0;30;70;1;0;10000;596;-4405.98;5129.96;0.83;-7.3926;0.5117;13;3;0.2308;-1093.06;-158.85;1.0000;0.0036;1.66;9;0.0000
XAUUSDm;M15;80;2.0;2.00;1;1.20;0.50;48;0;200;0;30;70;0;0;10000;847;-9837.31;9931.34;0.84;-11.6143;0.2597;7;0;0.0000;-2530.60;-1335.56;1.0000;0.0047;0.73;20;0.0000
XAUUSDm;M15;80;2.0;2.00;1;1.20;0.50;48;0;200;0;30;70;1;0;10000;708;-7169.27;9659.40;0.86;-10.1261;0.2641;13;6;0.4615;-2299.11;-589.00;1.0000;0.0055;1.02;22;0.0000
XAUUSDm;M15;80;2.0;2.00;1;1.20;0.75;48;0;200;0;30;70;0;0;10000;1261;-9850.46;9903.94;0.87;-7.8116;0.3545;12;2;0.1667;-2548.44;-552.27;1.0000;0.0024;1.02;14;0.0000
XAUUSDm;M15;80;2.0;2.00;1;1.20;0.75;48;0;200;0;30;70;1;0;10000;676;-5240.23;6616.94;0.87;-7.7518;0.3550;13;4;0.3077;-1742.01;-376.31;1.0000;0.0044;1.34;21;0.0000
XAUUSDm;M15;80;2.0;2.00;1;1.20;1.00;48;0;200;0;30;70;0;0;10000;1412;-8701.94;9769.89;0.89;-6.1628;0.4263;13;3;0.2308;-2259.48;-312.21;1.0000;0.0018;1.23;11;0.0000
XAUUSDm;M15;80;2.0;2.00;1;1.20;1.00;48;0;200;0;30;70;1;0;10000;624;-6430.93;7216.94;0.81;-10.3060;0.4071;13;4;0.3077;-1570.64;-638.55;1.0000;0.0042;1.80;21;0.0000
XAUUSDm;M15;80;2.0;2.00;1;1.20;1.25;48;0;200;0;30;70;0;0;10000;1243;-5491.14;6412.76;0.91;-4.4177;0.4859;13;5;0.3846;-2214.96;-467.11;1.0000;0.0018;1.53;10;0.0000
XAUUSDm;M15;80;2.0;2.00;1;1.20;1.25;48;0;200;0;30;70;1;0;10000;569;-5042.40;5595.09;0.82;-8.8619;0.4622;13;3;0.2308;-1191.31;-347.06;1.0000;0.0042;2.20;11;0.0000
XAUUSDm;M15;80;2.0;2.00;1;1.40;0.50;48;0;200;0;30;70;0;0;10000;874;-9772.61;9950.92;0.85;-11.1815;0.2334;10;2;0.2000;-3275.93;-54.13;1.0000;0.0051;0.91;19;0.0000
XAUUSDm;M15;80;2.0;2.00;1;1.40;0.50;48;0;200;0;30;70;1;0;10000;656;-6312.17;9818.00;0.87;-9.6222;0.2378;13;6;0.4615;-3455.19;-405.25;1.0000;0.0067;1.15;16;0.0000
XAUUSDm;M15;80;2.0;2.00;1;1.40;0.75;48;0;200;0;30;70;0;0;10000;857;-9867.52;9946.80;0.83;-11.5140;0.3081;8;1;0.1250;-3219.15;-1388.45;1.0000;0.0040;1.30;15;0.0000
XAUUSDm;M15;80;2.0;2.00;1;1.40;0.75;48;0;200;0;30;70;1;0;10000;664;-5695.71;8100.21;0.87;-8.5779;0.3193;13;6;0.4615;-2811.84;-157.01;1.0000;0.0050;1.74;21;0.0000
XAUUSDm;M15;80;2.0;2.00;1;1.40;1.00;48;0;200;0;30;70;0;0;10000;1250;-9870.22;9981.55;0.86;-7.8962;0.3832;12;3;0.2500;-2653.59;-534.45;1.0000;0.0022;1.37;11;0.0000
XAUUSDm;M15;80;2.0;2.00;1;1.40;1.00;48;0;200;0;30;70;1;0;10000;612;-6584.27;7742.46;0.82;-10.7586;0.3725;13;4;0.3077;-1790.05;-543.23;1.0000;0.0047;2.30;21;0.0000
XAUUSDm;M15;80;2.0;2.00;1;1.40;1.25;48;0;200;0;30;70;0;0;10000;1170;-6596.01;7146.02;0.89;-5.6376;0.4427;13;4;0.3077;-2028.43;-383.70;1.0000;0.0021;1.86;10;0.0000
XAUUSDm;M15;80;2.0;2.00;1;1.40;1.25;48;0;200;0;30;70;1;0;10000;555;-5081.40;6019.02;0.83;-9.1557;0.4270;13;3;0.2308;-1189.17;-368.97;1.0000;0.0046;2.87;11;0.0000
XAUUSDm;M15;80;2.0;2.50;1;0.40;0.50;48;0;200;0;30;70;0;0;10000;1171;-8804.26;9428.60;0.84;-7.5186;0.5132;13;3;0.2308;-2116.84;-686.36;1.0000;0.0017;0.14;9;0.0000
XAUUSDm;M15;80;2.0;2.50;1;0.40;0.50;48;0;200;0;30;70;1;0;10000;308;-2496.01;3450.56;0.83;-8.1039;0.5097;13;6;0.4615;-1204.99;-219.44;1.0000;0.0066;0.20;7;0.0000
XAUUSDm;M15;80;2.0;2.50;1;0.40;0.75;48;0;200;0;30;70;0;0;10000;1077;-5908.98;6549.15;0.85;-5.4865;0.6165;13;4;0.3077;-1468.23;-286.86;1.0000;0.0016;0.20;6;0.0000
XAUUSDm;M15;80;2.0;2.50;1;0.40;0.75;48;0;200;0;30;70;1;0;10000;302;-2003.09;3393.11;0.82;-6.6327;0.6093;13;6;0.4615;-868.41;-158.17;1.0000;0.0058;0.28;7;0.0000
XAUUSDm;M15;80;2.0;2.50;1;0.40;1.00;48;0;200;0;30;70;0;0;10000;970;-3306.21;4150.61;0.88;-3.4085;0.6907;13;6;0.4615;-939.73;-31.11;1.0000;0.0016;0.32;5;0.0000
XAUUSDm;M15;80;2.0;2.50;1;0.40;1.00;48;0;200;0;30;70;1;0;10000;290;-2002.13;2997.50;0.78;-6.9039;0.6655;13;6;0.4615;-959.63;-132.22;1.0000;0.0056;0.39;7;0.0000
XAUUSDm;M15;80;2.0;2.50;1;0.40;1.25;48;0;200;0;30;70;0;0;10000;898;-2874.35;3723.01;0.87;-3.2008;0.7339;13;5;0.3846;-875.72;-183.87;1.0000;0.0017;0.38;5;0.0000
XAUUSDm;M15;80;2.0;2.50;1;0.40;1.25;48;0;200;0;30;70;1;0;10000;277;-1636.07;2642.85;0.78;-5.9064;0.7112;13;7;0.5385;-914.28;2.73;1.0000;0.0057;0.66;6;0.0000
XAUUSDm;M15;80;2.0;2.50;1;0.60;0.50;48;0;200;0;30;70;0;0;10000;1117;-7411.71;9304.53;0.88;-6.6354;0.4244;13;5;0.3846;-2077.20;-865.40;1.0000;0.0022;0.20;11;0.0000
XAUUSDm;M15;80;2.0;2.50;1;0.60;0.50;48;0;200;0;30;70;1;0;10000;293;-1607.93;2801.67;0.90;-5.4878;0.4300;13;5;0.3846;-973.87;-207.55;1.0000;0.0083;0.48;7;0.0000
XAUUSDm;M15;80;2.0;2.50;1;0.60;0.75;48;0;200;0;30;70;0;0;10000;978;-3516.95;4822.38;0.92;-3.5961;0.5358;13;5;0.3846;-1363.94;-345.81;1.0000;0.0020;0.36;8;0.0000
XAUUSDm;M15;80;2.0;2.50;1;0.60;0.75;48;0;200;0;30;70;1;0;10000;285;-1136.15;3106.56;0.91;-3.9865;0.5333;13;6;0.4615;-823.51;-28.90;1.0000;0.0070;0.62;7;0.0000
XAUUSDm;M15;80;2.0;2.50;1;0.60;1.00;48;0;200;0;30;70;0;0;10000;871;-1514.87;3254.87;0.95;-1.7392;0.6154;13;4;0.3077;-900.66;-48.81;1.0000;0.0020;0.45;5;0.0000
XAUUSDm;M15;80;2.0;2.50;1;0.60;1.00;48;0;200;0;30;70;1;0;10000;271;-1572.99;2701.05;0.85;-5.8044;0.5904;13;6;0.4615;-1050.39;-40.28;1.0000;0.0068;0.76;7;0.0000
XAUUSDm;M15;80;2.0;2.50;1;0.60;1.25;48;0;200;0;30;70;0;0;10000;800;-1833.56;3267.92;0.93;-2.2920;0.6613;13;5;0.3846;-786.88;-291.62;1.0000;0.0021;0.55;5;0.0000
XAUUSDm;M15;80;2.0;2.50;1;0.60;1.25;48;0;200;0;30;70;1;0;10000;260;-1535.01;2485.70;0.82;-5.9039;0.6346;13;6;0.4615;-876.31;-101.84;1.0000;0.0067;0.88;6;0.0000
XAUUSDm;M15;80;2.0;2.50;1;0.80;0.50;48;0;200;0;30;70;0;0;10000;1063;-7199.33;9487.30;0.89;-6.7727;0.3584;13;4;0.3077;-2727.98;-466.55;1.0000;0.0027;0.32;15;0.0000
XAUUSDm;M15;80;2.0;2.50;1;0.80;0.50;48;0;200;0;30;70;1;0;10000;286;-2356.54;3022.72;0.87;-8.2397;0.3531;13;5;0.3846;-1069.51;-75.31;1.0000;0.0103;0.57;7;0.0000
XAUUSDm;M15;80;2.0;2.50;1;0.80;0.75;48;0;200;0;30;70;0;0;10000;921;-2802.70;4330.46;0.94;-3.0431;0.4691;13;6;0.4615;-1639.32;-53.87;1.0000;0.0024;0.52;8;0.0000
XAUUSDm;M15;80;2.0;2.50;1;0.80;0.75;48;0;200;0;30;70;1;0;10000;276;-1375.29;2338.98;0.90;-4.9829;0.4601;13;6;0.4615;-757.69;-46.91;1.0000;0.0083;0.96;7;0.0000
XAUUSDm;M15;80;2.0;2.50;1;0.80;1.00;48;0;200;0;30;70;0;0;10000;805;-1619.23;3347.04;0.95;-2.0115;0.5453;13;5;0.3846;-977.29;-131.14;1.0000;0.0025;0.80;5;0.0000
XAUUSDm;M15;80;2.0;2.50;1;0.80;1.00;48;0;200;0;30;70;1;0;10000;260;-1538.32;2282.89;0.87;-5.9166;0.5231;13;5;0.3846;-887.76;-182.88;1.0000;0.0079;1.21;7;0.0000
XAUUSDm;M15;80;2.0;2.50;1;0.80;1.25;48;0;200;0;30;70;0;0;10000;738;-2205.46;3593.46;0.92;-2.9884;0.5908;13;4;0.3077;-907.55;-141.87;1.0000;0.0025;0.88;5;0.0000
XAUUSDm;M15;80;2.0;2.50;1;0.80;1.25;48;0;200;0;30;70;1;0;10000;247;-1114.11;2221.07;0.88;-4.5106;0.5830;13;6;0.4615;-724.44;-96.37;1.0000;0.0077;1.42;6;0.0000
XAUUSDm;M15;80;2.0;2.50;1;1.00;0.50;48;0;200;0;30;70;0;0;10000;1022;-6232.22;8415.97;0.91;-6.0981;0.3131;13;4;0.3077;-2561.63;-186.29;1.0000;0.0032;0.40;15;0.0000
XAUUSDm;M15;80;2.0;2.50;1;1.00;0.50;48;0;200;0;30;70;1;0;10000;280;-1385.76;2640.63;0.92;-4.9491;0.3179;13;5;0.3846;-774.77;-125.24;1.0000;0.0117;0.73;8;0.0000
XAUUSDm;M15;80;2.0;2.50;1;1.00;0.75;48;0;200;0;30;70;0;0;10000;865;-2393.18;4571.76;0.95;-2.7667;0.4173;13;8;0.6154;-1803.15;157.99;1.0000;0.0029;0.64;9;0.0000
XAUUSDm;M15;80;2.0;2.50;1;1.00;0.75;48;0;200;0;30;70;1;0;10000;268;-1188.39;2363.66;0.92;-4.4343;0.4104;13;4;0.3077;-779.73;-77.16;1.0000;0.0096;1.20;7;0.0000
XAUUSDm;M15;80;2.0;2.50;1;1.00;1.00;48;0;200;0;30;70;0;0;10000;756;-1358.55;3107.90;0.96;-1.7970;0.4921;13;4;0.3077;-1808.75;-21.78;1.0000;0.0029;0.95;5;0.0000
XAUUSDm;M15;80;2.0;2.50;1;1.00;1.00;48;0;200;0;30;70;1;0;10000;252;-1704.72;2642.72;0.86;-6.7648;0.4683;13;5;0.3846;-751.29;-213.24;1.0000;0.0092;1.46;7;0.0000
XAUUSDm;M15;80;2.0;2.50;1;1.00;1.25;48;0;200;0;30;70;0;0;10000;691;-1887.21;3001.01;0.94;-2.7311;0.5398;13;5;0.3846;-1239.11;-107.19;1.0000;0.0029;1.07;7;0.0000
XAUUSDm;M15;80;2.0;2.50;1;1.00;1.25;48;0;200;0;30;70;1;0;10000;239;-1593.35;2255.35;0.85;-6.6667;0.5188;13;5;0.3846;-756.18;-30.04;1.0000;0.0090;1.92;7;0.0000
XAUUSDm;M15;80;2.0;2.50;1;1.20;0.50;48;0;200;0;30;70;0;0;10000;989;-2472.54;6018.55;0.96;-2.5000;0.2872;13;8;0.6154;-2255.78;228.19;1.0000;0.0036;0.57;16;0.0000
XAUUSDm;M15;80;2.0;2.50;1;1.20;0.50;48;0;200;0;30;70;1;0;10000;274;-978.56;2661.45;0.95;-3.5714;0.2847;13;6;0.4615;-808.04;-219.92;1.0000;0.0134;0.98;12;0.0000
XAUUSDm;M15;80;2.0;2.50;1;1.20;0.75;48;0;200;0;30;70;0;0;10000;830;496.37;3311.46;1.01;0.5980;0.3880;13;9;0.6923;-1680.41;424.05;0.3223;0.0033;0.80;10;0.0259
XAUUSDm;M15;80;2.0;2.50;1;1.20;0.75;48;0;200;0;30;70;1;0;10000;262;-1096.17;2861.09;0.93;-4.1839;0.3702;13;4;0.3077;-741.62;-249.07;1.0000;0.0109;1.72;12;0.0000
XAUUSDm;M15;80;2.0;2.50;1;1.20;1.00;48;0;200;0;30;70;0;0;10000;726;-520.00;3366.55;0.99;-0.7163;0.4532;13;7;0.5385;-1807.56;108.12;1.0000;0.0033;1.16;9;0.0000
XAUUSDm;M15;80;2.0;2.50;1;1.20;1.00;48;0;200;0;30;70;1;0;10000;245;-1885.04;3275.46;0.86;-7.6940;0.4204;13;4;0.3077;-867.81;-126.42;1.0000;0.0105;2.11;12;0.0000
XAUUSDm;M15;80;2.0;2.50;1;1.20;1.25;48;0;200;0;30;70;0;0;10000;663;-479.19;2796.94;0.98;-0.7228;0.5068;13;5;0.3846;-766.17;-76.07;1.0000;0.0033;1.46;7;0.0000
XAUUSDm;M15;80;2.0;2.50;1;1.20;1.25;48;0;200;0;30;70;1;0;10000;231;-1910.48;2694.31;0.83;-8.2705;0.4675;13;5;0.3846;-856.91;-100.89;1.0000;0.0103;2.64;10;0.0000
XAUUSDm;M15;80;2.0;2.50;1;1.40;0.50;48;0;200;0;30;70;0;0;10000;960;-1114.89;5325.48;0.98;-1.1613;0.2604;13;7;0.5385;-1503.10;440.34;1.0000;0.0041;0.67;19;0.0000
XAUUSDm;M15;80;2.0;2.50;1;1.40;0.50;48;0;200;0;30;70;1;0;10000;274;-869.05;2313.53;0.96;-3.1717;0.2555;13;5;0.3846;-945.88;-84.35;1.0000;0.0149;1.12;12;0.0000
XAUUSDm;M15;80;2.0;2.50;1;1.40;0.75;48;0;200;0;30;70;0;0;10000;798;209.02;2933.97;1.00;0.2619;0.3509;13;7;0.5385;-1871.30;214.10;0.8930;0.0038;1.15;14;0.0024
XAUUSDm;M15;80;2.0;2.50;1;1.40;0.75;48;0;200;0;30;70;1;0;10000;262;-1389.18;2785.37;0.92;-5.3022;0.3321;13;4;0.3077;-798.60;-148.11;1.0000;0.0122;2.13;12;0.0000
XAUUSDm;M15;80;2.0;2.50;1;1.40;1.00;48;0;200;0;30;70;0;0;10000;699;-410.18;3133.33;0.99;-0.5868;0.4163;13;8;0.6154;-2183.22;29.19;1.0000;0.0037;1.51;10;0.0000
XAUUSDm;M15;80;2.0;2.50;1;1.40;1.00;48;0;200;0;30;70;1;0;10000;244;-2186.60;3049.74;0.84;-8.9615;0.3811;13;4;0.3077;-908.39;-159.86;1.0000;0.0118;2.61;12;0.0000
XAUUSDm;M15;80;2.0;2.50;1;1.40;1.25;48;0;200;0;30;70;0;0;10000;637;-980.00;2994.53;0.97;-1.5385;0.4647;13;6;0.4615;-1107.74;-30.46;1.0000;0.0037;1.82;8;0.0000
XAUUSDm;M15;80;2.0;2.50;1;1.40;1.25;48;0;200;0;30;70;1;0;10000;230;-1850.53;2566.68;0.84;-8.0458;0.4348;13;5;0.3846;-722.04;-40.37;1.0000;0.0112;3.43;10;0.0000
XAUUSDm;M15;80;2.0;3.00;1;0.40;0.50;48;0;200;0;30;70;0;0;10000;488;-2646.14;3163.31;0.88;-5.4224;0.5246;13;4;0.3077;-1268.17;-192.82;1.0000;0.0041;0.12;7;0.0000
XAUUSDm;M15;80;2.0;3.00;1;0.40;0.50;48;0;200;0;30;70;1;0;10000;96;-1089.25;2094.25;0.77;-11.3464;0.4896;13;5;0.3846;-432.97;-31.78;1.0000;0.0222;0.19;6;0.0000
XAUUSDm;M15;80;2.0;3.00;1;0.40;0.75;48;0;200;0;30;70;0;0;10000;458;-2469.68;2996.95;0.85;-5.3923;0.6157;13;3;0.2308;-763.80;-230.13;1.0000;0.0037;0.18;7;0.0000
XAUUSDm;M15;80;2.0;3.00;1;0.40;0.75;48;0;200;0;30;70;1;0;10000;96;-1126.35;1817.04;0.71;-11.7328;0.5729;13;6;0.4615;-458.71;-35.62;1.0000;0.0193;0.24;4;0.0000
XAUUSDm;M15;80;2.0;3.00;1;0.40;1.00;48;0;200;0;30;70;0;0;10000;417;-1025.70;1746.66;0.91;-2.4597;0.6978;13;5;0.3846;-462.30;-51.61;1.0000;0.0037;0.22;5;0.0000
XAUUSDm;M15;80;2.0;3.00;1;0.40;1.00;48;0;200;0;30;70;1;0;10000;95;-1061.87;1581.93;0.67;-11.1776;0.6316;13;5;0.3846;-541.12;-75.23;1.0000;0.0182;0.33;4;0.0000
XAUUSDm;M15;80;2.0;3.00;1;0.40;1.25;48;0;200;0;30;70;0;0;10000;397;-895.94;1501.77;0.91;-2.2568;0.7406;13;5;0.3846;-407.04;-54.64;1.0000;0.0037;0.38;5;0.0000
XAUUSDm;M15;80;2.0;3.00;1;0.40;1.25;48;0;200;0;30;70;1;0;10000;94;-1003.27;1587.15;0.64;-10.6731;0.6702;13;6;0.4615;-556.50;-54.99;1.0000;0.0178;0.94;4;0.0000
XAUUSDm;M15;80;2.0;3.00;1;0.60;0.50;48;0;200;0;30;70;0;0;10000;463;-1901.54;2748.77;0.92;-4.1070;0.4363;13;6;0.4615;-1376.10;-148.12;1.0000;0.0052;0.17;21;0.0000
XAUUSDm;M15;80;2.0;3.00;1;0.60;0.50;48;0;200;0;30;70;1;0;10000;91;-504.19;1837.74;0.90;-5.5405;0.4286;13;5;0.3846;-388.77;-96.17;1.0000;0.0268;0.27;6;0.0000
XAUUSDm;M15;80;2.0;3.00;1;0.60;0.75;48;0;200;0;30;70;0;0;10000;429;-1519.04;2104.59;0.92;-3.5409;0.5361;13;5;0.3846;-906.12;-139.04;1.0000;0.0046;0.26;7;0.0000
XAUUSDm;M15;80;2.0;3.00;1;0.60;0.75;48;0;200;0;30;70;1;0;10000;89;-268.29;1600.83;0.93;-3.0145;0.5393;13;6;0.4615;-409.72;-8.99;1.0000;0.0221;0.37;4;0.0000
XAUUSDm;M15;80;2.0;3.00;1;0.60;1.00;48;0;200;0;30;70;0;0;10000;392;-103.86;1517.41;0.99;-0.2649;0.6250;13;8;0.6154;-874.90;124.83;1.0000;0.0044;0.35;5;0.0000
XAUUSDm;M15;80;2.0;3.00;1;0.60;1.00;48;0;200;0;30;70;1;0;10000;88;-349.05;1367.96;0.89;-3.9665;0.6023;13;5;0.3846;-503.15;-23.66;1.0000;0.0204;0.48;4;0.0000
XAUUSDm;M15;80;2.0;3.00;1;0.60;1.25;48;0;200;0;30;70;0;0;10000;371;-354.11;1015.24;0.97;-0.9545;0.6712;13;7;0.5385;-512.42;9.20;1.0000;0.0044;0.55;5;0.0000
XAUUSDm;M15;80;2.0;3.00;1;0.60;1.25;48;0;200;0;30;70;1;0;10000;87;-560.51;1435.16;0.81;-6.4426;0.6322;13;6;0.4615;-525.14;-47.37;1.0000;0.0204;1.13;4;0.0000
XAUUSDm;M15;80;2.0;3.00;1;0.80;0.50;48;0;200;0;30;70;0;0;10000;448;-1264.53;3062.74;0.95;-2.8226;0.3750;13;6;0.4615;-1657.73;-127.30;1.0000;0.0062;0.22;24;0.0000
XAUUSDm;M15;80;2.0;3.00;1;0.80;0.50;48;0;200;0;30;70;1;0;10000;90;-175.09;1501.79;0.97;-1.9454;0.3778;13;5;0.3846;-448.60;-96.17;1.0000;0.0308;0.34;6;0.0000
XAUUSDm;M15;80;2.0;3.00;1;0.80;0.75;48;0;200;0;30;70;0;0;10000;410;-1150.27;2637.00;0.94;-2.8055;0.4707;13;7;0.5385;-1488.05;17.95;1.0000;0.0055;0.35;21;0.0000
XAUUSDm;M15;80;2.0;3.00;1;0.80;0.75;48;0;200;0;30;70;1;0;10000;88;-559.44;1496.09;0.88;-6.3573;0.4545;13;6;0.4615;-459.83;-98.10;1.0000;0.0266;0.50;5;0.0000
XAUUSDm;M15;80;2.0;3.00;1;0.80;1.00;48;0;200;0;30;70;0;0;10000;370;513.37;1465.40;1.03;1.3875;0.5676;13;11;0.8462;-957.30;73.88;0.1557;0.0052;0.51;6;0.2417
XAUUSDm;M15;80;2.0;3.00;1;0.80;1.00;48;0;200;0;30;70;1;0;10000;87;-307.37;1403.96;0.92;-3.5330;0.5402;13;8;0.6154;-567.78;38.84;1.0000;0.0232;0.78;5;0.0000
XAUUSDm;M15;80;2.0;3.00;1;0.80;1.25;48;0;200;0;30;70;0;0;10000;351;-378.43;1378.41;0.97;-1.0781;0.6040;13;5;0.3846;-581.09;-100.29;1.0000;0.0052;0.74;5;0.0000
XAUUSDm;M15;80;2.0;3.00;1;0.80;1.25;48;0;200;0;30;70;1;0;10000;86;-439.86;1420.79;0.87;-5.1147;0.5814;13;6;0.4615;-593.96;-15.99;1.0000;0.0225;1.46;5;0.0000
XAUUSDm;M15;80;2.0;3.00;1;1.00;0.50;48;0;200;0;30;70;0;0;10000;432;-163.87;3013.68;0.99;-0.3793;0.3333;13;7;0.5385;-1482.71;269.86;1.0000;0.0072;0.28;24;0.0000
XAUUSDm;M15;80;2.0;3.00;1;1.00;0.50;48;0;200;0;30;70;1;0;10000;90;255.95;1320.90;1.05;2.8439;0.3444;13;4;0.3077;-296.85;-96.17;0.7813;0.0338;0.41;7;0.0000
XAUUSDm;M15;80;2.0;3.00;1;1.00;0.75;48;0;200;0;30;70;0;0;10000;386;-614.46;2612.97;0.97;-1.5919;0.4223;13;7;0.5385;-1540.17;81.35;1.0000;0.0065;0.48;21;0.0000
XAUUSDm;M15;80;2.0;3.00;1;1.00;0.75;48;0;200;0;30;70;1;0;10000;88;-430.53;1537.37;0.91;-4.8924;0.4091;13;4;0.3077;-336.85;-161.71;1.0000;0.0296;0.61;7;0.0000
XAUUSDm;M15;80;2.0;3.00;1;1.00;1.00;48;0;200;0;30;70;0;0;10000;349;387.58;1575.67;1.02;1.1105;0.5100;13;7;0.5385;-956.80;204.52;0.2577;0.0061;0.66;6;0.0415
XAUUSDm;M15;80;2.0;3.00;1;1.00;1.00;48;0;200;0;30;70;1;0;10000;87;-28.46;1564.04;0.99;-0.3271;0.5057;13;7;0.5385;-478.54;87.64;1.0000;0.0248;0.93;7;0.0000
XAUUSDm;M15;80;2.0;3.00;1;1.00;1.25;48;0;200;0;30;70;0;0;10000;331;166.37;1246.77;1.01;0.5026;0.5589;13;8;0.6154;-574.86;73.39;0.4807;0.0059;0.92;5;0.0158
XAUUSDm;M15;80;2.0;3.00;1;1.00;1.25;48;0;200;0;30;70;1;0;10000;86;-381.07;1642.16;0.89;-4.4310;0.5349;13;7;0.5385;-524.40;19.82;1.0000;0.0245;1.65;7;0.0000
XAUUSDm;M15;80;2.0;3.00;1;1.20;0.50;48;0;200;0;30;70;0;0;10000;424;1587.15;2760.69;1.06;3.7433;0.3066;13;7;0.5385;-1249.95;178.54;0.1512;0.0080;0.37;24;0.1014
XAUUSDm;M15;80;2.0;3.00;1;1.20;0.50;48;0;200;0;30;70;1;0;10000;88;673.12;1537.42;1.12;7.6491;0.3182;13;5;0.3846;-681.94;-66.99;0.3565;0.0374;0.51;10;0.0000
XAUUSDm;M15;80;2.0;3.00;1;1.20;0.75;48;0;200;0;30;70;0;0;10000;376;1036.97;2360.21;1.05;2.7579;0.3963;13;7;0.5385;-1386.62;101.57;0.1543;0.0071;0.57;21;0.0982
XAUUSDm;M15;80;2.0;3.00;1;1.20;0.75;48;0;200;0;30;70;1;0;10000;84;-391.79;1670.20;0.92;-4.6642;0.3690;13;5;0.3846;-623.33;-136.81;1.0000;0.0344;0.70;10;0.0000
XAUUSDm;M15;80;2.0;3.00;1;1.20;1.00;48;0;200;0;30;70;0;0;10000;339;1571.36;1403.02;1.10;4.6353;0.4808;13;8;0.6154;-804.11;70.09;0.0763;0.0067;0.78;8;0.4079
XAUUSDm;M15;80;2.0;3.00;1;1.20;1.00;48;0;200;0;30;70;1;0;10000;83;-11.98;1677.29;1.00;-0.1443;0.4578;13;7;0.5385;-679.32;81.33;1.0000;0.0287;1.19;10;0.0000
XAUUSDm;M15;80;2.0;3.00;1;1.20;1.25;48;0;200;0;30;70;0;0;10000;323;905.95;1393.54;1.06;2.8048;0.5263;13;7;0.5385;-512.10;227.11;0.1059;0.0065;1.11;6;0.1885
XAUUSDm;M15;80;2.0;3.00;1;1.20;1.25;48;0;200;0;30;70;1;0;10000;81;-299.43;1661.24;0.92;-3.6967;0.4938;13;7;0.5385;-617.37;78.97;1.0000;0.0284;1.98;9;0.0000
XAUUSDm;M15;80;2.0;3.00;1;1.40;0.50;48;0;200;0;30;70;0;0;10000;414;1781.68;2927.52;1.06;4.3036;0.2754;13;7;0.5385;-1193.45;317.03;0.1571;0.0091;0.48;24;0.0928
XAUUSDm;M15;80;2.0;3.00;1;1.40;0.50;48;0;200;0;30;70;1;0;10000;87;775.89;1348.10;1.13;8.9183;0.2874;13;5;0.3846;-604.91;-25.88;0.3609;0.0417;0.61;10;0.0000
XAUUSDm;M15;80;2.0;3.00;1;1.40;0.75;48;0;200;0;30;70;0;0;10000;363;1136.63;2298.63;1.05;3.1312;0.3609;13;7;0.5385;-1231.91;205.47;0.1642;0.0081;0.72;21;0.0945
XAUUSDm;M15;80;2.0;3.00;1;1.40;0.75;48;0;200;0;30;70;1;0;10000;83;-63.21;1457.67;0.99;-0.7616;0.3494;13;5;0.3846;-551.41;-111.92;1.0000;0.0368;0.82;10;0.0000
XAUUSDm;M15;80;2.0;3.00;1;1.40;1.00;48;0;200;0;30;70;0;0;10000;326;1793.70;1522.84;1.11;5.5021;0.4448;13;8;0.6154;-651.46;218.53;0.0780;0.0075;0.98;8;0.3968
XAUUSDm;M15;80;2.0;3.00;1;1.40;1.00;48;0;200;0;30;70;1;0;10000;82;-170.70;1615.56;0.96;-2.0817;0.4146;13;7;0.5385;-625.38;35.92;1.0000;0.0326;1.50;10;0.0000
XAUUSDm;M15;80;2.0;3.00;1;1.40;1.25;48;0;200;0;30;70;0;0;10000;309;369.32;1093.29;1.03;1.1952;0.4790;13;7;0.5385;-633.98;38.90;0.3029;0.0074;1.47;7;0.0465
XAUUSDm;M15;80;2.0;3.00;1;1.40;1.25;48;0;200;0;30;70;1;0;10000;80;-450.75;1613.60;0.89;-5.6344;0.4500;13;6;0.4615;-575.24;-55.73;1.0000;0.0321;2.33;9;0.0000
