XAUUSDc;M1;1;14;11.00;0.40;1.50;1.50;4.00;1.0;3.0;7.0;1080;1;10;0.80;0.45;1.00;5.00;10000;4263;-9999.38;45061.12;0.98;-2.3456;0.3040;21;6;0.2857;-15696.75;-1.91;1.0000;0.0178;1.15;21;0.0000
XAUUSDc;M1;1;14;11.00;0.40;1.50;1.50;4.00;1.0;3.0;9.0;1080;1;10;0.80;0.45;1.00;5.00;10000;4957;-9999.58;48658.03;0.98;-2.0173;0.3031;20;5;0.2500;-10734.40;-6.10;1.0000;0.0144;1.00;30;0.0000
XAUUSDc;M1;1;14;11.00;0.40;1.50;1.50;4.00;1.0;4.0;10.0;1080;1;10;0.80;0.45;1.00;5.00;10000;2632;-9999.61;14310.31;0.92;-3.7992;0.2663;19;0;0.0000;-2998.42;-18.99;1.0000;0.0252;1.00;20;0.0000
XAUUSDc;M1;1;14;11.00;0.40;1.50;1.50;4.00;1.0;4.0;6.0;1080;0;10;0.80;0.45;1.00;5.00;10000;6316;-9737.88;62516.27;0.98;-1.5418;0.3036;21;9;0.4286;-15324.61;-209.46;1.0000;0.0098;0.86;17;0.0000
XAUUSDc;M1;1;14;11.00;0.40;1.50;1.50;4.00;1.0;4.0;7.0;1080;1;10;0.80;0.45;1.00;5.00;10000;2496;-9998.79;11634.20;0.89;-4.0059;0.2602;21;5;0.2381;-2908.24;-8.97;1.0000;0.0254;1.15;23;0.0000
XAUUSDc;M1;1;14;11.00;0.40;1.50;1.50;4.00;1.0;4.0;9.0;1080;0;10;0.80;0.45;1.00;5.00;10000;6311;-9712.74;55948.80;0.98;-1.5390;0.3025;21;9;0.4286;-12646.35;-7.43;1.0000;0.0123;0.95;17;0.0000
XAUUSDc;M1;1;14;11.00;0.40;1.50;1.50;4.00;1.0;5.0;10.0;1080;0;10;0.80;0.45;1.00;5.00;10000;4028;-9999.44;40003.61;0.98;-2.4825;0.2592;21;6;0.2857;-8708.81;-0.76;1.0000;0.0163;0.92;20;0.0000
XAUUSDc;M1;1;14;11.00;0.40;1.50;1.50;4.00;1.0;5.0;10.0;1080;1;10;0.80;0.45;1.00;5.00;10000;3843;-9999.58;42066.66;0.97;-2.6020;0.2872;21;7;0.3333;-17895.98;-0.30;1.0000;0.0239;0.95;30;0.0000
XAUUSDc;M1;1;14;11.00;0.40;1.50;1.50;4.00;1.0;5.0;6.0;1080;0;10;0.80;0.45;1.00;5.00;10000;6164;-9928.04;43789.72;0.98;-1.6106;0.2867;21;8;0.3810;-12384.13;-88.86;1.0000;0.0178;0.84;19;0.0000
XAUUSDc;M1;1;14;11.00;0.40;1.50;1.50;4.00;1.0;5.0;7.0;1080;0;10;0.80;0.45;1.00;5.00;10000;5897;-9994.62;54616.28;0.98;-1.6949;0.2876;21;8;0.3810;-16174.43;-4.17;1.0000;0.0151;0.91;21;0.0000
XAUUSDc;M1;1;14;11.00;0.40;1.50;1.50;4.00;1.0;5.0;9.0;1080;1;10;0.80;0.45;1.00;5.00;10000;4022;-9998.96;38524.89;0.97;-2.4861;0.2965;21;6;0.2857;-11431.85;-4.30;1.0000;0.0171;1.16;21;0.0000
XAUUSDc;M1;1;14;11.00;0.40;1.50;1.50;4.00;1.0;6.0;10.0;1080;0;10;0.80;0.45;1.00;5.00;10000;3891;-9999.58;45531.44;0.97;-2.5699;0.2871;20;7;0.3500;-15241.26;-0.58;1.0000;0.0246;0.96;20;0.0000
XAUUSDc;M1;1;14;11.00;0.40;1.50;1.50;4.00;1.0;6.0;6.0;1080;1;10;0.80;0.45;1.00;5.00;10000;2278;-9998.86;14730.48;0.87;-4.3893;0.2304;21;5;0.2381;-3511.71;-10.31;1.0000;0.0346;0.96;25;0.0000
XAUUSDc;M1;1;14;11.00;0.40;1.50;1.50;4.00;1.0;6.0;7.0;1080;1;10;0.80;0.45;1.00;5.00;10000;2836;-9999.61;33886.28;0.96;-3.5260;0.2564;18;2;0.1111;-18280.59;-2.44;1.0000;0.0248;0.87;23;0.0000
XAUUSDc;M1;1;14;11.00;0.40;1.50;1.50;4.00;2.0;3.0;9.0;1080;0;10;0.80;0.45;1.00;5.00;10000;3642;-9999.58;41317.15;0.97;-2.7456;0.2951;21;7;0.3333;-14279.61;-0.29;1.0000;0.0171;0.95;20;0.0000
XAUUSDc;M1;1;14;11.00;0.40;1.50;1.50;4.00;2.0;4.0;10.0;1080;0;10;0.80;0.45;1.00;5.00;10000;3428;-9999.61;27150.56;0.96;-2.9170;0.2799;18;4;0.2222;-8110.95;-4.02;1.0000;0.0215;0.84;34;0.0000
XAUUSDc;M1;1;14;11.00;0.40;1.50;1.50;4.00;2.0;4.0;7.0;1080;0;10;0.80;0.45;1.00;5.00;10000;3074;-9999.58;33261.82;0.96;-3.2530;0.2815;21;5;0.2381;-13543.29;-2.42;1.0000;0.0176;1.09;44;0.0000
XAUUSDc;M1;1;14;11.00;0.40;1.50;1.50;4.00;2.0;4.0;8.0;1080;1;10;0.80;0.45;1.00;5.00;10000;2469;-9999.60;36002.59;0.97;-4.0501;0.2720;20;3;0.1500;-15649.88;-0.07;1.0000;0.0190;0.92;29;0.0000
XAUUSDc;M1;1;14;11.00;0.40;1.50;1.50;4.00;2.0;4.0;9.0;1080;1;10;0.80;0.45;1.00;5.00;10000;3937;-9997.93;44374.21;0.97;-2.5395;0.2833;21;7;0.3333;-16118.10;-3.11;1.0000;0.0153;1.11;22;0.0000
XAUUSDc;M1;1;14;11.00;0.40;1.50;1.50;4.00;2.0;5.0;7.0;1080;1;10;0.80;0.45;1.00;5.00;10000;3153;-9998.85;30331.49;0.96;-3.1712;0.2797;21;5;0.2381;-6262.51;-3.32;1.0000;0.0156;1.01;23;0.0000
XAUUSDc;M1;1;14;11.00;0.40;1.50;1.50;4.00;2.0;5.0;8.0;1080;0;10;0.80;0.45;1.00;5.00;10000;2598;-9999.61;39584.71;0.96;-3.8490;0.2733;18;3;0.1667;-20440.73;-0.98;1.0000;0.0180;0.83;21;0.0000
XAUUSDc;M1;1;14;11.00;0.40;1.50;1.50;4.00;2.0;6.0;10.0;1080;0;10;0.80;0.45;1.00;5.00;10000;1964;-9999.61;17158.87;0.91;-5.0915;0.2638;18;1;0.0556;-5895.32;-1.49;1.0000;0.0374;0.93;21;0.0000
XAUUSDc;M1;1;14;11.00;0.40;1.50;1.50;4.00;2.0;6.0;6.0;1080;0;10;0.80;0.45;1.00;5.00;10000;1882;-9999.61;12172.41;0.91;-5.3133;0.2765;18;0;0.0000;-2536.13;-14.02;1.0000;0.0215;1.05;18;0.0000
XAUUSDc;M1;1;14;11.00;0.40;1.50;1.50;4.00;2.0;6.0;7.0;1080;1;10;0.80;0.45;1.00;5.00;10000;1901;-9999.61;13363.66;0.88;-5.2602;0.2466;18;5;0.2778;-5573.76;-0.87;1.0000;0.0384;1.12;35;0.0000
XAUUSDc;M1;1;14;11.00;0.40;1.50;1.50;4.00;2.0;6.0;8.0;1080;0;10;0.80;0.45;1.00;5.00;10000;2630;-9999.61;51404.50;0.97;-3.8021;0.2853;18;2;0.1111;-24045.20;-0.43;1.0000;0.0214;0.87;20;0.0000
XAUUSDc;M1;1;14;11.00;0.40;1.50;1.50;4.00;3.0;3.0;8.0;1080;0;10;0.80;0.45;1.00;5.00;10000;2848;-9999.45;50799.20;0.97;-3.5110;0.2562;21;4;0.1905;-18973.80;-0.15;1.0000;0.0174;0.85;24;0.0000
XAUUSDc;M1;1;14;11.00;0.40;1.50;1.50;4.00;3.0;3.0;9.0;1080;0;10;0.80;0.45;1.00;5.00;10000;2691;-9999.33;35302.33;0.97;-3.7158;0.2595;21;6;0.2857;-6397.34;-2.00;1.0000;0.0132;1.09;22;0.0000
XAUUSDc;M1;1;14;11.00;0.40;1.50;1.50;4.00;3.0;4.0;10.0;1080;0;10;0.80;0.45;1.00;5.00;10000;3048;-9999.44;45224.44;0.98;-3.2807;0.2522;21;6;0.2857;-11925.30;-0.75;1.0000;0.0140;0.90;20;0.0000
XAUUSDc;M1;1;14;11.00;0.40;1.50;1.50;4.00;3.0;4.0;6.0;1080;1;10;0.80;0.45;1.00;5.00;10000;1966;-9999.61;11174.94;0.87;-5.0863;0.2225;18;2;0.1111;-3504.10;-3.18;1.0000;0.0353;0.98;37;0.0000
XAUUSDc;M1;1;14;11.00;0.40;1.50;1.50;4.00;3.0;4.0;8.0;1080;1;10;0.80;0.45;1.00;5.00;10000;2137;-9999.60;60121.64;0.97;-4.6793;0.2369;19;3;0.1579;-28638.45;-0.12;1.0000;0.0247;0.90;22;0.0000
XAUUSDc;M1;1;14;11.00;0.40;1.50;1.50;4.00;3.0;4.0;9.0;1080;0;10;0.80;0.45;1.00;5.00;10000;2480;-9999.61;38477.50;0.96;-4.0321;0.2503;18;3;0.1667;-22744.59;-0.48;1.0000;0.0182;0.85;29;0.0000
XAUUSDc;M1;1;14;11.00;0.40;1.50;1.50;4.00;3.0;5.0;10.0;1080;1;10;0.80;0.45;1.00;5.00;10000;2298;-9999.60;38002.69;0.97;-4.3514;0.2427;20;4;0.2000;-17471.10;-0.15;1.0000;0.0223;0.91;24;0.0000
XAUUSDc;M1;1;14;11.00;0.40;1.50;1.50;4.00;3.0;5.0;8.0;1080;1;10;0.80;0.45;1.00;5.00;10000;3032;-9999.38;43509.90;0.97;-3.2979;0.2537;21;6;0.2857;-19929.90;-0.63;1.0000;0.0275;1.11;25;0.0000
XAUUSDc;M1;1;14;11.00;0.40;1.50;1.50;4.00;3.0;6.0;6.0;1080;0;10;0.80;0.45;1.00;5.00;10000;2199;-9999.61;41324.26;0.97;-4.5473;0.2574;20;4;0.2000;-17384.74;-0.05;1.0000;0.0142;0.83;34;0.0000
XAUUSDc;M1;1;14;11.00;0.40;1.50;1.50;4.00;3.0;6.0;8.0;1080;0;10;0.80;0.45;1.00;5.00;10000;2371;-9999.61;42263.14;0.97;-4.2175;0.2582;20;3;0.1500;-16836.71;-0.11;1.0000;0.0158;0.90;24;0.0000
XAUUSDc;M1;1;14;11.00;0.40;1.50;2.50;4.00;1.0;3.0;10.0;1080;0;10;0.80;0.45;1.00;5.00;10000;3738;-9999.33;19059.34;0.96;-2.6750;0.2812;21;3;0.1429;-4189.64;-36.12;1.0000;0.0138;1.17;21;0.0000
XAUUSDc;M1;1;14;11.00;0.40;1.50;2.50;4.00;1.0;3.0;10.0;1080;1;10;0.80;0.45;1.00;5.00;10000;3119;-9999.58;38566.90;0.97;-3.2060;0.2947;20;3;0.1500;-16603.83;-0.34;1.0000;0.0224;0.97;20;0.0000
XAUUSDc;M1;1;14;11.00;0.40;1.50;2.50;4.00;1.0;3.0;6.0;1080;0;10;0.80;0.45;1.00;5.00;10000;6521;-8730.00;56808.80;0.99;-1.3388;0.3166;21;10;0.4762;-14951.85;-36.82;1.0000;0.0088;0.86;17;0.0000
XAUUSDc;M1;1;14;11.00;0.40;1.50;2.50;4.00;1.0;3.0;9.0;1080;0;10;0.80;0.45;1.00;5.00;10000;3665;-9999.33;20811.13;0.96;-2.7283;0.2792;21;4;0.1905;-4311.10;-11.12;1.0000;0.0144;1.14;21;0.0000
XAUUSDc;M1;1;14;11.00;0.40;1.50;2.50;4.00;1.0;3.0;9.0;1080;1;10;0.80;0.45;1.00;5.00;10000;3728;-9998.88;27677.13;0.97;-2.6821;0.2725;21;6;0.2857;-6888.74;-9.91;1.0000;0.0135;0.93;24;0.0000
XAUUSDc;M1;1;14;11.00;0.40;1.50;2.50;4.00;1.0;4.0;10.0;1080;1;10;0.80;0.45;1.00;5.00;10000;4831;-9998.34;53024.06;0.97;-2.0696;0.2729;21;8;0.3810;-18859.23;-1.41;1.0000;0.0216;0.94;20;0.0000
XAUUSDc;M1;1;14;11.00;0.40;1.50;2.50;4.00;1.0;4.0;7.0;1080;1;10;0.80;0.45;1.00;5.00;10000;2624;-9999.62;10067.62;0.90;-3.8108;0.2440;18;1;0.0556;-4726.00;-7.03;1.0000;0.0204;0.89;22;0.0000
XAUUSDc;M1;1;14;11.00;0.40;1.50;2.50;4.00;1.0;5.0;7.0;1080;1;10;0.80;0.45;1.00;5.00;10000;5706;-9980.68;51511.50;0.98;-1.7492;0.2858;21;8;0.3810;-13493.70;-19.42;1.0000;0.0132;0.91;17;0.0000
XAUUSDc;M1;1;14;11.00;0.40;1.50;2.50;4.00;1.0;5.0;9.0;1080;0;10;0.80;0.45;1.00;5.00;10000;4711;-9999.49;39741.84;0.97;-2.1226;0.2582;21;6;0.2857;-13502.18;-7.86;1.0000;0.0150;0.90;29;0.0000
XAUUSDc;M1;1;14;11.00;0.40;1.50;2.50;4.00;1.0;6.0;10.0;1080;1;10;0.80;0.45;1.00;5.00;10000;2405;-9998.65;13882.36;0.92;-4.1574;0.2618;21;7;0.3333;-3431.93;-0.50;1.0000;0.0278;1.18;24;0.0000
XAUUSDc;M1;1;14;11.00;0.40;1.50;2.50;4.00;1.0;6.0;6.0;1080;1;10;0.80;0.45;1.00;5.00;10000;3414;-9999.58;52229.52;0.97;-2.9290;0.2915;21;7;0.3333;-15637.15;-0.28;1.0000;0.0269;0.92;20;0.0000
XAUUSDc;M1;1;14;11.00;0.40;1.50;2.50;4.00;1.0;6.0;8.0;1080;1;10;0.80;0.45;1.00;5.00;10000;4283;-9999.39;38209.17;0.97;-2.3347;0.2926;21;5;0.2381;-12768.19;-12.53;1.0000;0.0174;1.20;17;0.0000
XAUUSDc;M1;1;14;11.00;0.40;1.50;2.50;4.00;1.0;6.0;9.0;1080;0;10;0.80;0.45;1.00;5.00;10000;3329;-9999.15;19217.38;0.95;-3.0036;0.2462;21;6;0.2857;-5432.98;-1.42;1.0000;0.0227;0.96;23;0.0000
XAUUSDc;M1;1;14;11.00;0.40;1.50;2.50;4.00;1.0;6.0;9.0;1080;1;10;0.80;0.45;1.00;5.00;10000;5755;-9992.18;61739.03;0.98;-1.7363;0.2830;21;7;0.3333;-16003.08;-14.41;1.0000;0.0215;0.99;16;0.0000
XAUUSDc;M1;1;14;11.00;0.40;1.50;2.50;4.00;2.0;3.0;10.0;1080;0;10;0.80;0.45;1.00;5.00;10000;4271;-9995.91;49110.87;0.97;-2.3404;0.2929;21;7;0.3333;-20519.27;-2.22;1.0000;0.0196;0.94;20;0.0000
XAUUSDc;M1;1;14;11.00;0.40;1.50;2.50;4.00;2.0;3.0;7.0;1080;1;10;0.80;0.45;1.00;5.00;10000;3215;-9998.60;43993.95;0.97;-3.1100;0.2642;21;7;0.3333;-15314.40;-1.42;1.0000;0.0171;1.09;22;0.0000
XAUUSDc;M1;1;14;11.00;0.40;1.50;2.50;4.00;2.0;3.0;8.0;1080;0;10;0.80;0.45;1.00;5.00;10000;3456;-9999.59;49573.21;0.98;-2.8934;0.2860;20;7;0.3500;-9057.72;-0.64;1.0000;0.0176;0.96;26;0.0000
XAUUSDc;M1;1;14;11.00;0.40;1.50;2.50;4.00;2.0;3.0;8.0;1080;1;10;0.80;0.45;1.00;5.00;10000;3951;-9996.74;53154.29;0.98;-2.5302;0.2858;21;7;0.3333;-16405.23;-1.67;1.0000;0.0195;0.92;20;0.0000
XAUUSDc;M1;1;14;11.00;0.40;1.50;2.50;4.00;2.0;4.0;8.0;1080;1;10;0.80;0.45;1.00;5.00;10000;3107;-9999.61;29399.06;0.97;-3.2184;0.2872;18;3;0.1667;-8116.93;-2.69;1.0000;0.0212;0.84;18;0.0000
XAUUSDc;M1;1;14;11.00;0.40;1.50;2.50;4.00;2.0;5.0;10.0;1080;0;10;0.80;0.45;1.00;5.00;10000;3815;-9996.71;50909.73;0.97;-2.6204;0.2818;21;7;0.3333;-22095.42;-1.86;1.0000;0.0200;0.93;32;0.0000
XAUUSDc;M1;1;14;11.00;0.40;1.50;2.50;4.00;2.0;6.0;6.0;1080;0;10;0.80;0.45;1.00;5.00;10000;3156;-9999.04;43950.15;0.97;-3.1683;0.2949;21;6;0.2857;-18614.66;-6.26;1.0000;0.0183;1.05;21;0.0000
XAUUSDc;M1;1;14;11.00;0.40;1.50;2.50;4.00;2.0;6.0;7.0;1080;1;10;0.80;0.45;1.00;5.00;10000;2285;-9999.60;52516.67;0.97;-4.3762;0.2641;19;3;0.1579;-26882.87;-0.12;1.0000;0.0223;0.89;24;0.0000
XAUUSDc;M1;1;14;11.00;0.40;1.50;2.50;4.00;2.0;6.0;8.0;1080;0;10;0.80;0.45;1.00;5.00;10000;4257;-9999.38;58387.03;0.99;-2.3489;0.3089;21;6;0.2857;-14947.32;-11.68;1.0000;0.0158;1.11;21;0.0000
XAUUSDc;M1;1;14;11.00;0.40;1.50;2.50;4.00;3.0;3.0;6.0;1080;0;10;0.80;0.45;1.00;5.00;10000;3294;-9999.59;40245.95;0.97;-3.0357;0.2540;20;6;0.3000;-13882.21;-0.74;1.0000;0.0180;0.74;29;0.0000
XAUUSDc;M1;1;14;11.00;0.40;1.50;2.50;4.00;3.0;3.0;7.0;1080;1;10;0.80;0.45;1.00;5.00;10000;2469;-9999.61;16902.50;0.94;-4.0501;0.2640;18;2;0.1111;-3969.97;-6.96;1.0000;0.0200;0.95;29;0.0000
XAUUSDc;M1;1;14;11.00;0.40;1.50;2.50;4.00;3.0;3.0;8.0;1080;1;10;0.80;0.45;1.00;5.00;10000;2056;-9999.61;23323.26;0.94;-4.8636;0.2319;18;3;0.1667;-7408.42;-6.56;1.0000;0.0295;1.05;29;0.0000
XAUUSDc;M1;1;14;11.00;0.40;1.50;2.50;4.00;3.0;4.0;6.0;1080;1;10;0.80;0.45;1.00;5.00;10000;2436;-9999.60;63065.17;0.98;-4.1049;0.2523;19;4;0.2105;-23794.70;-0.12;1.0000;0.0193;0.82;22;0.0000
XAUUSDc;M1;1;14;11.00;0.40;1.50;2.50;4.00;3.0;4.0;7.0;1080;1;10;0.80;0.45;1.00;5.00;10000;2692;-9999.61;34196.43;0.97;-3.7146;0.2543;18;2;0.1111;-7779.79;-0.69;1.0000;0.0204;0.80;29;0.0000
XAUUSDc;M1;1;14;11.00;0.40;1.50;2.50;4.00;3.0;5.0;6.0;1080;1;10;0.80;0.45;1.00;5.00;10000;1905;-9999.61;20497.58;0.93;-5.2491;0.2395;18;2;0.1111;-7458.32;-4.91;1.0000;0.0300;1.15;31;0.0000
XAUUSDc;M1;1;14;11.00;0.40;1.50;2.50;4.00;3.0;5.0;7.0;1080;0;10;0.80;0.45;1.00;5.00;10000;1679;-9999.62;11339.44;0.86;-5.9557;0.2446;18;0;0.0000;-5040.50;-0.38;1.0000;0.0337;0.89;35;0.0000
XAUUSDc;M1;1;14;11.00;0.40;1.50;2.50;4.00;3.0;5.0;8.0;1080;0;10;0.80;0.45;1.00;5.00;10000;3136;-9998.97;41456.82;0.97;-3.1884;0.2649;21;6;0.2857;-17976.25;-2.85;1.0000;0.0198;1.11;19;0.0000
XAUUSDc;M1;1;14;11.00;0.40;1.50;2.50;4.00;3.0;6.0;7.0;1080;0;10;0.80;0.45;1.00;5.00;10000;2691;-9999.59;40965.61;0.97;-3.7159;0.2553;21;4;0.1905;-18837.79;-1.92;1.0000;0.0201;1.09;39;0.0000
XAUUSDc;M1;1;14;11.00;0.40;1.50;2.50;4.00;3.0;6.0;7.0;1080;1;10;0.80;0.45;1.00;5.00;10000;2310;-9999.61;35176.00;0.96;-4.3288;0.2525;18;2;0.1111;-10778.34;-0.14;1.0000;0.0311;0.81;29;0.0000
XAUUSDc;M1;1;14;11.00;0.40;1.50;3.50;4.00;1.0;3.0;10.0;1080;0;10;0.80;0.45;1.00;5.00;10000;6147;-9289.37;47169.92;0.99;-1.5112;0.3330;21;11;0.5238;-11530.23;29.84;1.0000;0.0094;1.19;19;0.0000
XAUUSDc;M1;1;14;11.00;0.40;1.50;3.50;4.00;1.0;3.0;6.0;1080;0;10;0.80;0.45;1.00;5.00;10000;6571;-7273.84;39618.06;0.99;-1.1070;0.3073;21;9;0.4286;-15596.47;-70.87;1.0000;0.0106;0.83;19;0.0000
XAUUSDc;M1;1;14;11.00;0.40;1.50;3.50;4.00;1.0;3.0;8.0;1080;1;10;0.80;0.45;1.00;5.00;10000;6935;-8323.51;50205.34;0.98;-1.2002;0.3499;21;11;0.5238;-14522.97;7.70;1.0000;0.0151;0.94;14;0.0000
XAUUSDc;M1;1;14;11.00;0.40;1.50;3.50;4.00;1.0;4.0;6.0;1080;1;10;0.80;0.45;1.00;5.00;10000;3687;-9999.43;54687.89;0.98;-2.7121;0.2773;21;7;0.3333;-19394.39;-1.12;1.0000;0.0199;0.87;23;0.0000
XAUUSDc;M1;1;14;11.00;0.40;1.50;3.50;4.00;1.0;4.0;7.0;1080;0;10;0.80;0.45;1.00;5.00;10000;4527;-9999.58;50712.94;0.98;-2.2089;0.2944;21;6;0.2857;-18258.19;-0.68;1.0000;0.0168;0.94;20;0.0000
XAUUSDc;M1;1;14;11.00;0.40;1.50;3.50;4.00;1.0;4.0;7.0;1080;1;10;0.80;0.45;1.00;5.00;10000;4243;-9999.58;25328.41;0.96;-2.3567;0.2684;20;3;0.1500;-4911.85;-9.28;1.0000;0.0250;0.87;19;0.0000
XAUUSDc;M1;1;14;11.00;0.40;1.50;3.50;4.00;1.0;4.0;9.0;1080;0;10;0.80;0.45;1.00;5.00;10000;3456;-9994.81;12372.68;0.91;-2.8920;0.2642;21;6;0.2857;-5490.52;-4.36;1.0000;0.0227;1.21;25;0.0000
XAUUSDc;M1;1;14;11.00;0.40;1.50;3.50;4.00;1.0;4.0;9.0;1080;1;10;0.80;0.45;1.00;5.00;10000;4257;-9999.58;43789.36;0.97;-2.3490;0.2873;20;5;0.2500;-12853.62;-6.13;1.0000;0.0211;0.95;21;0.0000
XAUUSDc;M1;1;14;11.00;0.40;1.50;3.50;4.00;1.0;5.0;10.0;1080;0;10;0.80;0.45;1.00;5.00;10000;2743;-9999.61;20531.32;0.93;-3.6455;0.2439;18;4;0.2222;-7111.08;-15.78;1.0000;0.0299;1.05;29;0.0000
XAUUSDc;M1;1;14;11.00;0.40;1.50;3.50;4.00;1.0;5.0;10.0;1080;1;10;0.80;0.45;1.00;5.00;10000;6350;-9936.23;56028.66;0.98;-1.5648;0.2924;21;8;0.3810;-16120.20;-35.08;1.0000;0.0142;0.95;17;0.0000
XAUUSDc;M1;1;14;11.00;0.40;1.50;3.50;4.00;1.0;5.0;6.0;1080;1;10;0.80;0.45;1.00;5.00;10000;6428;-9943.75;53593.12;0.98;-1.5469;0.3054;21;9;0.4286;-17483.46;-8.40;1.0000;0.0165;0.86;17;0.0000
XAUUSDc;M1;1;14;11.00;0.40;1.50;3.50;4.00;1.0;6.0;9.0;1080;1;10;0.80;0.45;1.00;5.00;10000;4255;-9997.12;50457.70;0.97;-2.3495;0.2754;21;7;0.3333;-19289.02;-1.89;1.0000;0.0250;0.94;26;0.0000
XAUUSDc;M1;1;14;11.00;0.40;1.50;3.50;4.00;2.0;3.0;10.0;1080;0;10;0.80;0.45;1.00;5.00;10000;5500;-9877.69;57751.35;0.99;-1.7959;0.3280;21;11;0.5238;-13039.01;6.35;1.0000;0.0104;1.19;20;0.0000
XAUUSDc;M1;1;14;11.00;0.40;1.50;3.50;4.00;2.0;3.0;10.0;1080;1;10;0.80;0.45;1.00;5.00;10000;1622;-9999.62;10811.74;0.85;-6.1650;0.2228;18;2;0.1111;-6035.13;-0.04;1.0000;0.0363;0.94;23;0.0000
XAUUSDc;M1;1;14;11.00;0.40;1.50;3.50;4.00;2.0;3.0;6.0;1080;0;10;0.80;0.45;1.00;5.00;10000;4506;-9999.31;33925.14;0.97;-2.2191;0.2854;21;7;0.3333;-8173.25;-5.66;1.0000;0.0161;0.78;19;0.0000
XAUUSDc;M1;1;14;11.00;0.40;1.50;3.50;4.00;2.0;3.0;7.0;1080;1;10;0.80;0.45;1.00;5.00;10000;3136;-9999.58;35637.72;0.97;-3.1886;0.2830;21;5;0.2381;-16170.67;-1.88;1.0000;0.0145;1.10;44;0.0000
XAUUSDc;M1;1;14;11.00;0.40;1.50;3.50;4.00;2.0;3.0;8.0;1080;1;10;0.80;0.45;1.00;5.00;10000;3689;-9999.58;48529.95;0.97;-2.7106;0.2980;21;7;0.3333;-17099.76;-0.25;1.0000;0.0203;0.93;36;0.0000
XAUUSDc;M1;1;14;11.00;0.40;1.50;3.50;4.00;2.0;4.0;6.0;1080;1;10;0.80;0.45;1.00;5.00;10000;3743;-9999.58;41565.00;0.97;-2.6715;0.2949;21;6;0.2857;-20049.49;-0.28;1.0000;0.0188;0.82;25;0.0000
XAUUSDc;M1;1;14;11.00;0.40;1.50;3.50;4.00;2.0;4.0;7.0;1080;0;10;0.80;0.45;1.00;5.00;10000;3411;-9998.99;41859.50;0.97;-2.9314;0.2983;21;5;0.2381;-17485.83;-10.48;1.0000;0.0146;1.08;26;0.0000
XAUUSDc;M1;1;14;11.00;0.40;1.50;3.50;4.00;2.0;4.0;7.0;1080;1;10;0.80;0.45;1.00;5.00;10000;3372;-9999.58;51936.56;0.98;-2.9655;0.2805;21;5;0.2381;-17901.59;-0.94;1.0000;0.0225;1.10;23;0.0000
XAUUSDc;M1;1;14;11.00;0.40;1.50;3.50;4.00;2.0;4.0;8.0;1080;1;10;0.80;0.45;1.00;5.00;10000;2498;-9999.58;39765.08;0.97;-4.0030;0.2746;20;3;0.1500;-17363.67;-0.15;1.0000;0.0254;0.96;17;0.0000
XAUUSDc;M1;1;14;11.00;0.40;1.50;3.50;4.00;2.0;5.0;7.0;1080;0;10;0.80;0.45;1.00;5.00;10000;2199;-9999.61;27466.14;0.94;-4.5473;0.2697;18;2;0.1111;-8937.07;-8.84;1.0000;0.0285;0.98;29;0.0000
XAUUSDc;M1;1;14;11.00;0.40;1.50;3.50;4.00;2.0;5.0;7.0;1080;1;10;0.80;0.45;1.00;5.00;10000;2924;-9999.61;26910.79;0.96;-3.4198;0.2809;18;3;0.1667;-7774.24;-1.20;1.0000;0.0232;0.80;19;0.0000
XAUUSDc;M1;1;14;11.00;0.40;1.50;3.50;4.00;2.0;5.0;8.0;1080;0;10;0.80;0.45;1.00;5.00;10000;3109;-9999.01;49608.33;0.97;-3.2161;0.2787;21;5;0.2381;-21121.98;-0.15;1.0000;0.0197;0.88;24;0.0000
XAUUSDc;M1;1;14;11.00;0.40;1.50;3.50;4.00;2.0;5.0;8.0;1080;1;10;0.80;0.45;1.00;5.00;10000;2368;-9999.61;36409.31;0.97;-4.2228;0.2656;20;3;0.1500;-15159.78;-0.10;1.0000;0.0216;0.93;38;0.0000
XAUUSDc;M1;1;14;11.00;0.40;1.50;3.50;4.00;2.0;5.0;9.0;1080;1;10;0.80;0.45;1.00;5.00;10000;2190;-9999.61;28058.99;0.95;-4.5660;0.2676;18;2;0.1111;-14502.46;-0.15;1.0000;0.0267;0.89;29;0.0000
XAUUSDc;M1;1;14;11.00;0.40;1.50;3.50;4.00;2.0;6.0;9.0;1080;0;10;0.80;0.45;1.00;5.00;10000;2312;-9998.69;13158.70;0.91;-4.3247;0.2770;21;4;0.1905;-3170.17;-8.70;1.0000;0.0241;1.16;22;0.0000
XAUUSDc;M1;1;14;11.00;0.40;1.50;3.50;4.00;3.0;3.0;10.0;1080;0;10;0.80;0.45;1.00;5.00;10000;2857;-9999.58;47712.58;0.97;-3.5000;0.2620;20;4;0.2000;-15946.58;-0.12;1.0000;0.0189;0.97;19;0.0000
XAUUSDc;M1;1;14;11.00;0.40;1.50;3.50;4.00;3.0;3.0;6.0;1080;1;10;0.80;0.45;1.00;5.00;10000;2636;-9999.26;25766.44;0.96;-3.7933;0.2575;21;6;0.2857;-5096.59;-2.95;1.0000;0.0162;1.13;20;0.0000
XAUUSDc;M1;1;14;11.00;0.40;1.50;3.50;4.00;3.0;3.0;7.0;1080;1;10;0.80;0.45;1.00;5.00;10000;2867;-9999.58;33043.81;0.96;-3.4878;0.2479;21;4;0.1905;-10409.01;-0.98;1.0000;0.0209;1.13;30;0.0000
XAUUSDc;M1;1;14;11.00;0.40;1.50;3.50;4.00;3.0;3.0;9.0;1080;1;10;0.80;0.45;1.00;5.00;10000;2818;-9999.58;50696.84;0.97;-3.5485;0.2621;20;4;0.2000;-19004.88;-0.12;1.0000;0.0233;0.95;29;0.0000
XAUUSDc;M1;1;14;11.00;0.40;1.50;3.50;4.00;3.0;4.0;6.0;1080;0;10;0.80;0.45;1.00;5.00;10000;3405;-9999.18;48133.27;0.98;-2.9366;0.2696;21;7;0.3333;-21029.86;-0.43;1.0000;0.0192;1.02;22;0.0000
XAUUSDc;M1;1;14;11.00;0.40;1.50;3.50;4.00;3.0;4.0;7.0;1080;1;10;0.80;0.45;1.00;5.00;10000;2577;-9999.15;26056.95;0.96;-3.8802;0.2397;21;5;0.2381;-8385.26;-0.66;1.0000;0.0209;0.91;33;0.0000
XAUUSDc;M1;1;14;11.00;0.40;1.50;3.50;4.00;3.0;4.0;8.0;1080;0;10;0.80;0.45;1.00;5.00;10000;2940;-9999.32;30637.46;0.97;-3.4011;0.2630;21;4;0.1905;-5287.95;-8.84;1.0000;0.0163;1.21;21;0.0000
XAUUSDc;M1;1;14;11.00;0.40;1.50;3.50;4.00;3.0;4.0;8.0;1080;1;10;0.80;0.45;1.00;5.00;10000;2330;-9999.61;18043.97;0.93;-4.2917;0.2617;18;2;0.1111;-3839.60;-5.76;1.0000;0.0229;1.00;29;0.0000
XAUUSDc;M1;1;14;11.00;0.40;1.50;3.50;4.00;3.0;4.0;9.0;1080;1;10;0.80;0.45;1.00;5.00;10000;3134;-9999.02;57347.20;0.98;-3.1905;0.2575;21;7;0.3333;-18204.76;-0.05;1.0000;0.0196;0.90;23;0.0000
XAUUSDc;M1;1;14;11.00;0.40;1.50;3.50;4.00;3.0;6.0;10.0;1080;1;10;0.80;0.45;1.00;5.00;10000;3288;-9999.02;57358.49;0.97;-3.0411;0.2514;21;8;0.3810;-25124.16;-0.47;1.0000;0.0245;0.92;23;0.0000
XAUUSDc;M1;1;14;11.00;0.40;1.50;3.50;4.00;3.0;6.0;6.0;1080;1;10;0.80;0.45;1.00;5.00;10000;2403;-9998.06;29873.63;0.94;-4.1607;0.2437;21;7;0.3333;-9275.39;-0.24;1.0000;0.0432;1.19;21;0.0000
XAUUSDc;M1;1;14;11.00;0.40;1.50;3.50;4.00;3.0;6.0;8.0;1080;1;10;0.80;0.45;1.00;5.00;10000;2385;-9999.60;44069.66;0.97;-4.1927;0.2590;20;3;0.1500;-20038.16;-0.07;1.0000;0.0167;0.89;28;0.0000
XAUUSDc;M1;1;14;11.00;0.40;1.50;3.50;4.00;3.0;6.0;9.0;1080;0;10;0.80;0.45;1.00;5.00;10000;2444;-9999.33;23168.14;0.96;-4.0914;0.2629;21;6;0.2857;-5228.72;-0.88;1.0000;0.0200;1.10;33;0.0000
XAUUSDc;M1;1;14;11.00;0.40;1.50;3.50;4.00;3.0;6.0;9.0;1080;1;10;0.80;0.45;1.00;5.00;10000;2862;-9996.39;32015.58;0.96;-3.4928;0.2801;21;7;0.3333;-8595.88;-0.44;1.0000;0.0222;1.16;23;0.0000
XAUUSDc;M1;1;14;13.00;0.40;1.50;1.50;4.00;1.0;3.0;6.0;1080;1;10;0.80;0.45;1.00;5.00;10000;2118;-9999.11;12779.70;0.75;-4.7210;0.2523;21;6;0.2857;-6513.82;-2.55;1.0000;0.0695;1.10;21;0.0000
XAUUSDc;M1;1;14;13.00;0.40;1.50;1.50;4.00;1.0;3.0;8.0;1080;1;10;0.80;0.45;1.00;5.00;10000;2895;-9999.60;20570.96;0.93;-3.4541;0.2790;19;2;0.1053;-8911.61;-5.55;1.0000;0.0234;1.16;33;0.0000
XAUUSDc;M1;1;14;13.00;0.40;1.50;1.50;4.00;1.0;4.0;10.0;1080;1;10;0.80;0.45;1.00;5.00;10000;3090;10447.74;29492.26;1.02;3.3811;0.2765;21;13;0.6190;-19831.43;545.82;0.5213;0.0116;1.30;20;0.0216
XAUUSDc;M1;1;14;13.00;0.40;1.50;1.50;4.00;1.0;4.0;6.0;1080;0;10;0.80;0.45;1.00;5.00;10000;2930;-9995.15;10527.08;0.83;-3.4113;0.2622;21;8;0.3810;-4253.51;-2.79;1.0000;0.0309;1.19;24;0.0000
XAUUSDc;M1;1;14;13.00;0.40;1.50;1.50;4.00;1.0;4.0;7.0;1080;0;10;0.80;0.45;1.00;5.00;10000;3530;-9998.61;18224.88;0.93;-2.8325;0.2791;21;8;0.3810;-5613.04;-2.35;1.0000;0.0200;1.31;19;0.0000
XAUUSDc;M1;1;14;13.00;0.40;1.50;1.50;4.00;1.0;4.0;8.0;1080;1;10;0.80;0.45;1.00;5.00;10000;3253;-9993.63;13919.88;0.90;-3.0721;0.2598;21;8;0.3810;-7334.22;-6.18;1.0000;0.0290;1.23;21;0.0000
XAUUSDc;M1;1;14;13.00;0.40;1.50;1.50;4.00;1.0;4.0;9.0;1080;1;10;0.80;0.45;1.00;5.00;10000;3487;-9972.66;42353.80;0.98;-2.8600;0.2943;21;8;0.3810;-11193.79;-102.01;1.0000;0.0111;1.45;19;0.0000
XAUUSDc;M1;1;14;13.00;0.40;1.50;1.50;4.00;1.0;5.0;10.0;1080;1;10;0.80;0.45;1.00;5.00;10000;2017;-9999.62;17907.05;0.91;-4.9577;0.2473;18;1;0.0556;-8308.69;-1.61;1.0000;0.0520;0.96;16;0.0000
XAUUSDc;M1;1;14;13.00;0.40;1.50;1.50;4.00;1.0;6.0;10.0;1080;0;10;0.80;0.45;1.00;5.00;10000;3302;-9999.61;13497.65;0.94;-3.0283;0.2508;19;2;0.1053;-5368.80;-17.45;1.0000;0.0201;0.99;25;0.0000
XAUUSDc;M1;1;14;13.00;0.40;1.50;1.50;4.00;1.0;6.0;8.0;1080;0;10;0.80;0.45;1.00;5.00;10000;2361;-9999.61;12277.95;0.85;-4.2353;0.2311;18;3;0.1667;-4455.32;-36.96;1.0000;0.0410;0.99;35;0.0000
XAUUSDc;M1;1;14;13.00;0.40;1.50;1.50;4.00;1.0;6.0;8.0;1080;1;10;0.80;0.45;1.00;5.00;10000;2991;-9999.61;22450.19;0.94;-3.3432;0.2551;18;3;0.1667;-6760.86;-14.20;1.0000;0.0337;0.95;34;0.0000
XAUUSDc;M1;1;14;13.00;0.40;1.50;1.50;4.00;1.0;6.0;9.0;1080;0;10;0.80;0.45;1.00;5.00;10000;3417;-9974.53;31684.91;0.97;-2.9191;0.2832;21;6;0.2857;-12560.09;-54.76;1.0000;0.0219;1.49;19;0.0000
XAUUSDc;M1;1;14;13.00;0.40;1.50;1.50;4.00;2.0;3.0;6.0;1080;1;10;0.80;0.45;1.00;5.00;10000;2330;-9996.96;12372.23;0.75;-4.2905;0.2734;21;7;0.3333;-6751.92;-3.01;1.0000;0.0553;1.02;18;0.0000
XAUUSDc;M1;1;14;13.00;0.40;1.50;1.50;4.00;2.0;3.0;7.0;1080;0;10;0.80;0.45;1.00;5.00;10000;3451;-9994.34;36570.49;0.98;-2.8961;0.3121;21;9;0.4286;-12320.48;-10.93;1.0000;0.0094;1.35;19;0.0000
XAUUSDc;M1;1;14;13.00;0.40;1.50;1.50;4.00;2.0;3.0;7.0;1080;1;10;0.80;0.45;1.00;5.00;10000;2528;-9991.85;11009.16;0.85;-3.9525;0.2846;21;7;0.3333;-4046.56;-6.13;1.0000;0.0283;1.25;27;0.0000
XAUUSDc;M1;1;14;13.00;0.40;1.50;1.50;4.00;2.0;3.0;8.0;1080;0;10;0.80;0.45;1.00;5.00;10000;2929;-9997.19;10235.52;0.80;-3.4132;0.2836;21;7;0.3333;-7436.99;-2.93;1.0000;0.0236;1.08;31;0.0000
XAUUSDc;M1;1;14;13.00;0.40;1.50;1.50;4.00;2.0;3.0;9.0;1080;1;10;0.80;0.45;1.00;5.00;10000;2163;-9994.43;13114.29;0.77;-4.6206;0.2595;21;8;0.3810;-6178.77;-0.40;1.0000;0.0587;1.15;21;0.0000
XAUUSDc;M1;1;14;13.00;0.40;1.50;1.50;4.00;2.0;4.0;10.0;1080;0;10;0.80;0.45;1.00;5.00;10000;2773;-9998.34;22292.67;0.94;-3.6056;0.2889;21;8;0.3810;-8406.28;-1.09;1.0000;0.0223;1.31;26;0.0000
XAUUSDc;M1;1;14;13.00;0.40;1.50;1.50;4.00;2.0;4.0;10.0;1080;1;10;0.80;0.45;1.00;5.00;10000;2997;-9999.61;12881.40;0.93;-3.3365;0.2684;19;3;0.1579;-5438.76;-4.78;1.0000;0.0163;0.98;30;0.0000
XAUUSDc;M1;1;14;13.00;0.40;1.50;1.50;4.00;2.0;4.0;7.0;1080;0;10;0.80;0.45;1.00;5.00;10000;2589;-9999.60;23494.68;0.94;-3.8623;0.2800;19;3;0.1579;-8505.03;-1.78;1.0000;0.0200;1.08;32;0.0000
XAUUSDc;M1;1;14;13.00;0.40;1.50;1.50;4.00;2.0;4.0;8.0;1080;0;10;0.80;0.45;1.00;5.00;10000;3003;-9999.29;10138.12;0.84;-3.3298;0.2730;21;5;0.2381;-5612.04;-3.67;1.0000;0.0216;1.06;22;0.0000
XAUUSDc;M1;1;14;13.00;0.40;1.50;1.50;4.00;2.0;4.0;9.0;1080;1;10;0.80;0.45;1.00;5.00;10000;2226;-9999.62;28274.37;0.94;-4.4922;0.2469;19;4;0.2105;-10923.67;-1.34;1.0000;0.0276;1.15;34;0.0000
XAUUSDc;M1;1;14;13.00;0.40;1.50;1.50;4.00;2.0;5.0;10.0;1080;0;10;0.80;0.45;1.00;5.00;10000;2654;-9913.83;25928.42;0.96;-3.7354;0.2960;21;8;0.3810;-12730.93;-99.99;1.0000;0.0205;1.40;17;0.0000
XAUUSDc;M1;1;14;13.00;0.40;1.50;1.50;4.00;2.0;5.0;10.0;1080;1;10;0.80;0.45;1.00;5.00;10000;2698;-9999.61;10954.15;0.92;-3.7063;0.2745;19;1;0.0526;-5095.04;-12.05;1.0000;0.0187;0.98;26;0.0000
XAUUSDc;M1;1;14;13.00;0.40;1.50;1.50;4.00;2.0;5.0;7.0;1080;0;10;0.80;0.45;1.00;5.00;10000;2524;-9999.62;25257.75;0.94;-3.9618;0.2787;19;3;0.1579;-11445.74;-1.72;1.0000;0.0246;1.08;33;0.0000
XAUUSDc;M1;1;14;13.00;0.40;1.50;1.50;4.00;2.0;5.0;7.0;1080;1;10;0.80;0.45;1.00;5.00;10000;1854;-9987.68;12617.45;0.85;-5.3871;0.2532;21;9;0.4286;-5715.90;-0.17;1.0000;0.0432;1.33;28;0.0000
XAUUSDc;M1;1;14;13.00;0.40;1.50;1.50;4.00;2.0;6.0;6.0;1080;1;10;0.80;0.45;1.00;5.00;10000;2236;-9991.23;17618.32;0.90;-4.4683;0.2748;21;7;0.3333;-6752.00;-10.38;1.0000;0.0455;1.30;24;0.0000
XAUUSDc;M1;1;14;13.00;0.40;1.50;1.50;4.00;2.0;6.0;8.0;1080;0;10;0.80;0.45;1.00;5.00;10000;2503;-9999.60;26030.01;0.95;-3.9950;0.2767;19;4;0.2105;-11701.91;-2.14;1.0000;0.0261;1.12;32;0.0000
XAUUSDc;M1;1;14;13.00;0.40;1.50;1.50;4.00;2.0;6.0;8.0;1080;1;10;0.80;0.45;1.00;5.00;10000;3047;-9996.79;40412.26;0.98;-3.2809;0.2974;21;6;0.2857;-13229.19;-35.69;1.0000;0.0111;1.32;19;0.0000
XAUUSDc;M1;1;14;13.00;0.40;1.50;1.50;4.00;2.0;6.0;9.0;1080;0;10;0.80;0.45;1.00;5.00;10000;1811;-9999.62;15498.58;0.90;-5.5216;0.2603;18;0;0.0000;-6254.68;-1.49;1.0000;0.0423;0.93;20;0.0000
XAUUSDc;M1;1;14;13.00;0.40;1.50;1.50;4.00;2.0;6.0;9.0;1080;1;10;0.80;0.45;1.00;5.00;10000;1953;-9999.61;9999.61;0.78;-5.1201;0.2402;18;2;0.1111;-6842.09;-1.95;1.0000;0.0428;1.10;19;0.0000
XAUUSDc;M1;1;14;13.00;0.40;1.50;1.50;4.00;3.0;3.0;7.0;1080;1;10;0.80;0.45;1.00;5.00;10000;2330;-9999.62;26093.28;0.95;-4.2917;0.2450;19;4;0.2105;-8360.01;-1.20;1.0000;0.0224;1.12;34;0.0000
XAUUSDc;M1;1;14;13.00;0.40;1.50;1.50;4.00;3.0;4.0;8.0;1080;0;10;0.80;0.45;1.00;5.00;10000;2549;-9889.46;23394.27;0.95;-3.8797;0.2787;21;9;0.4286;-12228.24;-56.53;1.0000;0.0261;1.27;24;0.0000
XAUUSDc;M1;1;14;13.00;0.40;1.50;1.50;4.00;3.0;4.0;9.0;1080;1;10;0.80;0.45;1.00;5.00;10000;2415;-9999.61;13432.66;0.92;-4.1406;0.2456;19;2;0.1053;-4615.73;-1.99;1.0000;0.0253;0.98;29;0.0000
XAUUSDc;M1;1;14;13.00;0.40;1.50;1.50;4.00;3.0;5.0;10.0;1080;1;10;0.80;0.45;1.00;5.00;10000;2273;-9999.62;29287.69;0.95;-4.3993;0.2478;19;4;0.2105;-11462.43;-1.39;1.0000;0.0255;1.15;34;0.0000
XAUUSDc;M1;1;14;13.00;0.40;1.50;1.50;4.00;3.0;5.0;8.0;1080;1;10;0.80;0.45;1.00;5.00;10000;2114;-9999.62;15615.78;0.92;-4.7302;0.2670;18;1;0.0556;-5391.65;-1.86;1.0000;0.0214;0.79;17;0.0000
XAUUSDc;M1;1;14;13.00;0.40;1.50;1.50;4.00;3.0;6.0;10.0;1080;0;10;0.80;0.45;1.00;5.00;10000;1829;-9999.61;15109.83;0.89;-5.4673;0.2577;18;1;0.0556;-5219.55;-0.53;1.0000;0.0381;0.95;20;0.0000
XAUUSDc;M1;1;14;13.00;0.40;1.50;1.50;4.00;3.0;6.0;8.0;1080;0;10;0.80;0.45;1.00;5.00;10000;1994;-9997.34;10761.59;0.81;-5.0137;0.2619;21;5;0.2381;-4613.83;-3.03;1.0000;0.0332;1.23;25;0.0000
XAUUSDc;M1;1;14;13.00;0.40;1.50;2.50;4.00;1.0;3.0;8.0;1080;0;10;0.80;0.45;1.00;5.00;10000;3651;-9998.85;22851.59;0.96;-2.7387;0.2712;21;6;0.2857;-11051.22;-5.51;1.0000;0.0162;0.92;25;0.0000
XAUUSDc;M1;1;14;13.00;0.40;1.50;2.50;4.00;1.0;3.0;9.0;1080;0;10;0.80;0.45;1.00;5.00;10000;4699;-9993.79;9998.79;0.91;-2.1268;0.2889;21;7;0.3333;-3988.50;-2.46;1.0000;0.0157;1.15;18;0.0000
XAUUSDc;M1;1;14;13.00;0.40;1.50;2.50;4.00;1.0;4.0;10.0;1080;0;10;0.80;0.45;1.00;5.00;10000;4156;-9999.58;22008.61;0.96;-2.4061;0.2527;21;3;0.1429;-7585.66;-17.44;1.0000;0.0187;0.95;24;0.0000
XAUUSDc;M1;1;14;13.00;0.40;1.50;2.50;4.00;1.0;4.0;10.0;1080;1;10;0.80;0.45;1.00;5.00;10000;3341;-9999.60;24200.99;0.95;-2.9930;0.2779;19;3;0.1579;-6540.84;-18.91;1.0000;0.0182;1.14;37;0.0000
XAUUSDc;M1;1;14;13.00;0.40;1.50;2.50;4.00;1.0;4.0;6.0;1080;1;10;0.80;0.45;1.00;5.00;10000;2292;-9999.62;10556.93;0.89;-4.3628;0.2372;18;1;0.0556;-4805.66;-3.19;1.0000;0.0262;0.84;16;0.0000
XAUUSDc;M1;1;14;13.00;0.40;1.50;2.50;4.00;1.0;4.0;7.0;1080;0;10;0.80;0.45;1.00;5.00;10000;3181;-9997.02;10229.91;0.82;-3.1427;0.2628;21;7;0.3333;-6153.15;-14.45;1.0000;0.0325;1.05;20;0.0000
XAUUSDc;M1;1;14;13.00;0.40;1.50;2.50;4.00;1.0;4.0;9.0;1080;0;10;0.80;0.45;1.00;5.00;10000;3334;-9997.01;10229.85;0.82;-2.9985;0.2588;21;7;0.3333;-6077.64;-23.25;1.0000;0.0254;1.10;20;0.0000
XAUUSDc;M1;1;14;13.00;0.40;1.50;2.50;4.00;1.0;5.0;10.0;1080;0;10;0.80;0.45;1.00;5.00;10000;3319;-9999.35;26484.73;0.95;-3.0128;0.2702;21;4;0.1905;-11093.13;-3.85;1.0000;0.0236;1.18;26;0.0000
XAUUSDc;M1;1;14;13.00;0.40;1.50;2.50;4.00;1.0;5.0;9.0;1080;1;10;0.80;0.45;1.00;5.00;10000;3522;-9998.40;10501.58;0.85;-2.8388;0.2622;21;6;0.2857;-5581.04;-5.34;1.0000;0.0296;1.13;25;0.0000
XAUUSDc;M1;1;14;13.00;0.40;1.50;2.50;4.00;1.0;6.0;10.0;1080;1;10;0.80;0.45;1.00;5.00;10000;2218;-9999.62;10378.40;0.83;-4.5084;0.2581;19;1;0.0526;-3425.95;-17.59;1.0000;0.0430;1.19;32;0.0000
XAUUSDc;M1;1;14;13.00;0.40;1.50;2.50;4.00;1.0;6.0;8.0;1080;0;10;0.80;0.45;1.00;5.00;10000;3219;-9998.51;24290.25;0.94;-3.1061;0.2676;21;7;0.3333;-8802.96;-2.04;1.0000;0.0229;1.32;19;0.0000
XAUUSDc;M1;1;14;13.00;0.40;1.50;2.50;4.00;2.0;3.0;6.0;1080;0;10;0.80;0.45;1.00;5.00;10000;2792;-9662.14;20425.12;0.96;-3.4607;0.3127;21;8;0.3810;-6986.73;-168.09;1.0000;0.0152;1.14;20;0.0000
XAUUSDc;M1;1;14;13.00;0.40;1.50;2.50;4.00;2.0;3.0;8.0;1080;0;10;0.80;0.45;1.00;5.00;10000;2790;-9630.35;20781.57;0.96;-3.4517;0.3116;21;8;0.3810;-7341.81;-94.06;1.0000;0.0169;1.26;20;0.0000
XAUUSDc;M1;1;14;13.00;0.40;1.50;2.50;4.00;2.0;3.0;8.0;1080;1;10;0.80;0.45;1.00;5.00;10000;2345;-9999.61;10809.62;0.92;-4.2642;0.2642;19;1;0.0526;-5443.40;-4.42;1.0000;0.0170;1.01;21;0.0000
XAUUSDc;M1;1;14;13.00;0.40;1.50;2.50;4.00;2.0;3.0;9.0;1080;0;10;0.80;0.45;1.00;5.00;10000;2839;-9999.60;23743.90;0.95;-3.5222;0.2867;19;3;0.1579;-7725.01;-3.29;1.0000;0.0182;1.15;33;0.0000
XAUUSDc;M1;1;14;13.00;0.40;1.50;2.50;4.00;2.0;5.0;6.0;1080;1;10;0.80;0.45;1.00;5.00;10000;2318;-9992.84;16113.35;0.88;-4.3110;0.2704;21;7;0.3333;-5356.78;-7.48;1.0000;0.0413;1.31;24;0.0000
XAUUSDc;M1;1;14;13.00;0.40;1.50;2.50;4.00;2.0;5.0;8.0;1080;1;10;0.80;0.45;1.00;5.00;10000;2010;-9990.46;11968.01;0.85;-4.9704;0.2771;21;8;0.3810;-4639.38;-0.56;1.0000;0.0394;1.32;25;0.0000
XAUUSDc;M1;1;14;13.00;0.40;1.50;2.50;4.00;2.0;6.0;10.0;1080;1;10;0.80;0.45;1.00;5.00;10000;2494;-9986.82;13736.75;0.87;-4.0043;0.2962;21;7;0.3333;-4969.72;-7.43;1.0000;0.0402;1.37;20;0.0000
XAUUSDc;M1;1;14;13.00;0.40;1.50;2.50;4.00;2.0;6.0;6.0;1080;0;10;0.80;0.45;1.00;5.00;10000;2492;-9999.61;14326.90;0.94;-4.0127;0.2688;19;2;0.1053;-5943.03;-5.88;1.0000;0.0191;0.87;32;0.0000
XAUUSDc;M1;1;14;13.00;0.40;1.50;2.50;4.00;2.0;6.0;7.0;1080;0;10;0.80;0.45;1.00;5.00;10000;2545;-9962.85;15305.92;0.90;-3.9147;0.2858;21;8;0.3810;-6757.24;-16.51;1.0000;0.0333;1.23;20;0.0000
XAUUSDc;M1;1;14;13.00;0.40;1.50;2.50;4.00;3.0;3.0;6.0;1080;0;10;0.80;0.45;1.00;5.00;10000;2467;-9999.60;33564.22;0.96;-4.0533;0.2535;19;4;0.2105;-13218.38;-1.12;1.0000;0.0174;1.04;34;0.0000
XAUUSDc;M1;1;14;13.00;0.40;1.50;2.50;4.00;3.0;3.0;7.0;1080;1;10;0.80;0.45;1.00;5.00;10000;3147;-9999.29;10260.04;0.86;-3.1774;0.2726;21;6;0.2857;-6247.28;-1.05;1.0000;0.0205;0.97;22;0.0000
XAUUSDc;M1;1;14;13.00;0.40;1.50;2.50;4.00;3.0;3.0;8.0;1080;0;10;0.80;0.45;1.00;5.00;10000;2194;-9999.61;10634.75;0.84;-4.5577;0.2506;18;2;0.1111;-4070.92;-25.50;1.0000;0.0314;1.00;35;0.0000
XAUUSDc;M1;1;14;13.00;0.40;1.50;2.50;4.00;3.0;3.0;9.0;1080;1;10;0.80;0.45;1.00;5.00;10000;2485;-9999.62;23997.82;0.95;-4.0240;0.2611;19;4;0.2105;-5911.25;-1.09;1.0000;0.0166;1.12;33;0.0000
XAUUSDc;M1;1;14;13.00;0.40;1.50;2.50;4.00;3.0;4.0;10.0;1080;0;10;0.80;0.45;1.00;5.00;10000;2497;-9999.61;15079.72;0.93;-4.0046;0.2571;18;1;0.0556;-5557.63;-7.23;1.0000;0.0216;0.97;25;0.0000
XAUUSDc;M1;1;14;13.00;0.40;1.50;2.50;4.00;3.0;4.0;6.0;1080;1;10;0.80;0.45;1.00;5.00;10000;2309;-9999.62;28976.32;0.95;-4.3307;0.2480;19;4;0.2105;-11843.65;-1.18;1.0000;0.0225;1.05;37;0.0000
XAUUSDc;M1;1;14;13.00;0.40;1.50;2.50;4.00;3.0;4.0;7.0;1080;1;10;0.80;0.45;1.00;5.00;10000;1677;-9999.61;20386.99;0.92;-5.9628;0.2252;18;1;0.0556;-7508.92;-0.31;1.0000;0.0467;0.95;21;0.0000
XAUUSDc;M1;1;14;13.00;0.40;1.50;2.50;4.00;3.0;4.0;8.0;1080;0;10;0.80;0.45;1.00;5.00;10000;1984;-9995.78;12390.27;0.87;-5.0382;0.2595;21;9;0.4286;-6420.44;-0.13;1.0000;0.0340;1.26;27;0.0000
XAUUSDc;M1;1;14;13.00;0.40;1.50;2.50;4.00;3.0;4.0;8.0;1080;1;10;0.80;0.45;1.00;5.00;10000;2189;-9999.60;28562.94;0.94;-4.5681;0.2372;19;4;0.2105;-12374.73;-0.99;1.0000;0.0297;1.15;32;0.0000
XAUUSDc;M1;1;14;13.00;0.40;1.50;2.50;4.00;3.0;4.0;9.0;1080;0;10;0.80;0.45;1.00;5.00;10000;2667;-9999.61;18983.39;0.95;-3.7494;0.2529;19;3;0.1579;-7933.94;-3.47;1.0000;0.0190;0.97;32;0.0000
XAUUSDc;M1;1;14;13.00;0.40;1.50;2.50;4.00;3.0;5.0;10.0;1080;0;10;0.80;0.45;1.00;5.00;10000;2059;-9999.62;10504.37;0.83;-4.8565;0.2594;19;2;0.1053;-3803.87;-16.85;1.0000;0.0329;1.20;31;0.0000
XAUUSDc;M1;1;14;13.00;0.40;1.50;2.50;4.00;3.0;5.0;10.0;1080;1;10;0.80;0.45;1.00;5.00;10000;2210;-9999.61;12033.00;0.91;-4.5247;0.2372;19;3;0.1579;-5187.76;-2.29;1.0000;0.0276;0.98;28;0.0000
XAUUSDc;M1;1;14;13.00;0.40;1.50;2.50;4.00;3.0;5.0;6.0;1080;1;10;0.80;0.45;1.00;5.00;10000;1284;-9999.67;13115.01;0.87;-7.7879;0.2159;8;0;0.0000;-4452.48;-267.35;1.0000;0.0403;0.93;17;0.0000
XAUUSDc;M1;1;14;13.00;0.40;1.50;2.50;4.00;3.0;5.0;7.0;1080;0;10;0.80;0.45;1.00;5.00;10000;2582;-9999.61;20823.51;0.95;-3.8728;0.2499;19;2;0.1053;-8420.44;-7.43;1.0000;0.0207;0.90;33;0.0000
XAUUSDc;M1;1;14;13.00;0.40;1.50;2.50;4.00;3.0;5.0;7.0;1080;1;10;0.80;0.45;1.00;5.00;10000;2448;-9960.71;18512.16;0.90;-4.0689;0.2751;21;7;0.3333;-7869.75;-16.67;1.0000;0.0334;1.23;24;0.0000
XAUUSDc;M1;1;14;13.00;0.40;1.50;2.50;4.00;3.0;6.0;6.0;1080;1;10;0.80;0.45;1.00;5.00;10000;1688;-9999.61;16666.44;0.90;-5.9239;0.2337;18;2;0.1111;-5434.90;-0.54;1.0000;0.0390;0.89;22;0.0000
XAUUSDc;M1;1;14;13.00;0.40;1.50;2.50;4.00;3.0;6.0;8.0;1080;1;10;0.80;0.45;1.00;5.00;10000;1980;-9999.61;17609.96;0.91;-5.0503;0.2519;18;1;0.0556;-4335.71;-5.68;1.0000;0.0315;0.98;19;0.0000
XAUUSDc;M1;1;14;13.00;0.40;1.50;3.50;4.00;1.0;3.0;10.0;1080;0;10;0.80;0.45;1.00;5.00;10000;3758;-9998.72;20196.92;0.96;-2.6606;0.2673;21;7;0.3333;-8385.20;-1.96;1.0000;0.0152;0.97;38;0.0000
XAUUSDc;M1;1;14;13.00;0.40;1.50;3.50;4.00;1.0;3.0;6.0;1080;0;10;0.80;0.45;1.00;5.00;10000;3979;-9998.28;17181.78;0.95;-2.5128;0.2662;21;5;0.2381;-3782.15;-39.87;1.0000;0.0130;0.95;23;0.0000
XAUUSDc;M1;1;14;13.00;0.40;1.50;3.50;4.00;1.0;3.0;8.0;1080;0;10;0.80;0.45;1.00;5.00;10000;3652;-9998.85;22851.59;0.96;-2.7379;0.2716;21;6;0.2857;-10556.33;-5.51;1.0000;0.0157;0.92;25;0.0000
XAUUSDc;M1;1;14;13.00;0.40;1.50;3.50;4.00;1.0;3.0;8.0;1080;1;10;0.80;0.45;1.00;5.00;10000;3526;-9931.72;11872.42;0.93;-2.8167;0.2994;21;8;0.3810;-4307.51;-20.87;1.0000;0.0164;1.22;21;0.0000
XAUUSDc;M1;1;14;13.00;0.40;1.50;3.50;4.00;1.0;3.0;9.0;1080;1;10;0.80;0.45;1.00;5.00;10000;2688;-9947.39;13032.76;0.89;-3.7007;0.2658;21;7;0.3333;-5270.21;-20.93;1.0000;0.0296;1.37;23;0.0000
XAUUSDc;M1;1;14;13.00;0.40;1.50;3.50;4.00;1.0;4.0;6.0;1080;0;10;0.80;0.45;1.00;5.00;10000;3036;3270.33;58609.62;1.00;1.0772;0.2646;21;10;0.4762;-29777.32;-1046.86;2.5907;0.0133;1.19;16;0.0004
XAUUSDc;M1;1;14;13.00;0.40;1.50;3.50;4.00;1.0;4.0;6.0;1080;1;10;0.80;0.45;1.00;5.00;10000;2064;-9999.61;11020.72;0.80;-4.8448;0.2500;19;3;0.1579;-4584.92;-3.03;1.0000;0.0403;1.16;35;0.0000
XAUUSDc;M1;1;14;13.00;0.40;1.50;3.50;4.00;1.0;4.0;7.0;1080;0;10;0.80;0.45;1.00;5.00;10000;3276;-9999.35;25854.64;0.95;-3.0523;0.2726;21;5;0.2381;-8566.30;-4.50;1.0000;0.0200;1.11;33;0.0000
XAUUSDc;M1;1;14;13.00;0.40;1.50;3.50;4.00;1.0;4.0;8.0;1080;0;10;0.80;0.45;1.00;5.00;10000;3840;-9995.54;18954.69;0.93;-2.6030;0.2827;21;8;0.3810;-5555.34;-3.90;1.0000;0.0216;1.38;19;0.0000
XAUUSDc;M1;1;14;13.00;0.40;1.50;3.50;4.00;1.0;4.0;9.0;1080;0;10;0.80;0.45;1.00;5.00;10000;3345;-9983.73;14465.66;0.92;-2.9847;0.2670;21;7;0.3333;-7031.68;-15.95;1.0000;0.0233;1.27;21;0.0000
XAUUSDc;M1;1;14;13.00;0.40;1.50;3.50;4.00;1.0;4.0;9.0;1080;1;10;0.80;0.45;1.00;5.00;10000;3631;-9997.05;10354.75;0.87;-2.7532;0.2620;21;4;0.1905;-4530.09;-28.80;1.0000;0.0272;1.13;24;0.0000
XAUUSDc;M1;1;14;13.00;0.40;1.50;3.50;4.00;1.0;5.0;6.0;1080;1;10;0.80;0.45;1.00;5.00;10000;2250;-9999.61;11129.04;0.83;-4.4443;0.2420;18;3;0.1667;-4212.13;-22.76;1.0000;0.0426;0.99;35;0.0000
XAUUSDc;M1;1;14;13.00;0.40;1.50;3.50;4.00;1.0;5.0;8.0;1080;0;10;0.80;0.45;1.00;5.00;10000;2920;-9260.41;20951.33;0.95;-3.1714;0.2527;21;8;0.3810;-9765.77;-82.64;1.0000;0.0230;1.27;25;0.0000
XAUUSDc;M1;1;14;13.00;0.40;1.50;3.50;4.00;1.0;6.0;8.0;1080;0;10;0.80;0.45;1.00;5.00;10000;2923;-5583.65;57616.36;0.99;-1.9102;0.2503;21;10;0.4762;-32212.50;-1341.39;1.0000;0.0208;1.30;17;0.0000
XAUUSDc;M1;1;14;13.00;0.40;1.50;3.50;4.00;1.0;6.0;8.0;1080;1;10;0.80;0.45;1.00;5.00;10000;2537;-9999.39;11655.53;0.88;-3.9414;0.2381;21;4;0.1905;-5790.42;-5.14;1.0000;0.0337;1.18;21;0.0000
XAUUSDc;M1;1;14;13.00;0.40;1.50;3.50;4.00;1.0;6.0;9.0;1080;0;10;0.80;0.45;1.00;5.00;10000;3241;-9999.61;18524.42;0.95;-3.0853;0.2494;19;2;0.1053;-8361.26;-21.27;1.0000;0.0197;0.97;31;0.0000
XAUUSDc;M1;1;14;13.00;0.40;1.50;3.50;4.00;2.0;3.0;10.0;1080;0;10;0.80;0.45;1.00;5.00;10000;2312;-9989.65;11616.46;0.89;-4.3208;0.2880;21;9;0.4286;-4911.21;-0.18;1.0000;0.0220;1.33;18;0.0000
XAUUSDc;M1;1;14;13.00;0.40;1.50;3.50;4.00;2.0;3.0;7.0;1080;1;10;0.80;0.45;1.00;5.00;10000;3093;-9999.61;19730.43;0.95;-3.2330;0.2874;18;4;0.2222;-8751.66;-18.62;1.0000;0.0207;0.90;34;0.0000
XAUUSDc;M1;1;14;13.00;0.40;1.50;3.50;4.00;2.0;3.0;9.0;1080;0;10;0.80;0.45;1.00;5.00;10000;2434;-9995.80;12603.40;0.79;-4.1067;0.2789;21;8;0.3810;-6463.30;-3.83;1.0000;0.0454;1.12;26;0.0000
XAUUSDc;M1;1;14;13.00;0.40;1.50;3.50;4.00;2.0;4.0;6.0;1080;1;10;0.80;0.45;1.00;5.00;10000;2051;-9999.61;10671.07;0.83;-4.8755;0.2567;18;1;0.0556;-6325.73;-3.48;1.0000;0.0295;1.08;15;0.0000
XAUUSDc;M1;1;14;13.00;0.40;1.50;3.50;4.00;2.0;4.0;7.0;1080;1;10;0.80;0.45;1.00;5.00;10000;2891;-9999.26;10331.62;0.83;-3.4588;0.2714;21;4;0.1905;-6257.27;-1.26;1.0000;0.0289;0.99;23;0.0000
XAUUSDc;M1;1;14;13.00;0.40;1.50;3.50;4.00;2.0;5.0;6.0;1080;0;10;0.80;0.45;1.00;5.00;10000;2164;-9985.50;11854.97;0.86;-4.6144;0.2810;21;9;0.4286;-5257.02;-0.11;1.0000;0.0315;1.20;19;0.0000
XAUUSDc;M1;1;14;13.00;0.40;1.50;3.50;4.00;2.0;5.0;7.0;1080;0;10;0.80;0.45;1.00;5.00;10000;2984;-9999.61;25029.07;0.95;-3.3511;0.2712;18;4;0.2222;-6825.55;-8.16;1.0000;0.0210;0.88;34;0.0000
XAUUSDc;M1;1;14;13.00;0.40;1.50;3.50;4.00;2.0;5.0;9.0;1080;0;10;0.80;0.45;1.00;5.00;10000;2145;-9997.69;10411.18;0.77;-4.6609;0.2722;21;6;0.2857;-5915.47;-2.00;1.0000;0.0386;1.26;23;0.0000
XAUUSDc;M1;1;14;13.00;0.40;1.50;3.50;4.00;2.0;6.0;10.0;1080;0;10;0.80;0.45;1.00;5.00;10000;2546;-9979.33;13821.32;0.88;-3.9196;0.2798;21;7;0.3333;-5348.23;-14.06;1.0000;0.0373;1.37;20;0.0000
XAUUSDc;M1;1;14;13.00;0.40;1.50;3.50;4.00;2.0;6.0;10.0;1080;1;10;0.80;0.45;1.00;5.00;10000;2504;-9994.50;10380.39;0.81;-3.9914;0.2670;21;8;0.3810;-5246.99;-1.55;1.0000;0.0379;1.24;26;0.0000
XAUUSDc;M1;1;14;13.00;0.40;1.50;3.50;4.00;2.0;6.0;8.0;1080;1;10;0.80;0.45;1.00;5.00;10000;2721;-9999.62;22678.62;0.94;-3.6750;0.2767;19;3;0.1579;-10841.47;-1.91;1.0000;0.0222;1.09;36;0.0000
XAUUSDc;M1;1;14;13.00;0.40;1.50;3.50;4.00;3.0;3.0;7.0;1080;0;10;0.80;0.45;1.00;5.00;10000;2608;-9999.62;20967.78;0.95;-3.8342;0.2492;18;2;0.1111;-4152.33;-12.26;1.0000;0.0166;0.93;31;0.0000
XAUUSDc;M1;1;14;13.00;0.40;1.50;3.50;4.00;3.0;3.0;7.0;1080;1;10;0.80;0.45;1.00;5.00;10000;2145;-9996.80;10235.60;0.64;-4.6605;0.2322;21;6;0.2857;-7918.49;-0.57;1.0000;0.0638;1.13;32;0.0000
XAUUSDc;M1;1;14;13.00;0.40;1.50;3.50;4.00;3.0;3.0;8.0;1080;1;10;0.80;0.45;1.00;5.00;10000;2832;-9987.28;11440.42;0.86;-3.5266;0.3133;21;11;0.5238;-5638.11;0.51;1.0000;0.0208;1.24;18;0.0000
XAUUSDc;M1;1;14;13.00;0.40;1.50;3.50;4.00;3.0;4.0;10.0;1080;1;10;0.80;0.45;1.00;5.00;10000;2278;-9999.61;10713.28;0.84;-4.3896;0.2601;18;1;0.0556;-6166.02;-2.02;1.0000;0.0254;1.09;21;0.0000
XAUUSDc;M1;1;14;13.00;0.40;1.50;3.50;4.00;3.0;4.0;7.0;1080;0;10;0.80;0.45;1.00;5.00;10000;2603;-9999.61;19934.67;0.95;-3.8416;0.2571;19;2;0.1053;-8550.40;-2.28;1.0000;0.0161;0.92;26;0.0000
XAUUSDc;M1;1;14;13.00;0.40;1.50;3.50;4.00;3.0;5.0;6.0;1080;0;10;0.80;0.45;1.00;5.00;10000;2383;-9999.62;36446.76;0.96;-4.1962;0.2651;19;3;0.1579;-13694.96;-3.95;1.0000;0.0195;1.08;27;0.0000
XAUUSDc;M1;1;14;13.00;0.40;1.50;3.50;4.00;3.0;5.0;7.0;1080;0;10;0.80;0.45;1.00;5.00;10000;1904;-9999.62;10591.93;0.83;-5.2519;0.2559;19;1;0.0526;-3791.23;-9.59;1.0000;0.0275;1.09;23;0.0000
XAUUSDc;M1;1;14;13.00;0.40;1.50;3.50;4.00;3.0;5.0;9.0;1080;1;10;0.80;0.45;1.00;5.00;10000;2072;-9995.65;24619.95;0.93;-4.8242;0.2247;21;9;0.4286;-15132.57;-0.81;1.0000;0.0473;1.40;30;0.0000
XAUUSDc;M1;1;14;13.00;0.40;1.50;3.50;4.00;3.0;6.0;8.0;1080;1;10;0.80;0.45;1.00;5.00;10000;1977;-9997.92;20870.13;0.95;-5.0571;0.2350;21;8;0.3810;-7524.38;-1.00;1.0000;0.0245;1.40;24;0.0000
XAUUSDc;M1;1;14;13.00;0.40;1.50;3.50;4.00;3.0;6.0;9.0;1080;1;10;0.80;0.45;1.00;5.00;10000;1662;-9999.61;9999.61;0.78;-6.0166;0.2340;18;1;0.0556;-6096.74;-1.58;1.0000;0.0539;1.09;20;0.0000
XAUUSDc;M1;1;14;7.00;0.40;1.50;1.50;4.00;1.0;3.0;10.0;1080;1;10;0.80;0.45;1.00;5.00;10000;14306;371053.54;70654.56;1.10;25.9369;0.3721;21;17;0.8095;-27503.51;17210.36;0.0563;0.0057;0.63;18;2.5613
XAUUSDc;M1;1;14;7.00;0.40;1.50;1.50;4.00;1.0;3.0;6.0;1080;0;10;0.80;0.45;1.00;5.00;10000;11068;289774.00;131343.73;1.07;26.1812;0.4017;21;14;0.6667;-40106.10;13331.80;0.0950;0.0067;0.80;19;0.7878
XAUUSDc;M1;1;14;7.00;0.40;1.50;1.50;4.00;1.0;3.0;7.0;1080;0;10;0.80;0.45;1.00;5.00;10000;10310;229073.29;116284.60;1.07;22.2186;0.3387;21;14;0.6667;-74777.29;15853.07;0.0857;0.0064;0.70;15;0.5931
XAUUSDc;M1;1;14;7.00;0.40;1.50;1.50;4.00;1.0;3.0;7.0;1080;1;10;0.80;0.45;1.00;5.00;10000;12854;206561.41;121557.19;1.05;16.0698;0.3604;21;16;0.7619;-47233.20;15862.05;0.1186;0.0061;0.62;17;0.7110
XAUUSDc;M1;1;14;7.00;0.40;1.50;1.50;4.00;1.0;3.0;8.0;1080;0;10;0.80;0.45;1.00;5.00;10000;10310;242146.37;112123.20;1.07;23.4866;0.3386;21;14;0.6667;-74913.62;16599.95;0.0820;0.0065;0.71;15;0.6500
XAUUSDc;M1;1;14;7.00;0.40;1.50;1.50;4.00;1.0;3.0;9.0;1080;0;10;0.80;0.45;1.00;5.00;10000;9775;105535.12;127995.51;1.03;10.7964;0.3575;21;15;0.7143;-54384.79;6560.92;0.2065;0.0068;0.83;16;0.2185
XAUUSDc;M1;1;14;7.00;0.40;1.50;1.50;4.00;1.0;3.0;9.0;1080;1;10;0.80;0.45;1.00;5.00;10000;9946;208948.45;139430.56;1.05;21.0083;0.3775;21;13;0.6190;-47822.37;10008.47;0.1118;0.0054;0.84;16;0.4336
XAUUSDc;M1;1;14;7.00;0.40;1.50;1.50;4.00;1.0;4.0;10.0;1080;0;10;0.80;0.45;1.00;5.00;10000;10703;297536.72;131648.37;1.07;27.7994;0.3982;21;15;0.7143;-33152.74;12639.61;0.0785;0.0057;0.84;19;0.9184
XAUUSDc;M1;1;14;7.00;0.40;1.50;1.50;4.00;1.0;4.0;10.0;1080;1;10;0.80;0.45;1.00;5.00;10000;10487;-8326.83;108850.78;1.00;-0.7940;0.3633;21;11;0.5238;-52508.12;595.85;1.0000;0.0065;0.73;15;0.0000
XAUUSDc;M1;1;14;7.00;0.40;1.50;1.50;4.00;1.0;4.0;6.0;1080;0;10;0.80;0.45;1.00;5.00;10000;11519;126471.47;157092.89;1.03;10.9794;0.3713;21;13;0.6190;-49372.38;14399.82;0.1947;0.0066;0.68;15;0.1765
XAUUSDc;M1;1;14;7.00;0.40;1.50;1.50;4.00;1.0;4.0;6.0;1080;1;10;0.80;0.45;1.00;5.00;10000;7817;58278.31;63766.67;1.02;7.4553;0.3780;21;13;0.6190;-42419.26;7736.25;0.2142;0.0053;0.98;19;0.1854
XAUUSDc;M1;1;14;7.00;0.40;1.50;1.50;4.00;1.0;4.0;8.0;1080;0;10;0.80;0.45;1.00;5.00;10000;11529;128850.16;161737.53;1.03;11.1762;0.3718;21;13;0.6190;-57066.01;13409.01;0.1926;0.0066;0.71;15;0.1768
XAUUSDc;M1;1;14;7.00;0.40;1.50;1.50;4.00;1.0;4.0;9.0;1080;0;10;0.80;0.45;1.00;5.00;10000;10703;293745.01;132982.75;1.07;27.4451;0.3979;21;14;0.6667;-35486.60;14607.33;0.0786;0.0056;0.84;19;0.7812
XAUUSDc;M1;1;14;7.00;0.40;1.50;1.50;4.00;1.0;4.0;9.0;1080;1;10;0.80;0.45;1.00;5.00;10000;10706;245970.61;129827.46;1.06;22.9750;0.3963;21;13;0.6190;-40525.61;13047.88;0.0865;0.0053;0.83;19;0.5754
XAUUSDc;M1;1;14;7.00;0.40;1.50;1.50;4.00;1.0;5.0;10.0;1080;1;10;0.80;0.45;1.00;5.00;10000;10374;262662.63;126973.67;1.06;25.3193;0.3967;21;15;0.7143;-39835.32;18020.47;0.0947;0.0061;0.84;13;0.8375
XAUUSDc;M1;1;14;7.00;0.40;1.50;1.50;4.00;1.0;5.0;6.0;1080;0;10;0.80;0.45;1.00;5.00;10000;12698;136868.55;158136.06;1.03;10.7787;0.3483;21;14;0.6667;-45483.83;12251.57;0.2206;0.0080;0.58;17;0.1822
XAUUSDc;M1;1;14;7.00;0.40;1.50;1.50;4.00;1.0;5.0;8.0;1080;0;10;0.80;0.45;1.00;5.00;10000;9209;33145.60;141992.91;1.01;3.5993;0.3521;21;12;0.5714;-59779.54;5742.53;0.7366;0.0079;0.82;16;0.0109
XAUUSDc;M1;1;14;7.00;0.40;1.50;1.50;4.00;1.0;6.0;10.0;1080;0;10;0.80;0.45;1.00;5.00;10000;9489;162667.24;124749.37;1.05;17.1427;0.3274;21;12;0.5714;-86495.16;9877.03;0.1442;0.0078;0.74;16;0.2788
XAUUSDc;M1;1;14;7.00;0.40;1.50;1.50;4.00;1.0;6.0;6.0;1080;0;10;0.80;0.45;1.00;5.00;10000;10030;213571.21;130777.62;1.05;21.2932;0.3978;21;14;0.6667;-42934.22;14506.94;0.1424;0.0076;0.80;19;0.5775
XAUUSDc;M1;1;14;7.00;0.40;1.50;1.50;4.00;1.0;6.0;8.0;1080;0;10;0.80;0.45;1.00;5.00;10000;10320;260162.90;124083.38;1.06;25.2096;0.3979;21;13;0.6190;-43479.16;16266.07;0.1016;0.0065;0.83;19;0.6394
XAUUSDc;M1;1;14;7.00;0.40;1.50;1.50;4.00;1.0;6.0;9.0;1080;1;10;0.80;0.45;1.00;5.00;10000;9751;113125.30;130537.82;1.03;11.6014;0.3258;21;14;0.6667;-69034.55;10431.35;0.1714;0.0066;0.74;19;0.2196
XAUUSDc;M1;1;14;7.00;0.40;1.50;1.50;4.00;2.0;3.0;7.0;1080;0;10;0.80;0.45;1.00;5.00;10000;9714;204106.94;168962.12;1.05;21.0116;0.3508;21;13;0.6190;-79393.42;9846.86;0.0988;0.0045;0.82;26;0.3248
XAUUSDc;M1;1;14;7.00;0.40;1.50;1.50;4.00;2.0;3.0;7.0;1080;1;10;0.80;0.45;1.00;5.00;10000;6275;-9970.84;66153.71;0.99;-1.5890;0.2937;21;9;0.4286;-21114.68;-39.46;1.0000;0.0106;0.86;27;0.0000
XAUUSDc;M1;1;14;7.00;0.40;1.50;1.50;4.00;2.0;4.0;6.0;1080;0;10;0.80;0.45;1.00;5.00;10000;10202;58978.51;189513.35;1.01;5.7811;0.3407;21;13;0.6190;-66278.09;11382.78;0.4618;0.0065;0.68;17;0.0264
XAUUSDc;M1;1;14;7.00;0.40;1.50;1.50;4.00;2.0;4.0;7.0;1080;0;10;0.80;0.45;1.00;5.00;10000;9355;202203.82;165034.18;1.05;21.6145;0.3498;21;13;0.6190;-73790.59;9418.94;0.0997;0.0045;0.82;26;0.3285
XAUUSDc;M1;1;14;7.00;0.40;1.50;1.50;4.00;2.0;4.0;7.0;1080;1;10;0.80;0.45;1.00;5.00;10000;6467;-9999.48;62939.59;0.99;-1.5462;0.2986;21;9;0.4286;-21283.10;-0.32;1.0000;0.0070;0.79;17;0.0000
XAUUSDc;M1;1;14;7.00;0.40;1.50;1.50;4.00;2.0;4.0;8.0;1080;0;10;0.80;0.45;1.00;5.00;10000;11151;212893.75;100133.26;1.05;19.0919;0.3385;21;16;0.7619;-46919.41;12586.27;0.1367;0.0066;0.65;18;0.8355
XAUUSDc;M1;1;14;7.00;0.40;1.50;1.50;4.00;2.0;4.0;9.0;1080;0;10;0.80;0.45;1.00;5.00;10000;10593;108517.32;136642.84;1.03;10.2442;0.3367;21;14;0.6667;-78105.21;8163.95;0.2763;0.0075;0.66;19;0.1290
XAUUSDc;M1;1;14;7.00;0.40;1.50;1.50;4.00;2.0;5.0;7.0;1080;0;10;0.80;0.45;1.00;5.00;10000;9967;9093.86;198688.67;1.00;0.9124;0.3407;21;12;0.5714;-77165.93;8652.88;3.4488;0.0084;0.70;17;0.0004
XAUUSDc;M1;1;14;7.00;0.40;1.50;1.50;4.00;2.0;5.0;7.0;1080;1;10;0.80;0.45;1.00;5.00;10000;9713;46305.77;205142.41;1.01;4.7674;0.3172;21;12;0.5714;-103076.97;2173.65;0.6768;0.0078;0.66;27;0.0104
XAUUSDc;M1;1;14;7.00;0.40;1.50;1.50;4.00;2.0;5.0;8.0;1080;0;10;0.80;0.45;1.00;5.00;10000;10849;184390.43;110141.83;1.04;16.9961;0.3382;21;15;0.7143;-53161.49;13694.74;0.1675;0.0071;0.65;18;0.5174
XAUUSDc;M1;1;14;7.00;0.40;1.50;1.50;4.00;2.0;5.0;8.0;1080;1;10;0.80;0.45;1.00;5.00;10000;10219;264895.13;151832.48;1.06;25.9218;0.3816;21;14;0.6667;-49721.74;10095.64;0.1129;0.0069;0.79;16;0.5918
XAUUSDc;M1;1;14;7.00;0.40;1.50;1.50;4.00;2.0;5.0;9.0;1080;1;10;0.80;0.45;1.00;5.00;10000;9885;131743.71;123981.95;1.03;13.3276;0.3061;21;13;0.6190;-58016.94;5974.93;0.2350;0.0069;0.66;20;0.1591
XAUUSDc;M1;1;14;7.00;0.40;1.50;1.50;4.00;2.0;6.0;6.0;1080;1;10;0.80;0.45;1.00;5.00;10000;9883;86563.81;158260.40;1.02;8.7589;0.3251;21;12;0.5714;-53955.05;9192.15;0.3713;0.0074;0.64;18;0.0469
XAUUSDc;M1;1;14;7.00;0.40;1.50;1.50;4.00;2.0;6.0;7.0;1080;1;10;0.80;0.45;1.00;5.00;10000;9620;112946.27;123001.74;1.03;11.7408;0.3024;21;11;0.5238;-51321.45;5539.48;0.2725;0.0069;0.66;22;0.0839
XAUUSDc;M1;1;14;7.00;0.40;1.50;1.50;4.00;2.0;6.0;8.0;1080;0;10;0.80;0.45;1.00;5.00;10000;8976;189642.26;162658.27;1.04;21.1277;0.3498;21;12;0.5714;-78494.55;14168.88;0.1280;0.0055;0.83;26;0.2663
XAUUSDc;M1;1;14;7.00;0.40;1.50;1.50;4.00;3.0;3.0;10.0;1080;0;10;0.80;0.45;1.00;5.00;10000;8985;123503.73;157258.23;1.03;13.7455;0.3220;21;12;0.5714;-92586.49;5854.78;0.1438;0.0042;0.84;26;0.1652
XAUUSDc;M1;1;14;7.00;0.40;1.50;1.50;4.00;3.0;3.0;9.0;1080;0;10;0.80;0.45;1.00;5.00;10000;7176;-9992.61;66929.04;0.99;-1.3925;0.2823;21;8;0.3810;-16057.79;-209.17;1.0000;0.0074;0.83;22;0.0000
XAUUSDc;M1;1;14;7.00;0.40;1.50;1.50;4.00;3.0;3.0;9.0;1080;1;10;0.80;0.45;1.00;5.00;10000;7973;-8842.69;100998.42;1.00;-1.1091;0.3139;21;12;0.5714;-82122.51;326.61;1.0000;0.0051;0.84;26;0.0000
XAUUSDc;M1;1;14;7.00;0.40;1.50;1.50;4.00;3.0;4.0;10.0;1080;1;10;0.80;0.45;1.00;5.00;10000;7896;84283.78;138647.42;1.02;10.6742;0.3154;21;12;0.5714;-92932.55;10589.64;0.2305;0.0047;0.84;26;0.0815
XAUUSDc;M1;1;14;7.00;0.40;1.50;1.50;4.00;3.0;4.0;6.0;1080;0;10;0.80;0.45;1.00;5.00;10000;9387;-9988.79;75942.22;0.99;-1.0641;0.3040;21;11;0.5238;-48014.08;0.97;1.0000;0.0041;0.68;20;0.0000
XAUUSDc;M1;1;14;7.00;0.40;1.50;1.50;4.00;3.0;4.0;6.0;1080;1;10;0.80;0.45;1.00;5.00;10000;7943;-9708.33;99308.76;1.00;-1.2222;0.3142;21;11;0.5238;-80501.23;76.03;1.0000;0.0066;0.83;26;0.0000
XAUUSDc;M1;1;14;7.00;0.40;1.50;1.50;4.00;3.0;4.0;8.0;1080;0;10;0.80;0.45;1.00;5.00;10000;10350;168619.95;116653.29;1.04;16.2918;0.3000;21;16;0.7619;-56020.37;12140.80;0.1846;0.0069;0.65;22;0.4091
XAUUSDc;M1;1;14;7.00;0.40;1.50;1.50;4.00;3.0;4.0;8.0;1080;1;10;0.80;0.45;1.00;5.00;10000;7748;-9089.35;109178.59;1.00;-1.1731;0.3138;21;10;0.4762;-87332.04;-185.98;1.0000;0.0061;0.84;26;0.0000
XAUUSDc;M1;1;14;7.00;0.40;1.50;1.50;4.00;3.0;4.0;9.0;1080;0;10;0.80;0.45;1.00;5.00;10000;10357;160346.06;116114.90;1.04;15.4819;0.3000;21;16;0.7619;-52070.57;12770.85;0.1941;0.0069;0.66;22;0.3717
XAUUSDc;M1;1;14;7.00;0.40;1.50;1.50;4.00;3.0;5.0;10.0;1080;0;10;0.80;0.45;1.00;5.00;10000;10051;149378.40;123036.82;1.03;14.8620;0.3001;21;14;0.6667;-55847.82;10593.68;0.2250;0.0075;0.66;22;0.2159
XAUUSDc;M1;1;14;7.00;0.40;1.50;1.50;4.00;3.0;5.0;6.0;1080;1;10;0.80;0.45;1.00;5.00;10000;3033;-9999.65;15103.53;0.95;-3.2970;0.2836;9;2;0.2222;-6616.61;-58.14;1.0000;0.0158;0.72;18;0.0000
XAUUSDc;M1;1;14;7.00;0.40;1.50;1.50;4.00;3.0;5.0;7.0;1080;0;10;0.80;0.45;1.00;5.00;10000;8378;-1145.49;125932.19;1.00;-0.1367;0.3216;21;12;0.5714;-90954.11;3282.76;1.0000;0.0042;0.82;26;0.0000
XAUUSDc;M1;1;14;7.00;0.40;1.50;1.50;4.00;3.0;5.0;7.0;1080;1;10;0.80;0.45;1.00;5.00;10000;8191;82076.10;136514.37;1.02;10.0203;0.3197;21;12;0.5714;-94748.19;7821.67;0.2497;0.0051;0.83;26;0.0754
XAUUSDc;M1;1;14;7.00;0.40;1.50;1.50;4.00;3.0;5.0;9.0;1080;0;10;0.80;0.45;1.00;5.00;10000;4607;-9999.31;44411.44;0.98;-2.1705;0.2932;21;6;0.2857;-11160.01;-0.41;1.0000;0.0154;0.96;29;0.0000
XAUUSDc;M1;1;14;7.00;0.40;1.50;1.50;4.00;3.0;6.0;8.0;1080;0;10;0.80;0.45;1.00;5.00;10000;8252;98130.94;141684.15;1.02;11.8918;0.3220;21;12;0.5714;-96176.29;11063.81;0.2596;0.0062;0.83;26;0.0842
XAUUSDc;M1;1;14;7.00;0.40;1.50;1.50;4.00;3.0;6.0;9.0;1080;1;10;0.80;0.45;1.00;5.00;10000;7820;-9999.47;186732.74;1.00;-1.2787;0.2759;21;10;0.4762;-103725.07;-0.23;1.0000;0.0093;0.70;22;0.0000
XAUUSDc;M1;1;14;7.00;0.40;1.50;2.50;4.00;1.0;3.0;10.0;1080;0;10;0.80;0.45;1.00;5.00;10000;13565;274886.91;100511.90;1.07;20.2644;0.3562;21;16;0.7619;-32403.23;15855.68;0.0817;0.0058;0.63;17;1.1310
XAUUSDc;M1;1;14;7.00;0.40;1.50;2.50;4.00;1.0;3.0;10.0;1080;1;10;0.80;0.45;1.00;5.00;10000;8687;155495.00;81434.72;1.05;17.8997;0.3746;21;12;0.5714;-27268.64;7320.84;0.1129;0.0052;0.93;15;0.4672
XAUUSDc;M1;1;14;7.00;0.40;1.50;2.50;4.00;1.0;3.0;6.0;1080;0;10;0.80;0.45;1.00;5.00;10000;7801;224377.14;67542.31;1.08;28.7626;0.3314;21;15;0.7143;-37382.23;11594.44;0.0835;0.0074;0.82;19;1.1233
XAUUSDc;M1;1;14;7.00;0.40;1.50;2.50;4.00;1.0;3.0;7.0;1080;0;10;0.80;0.45;1.00;5.00;10000;8857;158096.72;114991.35;1.06;17.8499;0.3259;21;16;0.7619;-57473.41;12173.76;0.1155;0.0070;0.76;18;0.5201
XAUUSDc;M1;1;14;7.00;0.40;1.50;2.50;4.00;1.0;3.0;8.0;1080;0;10;0.80;0.45;1.00;5.00;10000;12977;328315.78;83468.86;1.08;25.2998;0.3593;21;16;0.7619;-28614.22;16565.08;0.0717;0.0060;0.65;18;1.6408
XAUUSDc;M1;1;14;7.00;0.40;1.50;2.50;4.00;1.0;3.0;9.0;1080;1;10;0.80;0.45;1.00;5.00;10000;8336;94397.72;140979.25;1.03;11.3241;0.3539;21;14;0.6667;-62128.38;11163.41;0.1700;0.0056;0.90;17;0.1859
XAUUSDc;M1;1;14;7.00;0.40;1.50;2.50;4.00;1.0;4.0;10.0;1080;1;10;0.80;0.45;1.00;5.00;10000;7723;-9861.61;78950.62;0.99;-1.2769;0.3306;21;13;0.6190;-56412.09;699.12;1.0000;0.0081;0.84;20;0.0000
XAUUSDc;M1;1;14;7.00;0.40;1.50;2.50;4.00;1.0;4.0;6.0;1080;0;10;0.80;0.45;1.00;5.00;10000;11516;121641.50;156545.48;1.03;10.5628;0.3714;21;13;0.6190;-49749.56;14355.62;0.1986;0.0065;0.68;15;0.1670
XAUUSDc;M1;1;14;7.00;0.40;1.50;2.50;4.00;1.0;4.0;6.0;1080;1;10;0.80;0.45;1.00;5.00;10000;12901;143401.08;156100.71;1.03;11.1155;0.3499;21;15;0.7143;-48981.41;11159.06;0.1832;0.0069;0.58;17;0.2686
XAUUSDc;M1;1;14;7.00;0.40;1.50;2.50;4.00;1.0;4.0;7.0;1080;1;10;0.80;0.45;1.00;5.00;10000;12005;122893.77;172267.97;1.03;10.2369;0.3576;21;14;0.6667;-46078.26;8291.90;0.2364;0.0072;0.63;17;0.1439
XAUUSDc;M1;1;14;7.00;0.40;1.50;2.50;4.00;1.0;4.0;8.0;1080;0;10;0.80;0.45;1.00;5.00;10000;10699;286374.06;130251.05;1.07;26.7664;0.3979;21;14;0.6667;-37224.30;12360.24;0.0806;0.0056;0.83;19;0.7776
XAUUSDc;M1;1;14;7.00;0.40;1.50;2.50;4.00;1.0;4.0;9.0;1080;0;10;0.80;0.45;1.00;5.00;10000;9693;159482.10;119626.77;1.05;16.4533;0.3352;21;14;0.6667;-67132.20;10914.88;0.1480;0.0077;0.77;19;0.3973
XAUUSDc;M1;1;14;7.00;0.40;1.50;2.50;4.00;1.0;4.0;9.0;1080;1;10;0.80;0.45;1.00;5.00;10000;12739;158635.27;139611.75;1.04;12.4527;0.3544;21;14;0.6667;-45582.06;11566.71;0.1637;0.0067;0.63;17;0.3281
XAUUSDc;M1;1;14;7.00;0.40;1.50;2.50;4.00;1.0;5.0;6.0;1080;0;10;0.80;0.45;1.00;5.00;10000;10431;244029.21;135366.08;1.06;23.3946;0.3976;21;14;0.6667;-41288.23;14811.85;0.1246;0.0075;0.80;19;0.6371
XAUUSDc;M1;1;14;7.00;0.40;1.50;2.50;4.00;1.0;5.0;7.0;1080;0;10;0.80;0.45;1.00;5.00;10000;12712;132658.40;153044.61;1.03;10.4357;0.3490;21;14;0.6667;-43391.47;10796.68;0.2068;0.0073;0.60;17;0.1951
XAUUSDc;M1;1;14;7.00;0.40;1.50;2.50;4.00;1.0;5.0;8.0;1080;0;10;0.80;0.45;1.00;5.00;10000;11536;124338.54;106601.88;1.03;10.7783;0.3374;21;15;0.7143;-66493.30;11089.05;0.2178;0.0079;0.65;19;0.2766
XAUUSDc;M1;1;14;7.00;0.40;1.50;2.50;4.00;1.0;5.0;9.0;1080;0;10;0.80;0.45;1.00;5.00;10000;12166;205646.57;99692.41;1.05;16.9034;0.3529;21;15;0.7143;-37308.66;12885.56;0.1367;0.0074;0.66;18;0.7428
XAUUSDc;M1;1;14;7.00;0.40;1.50;2.50;4.00;1.0;5.0;9.0;1080;1;10;0.80;0.45;1.00;5.00;10000;7615;27633.12;65108.63;1.01;3.6288;0.3708;21;11;0.5238;-27480.40;1182.45;0.5597;0.0064;0.98;17;0.0231
XAUUSDc;M1;1;14;7.00;0.40;1.50;2.50;4.00;1.0;6.0;6.0;1080;0;10;0.80;0.45;1.00;5.00;10000;9494;298020.08;116636.31;1.08;31.3904;0.3944;21;14;0.6667;-35091.00;14580.10;0.1179;0.0091;0.84;13;0.8958
XAUUSDc;M1;1;14;7.00;0.40;1.50;2.50;4.00;1.0;6.0;6.0;1080;1;10;0.80;0.45;1.00;5.00;10000;11730;123719.18;102161.36;1.03;10.5472;0.3455;21;15;0.7143;-51509.86;10334.98;0.2106;0.0072;0.59;18;0.3041
XAUUSDc;M1;1;14;7.00;0.40;1.50;2.50;4.00;1.0;6.0;7.0;1080;1;10;0.80;0.45;1.00;5.00;10000;8273;-9658.50;102753.67;0.99;-1.1675;0.3167;21;12;0.5714;-65344.58;188.69;1.0000;0.0085;0.77;21;0.0000
XAUUSDc;M1;1;14;7.00;0.40;1.50;2.50;4.00;1.0;6.0;8.0;1080;1;10;0.80;0.45;1.00;5.00;10000;10510;251848.27;130534.33;1.06;23.9627;0.3960;21;14;0.6667;-50598.62;15303.27;0.0931;0.0059;0.82;19;0.6792
XAUUSDc;M1;1;14;7.00;0.40;1.50;2.50;4.00;1.0;6.0;9.0;1080;0;10;0.80;0.45;1.00;5.00;10000;10320;256494.21;125329.91;1.06;24.8541;0.3978;21;13;0.6190;-41939.10;18289.96;0.1031;0.0065;0.84;19;0.6239
XAUUSDc;M1;1;14;7.00;0.40;1.50;2.50;4.00;2.0;3.0;6.0;1080;0;10;0.80;0.45;1.00;5.00;10000;12237;216376.57;128098.70;1.05;17.6822;0.3390;21;16;0.7619;-47911.43;13242.93;0.1265;0.0062;0.58;20;0.6647
XAUUSDc;M1;1;14;7.00;0.40;1.50;2.50;4.00;2.0;3.0;9.0;1080;0;10;0.80;0.45;1.00;5.00;10000;11655;278280.01;90448.29;1.06;23.8764;0.3397;21;16;0.7619;-35823.49;12324.43;0.0913;0.0057;0.66;18;1.2134
XAUUSDc;M1;1;14;7.00;0.40;1.50;2.50;4.00;2.0;3.0;9.0;1080;1;10;0.80;0.45;1.00;5.00;10000;12149;304518.81;84123.06;1.07;25.0653;0.3518;21;16;0.7619;-35905.64;14588.19;0.0817;0.0057;0.65;18;1.4786
XAUUSDc;M1;1;14;7.00;0.40;1.50;2.50;4.00;2.0;4.0;10.0;1080;0;10;0.80;0.45;1.00;5.00;10000;10220;92675.96;166921.58;1.02;9.0681;0.3410;21;13;0.6190;-69210.20;13739.81;0.2782;0.0060;0.73;17;0.0782
XAUUSDc;M1;1;14;7.00;0.40;1.50;2.50;4.00;2.0;4.0;6.0;1080;0;10;0.80;0.45;1.00;5.00;10000;9362;210074.82;163672.53;1.05;22.4391;0.3498;21;13;0.6190;-72661.89;11714.54;0.1286;0.0060;0.80;26;0.3441
XAUUSDc;M1;1;14;7.00;0.40;1.50;2.50;4.00;2.0;4.0;7.0;1080;1;10;0.80;0.45;1.00;5.00;10000;11460;165280.03;153132.51;1.04;14.4223;0.3704;21;13;0.6190;-58901.57;10059.50;0.1514;0.0061;0.65;15;0.3035
XAUUSDc;M1;1;14;7.00;0.40;1.50;2.50;4.00;2.0;4.0;9.0;1080;1;10;0.80;0.45;1.00;5.00;10000;11177;211084.38;100829.15;1.05;18.8856;0.3392;21;16;0.7619;-45592.21;13332.51;0.1433;0.0069;0.66;18;0.8244
XAUUSDc;M1;1;14;7.00;0.40;1.50;2.50;4.00;2.0;5.0;10.0;1080;0;10;0.80;0.45;1.00;5.00;10000;8193;-9610.21;123384.21;1.00;-1.1730;0.3356;21;11;0.5238;-61707.47;143.05;1.0000;0.0063;0.83;17;0.0000
XAUUSDc;M1;1;14;7.00;0.40;1.50;2.50;4.00;2.0;5.0;7.0;1080;0;10;0.80;0.45;1.00;5.00;10000;10842;158383.74;108515.64;1.04;14.6084;0.3381;21;16;0.7619;-52574.05;13444.42;0.1950;0.0071;0.64;18;0.4408
XAUUSDc;M1;1;14;7.00;0.40;1.50;2.50;4.00;2.0;5.0;9.0;1080;0;10;0.80;0.45;1.00;5.00;10000;7419;-9834.94;137551.13;0.99;-1.3256;0.3292;21;11;0.5238;-83110.68;58.43;1.0000;0.0081;0.80;15;0.0000
XAUUSDc;M1;1;14;7.00;0.40;1.50;2.50;4.00;2.0;5.0;9.0;1080;1;10;0.80;0.45;1.00;5.00;10000;9456;100102.14;130837.44;1.02;10.5861;0.2958;21;12;0.5714;-55907.06;3825.71;0.3242;0.0073;0.66;24;0.0684
XAUUSDc;M1;1;14;7.00;0.40;1.50;2.50;4.00;2.0;6.0;6.0;1080;0;10;0.80;0.45;1.00;5.00;10000;8689;142799.30;158851.37;1.03;16.4345;0.3499;21;12;0.5714;-78375.92;14345.82;0.1509;0.0050;0.80;26;0.2042
XAUUSDc;M1;1;14;7.00;0.40;1.50;2.50;4.00;2.0;6.0;6.0;1080;1;10;0.80;0.45;1.00;5.00;10000;8473;29579.62;108382.07;1.01;3.4910;0.3407;21;12;0.5714;-74803.32;8927.28;0.4729;0.0040;0.81;26;0.0193
XAUUSDc;M1;1;14;7.00;0.40;1.50;2.50;4.00;2.0;6.0;8.0;1080;0;10;0.80;0.45;1.00;5.00;10000;10642;157661.31;108319.63;1.04;14.8150;0.3382;21;14;0.6667;-48898.60;8193.31;0.2089;0.0076;0.65;18;0.3142
XAUUSDc;M1;1;14;7.00;0.40;1.50;2.50;4.00;2.0;6.0;9.0;1080;0;10;0.80;0.45;1.00;5.00;10000;9787;-9477.63;147053.07;1.00;-0.9684;0.3398;21;11;0.5238;-76713.59;139.30;1.0000;0.0075;0.72;17;0.0000
XAUUSDc;M1;1;14;7.00;0.40;1.50;2.50;4.00;2.0;6.0;9.0;1080;1;10;0.80;0.45;1.00;5.00;10000;7798;35642.68;113897.09;1.01;4.5707;0.3184;21;11;0.5238;-87293.60;8275.98;0.4548;0.0043;0.84;26;0.0180
XAUUSDc;M1;1;14;7.00;0.40;1.50;2.50;4.00;3.0;3.0;10.0;1080;1;10;0.80;0.45;1.00;5.00;10000;9309;-4276.41;167173.59;1.00;-0.4594;0.2825;21;12;0.5714;-89688.07;4921.25;1.0000;0.0054;0.67;25;0.0000
XAUUSDc;M1;1;14;7.00;0.40;1.50;2.50;4.00;3.0;3.0;7.0;1080;0;10;0.80;0.45;1.00;5.00;10000;11395;162315.85;146216.19;1.04;14.2445;0.2975;21;15;0.7143;-48445.42;12214.13;0.1691;0.0060;0.60;23;0.2989
XAUUSDc;M1;1;14;7.00;0.40;1.50;2.50;4.00;3.0;3.0;8.0;1080;0;10;0.80;0.45;1.00;5.00;10000;11393;174403.87;140747.63;1.04;15.3080;0.2976;21;14;0.6667;-46718.27;14727.07;0.1574;0.0060;0.61;23;0.3124
XAUUSDc;M1;1;14;7.00;0.40;1.50;2.50;4.00;3.0;3.0;8.0;1080;1;10;0.80;0.45;1.00;5.00;10000;7206;-9861.33;62497.11;0.99;-1.3685;0.3122;21;10;0.4762;-30476.76;-3.32;1.0000;0.0102;0.99;19;0.0000
XAUUSDc;M1;1;14;7.00;0.40;1.50;2.50;4.00;3.0;3.0;9.0;1080;0;10;0.80;0.45;1.00;5.00;10000;10857;237317.07;107440.89;1.05;21.8584;0.2999;21;15;0.7143;-45381.73;15958.57;0.1185;0.0061;0.66;22;0.6760
XAUUSDc;M1;1;14;7.00;0.40;1.50;2.50;4.00;3.0;3.0;9.0;1080;1;10;0.80;0.45;1.00;5.00;10000;4245;-9999.61;27955.45;0.97;-2.3556;0.2847;18;4;0.2222;-11533.47;-0.09;1.0000;0.0133;0.71;18;0.0000
XAUUSDc;M1;1;14;7.00;0.40;1.50;2.50;4.00;3.0;4.0;10.0;1080;0;10;0.80;0.45;1.00;5.00;10000;9854;32907.49;203031.11;1.01;3.3395;0.2953;21;14;0.6667;-96914.80;4456.09;0.8901;0.0072;0.67;27;0.0072
XAUUSDc;M1;1;14;7.00;0.40;1.50;2.50;4.00;3.0;4.0;10.0;1080;1;10;0.80;0.45;1.00;5.00;10000;9235;167769.40;154964.34;1.04;18.1667;0.3321;21;13;0.6190;-79276.48;6555.32;0.1044;0.0040;0.83;26;0.2756
XAUUSDc;M1;1;14;7.00;0.40;1.50;2.50;4.00;3.0;4.0;7.0;1080;1;10;0.80;0.45;1.00;5.00;10000;4295;-9999.58;72769.84;0.98;-2.3282;0.2489;20;4;0.2000;-27007.27;-5.71;1.0000;0.0200;0.83;27;0.0000
XAUUSDc;M1;1;14;7.00;0.40;1.50;2.50;4.00;3.0;5.0;10.0;1080;1;10;0.80;0.45;1.00;5.00;10000;9414;178097.15;160410.70;1.04;18.9183;0.3444;21;13;0.6190;-74615.44;9478.73;0.1179;0.0048;0.82;23;0.2931
XAUUSDc;M1;1;14;7.00;0.40;1.50;2.50;4.00;3.0;5.0;7.0;1080;0;10;0.80;0.45;1.00;5.00;10000;5450;-9999.58;71246.04;0.99;-1.8348;0.2791;21;7;0.3333;-24442.06;-3.98;1.0000;0.0107;0.80;27;0.0000
XAUUSDc;M1;1;14;7.00;0.40;1.50;2.50;4.00;3.0;5.0;8.0;1080;0;10;0.80;0.45;1.00;5.00;10000;9572;21867.80;213863.26;1.01;2.2846;0.2953;21;12;0.5714;-104817.26;3750.44;1.4667;0.0079;0.65;26;0.0020
XAUUSDc;M1;1;14;7.00;0.40;1.50;2.50;4.00;3.0;5.0;9.0;1080;0;10;0.80;0.45;1.00;5.00;10000;10544;67672.62;202109.88;1.02;6.4181;0.2975;21;14;0.6667;-52728.73;2331.90;0.4790;0.0072;0.62;23;0.0277
XAUUSDc;M1;1;14;7.00;0.40;1.50;2.50;4.00;3.0;6.0;6.0;1080;1;10;0.80;0.45;1.00;5.00;10000;5285;-9999.31;69203.25;0.99;-1.8920;0.2963;21;7;0.3333;-28005.33;-0.61;1.0000;0.0193;0.91;19;0.0000
XAUUSDc;M1;1;14;7.00;0.40;1.50;2.50;4.00;3.0;6.0;7.0;1080;0;10;0.80;0.45;1.00;5.00;10000;8236;-4062.26;135898.96;1.00;-0.4932;0.3215;21;12;0.5714;-94741.54;2182.27;1.0000;0.0048;0.82;26;0.0000
XAUUSDc;M1;1;14;7.00;0.40;1.50;2.50;4.00;3.0;6.0;7.0;1080;1;10;0.80;0.45;1.00;5.00;10000;5149;-9999.60;91489.28;0.99;-1.9420;0.2629;19;6;0.3158;-34591.07;-7.29;1.0000;0.0141;0.71;17;0.0000
XAUUSDc;M1;1;14;7.00;0.40;1.50;3.50;4.00;1.0;3.0;10.0;1080;1;10;0.80;0.45;1.00;5.00;10000;10054;213268.38;136636.15;1.05;21.2123;0.3818;21;14;0.6667;-46603.19;9605.54;0.1095;0.0055;0.84;13;0.5298
XAUUSDc;M1;1;14;7.00;0.40;1.50;3.50;4.00;1.0;3.0;6.0;1080;0;10;0.80;0.45;1.00;5.00;10000;11064;285779.05;131023.11;1.07;25.8296;0.4016;21;14;0.6667;-40759.47;13505.77;0.0963;0.0067;0.80;19;0.7787
XAUUSDc;M1;1;14;7.00;0.40;1.50;3.50;4.00;1.0;3.0;6.0;1080;1;10;0.80;0.45;1.00;5.00;10000;6632;-9218.30;64343.14;0.99;-1.3900;0.3216;21;12;0.5714;-20551.49;305.68;1.0000;0.0076;0.86;20;0.0000
XAUUSDc;M1;1;14;7.00;0.40;1.50;3.50;4.00;1.0;3.0;7.0;1080;0;10;0.80;0.45;1.00;5.00;10000;11065;268086.47;128176.11;1.06;24.2283;0.4019;21;15;0.7143;-43600.57;11645.07;0.0770;0.0051;0.82;19;0.8577
XAUUSDc;M1;1;14;7.00;0.40;1.50;3.50;4.00;1.0;3.0;7.0;1080;1;10;0.80;0.45;1.00;5.00;10000;10885;268327.17;143701.39;1.06;24.6511;0.3959;21;15;0.7143;-47507.71;13904.04;0.0821;0.0053;0.82;19;0.7544
XAUUSDc;M1;1;14;7.00;0.40;1.50;3.50;4.00;1.0;3.0;8.0;1080;1;10;0.80;0.45;1.00;5.00;10000;9976;237316.72;140751.74;1.06;23.7888;0.3797;21;14;0.6667;-48587.28;10822.46;0.0984;0.0054;0.84;14;0.5691
XAUUSDc;M1;1;14;7.00;0.40;1.50;3.50;4.00;1.0;3.0;9.0;1080;0;10;0.80;0.45;1.00;5.00;10000;13574;272964.50;104974.87;1.07;20.1094;0.3562;21;16;0.7619;-32934.74;15466.04;0.0895;0.0063;0.62;17;1.0755
XAUUSDc;M1;1;14;7.00;0.40;1.50;3.50;4.00;1.0;3.0;9.0;1080;1;10;0.80;0.45;1.00;5.00;10000;8220;265191.96;61921.11;1.10;32.2618;0.3431;21;16;0.7619;-20516.62;10785.82;0.0697;0.0074;0.87;16;1.7060
XAUUSDc;M1;1;14;7.00;0.40;1.50;3.50;4.00;1.0;4.0;9.0;1080;0;10;0.80;0.45;1.00;5.00;10000;10699;288358.47;132661.70;1.07;26.9519;0.3979;21;13;0.6190;-35608.19;14495.73;0.0800;0.0056;0.84;19;0.6628
XAUUSDc;M1;1;14;7.00;0.40;1.50;3.50;4.00;1.0;5.0;10.0;1080;1;10;0.80;0.45;1.00;5.00;10000;8379;-9953.94;58196.53;0.99;-1.1880;0.3395;21;12;0.5714;-43665.00;24.74;1.0000;0.0086;0.78;19;0.0000
XAUUSDc;M1;1;14;7.00;0.40;1.50;3.50;4.00;1.0;5.0;7.0;1080;0;10;0.80;0.45;1.00;5.00;10000;9922;334968.90;114652.74;1.08;33.7602;0.3945;21;14;0.6667;-27202.97;15513.45;0.0764;0.0065;0.85;13;1.0245
XAUUSDc;M1;1;14;7.00;0.40;1.50;3.50;4.00;1.0;5.0;7.0;1080;1;10;0.80;0.45;1.00;5.00;10000;9773;-9772.59;167014.90;1.00;-1.0000;0.3640;21;10;0.4762;-68458.05;-120.50;1.0000;0.0075;0.76;15;0.0000
XAUUSDc;M1;1;14;7.00;0.40;1.50;3.50;4.00;1.0;5.0;8.0;1080;0;10;0.80;0.45;1.00;5.00;10000;12745;145484.22;146287.34;1.04;11.4150;0.3488;21;15;0.7143;-41406.54;11607.61;0.1885;0.0073;0.61;17;0.2816
XAUUSDc;M1;1;14;7.00;0.40;1.50;3.50;4.00;1.0;5.0;8.0;1080;1;10;0.80;0.45;1.00;5.00;10000;6949;-9988.25;65553.96;0.99;-1.4374;0.3396;21;10;0.4762;-17090.84;-14.82;1.0000;0.0124;0.95;18;0.0000
XAUUSDc;M1;1;14;7.00;0.40;1.50;3.50;4.00;1.0;5.0;9.0;1080;0;10;0.80;0.45;1.00;5.00;10000;11283;95242.20;157017.26;1.02;8.4412;0.3711;21;12;0.5714;-69101.55;8945.73;0.2296;0.0060;0.72;15;0.0960
XAUUSDc;M1;1;14;7.00;0.40;1.50;3.50;4.00;1.0;6.0;10.0;1080;0;10;0.80;0.45;1.00;5.00;10000;9060;-9494.51;98727.70;1.00;-1.0480;0.3509;21;11;0.5238;-45017.37;15.42;1.0000;0.0058;0.83;15;0.0000
XAUUSDc;M1;1;14;7.00;0.40;1.50;3.50;4.00;1.0;6.0;6.0;1080;0;10;0.80;0.45;1.00;5.00;10000;10026;211757.09;130063.84;1.05;21.1208;0.3978;21;14;0.6667;-42647.48;14554.52;0.1413;0.0075;0.80;19;0.5757
XAUUSDc;M1;1;14;7.00;0.40;1.50;3.50;4.00;1.0;6.0;6.0;1080;1;10;0.80;0.45;1.00;5.00;10000;10408;-9629.75;164088.48;1.00;-0.9252;0.3430;21;10;0.4762;-79262.03;-75.97;1.0000;0.0064;0.65;18;0.0000
XAUUSDc;M1;1;14;7.00;0.40;1.50;3.50;4.00;1.0;6.0;7.0;1080;0;10;0.80;0.45;1.00;5.00;10000;11929;169889.41;107198.68;1.04;14.2417;0.3526;21;14;0.6667;-36668.96;9500.70;0.1644;0.0074;0.64;18;0.4533
XAUUSDc;M1;1;14;7.00;0.40;1.50;3.50;4.00;2.0;3.0;10.0;1080;0;10;0.80;0.45;1.00;5.00;10000;9705;221207.62;164564.64;1.05;22.7932;0.3504;21;14;0.6667;-74549.56;7778.45;0.1079;0.0053;0.84;26;0.4187
XAUUSDc;M1;1;14;7.00;0.40;1.50;3.50;4.00;2.0;3.0;10.0;1080;1;10;0.80;0.45;1.00;5.00;10000;10898;174589.74;112080.96;1.04;16.0203;0.3434;21;12;0.5714;-55730.63;1237.32;0.1366;0.0059;0.69;18;0.3493
XAUUSDc;M1;1;14;7.00;0.40;1.50;3.50;4.00;2.0;3.0;6.0;1080;0;10;0.80;0.45;1.00;5.00;10000;11657;257258.03;89495.00;1.06;22.0690;0.3395;21;16;0.7619;-36702.63;15957.66;0.0987;0.0057;0.62;18;1.1331
XAUUSDc;M1;1;14;7.00;0.40;1.50;3.50;4.00;2.0;3.0;6.0;1080;1;10;0.80;0.45;1.00;5.00;10000;7912;112748.60;123342.15;1.03;14.2503;0.3464;21;14;0.6667;-52643.24;12219.53;0.1486;0.0048;0.92;17;0.2815
XAUUSDc;M1;1;14;7.00;0.40;1.50;3.50;4.00;2.0;3.0;7.0;1080;1;10;0.80;0.45;1.00;5.00;10000;7324;-9999.58;47637.83;0.99;-1.3653;0.3039;21;9;0.4286;-28055.10;-0.16;1.0000;0.0087;0.70;20;0.0000
XAUUSDc;M1;1;14;7.00;0.40;1.50;3.50;4.00;2.0;3.0;8.0;1080;0;10;0.80;0.45;1.00;5.00;10000;11654;286480.32;91208.66;1.07;24.5821;0.3399;21;16;0.7619;-39413.19;12870.04;0.0929;0.0060;0.65;18;1.2394
XAUUSDc;M1;1;14;7.00;0.40;1.50;3.50;4.00;2.0;3.0;8.0;1080;1;10;0.80;0.45;1.00;5.00;10000;12056;252617.92;142204.98;1.06;20.9537;0.3792;21;14;0.6667;-47807.50;14136.82;0.0928;0.0056;0.67;15;0.5988
XAUUSDc;M1;1;14;7.00;0.40;1.50;3.50;4.00;2.0;3.0;9.0;1080;1;10;0.80;0.45;1.00;5.00;10000;8246;171698.87;116964.02;1.05;20.8221;0.3591;21;14;0.6667;-55943.29;13304.14;0.1328;0.0062;0.96;17;0.4686
XAUUSDc;M1;1;14;7.00;0.40;1.50;3.50;4.00;2.0;4.0;10.0;1080;1;10;0.80;0.45;1.00;5.00;10000;6148;-9999.48;63481.61;0.99;-1.6265;0.2869;21;8;0.3810;-21936.40;-0.29;1.0000;0.0082;0.80;20;0.0000
XAUUSDc;M1;1;14;7.00;0.40;1.50;3.50;4.00;2.0;4.0;7.0;1080;0;10;0.80;0.45;1.00;5.00;10000;11697;110686.76;169897.25;1.03;9.4628;0.3381;21;13;0.6190;-53814.50;7121.56;0.2421;0.0062;0.60;20;0.1046
XAUUSDc;M1;1;14;7.00;0.40;1.50;3.50;4.00;2.0;4.0;7.0;1080;1;10;0.80;0.45;1.00;5.00;10000;9802;249613.38;147092.83;1.06;25.4656;0.3620;21;14;0.6667;-59938.88;9278.98;0.1135;0.0063;0.81;16;0.5460
XAUUSDc;M1;1;14;7.00;0.40;1.50;3.50;4.00;2.0;4.0;8.0;1080;0;10;0.80;0.45;1.00;5.00;10000;7629;141795.94;104492.29;1.04;18.5864;0.3461;21;13;0.6190;-46820.75;9565.37;0.1430;0.0057;0.96;17;0.3599
XAUUSDc;M1;1;14;7.00;0.40;1.50;3.50;4.00;2.0;5.0;10.0;1080;0;10;0.80;0.45;1.00;5.00;10000;8426;104486.73;151927.72;1.03;12.4005;0.3349;21;14;0.6667;-82832.56;13342.01;0.1823;0.0055;0.78;19;0.1684
XAUUSDc;M1;1;14;7.00;0.40;1.50;3.50;4.00;2.0;5.0;6.0;1080;1;10;0.80;0.45;1.00;5.00;10000;9778;-9919.62;91515.37;1.00;-1.0145;0.3368;21;11;0.5238;-39594.19;11.55;1.0000;0.0059;0.69;17;0.0000
XAUUSDc;M1;1;14;7.00;0.40;1.50;3.50;4.00;2.0;5.0;7.0;1080;0;10;0.80;0.45;1.00;5.00;10000;10846;157561.49;107870.56;1.04;14.5272;0.3382;21;16;0.7619;-51935.12;13444.42;0.1960;0.0071;0.64;18;0.4389
XAUUSDc;M1;1;14;7.00;0.40;1.50;3.50;4.00;2.0;5.0;8.0;1080;0;10;0.80;0.45;1.00;5.00;10000;5345;-9999.58;55678.38;0.99;-1.8708;0.3224;21;5;0.2381;-12573.60;-9.77;1.0000;0.0115;0.89;22;0.0000
XAUUSDc;M1;1;14;7.00;0.40;1.50;3.50;4.00;2.0;5.0;8.0;1080;1;10;0.80;0.45;1.00;5.00;10000;6795;-9999.48;63280.64;0.99;-1.4716;0.3082;21;9;0.4286;-19614.96;-1.25;1.0000;0.0071;0.82;18;0.0000
XAUUSDc;M1;1;14;7.00;0.40;1.50;3.50;4.00;2.0;5.0;9.0;1080;0;10;0.80;0.45;1.00;5.00;10000;8438;114461.66;151320.61;1.03;13.5650;0.3348;21;14;0.6667;-84714.69;12536.60;0.2235;0.0073;0.77;19;0.1511
XAUUSDc;M1;1;14;7.00;0.40;1.50;3.50;4.00;2.0;5.0;9.0;1080;1;10;0.80;0.45;1.00;5.00;10000;10748;78510.91;202635.34;1.02;7.3047;0.3191;21;13;0.6190;-53342.42;7864.06;0.3875;0.0069;0.63;21;0.0367
XAUUSDc;M1;1;14;7.00;0.40;1.50;3.50;4.00;2.0;6.0;10.0;1080;1;10;0.80;0.45;1.00;5.00;10000;6825;-9862.99;80928.18;0.99;-1.4451;0.3141;21;12;0.5714;-57562.27;70.03;1.0000;0.0089;0.90;21;0.0000
XAUUSDc;M1;1;14;7.00;0.40;1.50;3.50;4.00;2.0;6.0;6.0;1080;1;10;0.80;0.45;1.00;5.00;10000;8079;-8736.75;103649.88;1.00;-1.0814;0.3240;21;12;0.5714;-85550.60;405.26;1.0000;0.0054;0.83;26;0.0000
XAUUSDc;M1;1;14;7.00;0.40;1.50;3.50;4.00;2.0;6.0;7.0;1080;0;10;0.80;0.45;1.00;5.00;10000;9751;-9450.30;151493.27;1.00;-0.9692;0.3397;21;11;0.5238;-73338.14;86.18;1.0000;0.0089;0.70;17;0.0000
XAUUSDc;M1;1;14;7.00;0.40;1.50;3.50;4.00;2.0;6.0;7.0;1080;1;10;0.80;0.45;1.00;5.00;10000;9298;177780.75;158273.91;1.04;19.1203;0.3619;21;13;0.6190;-72169.81;7864.91;0.1274;0.0052;0.81;16;0.3116
XAUUSDc;M1;1;14;7.00;0.40;1.50;3.50;4.00;2.0;6.0;8.0;1080;0;10;0.80;0.45;1.00;5.00;10000;11170;77186.23;210603.91;1.02;6.9101;0.3377;21;13;0.6190;-52655.36;8784.90;0.4105;0.0074;0.61;20;0.0347
XAUUSDc;M1;1;14;7.00;0.40;1.50;3.50;4.00;2.0;6.0;9.0;1080;0;10;0.80;0.45;1.00;5.00;10000;8981;186959.41;162513.41;1.04;20.8172;0.3496;21;12;0.5714;-77058.02;16192.77;0.1168;0.0050;0.84;26;0.2627
XAUUSDc;M1;1;14;7.00;0.40;1.50;3.50;4.00;2.0;6.0;9.0;1080;1;10;0.80;0.45;1.00;5.00;10000;11176;98649.58;147459.04;1.03;8.8269;0.3484;21;14;0.6667;-70266.69;6710.10;0.2734;0.0073;0.62;18;0.1137
XAUUSDc;M1;1;14;7.00;0.40;1.50;3.50;4.00;3.0;3.0;10.0;1080;1;10;0.80;0.45;1.00;5.00;10000;4556;-9999.61;33424.21;0.98;-2.1948;0.2856;18;3;0.1667;-12786.63;-0.11;1.0000;0.0108;0.71;18;0.0000
XAUUSDc;M1;1;14;7.00;0.40;1.50;3.50;4.00;3.0;3.0;8.0;1080;0;10;0.80;0.45;1.00;5.00;10000;7685;-9997.50;72792.73;0.99;-1.3009;0.3097;21;7;0.3333;-31722.32;-31.57;1.0000;0.0116;0.92;17;0.0000
XAUUSDc;M1;1;14;7.00;0.40;1.50;3.50;4.00;3.0;4.0;6.0;1080;0;10;0.80;0.45;1.00;5.00;10000;10344;131351.22;122867.93;1.03;12.6983;0.2997;21;15;0.7143;-52255.70;13886.08;0.2369;0.0069;0.62;22;0.2070
XAUUSDc;M1;1;14;7.00;0.40;1.50;3.50;4.00;3.0;4.0;6.0;1080;1;10;0.80;0.45;1.00;5.00;10000;6096;-9999.54;36486.81;0.98;-1.6403;0.2966;21;9;0.4286;-15543.29;-0.16;1.0000;0.0082;0.67;22;0.0000
XAUUSDc;M1;1;14;7.00;0.40;1.50;3.50;4.00;3.0;5.0;6.0;1080;0;10;0.80;0.45;1.00;5.00;10000;8355;-4761.57;131984.48;1.00;-0.5699;0.3211;21;12;0.5714;-91903.16;2123.74;1.0000;0.0038;0.80;26;0.0000
XAUUSDc;M1;1;14;7.00;0.40;1.50;3.50;4.00;3.0;5.0;6.0;1080;1;10;0.80;0.45;1.00;5.00;10000;10295;-9928.46;224812.18;1.00;-0.9644;0.2942;21;11;0.5238;-59979.37;36.66;1.0000;0.0093;0.59;25;0.0000
XAUUSDc;M1;1;14;7.00;0.40;1.50;3.50;4.00;3.0;5.0;7.0;1080;0;10;0.80;0.45;1.00;5.00;10000;10540;41263.89;212485.31;1.01;3.9150;0.2974;21;14;0.6667;-55931.21;4979.78;0.7856;0.0073;0.60;23;0.0098
XAUUSDc;M1;1;14;7.00;0.40;1.50;3.50;4.00;3.0;5.0;7.0;1080;1;10;0.80;0.45;1.00;5.00;10000;2734;-9999.60;39323.32;0.97;-3.6575;0.2770;19;3;0.1579;-9410.28;-0.12;1.0000;0.0293;0.93;18;0.0000
XAUUSDc;M1;1;14;7.00;0.40;1.50;3.50;4.00;3.0;5.0;9.0;1080;1;10;0.80;0.45;1.00;5.00;10000;9788;111174.41;126160.77;1.03;11.3582;0.2947;21;13;0.6190;-55865.91;9494.20;0.2961;0.0073;0.66;24;0.1008
XAUUSDc;M1;1;14;7.00;0.40;1.50;3.50;4.00;3.0;6.0;10.0;1080;0;10;0.80;0.45;1.00;5.00;10000;5653;-9999.36;67688.92;0.99;-1.7689;0.2835;21;8;0.3810;-17998.51;-1.25;1.0000;0.0124;0.86;21;0.0000
XAUUSDc;M1;1;14;7.00;0.40;1.50;3.50;4.00;3.0;6.0;10.0;1080;1;10;0.80;0.45;1.00;5.00;10000;9038;12967.19;158099.52;1.00;1.4347;0.2861;21;12;0.5714;-80701.18;5135.70;2.0119;0.0062;0.67;25;0.0011
XAUUSDc;M1;1;14;7.00;0.40;1.50;3.50;4.00;3.0;6.0;7.0;1080;0;10;0.80;0.45;1.00;5.00;10000;5755;-9997.41;81857.95;0.99;-1.7372;0.2840;21;9;0.4286;-16503.36;-5.86;1.0000;0.0130;0.86;19;0.0000
XAUUSDc;M1;1;14;7.00;0.40;1.50;3.50;4.00;3.0;6.0;7.0;1080;1;10;0.80;0.45;1.00;5.00;10000;8166;-3089.58;129006.23;1.00;-0.3783;0.3206;21;12;0.5714;-91931.60;2511.43;1.0000;0.0047;0.82;26;0.0000
XAUUSDc;M1;1;14;7.00;0.40;1.50;3.50;4.00;3.0;6.0;8.0;1080;0;10;0.80;0.45;1.00;5.00;10000;9845;111196.94;134710.02;1.03;11.2948;0.3000;21;12;0.5714;-58127.73;8672.21;0.3028;0.0075;0.65;22;0.0801
XAUUSDc;M1;1;14;9.00;0.40;1.50;1.50;4.00;1.0;3.0;10.0;1080;0;10;0.80;0.45;1.00;5.00;10000;5959;-9306.04;32487.16;0.98;-1.5617;0.3364;21;10;0.4762;-12163.33;-15.99;1.0000;0.0105;1.20;14;0.0000
XAUUSDc;M1;1;14;9.00;0.40;1.50;1.50;4.00;1.0;3.0;6.0;1080;0;10;0.80;0.45;1.00;5.00;10000;8528;125820.86;82067.69;1.05;14.7539;0.3460;21;13;0.6190;-45273.92;8440.57;0.1045;0.0051;0.84;15;0.4066
XAUUSDc;M1;1;14;9.00;0.40;1.50;1.50;4.00;1.0;3.0;9.0;1080;1;10;0.80;0.45;1.00;5.00;10000;7839;150894.82;122769.38;1.05;19.2492;0.3291;21;14;0.6667;-66447.73;9334.97;0.1441;0.0072;0.84;19;0.3596
XAUUSDc;M1;1;14;9.00;0.40;1.50;1.50;4.00;1.0;4.0;6.0;1080;0;10;0.80;0.45;1.00;5.00;10000;8927;216224.86;93724.56;1.07;24.2214;0.3170;21;16;0.7619;-60846.32;15501.72;0.1066;0.0083;0.71;20;0.8491
XAUUSDc;M1;1;14;9.00;0.40;1.50;1.50;4.00;1.0;4.0;8.0;1080;1;10;0.80;0.45;1.00;5.00;10000;8936;225841.63;107237.43;1.08;25.2732;0.3153;21;16;0.7619;-62611.54;13045.98;0.0983;0.0079;0.76;20;0.7709
XAUUSDc;M1;1;14;9.00;0.40;1.50;1.50;4.00;1.0;4.0;9.0;1080;1;10;0.80;0.45;1.00;5.00;10000;8665;141745.54;99473.40;1.05;16.3584;0.3366;21;13;0.6190;-50526.38;9670.29;0.1010;0.0054;0.87;15;0.3676
XAUUSDc;M1;1;14;9.00;0.40;1.50;1.50;4.00;1.0;5.0;6.0;1080;0;10;0.80;0.45;1.00;5.00;10000;7507;-4846.55;39921.16;0.99;-0.6456;0.3662;21;10;0.4762;-24160.73;-460.35;1.0000;0.0073;0.99;17;0.0000
XAUUSDc;M1;1;14;9.00;0.40;1.50;1.50;4.00;1.0;5.0;6.0;1080;1;10;0.80;0.45;1.00;5.00;10000;6184;-9991.86;21651.59;0.97;-1.6158;0.3387;21;7;0.3333;-9296.79;-9.31;1.0000;0.0121;1.04;13;0.0000
XAUUSDc;M1;1;14;9.00;0.40;1.50;1.50;4.00;1.0;5.0;9.0;1080;0;10;0.80;0.45;1.00;5.00;10000;7524;-5240.27;37477.08;0.99;-0.6965;0.3663;21;10;0.4762;-21438.90;-51.39;1.0000;0.0066;1.04;17;0.0000
XAUUSDc;M1;1;14;9.00;0.40;1.50;1.50;4.00;1.0;6.0;7.0;1080;1;10;0.80;0.45;1.00;5.00;10000;4186;-9999.58;41370.84;0.98;-2.3888;0.2793;21;4;0.1905;-19556.80;-3.49;1.0000;0.0122;0.96;21;0.0000
XAUUSDc;M1;1;14;9.00;0.40;1.50;1.50;4.00;1.0;6.0;8.0;1080;0;10;0.80;0.45;1.00;5.00;10000;5563;-9860.93;44054.64;0.99;-1.7726;0.2840;21;9;0.4286;-14668.10;-87.06;1.0000;0.0107;0.98;20;0.0000
XAUUSDc;M1;1;14;9.00;0.40;1.50;1.50;4.00;1.0;6.0;9.0;1080;0;10;0.80;0.45;1.00;5.00;10000;6919;-9907.73;16722.66;0.96;-1.4320;0.3540;21;10;0.4762;-5484.29;-13.94;1.0000;0.0170;1.07;16;0.0000
XAUUSDc;M1;1;14;9.00;0.40;1.50;1.50;4.00;2.0;3.0;10.0;1080;1;10;0.80;0.45;1.00;5.00;10000;5350;-9989.55;35621.03;0.97;-1.8672;0.3225;21;9;0.4286;-11166.24;-2.16;1.0000;0.0117;1.18;20;0.0000
XAUUSDc;M1;1;14;9.00;0.40;1.50;1.50;4.00;2.0;3.0;8.0;1080;0;10;0.80;0.45;1.00;5.00;10000;4840;-9999.58;45424.49;0.98;-2.0660;0.3151;20;7;0.3500;-15559.31;-1.85;1.0000;0.0126;0.97;19;0.0000
XAUUSDc;M1;1;14;9.00;0.40;1.50;1.50;4.00;2.0;4.0;10.0;1080;0;10;0.80;0.45;1.00;5.00;10000;7980;141052.23;137295.08;1.04;17.6757;0.3306;21;15;0.7143;-74310.05;12757.71;0.1306;0.0058;0.79;17;0.3466
XAUUSDc;M1;1;14;9.00;0.40;1.50;1.50;4.00;2.0;4.0;6.0;1080;0;10;0.80;0.45;1.00;5.00;10000;4210;-9999.58;46066.27;0.98;-2.3752;0.2915;21;6;0.2857;-20478.69;-4.20;1.0000;0.0095;0.87;20;0.0000
XAUUSDc;M1;1;14;9.00;0.40;1.50;1.50;4.00;2.0;4.0;7.0;1080;0;10;0.80;0.45;1.00;5.00;10000;7978;125077.28;132787.59;1.04;15.6778;0.3303;21;16;0.7619;-76686.20;11999.77;0.1662;0.0066;0.75;17;0.3261
XAUUSDc;M1;1;14;9.00;0.40;1.50;1.50;4.00;2.0;4.0;8.0;1080;1;10;0.80;0.45;1.00;5.00;10000;3217;-9999.38;39005.14;0.97;-3.1083;0.2515;21;7;0.3333;-19289.28;-0.41;1.0000;0.0241;1.08;21;0.0000
XAUUSDc;M1;1;14;9.00;0.40;1.50;1.50;4.00;2.0;5.0;6.0;1080;0;10;0.80;0.45;1.00;5.00;10000;3404;-9999.48;42718.69;0.98;-2.9376;0.2739;21;5;0.2381;-10442.62;-0.45;1.0000;0.0151;0.77;25;0.0000
XAUUSDc;M1;1;14;9.00;0.40;1.50;1.50;4.00;2.0;5.0;7.0;1080;1;10;0.80;0.45;1.00;5.00;10000;7437;-6385.59;146415.49;1.00;-0.8586;0.3273;21;11;0.5238;-63069.78;3288.62;1.0000;0.0081;0.79;19;0.0000
XAUUSDc;M1;1;14;9.00;0.40;1.50;1.50;4.00;2.0;5.0;8.0;1080;0;10;0.80;0.45;1.00;5.00;10000;3596;-9999.58;27512.38;0.97;-2.7808;0.2949;21;5;0.2381;-12299.66;-0.39;1.0000;0.0162;1.07;24;0.0000
XAUUSDc;M1;1;14;9.00;0.40;1.50;1.50;4.00;2.0;5.0;9.0;1080;0;10;0.80;0.45;1.00;5.00;10000;7093;-9948.08;59003.84;0.99;-1.4025;0.3328;21;10;0.4762;-12026.33;-2.68;1.0000;0.0119;0.91;15;0.0000
XAUUSDc;M1;1;14;9.00;0.40;1.50;1.50;4.00;2.0;6.0;10.0;1080;0;10;0.80;0.45;1.00;5.00;10000;5974;-9991.55;21806.87;0.98;-1.6725;0.3277;21;8;0.3810;-9198.49;-10.66;1.0000;0.0105;1.03;20;0.0000
XAUUSDc;M1;1;14;9.00;0.40;1.50;1.50;4.00;2.0;6.0;9.0;1080;0;10;0.80;0.45;1.00;5.00;10000;6841;-9990.34;60563.60;0.99;-1.4604;0.3265;21;9;0.4286;-12979.74;-0.89;1.0000;0.0136;0.91;15;0.0000
XAUUSDc;M1;1;14;9.00;0.40;1.50;1.50;4.00;2.0;6.0;9.0;1080;1;10;0.80;0.45;1.00;5.00;10000;3838;-9999.43;57702.26;0.98;-2.6054;0.2694;21;7;0.3333;-15479.44;-0.32;1.0000;0.0230;0.84;23;0.0000
XAUUSDc;M1;1;14;9.00;0.40;1.50;1.50;4.00;3.0;3.0;6.0;1080;1;10;0.80;0.45;1.00;5.00;10000;8703;219603.24;126356.37;1.07;25.2331;0.3405;21;16;0.7619;-65067.03;19761.32;0.0938;0.0063;0.63;15;0.6870
XAUUSDc;M1;1;14;9.00;0.40;1.50;1.50;4.00;3.0;3.0;8.0;1080;1;10;0.80;0.45;1.00;5.00;10000;7721;145072.99;144140.43;1.05;18.7894;0.2858;21;15;0.7143;-81015.75;10277.12;0.1269;0.0056;0.77;26;0.2935
XAUUSDc;M1;1;14;9.00;0.40;1.50;1.50;4.00;3.0;3.0;9.0;1080;0;10;0.80;0.45;1.00;5.00;10000;4378;-9998.55;53307.58;0.98;-2.2838;0.2692;21;6;0.2857;-17510.19;-2.60;1.0000;0.0133;1.12;21;0.0000
XAUUSDc;M1;1;14;9.00;0.40;1.50;1.50;4.00;3.0;4.0;6.0;1080;1;10;0.80;0.45;1.00;5.00;10000;2956;-9999.61;37889.40;0.97;-3.3828;0.2531;18;4;0.2222;-16795.49;-9.01;1.0000;0.0129;0.84;22;0.0000
XAUUSDc;M1;1;14;9.00;0.40;1.50;1.50;4.00;3.0;4.0;7.0;1080;0;10;0.80;0.45;1.00;5.00;10000;6753;-9866.53;86311.73;0.99;-1.4611;0.2852;21;11;0.5238;-54039.46;58.28;1.0000;0.0062;0.79;23;0.0000
XAUUSDc;M1;1;14;9.00;0.40;1.50;1.50;4.00;3.0;4.0;8.0;1080;0;10;0.80;0.45;1.00;5.00;10000;4642;-9999.43;52733.44;0.98;-2.1541;0.2773;21;7;0.3333;-14605.61;-0.91;1.0000;0.0142;0.84;23;0.0000
XAUUSDc;M1;1;14;9.00;0.40;1.50;1.50;4.00;3.0;5.0;6.0;1080;1;10;0.80;0.45;1.00;5.00;10000;3466;-9999.60;56024.73;0.98;-2.8851;0.2728;20;3;0.1500;-17623.38;-0.08;1.0000;0.0247;0.82;19;0.0000
XAUUSDc;M1;1;14;9.00;0.40;1.50;1.50;4.00;3.0;6.0;6.0;1080;0;10;0.80;0.45;1.00;5.00;10000;2735;-9999.61;42224.75;0.97;-3.6562;0.2600;18;2;0.1111;-14637.80;-1.23;1.0000;0.0229;0.76;23;0.0000
XAUUSDc;M1;1;14;9.00;0.40;1.50;1.50;4.00;3.0;6.0;6.0;1080;1;10;0.80;0.45;1.00;5.00;10000;6380;-9990.84;147626.34;0.99;-1.5660;0.2677;21;10;0.4762;-91800.41;-0.79;1.0000;0.0075;0.76;26;0.0000
XAUUSDc;M1;1;14;9.00;0.40;1.50;1.50;4.00;3.0;6.0;8.0;1080;0;10;0.80;0.45;1.00;5.00;10000;7123;79945.79;155419.12;1.03;11.2236;0.2903;21;14;0.6667;-91870.89;9384.45;0.2515;0.0063;0.77;26;0.0792
XAUUSDc;M1;1;14;9.00;0.40;1.50;2.50;4.00;1.0;3.0;10.0;1080;0;10;0.80;0.45;1.00;5.00;10000;7585;48266.24;36895.97;1.04;6.3634;0.3639;21;12;0.5714;-13201.19;1866.75;0.1561;0.0065;1.07;17;0.2987
XAUUSDc;M1;1;14;9.00;0.40;1.50;2.50;4.00;1.0;3.0;10.0;1080;1;10;0.80;0.45;1.00;5.00;10000;7248;-8358.78;30687.69;0.98;-1.1533;0.3652;21;10;0.4762;-13659.29;-197.14;1.0000;0.0073;1.05;17;0.0000
XAUUSDc;M1;1;14;9.00;0.40;1.50;2.50;4.00;1.0;3.0;6.0;1080;1;10;0.80;0.45;1.00;5.00;10000;7029;-9780.39;19836.89;0.97;-1.3914;0.3604;21;10;0.4762;-9429.57;-22.59;1.0000;0.0091;1.05;15;0.0000
XAUUSDc;M1;1;14;9.00;0.40;1.50;2.50;4.00;1.0;3.0;8.0;1080;0;10;0.80;0.45;1.00;5.00;10000;6002;2491.62;52574.26;1.00;0.4151;0.3051;21;13;0.6190;-17196.12;486.50;2.2545;0.0060;0.98;15;0.0007
XAUUSDc;M1;1;14;9.00;0.40;1.50;2.50;4.00;1.0;3.0;8.0;1080;1;10;0.80;0.45;1.00;5.00;10000;8383;181247.62;119888.34;1.06;21.6209;0.3247;21;16;0.7619;-66963.58;12373.35;0.1130;0.0068;0.79;17;0.5699
XAUUSDc;M1;1;14;9.00;0.40;1.50;2.50;4.00;1.0;3.0;9.0;1080;0;10;0.80;0.45;1.00;5.00;10000;6355;53104.51;74636.55;1.02;8.3563;0.3476;21;13;0.6190;-45068.82;1637.52;0.1986;0.0049;1.17;15;0.1432
XAUUSDc;M1;1;14;9.00;0.40;1.50;2.50;4.00;1.0;3.0;9.0;1080;1;10;0.80;0.45;1.00;5.00;10000;7862;174038.58;101495.13;1.06;22.1367;0.3242;21;15;0.7143;-56786.64;10069.51;0.0939;0.0064;0.88;21;0.5673
XAUUSDc;M1;1;14;9.00;0.40;1.50;2.50;4.00;1.0;4.0;10.0;1080;0;10;0.80;0.45;1.00;5.00;10000;8549;232072.47;103611.84;1.08;27.1462;0.3245;21;14;0.6667;-37674.51;12171.87;0.1088;0.0089;0.84;19;0.6461
XAUUSDc;M1;1;14;9.00;0.40;1.50;2.50;4.00;1.0;4.0;6.0;1080;0;10;0.80;0.45;1.00;5.00;10000;8927;215743.22;93322.15;1.07;24.1675;0.3170;21;15;0.7143;-60361.79;15467.12;0.1066;0.0083;0.71;20;0.7479
XAUUSDc;M1;1;14;9.00;0.40;1.50;2.50;4.00;1.0;4.0;6.0;1080;1;10;0.80;0.45;1.00;5.00;10000;7191;-9670.57;12575.04;0.95;-1.3448;0.3564;21;11;0.5238;-5228.04;8.08;1.0000;0.0082;1.01;16;0.0000
XAUUSDc;M1;1;14;9.00;0.40;1.50;2.50;4.00;1.0;4.0;7.0;1080;1;10;0.80;0.45;1.00;5.00;10000;7693;82051.48;114293.64;1.03;10.6657;0.3269;21;14;0.6667;-51914.38;5975.84;0.2355;0.0069;0.83;19;0.1329
XAUUSDc;M1;1;14;9.00;0.40;1.50;2.50;4.00;1.0;4.0;8.0;1080;0;10;0.80;0.45;1.00;5.00;10000;8930;212737.65;95476.45;1.07;23.8228;0.3173;21;16;0.7619;-58687.78;12423.90;0.1050;0.0080;0.77;20;0.8209
XAUUSDc;M1;1;14;9.00;0.40;1.50;2.50;4.00;1.0;4.0;9.0;1080;1;10;0.80;0.45;1.00;5.00;10000;8826;260160.61;108402.87;1.09;29.4766;0.3241;21;15;0.7143;-31960.57;7090.42;0.1133;0.0104;0.81;19;0.7938
XAUUSDc;M1;1;14;9.00;0.40;1.50;2.50;4.00;1.0;5.0;10.0;1080;1;10;0.80;0.45;1.00;5.00;10000;9152;202371.37;101282.38;1.07;22.1123;0.3085;21;16;0.7619;-55479.73;13071.40;0.1060;0.0080;0.77;20;0.7156
XAUUSDc;M1;1;14;9.00;0.40;1.50;2.50;4.00;1.0;5.0;6.0;1080;0;10;0.80;0.45;1.00;5.00;10000;8003;-4114.63;54537.54;1.00;-0.5141;0.3372;21;12;0.5714;-16004.15;345.77;1.0000;0.0075;0.84;15;0.0000
XAUUSDc;M1;1;14;9.00;0.40;1.50;2.50;4.00;1.0;5.0;8.0;1080;0;10;0.80;0.45;1.00;5.00;10000;8724;208660.64;91316.33;1.07;23.9180;0.3128;21;15;0.7143;-59293.27;12092.63;0.1200;0.0090;0.77;20;0.7293
XAUUSDc;M1;1;14;9.00;0.40;1.50;2.50;4.00;1.0;5.0;8.0;1080;1;10;0.80;0.45;1.00;5.00;10000;7578;-9700.59;58009.57;0.99;-1.2801;0.3426;21;9;0.4286;-12276.43;-67.79;1.0000;0.0135;0.91;15;0.0000
XAUUSDc;M1;1;14;9.00;0.40;1.50;2.50;4.00;1.0;6.0;10.0;1080;0;10;0.80;0.45;1.00;5.00;10000;6284;-9964.41;37711.31;0.97;-1.5857;0.2829;21;7;0.3333;-10835.37;-118.07;1.0000;0.0255;0.93;16;0.0000
XAUUSDc;M1;1;14;9.00;0.40;1.50;2.50;4.00;1.0;6.0;10.0;1080;1;10;0.80;0.45;1.00;5.00;10000;6765;102502.39;94759.90;1.04;15.1519;0.3235;21;14;0.6667;-63701.10;7401.44;0.1775;0.0075;0.88;20;0.2629
XAUUSDc;M1;1;14;9.00;0.40;1.50;2.50;4.00;1.0;6.0;6.0;1080;0;10;0.80;0.45;1.00;5.00;10000;4880;-9999.59;39205.41;0.97;-2.0491;0.2675;20;4;0.2000;-11399.65;-6.38;1.0000;0.0204;0.77;19;0.0000
XAUUSDc;M1;1;14;9.00;0.40;1.50;2.50;4.00;1.0;6.0;7.0;1080;1;10;0.80;0.45;1.00;5.00;10000;3421;-9998.84;35578.68;0.97;-2.9228;0.2756;21;7;0.3333;-17311.54;-1.16;1.0000;0.0220;1.07;21;0.0000
XAUUSDc;M1;1;14;9.00;0.40;1.50;2.50;4.00;1.0;6.0;9.0;1080;1;10;0.80;0.45;1.00;5.00;10000;7789;2533.03;34224.13;1.00;0.3252;0.3584;21;11;0.5238;-18711.70;30.24;1.6398;0.0065;1.02;17;0.0013
XAUUSDc;M1;1;14;9.00;0.40;1.50;2.50;4.00;2.0;3.0;6.0;1080;0;10;0.80;0.45;1.00;5.00;10000;4260;-9999.08;32361.32;0.97;-2.3472;0.3050;21;8;0.3810;-15135.94;-1.93;1.0000;0.0138;1.04;20;0.0000
XAUUSDc;M1;1;14;9.00;0.40;1.50;2.50;4.00;2.0;3.0;6.0;1080;1;10;0.80;0.45;1.00;5.00;10000;3085;-9999.61;56412.03;0.98;-3.2414;0.2735;18;3;0.1667;-12540.99;-3.01;1.0000;0.0227;0.98;23;0.0000
XAUUSDc;M1;1;14;9.00;0.40;1.50;2.50;4.00;2.0;4.0;6.0;1080;1;10;0.80;0.45;1.00;5.00;10000;7489;-6286.01;131853.83;1.00;-0.8394;0.3230;21;12;0.5714;-55384.02;1904.05;1.0000;0.0070;0.78;19;0.0000
XAUUSDc;M1;1;14;9.00;0.40;1.50;2.50;4.00;2.0;4.0;7.0;1080;1;10;0.80;0.45;1.00;5.00;10000;5497;-9999.60;86048.95;0.99;-1.8191;0.2689;20;7;0.3500;-27415.71;-32.97;1.0000;0.0141;0.80;23;0.0000
XAUUSDc;M1;1;14;9.00;0.40;1.50;2.50;4.00;2.0;4.0;8.0;1080;0;10;0.80;0.45;1.00;5.00;10000;7332;-4181.99;83990.35;1.00;-0.5704;0.3373;21;13;0.6190;-38563.04;1597.33;1.0000;0.0054;0.89;15;0.0000
XAUUSDc;M1;1;14;9.00;0.40;1.50;2.50;4.00;2.0;4.0;8.0;1080;1;10;0.80;0.45;1.00;5.00;10000;8010;-9521.76;48127.99;0.99;-1.1887;0.3548;21;11;0.5238;-16361.25;12.47;1.0000;0.0101;0.84;15;0.0000
XAUUSDc;M1;1;14;9.00;0.40;1.50;2.50;4.00;2.0;4.0;9.0;1080;1;10;0.80;0.45;1.00;5.00;10000;6531;-6351.85;61902.88;1.00;-0.9726;0.3504;21;13;0.6190;-26663.26;1151.55;1.0000;0.0063;1.07;15;0.0000
XAUUSDc;M1;1;14;9.00;0.40;1.50;2.50;4.00;2.0;5.0;10.0;1080;1;10;0.80;0.45;1.00;5.00;10000;7006;-5660.75;170638.74;1.00;-0.8080;0.2942;21;13;0.6190;-85141.66;1332.93;1.0000;0.0072;0.79;26;0.0000
XAUUSDc;M1;1;14;9.00;0.40;1.50;2.50;4.00;2.0;5.0;7.0;1080;0;10;0.80;0.45;1.00;5.00;10000;7415;-9516.14;131081.82;1.00;-1.2834;0.3263;21;11;0.5238;-55749.04;195.32;1.0000;0.0080;0.79;19;0.0000
XAUUSDc;M1;1;14;9.00;0.40;1.50;2.50;4.00;2.0;5.0;7.0;1080;1;10;0.80;0.45;1.00;5.00;10000;7092;112268.17;156647.50;1.03;15.8303;0.2985;21;14;0.6667;-89437.78;13161.91;0.2082;0.0072;0.79;19;0.1370
XAUUSDc;M1;1;14;9.00;0.40;1.50;2.50;4.00;2.0;5.0;8.0;1080;0;10;0.80;0.45;1.00;5.00;10000;7428;50658.55;135345.61;1.02;6.8199;0.3277;21;14;0.6667;-60908.24;4962.61;0.4626;0.0078;0.81;19;0.0354
XAUUSDc;M1;1;14;9.00;0.40;1.50;2.50;4.00;2.0;5.0;9.0;1080;1;10;0.80;0.45;1.00;5.00;10000;6795;-9353.59;159997.99;1.00;-1.3765;0.2826;21;12;0.5714;-85300.97;193.86;1.0000;0.0071;0.80;26;0.0000
XAUUSDc;M1;1;14;9.00;0.40;1.50;2.50;4.00;2.0;6.0;10.0;1080;1;10;0.80;0.45;1.00;5.00;10000;5584;-9999.58;58684.85;0.99;-1.7908;0.3186;21;6;0.2857;-15943.18;-16.61;1.0000;0.0146;0.90;23;0.0000
XAUUSDc;M1;1;14;9.00;0.40;1.50;2.50;4.00;2.0;6.0;6.0;1080;0;10;0.80;0.45;1.00;5.00;10000;5002;-9993.57;64408.69;0.99;-1.9979;0.3274;21;8;0.3810;-19545.18;-18.62;1.0000;0.0096;1.10;22;0.0000
XAUUSDc;M1;1;14;9.00;0.40;1.50;2.50;4.00;2.0;6.0;6.0;1080;1;10;0.80;0.45;1.00;5.00;10000;5626;-9999.42;56104.88;0.99;-1.7774;0.3236;21;8;0.3810;-17808.06;-0.34;1.0000;0.0137;0.79;15;0.0000
XAUUSDc;M1;1;14;9.00;0.40;1.50;2.50;4.00;2.0;6.0;7.0;1080;0;10;0.80;0.45;1.00;5.00;10000;6309;-9998.06;61264.75;0.99;-1.5847;0.3231;21;9;0.4286;-13316.19;-2.31;1.0000;0.0137;0.85;15;0.0000
XAUUSDc;M1;1;14;9.00;0.40;1.50;2.50;4.00;2.0;6.0;7.0;1080;1;10;0.80;0.45;1.00;5.00;10000;6764;-9983.64;62114.56;0.99;-1.4760;0.3212;21;10;0.4762;-13487.63;-0.82;1.0000;0.0138;0.88;15;0.0000
XAUUSDc;M1;1;14;9.00;0.40;1.50;2.50;4.00;3.0;3.0;6.0;1080;0;10;0.80;0.45;1.00;5.00;10000;5010;-9997.86;47927.64;0.98;-1.9956;0.2871;21;8;0.3810;-31215.83;-3.66;1.0000;0.0110;1.10;22;0.0000
XAUUSDc;M1;1;14;9.00;0.40;1.50;2.50;4.00;3.0;3.0;6.0;1080;1;10;0.80;0.45;1.00;5.00;10000;7683;158989.85;146688.25;1.05;20.6937;0.2852;21;15;0.7143;-87806.62;11859.11;0.1303;0.0061;0.73;26;0.3155
XAUUSDc;M1;1;14;9.00;0.40;1.50;2.50;4.00;3.0;3.0;7.0;1080;0;10;0.80;0.45;1.00;5.00;10000;4236;-9999.59;46479.15;0.98;-2.3606;0.2807;20;3;0.1500;-14777.13;-0.28;1.0000;0.0152;0.81;19;0.0000
XAUUSDc;M1;1;14;9.00;0.40;1.50;2.50;4.00;3.0;3.0;7.0;1080;1;10;0.80;0.45;1.00;5.00;10000;8339;198100.73;144476.63;1.06;23.7559;0.3172;21;16;0.7619;-77081.76;18580.37;0.1069;0.0063;0.70;16;0.5050
XAUUSDc;M1;1;14;9.00;0.40;1.50;2.50;4.00;3.0;3.0;8.0;1080;1;10;0.80;0.45;1.00;5.00;10000;7855;183764.87;154066.76;1.06;23.3946;0.2910;21;16;0.7619;-87482.22;13529.87;0.1196;0.0065;0.76;26;0.4030
XAUUSDc;M1;1;14;9.00;0.40;1.50;2.50;4.00;3.0;3.0;9.0;1080;1;10;0.80;0.45;1.00;5.00;10000;6515;-9998.13;86507.84;0.99;-1.5346;0.2642;21;9;0.4286;-27218.12;-5.83;1.0000;0.0088;0.84;23;0.0000
XAUUSDc;M1;1;14;9.00;0.40;1.50;2.50;4.00;3.0;4.0;10.0;1080;0;10;0.80;0.45;1.00;5.00;10000;6742;-9707.63;78824.14;0.99;-1.4399;0.2857;21;11;0.5238;-52665.95;133.42;1.0000;0.0067;0.84;23;0.0000
XAUUSDc;M1;1;14;9.00;0.40;1.50;2.50;4.00;3.0;4.0;6.0;1080;1;10;0.80;0.45;1.00;5.00;10000;2571;-9999.41;43822.82;0.98;-3.8893;0.2359;21;4;0.1905;-9693.69;-0.15;1.0000;0.0200;0.80;23;0.0000
XAUUSDc;M1;1;14;9.00;0.40;1.50;2.50;4.00;3.0;4.0;8.0;1080;0;10;0.80;0.45;1.00;5.00;10000;4921;-9997.63;50801.85;0.99;-2.0316;0.2878;21;9;0.4286;-29172.97;-2.86;1.0000;0.0112;1.16;22;0.0000
XAUUSDc;M1;1;14;9.00;0.40;1.50;2.50;4.00;3.0;4.0;9.0;1080;1;10;0.80;0.45;1.00;5.00;10000;6503;-9989.66;156621.10;1.00;-1.5362;0.2581;21;10;0.4762;-89518.69;-0.53;1.0000;0.0081;0.80;26;0.0000
XAUUSDc;M1;1;14;9.00;0.40;1.50;2.50;4.00;3.0;5.0;10.0;1080;1;10;0.80;0.45;1.00;5.00;10000;7567;156628.91;150207.34;1.05;20.6989;0.3078;21;16;0.7619;-82841.15;13862.19;0.1559;0.0074;0.78;19;0.3585
XAUUSDc;M1;1;14;9.00;0.40;1.50;2.50;4.00;3.0;5.0;6.0;1080;0;10;0.80;0.45;1.00;5.00;10000;3610;-9999.39;23713.10;0.96;-2.7699;0.2867;21;6;0.2857;-8801.64;-1.22;1.0000;0.0157;1.00;21;0.0000
XAUUSDc;M1;1;14;9.00;0.40;1.50;2.50;4.00;3.0;5.0;7.0;1080;0;10;0.80;0.45;1.00;5.00;10000;6565;-9929.18;89400.66;0.99;-1.5124;0.2851;21;11;0.5238;-58095.17;31.08;1.0000;0.0067;0.79;23;0.0000
XAUUSDc;M1;1;14;9.00;0.40;1.50;2.50;4.00;3.0;5.0;8.0;1080;1;10;0.80;0.45;1.00;5.00;10000;4101;-9999.32;16697.29;0.96;-2.4383;0.2833;21;6;0.2857;-7145.83;-1.03;1.0000;0.0171;0.97;24;0.0000
XAUUSDc;M1;1;14;9.00;0.40;1.50;2.50;4.00;3.0;5.0;9.0;1080;1;10;0.80;0.45;1.00;5.00;10000;6857;-9361.71;158980.53;1.00;-1.3653;0.2731;21;12;0.5714;-83809.34;112.04;1.0000;0.0067;0.80;26;0.0000
XAUUSDc;M1;1;14;9.00;0.40;1.50;2.50;4.00;3.0;6.0;10.0;1080;0;10;0.80;0.45;1.00;5.00;10000;7125;81044.00;155521.97;1.03;11.3746;0.2905;21;14;0.6667;-87832.33;10632.37;0.2318;0.0059;0.79;26;0.0871
XAUUSDc;M1;1;14;9.00;0.40;1.50;2.50;4.00;3.0;6.0;6.0;1080;0;10;0.80;0.45;1.00;5.00;10000;2460;-9999.60;38382.90;0.96;-4.0649;0.2460;19;5;0.2632;-18159.88;-0.82;1.0000;0.0186;0.85;25;0.0000
XAUUSDc;M1;1;14;9.00;0.40;1.50;2.50;4.00;3.0;6.0;7.0;1080;1;10;0.80;0.45;1.00;5.00;10000;3732;-9999.58;48681.94;0.98;-2.6794;0.2707;21;6;0.2857;-27609.84;-3.84;1.0000;0.0143;1.15;22;0.0000
XAUUSDc;M1;1;14;9.00;0.40;1.50;2.50;4.00;3.0;6.0;8.0;1080;0;10;0.80;0.45;1.00;5.00;10000;3124;-9999.58;29180.04;0.96;-3.2009;0.2669;21;6;0.2857;-12258.56;-0.57;1.0000;0.0182;1.07;25;0.0000
XAUUSDc;M1;1;14;9.00;0.40;1.50;2.50;4.00;3.0;6.0;8.0;1080;1;10;0.80;0.45;1.00;5.00;10000;3915;-9999.41;67703.35;0.99;-2.5541;0.2648;21;8;0.3810;-17638.69;-0.33;1.0000;0.0224;0.88;18;0.0000
XAUUSDc;M1;1;14;9.00;0.40;1.50;3.50;4.00;1.0;3.0;10.0;1080;0;10;0.80;0.45;1.00;5.00;10000;6000;20966.46;53025.87;1.02;3.4944;0.3049;21;12;0.5714;-16296.41;862.76;0.4994;0.0103;1.02;15;0.0236
XAUUSDc;M1;1;14;9.00;0.40;1.50;3.50;4.00;1.0;3.0;10.0;1080;1;10;0.80;0.45;1.00;5.00;10000;6367;-9143.83;40986.95;0.99;-1.4361;0.3040;21;11;0.5238;-12488.44;5.62;1.0000;0.0134;0.93;16;0.0000
XAUUSDc;M1;1;14;9.00;0.40;1.50;3.50;4.00;1.0;3.0;6.0;1080;0;10;0.80;0.45;1.00;5.00;10000;8527;110227.75;76745.94;1.04;12.9269;0.3464;21;13;0.6190;-44688.87;8045.30;0.1193;0.0053;0.84;15;0.3813
XAUUSDc;M1;1;14;9.00;0.40;1.50;3.50;4.00;1.0;3.0;6.0;1080;1;10;0.80;0.45;1.00;5.00;10000;6898;-5125.86;40525.71;0.99;-0.7431;0.3052;21;12;0.5714;-13605.39;297.43;1.0000;0.0078;0.84;21;0.0000
XAUUSDc;M1;1;14;9.00;0.40;1.50;3.50;4.00;1.0;3.0;8.0;1080;1;10;0.80;0.45;1.00;5.00;10000;7716;-9097.95;55175.12;0.99;-1.1791;0.3465;21;12;0.5714;-17296.53;40.16;1.0000;0.0088;0.91;15;0.0000
XAUUSDc;M1;1;14;9.00;0.40;1.50;3.50;4.00;1.0;3.0;9.0;1080;0;10;0.80;0.45;1.00;5.00;10000;8869;268326.20;104975.74;1.09;30.2544;0.3328;21;15;0.7143;-25710.21;12563.55;0.0908;0.0085;0.83;19;0.8681
XAUUSDc;M1;1;14;9.00;0.40;1.50;3.50;4.00;1.0;3.0;9.0;1080;1;10;0.80;0.45;1.00;5.00;10000;6198;-9658.55;43608.38;0.99;-1.5583;0.3061;21;10;0.4762;-11774.34;-10.88;1.0000;0.0143;0.92;16;0.0000
XAUUSDc;M1;1;14;9.00;0.40;1.50;3.50;4.00;1.0;4.0;9.0;1080;0;10;0.80;0.45;1.00;5.00;10000;8241;137428.48;80231.42;1.05;16.6762;0.3403;21;14;0.6667;-51961.79;8760.36;0.1070;0.0057;0.90;15;0.5181
XAUUSDc;M1;1;14;9.00;0.40;1.50;3.50;4.00;1.0;5.0;10.0;1080;0;10;0.80;0.45;1.00;5.00;10000;5662;-9195.16;50949.99;0.99;-1.6240;0.2858;21;8;0.3810;-13213.76;-283.80;1.0000;0.0085;1.02;20;0.0000
XAUUSDc;M1;1;14;9.00;0.40;1.50;3.50;4.00;1.0;5.0;10.0;1080;1;10;0.80;0.45;1.00;5.00;10000;6950;123419.41;109926.62;1.05;17.7582;0.3228;21;14;0.6667;-65754.00;7327.86;0.1612;0.0078;0.88;20;0.2997
XAUUSDc;M1;1;14;9.00;0.40;1.50;3.50;4.00;1.0;5.0;7.0;1080;0;10;0.80;0.45;1.00;5.00;10000;3467;-9999.60;39932.50;0.97;-2.8842;0.2448;19;4;0.2105;-10734.60;-43.17;1.0000;0.0143;0.90;25;0.0000
XAUUSDc;M1;1;14;9.00;0.40;1.50;3.50;4.00;1.0;5.0;8.0;1080;0;10;0.80;0.45;1.00;5.00;10000;8043;20150.14;69652.49;1.01;2.5053;0.3384;21;11;0.5238;-26230.91;951.51;0.4621;0.0054;0.89;15;0.0174
XAUUSDc;M1;1;14;9.00;0.40;1.50;3.50;4.00;1.0;5.0;9.0;1080;1;10;0.80;0.45;1.00;5.00;10000;7273;-9971.11;56017.96;0.99;-1.3710;0.3424;21;8;0.3810;-10756.30;-80.98;1.0000;0.0137;0.92;15;0.0000
XAUUSDc;M1;1;14;9.00;0.40;1.50;3.50;4.00;1.0;6.0;10.0;1080;1;10;0.80;0.45;1.00;5.00;10000;7029;-9765.45;27307.06;0.98;-1.3893;0.3663;21;7;0.3333;-12150.70;-124.24;1.0000;0.0103;1.05;16;0.0000
XAUUSDc;M1;1;14;9.00;0.40;1.50;3.50;4.00;1.0;6.0;6.0;1080;0;10;0.80;0.45;1.00;5.00;10000;4889;-9999.29;10836.96;0.92;-2.0453;0.3269;21;5;0.2381;-4519.06;-1.52;1.0000;0.0164;0.94;18;0.0000
XAUUSDc;M1;1;14;9.00;0.40;1.50;3.50;4.00;1.0;6.0;6.0;1080;1;10;0.80;0.45;1.00;5.00;10000;7612;-8548.44;97731.90;0.99;-1.1230;0.2999;21;13;0.6190;-59417.55;618.38;1.0000;0.0075;0.70;23;0.0000
XAUUSDc;M1;1;14;9.00;0.40;1.50;3.50;4.00;1.0;6.0;7.0;1080;0;10;0.80;0.45;1.00;5.00;10000;5871;-9999.28;11922.15;0.94;-1.7032;0.3380;21;6;0.2857;-4115.78;-12.24;1.0000;0.0160;1.02;16;0.0000
XAUUSDc;M1;1;14;9.00;0.40;1.50;3.50;4.00;1.0;6.0;8.0;1080;0;10;0.80;0.45;1.00;5.00;10000;7420;-7072.56;39396.88;0.99;-0.9532;0.3669;21;10;0.4762;-21847.71;-252.34;1.0000;0.0076;1.03;17;0.0000
XAUUSDc;M1;1;14;9.00;0.40;1.50;3.50;4.00;1.0;6.0;8.0;1080;1;10;0.80;0.45;1.00;5.00;10000;7808;125457.97;130236.26;1.04;16.0679;0.3248;21;14;0.6667;-73512.86;11760.39;0.1497;0.0064;0.79;17;0.2781
XAUUSDc;M1;1;14;9.00;0.40;1.50;3.50;4.00;1.0;6.0;9.0;1080;0;10;0.80;0.45;1.00;5.00;10000;5575;-9536.09;45839.52;0.99;-1.7105;0.2842;21;9;0.4286;-15553.88;-143.51;1.0000;0.0101;1.00;20;0.0000
XAUUSDc;M1;1;14;9.00;0.40;1.50;3.50;4.00;1.0;6.0;9.0;1080;1;10;0.80;0.45;1.00;5.00;10000;6082;1625.40;105058.04;1.00;0.2672;0.3340;21;11;0.5238;-51796.33;3910.57;8.7757;0.0078;1.15;17;0.0000
XAUUSDc;M1;1;14;9.00;0.40;1.50;3.50;4.00;2.0;3.0;10.0;1080;0;10;0.80;0.45;1.00;5.00;10000;5249;-9985.31;41663.75;0.98;-1.9023;0.3088;21;6;0.2857;-16003.22;-45.18;1.0000;0.0093;1.03;15;0.0000
XAUUSDc;M1;1;14;9.00;0.40;1.50;3.50;4.00;2.0;3.0;9.0;1080;0;10;0.80;0.45;1.00;5.00;10000;7958;195516.83;119503.34;1.06;24.5686;0.3309;21;14;0.6667;-51783.94;17272.10;0.1197;0.0072;0.83;19;0.4812
XAUUSDc;M1;1;14;9.00;0.40;1.50;3.50;4.00;2.0;4.0;10.0;1080;0;10;0.80;0.45;1.00;5.00;10000;6794;-9775.65;62224.33;0.99;-1.4389;0.3313;21;12;0.5714;-18879.00;23.80;1.0000;0.0091;0.96;17;0.0000
XAUUSDc;M1;1;14;9.00;0.40;1.50;3.50;4.00;2.0;4.0;6.0;1080;1;10;0.80;0.45;1.00;5.00;10000;7503;117088.77;134701.09;1.04;15.6056;0.3234;21;14;0.6667;-66204.94;8214.50;0.2031;0.0075;0.77;19;0.1845
XAUUSDc;M1;1;14;9.00;0.40;1.50;3.50;4.00;2.0;4.0;7.0;1080;1;10;0.80;0.45;1.00;5.00;10000;7556;126286.93;122507.26;1.04;16.7135;0.3293;21;14;0.6667;-52310.34;8126.61;0.1811;0.0072;0.79;19;0.2499
XAUUSDc;M1;1;14;9.00;0.40;1.50;3.50;4.00;2.0;4.0;8.0;1080;0;10;0.80;0.45;1.00;5.00;10000;7239;-8452.61;93319.93;0.99;-1.1676;0.3295;21;13;0.6190;-68697.92;1287.49;1.0000;0.0056;0.81;17;0.0000
XAUUSDc;M1;1;14;9.00;0.40;1.50;3.50;4.00;2.0;4.0;8.0;1080;1;10;0.80;0.45;1.00;5.00;10000;7046;-8604.78;116933.92;1.00;-1.2212;0.3068;21;12;0.5714;-51317.99;1077.30;1.0000;0.0074;0.84;19;0.0000
XAUUSDc;M1;1;14;9.00;0.40;1.50;3.50;4.00;2.0;4.0;9.0;1080;1;10;0.80;0.45;1.00;5.00;10000;7454;139558.85;153034.30;1.04;18.7227;0.3115;21;16;0.7619;-84053.50;12350.65;0.1567;0.0067;0.79;19;0.3158
XAUUSDc;M1;1;14;9.00;0.40;1.50;3.50;4.00;2.0;5.0;10.0;1080;0;10;0.80;0.45;1.00;5.00;10000;7099;-9913.39;57922.91;0.99;-1.3964;0.3339;21;10;0.4762;-14475.36;-2.25;1.0000;0.0114;0.92;15;0.0000
XAUUSDc;M1;1;14;9.00;0.40;1.50;3.50;4.00;2.0;5.0;8.0;1080;0;10;0.80;0.45;1.00;5.00;10000;6207;-9993.17;23912.08;0.98;-1.6100;0.3284;21;7;0.3333;-10687.76;-11.69;1.0000;0.0081;1.02;13;0.0000
XAUUSDc;M1;1;14;9.00;0.40;1.50;3.50;4.00;2.0;5.0;8.0;1080;1;10;0.80;0.45;1.00;5.00;10000;6360;-9998.13;86296.87;0.99;-1.5720;0.2804;21;8;0.3810;-29780.13;-11.27;1.0000;0.0121;0.84;23;0.0000
XAUUSDc;M1;1;14;9.00;0.40;1.50;3.50;4.00;2.0;5.0;9.0;1080;1;10;0.80;0.45;1.00;5.00;10000;7377;128009.45;150584.64;1.04;17.3525;0.3183;21;14;0.6667;-84321.52;14266.16;0.1581;0.0063;0.79;19;0.2282
XAUUSDc;M1;1;14;9.00;0.40;1.50;3.50;4.00;2.0;6.0;10.0;1080;0;10;0.80;0.45;1.00;5.00;10000;3652;-9999.58;42891.47;0.98;-2.7381;0.2790;21;4;0.1905;-19190.03;-1.50;1.0000;0.0123;0.94;19;0.0000
XAUUSDc;M1;1;14;9.00;0.40;1.50;3.50;4.00;2.0;6.0;10.0;1080;1;10;0.80;0.45;1.00;5.00;10000;8024;132004.64;107442.93;1.04;16.4512;0.3288;21;14;0.6667;-52902.41;6407.46;0.1330;0.0060;0.79;19;0.3590
XAUUSDc;M1;1;14;9.00;0.40;1.50;3.50;4.00;2.0;6.0;7.0;1080;0;10;0.80;0.45;1.00;5.00;10000;6318;-9998.05;62150.35;0.99;-1.5825;0.3231;21;9;0.4286;-13002.68;-2.38;1.0000;0.0135;0.85;20;0.0000
XAUUSDc;M1;1;14;9.00;0.40;1.50;3.50;4.00;2.0;6.0;9.0;1080;0;10;0.80;0.45;1.00;5.00;10000;6839;-9990.22;60376.31;0.99;-1.4608;0.3280;21;9;0.4286;-12946.14;-0.84;1.0000;0.0137;0.91;15;0.0000
XAUUSDc;M1;1;14;9.00;0.40;1.50;3.50;4.00;2.0;6.0;9.0;1080;1;10;0.80;0.45;1.00;5.00;10000;6635;-9939.98;127849.07;0.99;-1.4981;0.2803;21;12;0.5714;-79944.08;15.85;1.0000;0.0071;0.80;26;0.0000
XAUUSDc;M1;1;14;9.00;0.40;1.50;3.50;4.00;3.0;3.0;7.0;1080;0;10;0.80;0.45;1.00;5.00;10000;6581;-9935.36;37719.68;0.98;-1.5097;0.3067;21;8;0.3810;-18398.38;-46.52;1.0000;0.0082;1.01;17;0.0000
XAUUSDc;M1;1;14;9.00;0.40;1.50;3.50;4.00;3.0;4.0;7.0;1080;0;10;0.80;0.45;1.00;5.00;10000;4027;-9994.60;64364.39;0.98;-2.4819;0.2716;21;9;0.4286;-15736.91;-0.50;1.0000;0.0187;0.88;23;0.0000
XAUUSDc;M1;1;14;9.00;0.40;1.50;3.50;4.00;3.0;4.0;7.0;1080;1;10;0.80;0.45;1.00;5.00;10000;5955;-9999.29;53541.32;0.99;-1.6791;0.2952;21;7;0.3333;-19181.29;-7.48;1.0000;0.0126;0.83;20;0.0000
XAUUSDc;M1;1;14;9.00;0.40;1.50;3.50;4.00;3.0;4.0;9.0;1080;0;10;0.80;0.45;1.00;5.00;10000;3982;-9994.41;61152.04;0.98;-2.5099;0.2698;21;8;0.3810;-10083.51;-0.48;1.0000;0.0191;0.92;21;0.0000
XAUUSDc;M1;1;14;9.00;0.40;1.50;3.50;4.00;3.0;4.0;9.0;1080;1;10;0.80;0.45;1.00;5.00;10000;7004;-9784.81;103169.70;0.99;-1.3970;0.2852;21;11;0.5238;-60869.74;184.74;1.0000;0.0059;0.84;23;0.0000
XAUUSDc;M1;1;14;9.00;0.40;1.50;3.50;4.00;3.0;5.0;10.0;1080;0;10;0.80;0.45;1.00;5.00;10000;6872;-9965.15;83386.41;0.99;-1.4501;0.2874;21;10;0.4762;-54212.66;-28.59;1.0000;0.0074;0.84;23;0.0000
XAUUSDc;M1;1;14;9.00;0.40;1.50;3.50;4.00;3.0;5.0;10.0;1080;1;10;0.80;0.45;1.00;5.00;10000;2674;-9994.41;64168.96;0.97;-3.7376;0.2482;21;7;0.3333;-16072.69;0.00;1.0000;0.0374;0.93;17;0.0000
XAUUSDc;M1;1;14;9.00;0.40;1.50;3.50;4.00;3.0;5.0;8.0;1080;0;10;0.80;0.45;1.00;5.00;10000;5472;-9999.48;72591.79;0.99;-1.8274;0.2763;21;9;0.4286;-20968.32;-0.37;1.0000;0.0131;0.82;21;0.0000
XAUUSDc;M1;1;14;9.00;0.40;1.50;3.50;4.00;3.0;5.0;9.0;1080;0;10;0.80;0.45;1.00;5.00;10000;6877;-9959.64;78455.27;0.99;-1.4483;0.2874;21;11;0.5238;-51643.77;25.39;1.0000;0.0074;0.83;23;0.0000
XAUUSDc;M1;1;14;9.00;0.40;1.50;3.50;4.00;3.0;6.0;6.0;1080;1;10;0.80;0.45;1.00;5.00;10000;4301;-9999.42;50291.19;0.98;-2.3249;0.2965;21;8;0.3810;-17076.32;-0.23;1.0000;0.0161;0.74;22;0.0000
XAUUSDc;M1;1;14;9.00;0.40;1.50;3.50;4.00;3.0;6.0;9.0;1080;1;10;0.80;0.45;1.00;5.00;10000;2708;-9999.60;42033.57;0.97;-3.6926;0.2435;19;5;0.2632;-21818.88;-1.78;1.0000;0.0184;0.96;22;0.0000
